####
#
# OBJ File Generated by Meshlab
#
####
# Object basis.obj
#
# Vertices: 2720
# Faces: 5436
#
####
vn -3.191458 2.192896 -2.248261
v 67.383530 -53.166977 -2.885231
vn -3.191457 2.302233 -2.136163
v 67.383530 -50.652451 -0.307213
vn -1.570816 1.570796 -1.570796
v 67.383530 -27.295959 -25.946861
vn -3.191462 2.078102 -2.354774
v 67.383530 -55.806870 -5.334702
vn -3.191461 2.405850 -2.018751
v 67.383530 -48.269547 2.392937
vn -3.191458 1.958141 -2.455433
v 67.383530 -58.565598 -7.649544
vn -3.191460 2.503488 -1.896317
v 67.383530 -46.024200 5.208511
vn -3.191458 1.833317 -2.549985
v 67.383530 -61.436268 -9.823994
vn -3.191459 2.594901 -1.769170
v 67.383530 -43.921997 8.132504
vn -3.191463 1.703928 -2.638200
v 67.383530 -64.411758 -11.852654
vn -3.191457 2.679860 -1.637628
v 67.383530 -41.968155 11.157650
vn -3.191456 1.570307 -2.719854
v 67.383530 -67.484680 -13.730469
vn -3.191461 2.758157 -1.502013
v 67.383530 -40.167526 14.276424
vn -3.191460 1.432784 -2.794745
v 67.383530 -70.647369 -15.452782
vn -3.191457 2.829597 -1.362664
v 67.383530 -38.524597 17.481079
vn -3.191459 1.291694 -2.862690
v 67.383530 -73.891998 -17.015312
vn -3.191464 2.894004 -1.219923
v 67.383530 -37.043442 20.763641
vn -3.191459 1.147395 -2.923518
v 67.383530 -77.210464 -18.414162
vn -3.191454 2.951215 -1.074152
v 67.383530 -35.727768 24.115952
vn -3.191459 1.000245 -2.977076
v 67.383530 -80.594528 -19.645859
vn -3.191463 3.001088 -0.925712
v 67.383530 -34.580811 27.529678
vn -3.191460 0.850607 -3.023233
v 67.383530 -84.035797 -20.707352
vn -3.191455 3.043500 -0.774970
v 67.383530 -33.605453 30.996330
vn -3.191458 0.698854 -3.061874
v 67.383530 -87.525681 -21.595985
vn -3.191461 3.078345 -0.622304
v 67.383530 -32.804092 34.507290
vn -3.191461 0.545362 -3.092903
v 67.383530 -91.055527 -22.309563
vn -3.191462 3.105539 -0.468081
v 67.383530 -32.178741 38.053833
vn -3.191459 0.390513 -3.116243
v 67.383530 -94.616562 -22.846298
vn -3.191453 3.125010 -0.312706
v 67.383530 -31.730957 41.627136
vn -3.191463 3.136712 -0.156553
v 67.383530 -31.461823 45.218315
vn -3.191460 3.140617 0.000000
v 67.383530 -31.372040 48.818451
vn -3.191457 -0.234699 -3.131835
v 67.383530 -108.994720 -23.204865
vn -1.570793 -1.570796 -1.570795
v 67.383530 -177.295959 -25.946861
vn -3.191459 -0.390514 -3.116243
v 67.383530 -112.578079 -22.846298
vn -3.191461 -0.545362 -3.092903
v 67.383530 -116.139099 -22.309563
vn -3.191458 -0.698853 -3.061874
v 67.383530 -119.668953 -21.595985
vn -3.191461 -0.850608 -3.023233
v 67.383530 -123.158844 -20.707352
vn -3.191455 -1.000244 -2.977076
v 67.383530 -126.600098 -19.645859
vn -3.191461 -1.147393 -2.923519
v 67.383530 -129.984177 -18.414162
vn -3.191461 -1.291697 -2.862689
v 67.383530 -133.302643 -17.015312
vn -3.191457 -1.432784 -2.794745
v 67.383530 -136.547256 -15.452782
vn -3.191461 -1.570307 -2.719854
v 67.383530 -139.709961 -13.730469
vn -3.191460 -1.703931 -2.638198
v 67.383530 -142.782867 -11.852654
vn -3.191457 -1.833313 -2.549987
v 67.383530 -145.758362 -9.823994
vn -3.191462 -1.958142 -2.455432
v 67.383530 -148.629044 -7.649544
vn -3.191456 -2.078102 -2.354775
v 67.383530 -151.387756 -5.334702
vn -3.191461 -2.192893 -2.248264
v 67.383530 -154.027664 -2.885231
vn -3.191457 -2.302233 -2.136163
v 67.383530 -156.542191 -0.307213
vn -3.191464 -2.405853 -2.018747
v 67.383530 -158.925095 2.392937
vn -3.191453 -2.503488 -1.896317
v 67.383530 -161.170425 5.208511
vn -3.191463 -2.594898 -1.769174
v 67.383530 -163.272644 8.132504
vn -3.191457 -2.679860 -1.637628
v 67.383530 -165.226486 11.157650
vn -3.191461 -2.758157 -1.502013
v 67.383530 -167.027115 14.276424
vn -3.191461 -2.829599 -1.362659
v 67.383530 -168.670044 17.481079
vn -3.191456 -2.894004 -1.219923
v 67.383530 -170.151184 20.763641
vn -3.191459 -2.951212 -1.074158
v 67.383530 -171.466873 24.115952
vn -3.191463 -3.001088 -0.925712
v 67.383530 -172.613831 27.529678
vn -3.191464 1.000242 2.977077
v 67.383530 -80.594528 117.282768
vn -1.570791 1.570797 1.570796
v 67.383530 -27.295959 174.053131
vn -3.191457 1.147398 2.923517
v 67.383530 -77.210464 116.051064
vn -3.191459 1.291694 2.862690
v 67.383530 -73.891998 114.652214
vn -3.191458 1.432781 2.794746
v 67.383530 -70.647369 113.089684
vn -3.191460 1.570307 2.719854
v 67.383530 -67.484680 111.367378
vn -3.191460 1.703930 2.638199
v 67.383530 -64.411758 109.489555
vn -3.191460 1.833317 2.549984
v 67.383530 -61.436268 107.460899
vn -3.191455 1.958141 2.455434
v 67.383530 -58.565598 105.286446
vn -3.191465 2.078102 2.354774
v 67.383530 -55.806870 102.971611
vn -3.191456 2.192898 2.248259
v 67.383530 -53.166977 100.522133
vn -3.191457 2.302233 2.136163
v 67.383530 -50.652451 97.944115
vn -3.191461 2.405850 2.018751
v 67.383530 -48.269547 95.243965
vn -3.191461 2.503489 1.896316
v 67.383530 -46.024200 92.428391
vn -3.191459 2.594901 1.769169
v 67.383530 -43.921997 89.504395
vn -3.191457 2.679860 1.637628
v 67.383530 -41.968155 86.479248
vn -3.191460 2.758156 1.502014
v 67.383530 -40.167526 83.360474
vn -3.191458 2.829597 1.362665
v 67.383530 -38.524597 80.155823
vn -3.191464 2.894004 1.219923
v 67.383530 -37.043442 76.873260
vn -3.191454 2.951215 1.074152
v 67.383530 -35.727768 73.520950
vn -3.191463 3.001088 0.925712
v 67.383530 -34.580811 70.107224
vn -3.191456 3.043500 0.774970
v 67.383530 -33.605453 66.640572
vn -3.191461 3.078345 0.622304
v 67.383530 -32.804092 63.129608
vn -3.191462 3.105539 0.468081
v 67.383530 -32.178741 59.583069
vn -3.191453 3.125010 0.312706
v 67.383530 -31.730957 56.009766
vn -3.191463 3.136712 0.156553
v 67.383530 -31.461823 52.418587
vn -3.191453 0.850604 3.023234
v 67.383530 -84.035797 118.344246
vn -3.191455 -3.043500 -0.774970
v 67.383530 -173.589188 30.996330
vn -3.191460 0.698858 3.061873
v 67.383530 -87.525681 119.232887
vn -3.191461 -3.078345 -0.622304
v 67.383530 -174.390549 34.507290
vn -3.191463 0.545359 3.092904
v 67.383530 -91.055527 119.946465
vn -3.191453 0.390516 3.116243
v 67.383530 -94.616562 120.483192
vn -3.191463 0.234703 3.131834
v 67.383530 -98.199921 120.841774
vn -3.191458 0.078296 3.139640
v 67.383530 -101.796692 121.021278
vn -1.570832 -1.570797 1.570795
v 67.383530 -177.295959 174.053131
vn -3.191456 -2.894004 1.219923
v 67.383530 -170.151184 76.873260
vn -3.191462 -2.829599 1.362659
v 67.383530 -168.670044 80.155823
vn -3.191460 -2.758156 1.502014
v 67.383530 -167.027115 83.360474
vn -3.191457 -2.679860 1.637628
v 67.383530 -165.226486 86.479248
vn -3.191462 -2.594898 1.769173
v 67.383530 -163.272644 89.504395
vn -3.191454 -2.503489 1.896316
v 67.383530 -161.170425 92.428391
vn -3.191464 -2.405853 2.018747
v 67.383530 -158.925095 95.243965
vn -3.191457 -2.302233 2.136163
v 67.383530 -156.542191 97.944115
vn -3.191459 -2.192895 2.248262
v 67.383530 -154.027664 100.522133
vn -3.191460 -2.078102 2.354775
v 67.383530 -151.387756 102.971611
vn -3.191460 -1.958141 2.455433
v 67.383530 -148.629044 105.286446
vn -3.191459 -1.833313 2.549987
v 67.383530 -145.758362 107.460899
vn -3.191457 -1.703932 2.638198
v 67.383530 -142.782867 109.489555
vn -3.191464 -1.570307 2.719854
v 67.383530 -139.709961 111.367378
vn -3.191455 -1.432781 2.794747
v 67.383530 -136.547256 113.089684
vn -3.191461 -1.291697 2.862689
v 67.383530 -133.302643 114.652214
vn -3.191459 -1.147396 2.923518
v 67.383530 -129.984177 116.051064
vn -3.191462 -1.000241 2.977077
v 67.383530 -126.600098 117.282768
vn -3.191455 -0.850605 3.023234
v 67.383530 -123.158844 118.344246
vn -3.191460 -0.698856 3.061874
v 67.383530 -119.668953 119.232887
vn -3.191463 -0.545359 3.092904
v 67.383530 -116.139099 119.946465
vn -3.191453 -0.390517 3.116243
v 67.383530 -112.578079 120.483192
vn -3.191463 -0.234703 3.131834
v 67.383530 -108.994720 120.841774
vn -3.191458 -0.078296 3.139640
v 67.383530 -105.397949 121.021278
vn -3.191460 -3.140617 0.000000
v 67.383530 -175.822586 48.818451
vn -3.191458 -3.136713 -0.156546
v 67.383530 -175.732803 45.218315
vn -3.191457 -3.125010 -0.312700
v 67.383530 -175.463684 41.627136
vn -3.191462 -3.105539 -0.468081
v 67.383530 -175.015900 38.053833
vn -3.191458 -3.136713 0.156546
v 67.383530 -175.732803 52.418587
vn -3.191458 -3.125010 0.312700
v 67.383530 -175.463684 56.009766
vn -3.191462 -3.105539 0.468081
v 67.383530 -175.015900 59.583069
vn -3.191461 -3.078345 0.622304
v 67.383530 -174.390549 63.129608
vn -3.191455 -3.043500 0.774970
v 67.383530 -173.589188 66.640572
vn -3.191463 -3.001088 0.925712
v 67.383530 -172.613831 70.107224
vn -3.191458 -2.951212 1.074158
v 67.383530 -171.466873 73.520950
vn -3.191461 0.078300 -3.139640
v 67.383530 -101.796692 -23.384377
vn -3.191457 0.234699 -3.131835
v 67.383530 -98.199921 -23.204865
vn -3.191461 -0.078300 -3.139640
v 67.383530 -105.397949 -23.384377
vn 1.570796 -1.570797 -1.570796
v 74.383530 -177.295959 -25.946861
vn 1.570796 -1.570796 1.570796
v 74.383530 -177.295959 174.053131
vn 1.570796 1.570796 1.570795
v 74.383530 -27.295959 174.053131
vn 1.570796 1.570797 -1.570795
v 74.383530 -27.295959 -25.946861
vn -3.091726 -3.140616 0.000000
v 52.383533 -175.822586 48.818451
vn -3.091726 -3.136713 0.156546
v 52.383533 -175.732803 52.418587
vn -3.091727 -3.125010 0.312700
v 52.383533 -175.463684 56.009766
vn -3.091723 -3.105539 0.468081
v 52.383533 -175.015900 59.583069
vn -3.091724 -3.078345 0.622304
v 52.383533 -174.390549 63.129608
vn -3.091730 -3.043500 0.774970
v 52.383533 -173.589188 66.640572
vn -3.091721 -3.001088 0.925712
v 52.383533 -172.613831 70.107224
vn -3.091725 -2.951213 1.074158
v 52.383533 -171.466873 73.520950
vn -3.091729 -2.894004 1.219923
v 52.383533 -170.151184 76.873260
vn -3.091724 -2.829599 1.362660
v 52.383533 -168.670044 80.155823
vn -3.091726 -2.758156 1.502014
v 52.383533 -167.027115 83.360474
vn -3.091728 -2.679860 1.637628
v 52.383533 -165.226486 86.479248
vn -3.091723 -2.594898 1.769173
v 52.383533 -163.272644 89.504395
vn -3.091732 -2.503489 1.896317
v 52.383533 -161.170425 92.428391
vn -3.091721 -2.405853 2.018747
v 52.383533 -158.925095 95.243965
vn -3.091728 -2.302233 2.136163
v 52.383533 -156.542191 97.944115
vn -3.091726 -2.192895 2.248262
v 52.383533 -154.027664 100.522133
vn -3.091726 -2.078102 2.354775
v 52.383533 -151.387756 102.971611
vn -3.091726 -1.958141 2.455433
v 52.383533 -148.629044 105.286446
vn -3.091726 -1.833313 2.549987
v 52.383533 -145.758362 107.460899
vn -3.091729 -1.703932 2.638198
v 52.383533 -142.782867 109.489555
vn -3.091721 -1.570307 2.719854
v 52.383533 -139.709961 111.367378
vn -3.091731 -1.432781 2.794747
v 52.383533 -136.547256 113.089684
vn -3.091724 -1.291697 2.862689
v 52.383533 -133.302643 114.652214
vn -3.091727 -1.147396 2.923517
v 52.383533 -129.984177 116.051064
vn -3.091723 -1.000241 2.977077
v 52.383533 -126.600098 117.282768
vn -3.091729 -0.850605 3.023234
v 52.383533 -123.158844 118.344246
vn -3.091725 -0.698856 3.061874
v 52.383533 -119.668953 119.232887
vn -3.091722 -0.545359 3.092904
v 52.383533 -116.139099 119.946465
vn -3.091732 -0.390517 3.116243
v 52.383533 -112.578079 120.483192
vn -3.091721 -0.234703 3.131834
v 52.383533 -108.994720 120.841774
vn -3.091726 -0.078296 3.139640
v 52.383533 -105.397949 121.021278
vn -3.091727 0.078296 3.139640
v 52.383533 -101.796692 121.021278
vn -3.091722 0.234703 3.131834
v 52.383533 -98.199921 120.841774
vn -3.091733 0.390516 3.116243
v 52.383533 -94.616562 120.483192
vn -3.091722 0.545359 3.092904
v 52.383533 -91.055527 119.946465
vn -3.091725 0.698858 3.061873
v 52.383533 -87.525681 119.232887
vn -3.091731 0.850604 3.023234
v 52.383533 -84.035797 118.344246
vn -3.091720 1.000242 2.977077
v 52.383533 -80.594528 117.282768
vn -3.091729 1.147398 2.923517
v 52.383533 -77.210464 116.051064
vn -3.091726 1.291694 2.862691
v 52.383533 -73.891998 114.652214
vn -3.091728 1.432781 2.794747
v 52.383533 -70.647369 113.089684
vn -3.091725 1.570307 2.719854
v 52.383533 -67.484680 111.367378
vn -3.091726 1.703930 2.638199
v 52.383533 -64.411758 109.489555
vn -3.091725 1.833317 2.549984
v 52.383533 -61.436268 107.460899
vn -3.091730 1.958141 2.455434
v 52.383533 -58.565598 105.286446
vn -3.091720 2.078102 2.354774
v 52.383533 -55.806870 102.971611
vn -3.091729 2.192898 2.248259
v 52.383533 -53.166977 100.522133
vn -3.091728 2.302233 2.136163
v 52.383533 -50.652451 97.944115
vn -3.091724 2.405850 2.018752
v 52.383533 -48.269547 95.243965
vn -3.091724 2.503489 1.896316
v 52.383533 -46.024200 92.428391
vn -3.091726 2.594902 1.769169
v 52.383533 -43.921997 89.504395
vn -3.091727 2.679860 1.637628
v 52.383533 -41.968155 86.479248
vn -3.091725 2.758157 1.502014
v 52.383533 -40.167526 83.360474
vn -3.091727 2.829596 1.362665
v 52.383533 -38.524597 80.155823
vn -3.091721 2.894004 1.219923
v 52.383533 -37.043442 76.873260
vn -3.091731 2.951215 1.074152
v 52.383533 -35.727768 73.520950
vn -3.091722 3.001088 0.925712
v 52.383533 -34.580811 70.107224
vn -3.091730 3.043500 0.774970
v 52.383533 -33.605453 66.640572
vn -3.091724 3.078345 0.622304
v 52.383533 -32.804092 63.129608
vn -3.091724 3.105539 0.468081
v 52.383533 -32.178741 59.583069
vn -3.091732 3.125010 0.312706
v 52.383533 -31.730957 56.009766
vn -3.091722 3.136712 0.156553
v 52.383533 -31.461823 52.418587
vn -3.091725 3.140616 0.000000
v 52.383533 -31.372040 48.818451
vn -3.091723 3.136712 -0.156553
v 52.383533 -31.461823 45.218315
vn -3.091731 3.125010 -0.312706
v 52.383533 -31.730957 41.627136
vn -3.091724 3.105539 -0.468081
v 52.383533 -32.178741 38.053833
vn -3.091725 3.078345 -0.622304
v 52.383533 -32.804092 34.507290
vn -3.091730 3.043500 -0.774970
v 52.383533 -33.605453 30.996330
vn -3.091722 3.001088 -0.925712
v 52.383533 -34.580811 27.529678
vn -3.091731 2.951215 -1.074152
v 52.383533 -35.727768 24.115952
vn -3.091721 2.894004 -1.219923
v 52.383533 -37.043442 20.763641
vn -3.091728 2.829597 -1.362664
v 52.383533 -38.524597 17.481079
vn -3.091724 2.758157 -1.502013
v 52.383533 -40.167526 14.276424
vn -3.091728 2.679860 -1.637628
v 52.383533 -41.968155 11.157650
vn -3.091725 2.594901 -1.769170
v 52.383533 -43.921997 8.132504
vn -3.091726 2.503488 -1.896317
v 52.383533 -46.024200 5.208511
vn -3.091724 2.405850 -2.018752
v 52.383533 -48.269547 2.392937
vn -3.091728 2.302233 -2.136163
v 52.383533 -50.652451 -0.307213
vn -3.091728 2.192896 -2.248261
v 52.383533 -53.166977 -2.885231
vn -3.091723 2.078102 -2.354774
v 52.383533 -55.806870 -5.334702
vn -3.091727 1.958141 -2.455434
v 52.383533 -58.565598 -7.649544
vn -3.091727 1.833317 -2.549984
v 52.383533 -61.436268 -9.823994
vn -3.091723 1.703929 -2.638200
v 52.383533 -64.411758 -11.852654
vn -3.091730 1.570307 -2.719854
v 52.383533 -67.484680 -13.730469
vn -3.091725 1.432784 -2.794745
v 52.383533 -70.647369 -15.452782
vn -3.091726 1.291694 -2.862691
v 52.383533 -73.891998 -17.015312
vn -3.091726 1.147395 -2.923518
v 52.383533 -77.210464 -18.414162
vn -3.091728 1.000245 -2.977076
v 52.383533 -80.594528 -19.645859
vn -3.091725 0.850607 -3.023233
v 52.383533 -84.035797 -20.707352
vn -3.091727 0.698854 -3.061874
v 52.383533 -87.525681 -21.595985
vn -3.091724 0.545362 -3.092903
v 52.383533 -91.055527 -22.309563
vn -3.091726 0.390513 -3.116243
v 52.383533 -94.616562 -22.846298
vn -3.091728 0.234699 -3.131835
v 52.383533 -98.199921 -23.204865
vn -3.091724 0.078300 -3.139640
v 52.383533 -101.796692 -23.384377
vn -3.091724 -0.078300 -3.139640
v 52.383533 -105.397949 -23.384377
vn -3.091728 -0.234699 -3.131835
v 52.383533 -108.994720 -23.204865
vn -3.091725 -0.390514 -3.116243
v 52.383533 -112.578079 -22.846298
vn -3.091725 -0.545362 -3.092903
v 52.383533 -116.139099 -22.309563
vn -3.091727 -0.698853 -3.061875
v 52.383533 -119.668953 -21.595985
vn -3.091724 -0.850608 -3.023233
v 52.383533 -123.158844 -20.707352
vn -3.091730 -1.000244 -2.977076
v 52.383533 -126.600098 -19.645859
vn -3.091725 -1.147393 -2.923519
v 52.383533 -129.984177 -18.414162
vn -3.091725 -1.291697 -2.862689
v 52.383533 -133.302643 -17.015312
vn -3.091730 -1.432784 -2.794745
v 52.383533 -136.547256 -15.452782
vn -3.091725 -1.570307 -2.719854
v 52.383533 -139.709961 -13.730469
vn -3.091726 -1.703931 -2.638198
v 52.383533 -142.782867 -11.852654
vn -3.091727 -1.833314 -2.549987
v 52.383533 -145.758362 -9.823994
vn -3.091723 -1.958142 -2.455432
v 52.383533 -148.629044 -7.649544
vn -3.091729 -2.078102 -2.354775
v 52.383533 -151.387756 -5.334702
vn -3.091725 -2.192893 -2.248264
v 52.383533 -154.027664 -2.885231
vn -3.091728 -2.302233 -2.136163
v 52.383533 -156.542191 -0.307213
vn -3.091721 -2.405853 -2.018747
v 52.383533 -158.925095 2.392937
vn -3.091732 -2.503488 -1.896317
v 52.383533 -161.170425 5.208511
vn -3.091722 -2.594898 -1.769174
v 52.383533 -163.272644 8.132504
vn -3.091728 -2.679860 -1.637628
v 52.383533 -165.226486 11.157650
vn -3.091726 -2.758157 -1.502013
v 52.383533 -167.027115 14.276424
vn -3.091724 -2.829599 -1.362659
v 52.383533 -168.670044 17.481079
vn -3.091729 -2.894004 -1.219923
v 52.383533 -170.151184 20.763641
vn -3.091727 -2.951213 -1.074158
v 52.383533 -171.466873 24.115952
vn -3.091721 -3.001087 -0.925712
v 52.383533 -172.613831 27.529678
vn -3.091730 -3.043500 -0.774970
v 52.383533 -173.589188 30.996330
vn -3.091724 -3.078345 -0.622304
v 52.383533 -174.390549 34.507290
vn -3.091724 -3.105539 -0.468081
v 52.383533 -175.015900 38.053833
vn -3.091727 -3.125010 -0.312700
v 52.383533 -175.463684 41.627136
vn -3.091726 -3.136713 -0.156546
v 52.383533 -175.732803 45.218315
vn -3.191459 -2.302233 2.136163
v 52.383533 -68.471802 16.226730
vn -3.191457 -2.192894 2.248263
v 52.383533 -70.140030 14.516384
vn -3.191459 -2.078103 2.354773
v 52.383533 -71.891434 12.891315
vn -3.191460 -2.405851 2.018749
v 52.383533 -66.890900 18.018108
vn -3.191459 -1.958143 2.455432
v 52.383533 -73.721664 11.355568
vn -3.191457 -2.503486 1.896320
v 52.383533 -65.401260 19.886059
vn -3.191458 -1.833316 2.549985
v 52.383533 -75.626175 9.912956
vn -3.191461 -2.594897 1.769174
v 52.383533 -64.006577 21.825939
vn -3.191460 -1.703930 2.638199
v 52.383533 -77.600220 8.567074
vn -3.191461 -2.679860 1.637626
v 52.383533 -62.710323 23.832932
vn -3.191459 -1.570308 2.719854
v 52.383533 -79.638901 7.321262
vn -3.191456 -2.758157 1.502012
v 52.383533 -61.515728 25.902039
vn -3.191458 -1.432783 2.794745
v 52.383533 -81.737152 6.178616
vn -3.191462 -2.829597 1.362662
v 52.383533 -60.425747 28.028118
vn -3.191461 -1.291693 2.862691
v 52.383533 -83.889740 5.141983
vn -3.191454 -2.894002 1.219928
v 52.383533 -59.443104 30.205887
vn -3.191456 -1.147395 2.923517
v 52.383533 -86.091339 4.213936
vn -3.191464 -2.951212 1.074158
v 52.383533 -58.570221 32.429932
vn -3.191461 -1.000246 2.977076
v 52.383533 -88.336441 3.396782
vn -3.191457 -3.001087 0.925713
v 52.383533 -57.809296 34.694717
vn -3.191457 -0.850608 3.023233
v 52.383533 -90.619507 2.692551
vn -3.191460 -3.043499 0.774972
v 52.383533 -57.162201 36.994617
vn -3.191460 -0.698856 3.061874
v 52.383533 -92.934814 2.102997
vn -3.191463 -3.078347 0.622295
v 52.383533 -56.630554 39.323914
vn -3.191462 -0.545359 3.092904
v 52.383533 -95.276642 1.629585
vn -3.191453 -3.105539 0.468083
v 52.383533 -56.215683 41.676819
vn -3.191455 -0.390515 3.116243
v 52.383533 -97.639160 1.273499
vn -3.191463 -3.125009 0.312707
v 52.383533 -55.918594 44.047478
vn -3.191462 -0.234699 3.131834
v 52.383533 -100.016495 1.035606
vn -3.191462 -3.136712 0.156539
v 52.383533 -55.740051 46.429993
vn -3.191458 -0.078295 3.139640
v 52.383533 -102.402710 0.916519
vn -3.191451 -3.140617 0.000000
v 52.383533 -55.680496 48.818451
vn -3.191457 0.078295 3.139640
v 52.383533 -104.791916 0.916519
vn -3.191462 -3.136712 -0.156539
v 52.383533 -55.740051 51.206909
vn -3.191463 0.234699 3.131834
v 52.383533 -107.178146 1.035606
vn -3.191462 -3.125009 -0.312707
v 52.383533 -55.918594 53.589424
vn -3.191455 0.390516 3.116243
v 52.383533 -109.555466 1.273499
vn -3.191453 -3.105539 -0.468083
v 52.383533 -56.215683 55.960083
vn -3.191462 0.545359 3.092904
v 52.383533 -111.917984 1.629585
vn -3.191463 -3.078346 -0.622296
v 52.383533 -56.630554 58.312988
vn -3.191459 0.698854 3.061874
v 52.383533 -114.259811 2.102997
vn -3.191460 -3.043500 -0.774972
v 52.383533 -57.162201 60.642281
vn -3.191460 0.850608 3.023233
v 52.383533 -116.575134 2.692551
vn -3.191458 -3.001088 -0.925713
v 52.383533 -57.809296 62.942184
vn -3.191458 1.000245 2.977076
v 52.383533 -118.858185 3.396782
vn -3.191464 -2.951212 -1.074158
v 52.383533 -58.570221 65.206970
vn -3.191461 1.147396 2.923517
v 52.383533 -121.103302 4.213936
vn -3.191455 -2.894001 -1.219929
v 52.383533 -59.443104 67.431015
vn -3.191456 1.291692 2.862691
v 52.383533 -123.304886 5.141983
vn -3.191460 -2.829597 -1.362662
v 52.383533 -60.425747 69.608780
vn -3.191465 1.432783 2.794745
v 52.383533 -125.457489 6.178616
vn -3.191457 -2.758157 -1.502011
v 52.383533 -61.515728 71.734863
vn -3.191453 1.570307 2.719854
v 52.383533 -127.555725 7.321262
vn -3.191461 -2.679859 -1.637627
v 52.383533 -62.710323 73.803970
vn -3.191463 1.703926 2.638202
v 52.383533 -129.594421 8.567074
vn -3.191460 -2.594897 -1.769175
v 52.383533 -64.006577 75.810959
vn -3.191463 1.833321 2.549982
v 52.383533 -131.568466 9.912956
vn -3.191457 -2.503486 -1.896319
v 52.383533 -65.401260 77.750839
vn -3.191453 1.958143 2.455432
v 52.383533 -133.472961 11.355568
vn -3.191458 -2.405853 -2.018748
v 52.383533 -66.890900 79.618790
vn -3.191464 2.078098 2.354778
v 52.383533 -135.303207 12.891315
vn -3.191459 -2.302235 -2.136161
v 52.383533 -68.471802 81.410172
vn -3.191457 2.192894 2.248263
v 52.383533 -137.054611 14.516384
vn -3.191458 -2.192895 -2.248262
v 52.383533 -70.140030 83.120522
vn -3.191459 2.302233 2.136163
v 52.383533 -138.722839 16.226730
vn -3.191460 -2.078102 -2.354774
v 52.383533 -71.891434 84.745590
vn -3.191460 2.405852 2.018749
v 52.383533 -140.303741 18.018108
vn -3.191463 2.503491 1.896313
v 52.383533 -141.793381 19.886059
vn -3.191460 -1.833314 -2.549986
v 52.383533 -75.626175 87.723946
vn -3.191458 -1.958142 -2.455433
v 52.383533 -73.721664 86.281334
vn -3.191452 2.594899 1.769173
v 52.383533 -143.188049 21.825939
vn -3.191456 -1.703932 -2.638197
v 52.383533 -77.600220 89.069824
vn -3.191465 2.679857 1.637631
v 52.383533 -144.484314 23.832932
vn -3.191456 2.758157 1.502012
v 52.383533 -145.678909 25.902039
vn -3.191465 -1.570308 -2.719853
v 52.383533 -79.638901 90.315643
vn -3.191460 2.829596 1.362666
v 52.383533 -146.768890 28.028118
vn -3.191454 -1.432781 -2.794747
v 52.383533 -81.737152 91.458282
vn -3.191463 -1.291695 -2.862690
v 52.383533 -83.889740 92.494919
vn -3.191464 2.894005 1.219921
v 52.383533 -147.751541 30.205887
vn -3.191455 2.951216 1.074147
v 52.383533 -148.624405 32.429932
vn -3.191456 -1.147395 -2.923518
v 52.383533 -86.091339 93.422966
vn -3.191461 -1.000246 -2.977076
v 52.383533 -88.336441 94.240120
vn -3.191457 3.001087 0.925713
v 52.383533 -149.385330 34.694717
vn -3.191459 3.043499 0.774972
v 52.383533 -150.032425 36.994617
vn -3.191460 -0.698856 -3.061874
v 52.383533 -92.934814 95.533905
vn -3.191457 -0.850608 -3.023232
v 52.383533 -90.619507 94.944351
vn -3.191456 3.078345 0.622305
v 52.383533 -150.564072 39.323914
vn -3.191462 -0.545359 -3.092904
v 52.383533 -95.276642 96.007317
vn -3.191465 3.105538 0.468083
v 52.383533 -150.978958 41.676819
vn -3.191463 -0.234699 -3.131835
v 52.383533 -100.016495 96.601295
vn -3.191455 -0.390515 -3.116243
v 52.383533 -97.639160 96.363403
vn -3.191456 3.125011 0.312698
v 52.383533 -151.276031 44.047478
vn -3.191456 3.136712 0.156550
v 52.383533 -151.454575 46.429993
vn -3.191465 3.140616 0.000000
v 52.383533 -151.514145 48.818451
vn -3.191458 -0.078295 -3.139640
v 52.383533 -102.402710 96.720383
vn -3.191463 0.234699 -3.131834
v 52.383533 -107.178146 96.601295
vn -3.191457 0.078295 -3.139640
v 52.383533 -104.791916 96.720383
vn -3.191456 3.136712 -0.156550
v 52.383533 -151.454575 51.206909
vn -3.191456 3.125011 -0.312698
v 52.383533 -151.276031 53.589424
vn -3.191454 0.390516 -3.116242
v 52.383533 -109.555466 96.363403
vn -3.191466 3.105538 -0.468083
v 52.383533 -150.978958 55.960083
vn -3.191459 0.698854 -3.061875
v 52.383533 -114.259811 95.533905
vn -3.191462 0.545359 -3.092904
v 52.383533 -111.917984 96.007317
vn -3.191457 3.078345 -0.622305
v 52.383533 -150.564072 58.312988
vn -3.191460 3.043499 -0.774972
v 52.383533 -150.032425 60.642281
vn -3.191461 0.850608 -3.023232
v 52.383533 -116.575134 94.944351
vn -3.191457 3.001088 -0.925713
v 52.383533 -149.385330 62.942184
vn -3.191461 1.147396 -2.923517
v 52.383533 -121.103302 93.422966
vn -3.191457 1.000245 -2.977076
v 52.383533 -118.858185 94.240120
vn -3.191456 2.951216 -1.074147
v 52.383533 -148.624405 65.206970
vn -3.191465 2.894004 -1.219922
v 52.383533 -147.751541 67.431015
vn -3.191458 1.291694 -2.862690
v 52.383533 -123.304886 92.494919
vn -3.191458 2.829596 -1.362666
v 52.383533 -146.768890 69.608780
vn -3.191461 1.432781 -2.794746
v 52.383533 -125.457489 91.458282
vn -3.191457 2.758157 -1.502011
v 52.383533 -145.678909 71.734863
vn -3.191459 1.570307 -2.719854
v 52.383533 -127.555725 90.315643
vn -3.191466 2.679856 -1.637632
v 52.383533 -144.484314 73.803970
vn -3.191451 2.594898 -1.769174
v 52.383533 -143.188049 75.810959
vn -3.191464 1.833319 -2.549982
v 52.383533 -131.568466 87.723946
vn -3.191459 1.703928 -2.638200
v 52.383533 -129.594421 89.069824
vn -3.191463 2.503491 -1.896313
v 52.383533 -141.793381 77.750839
vn -3.191451 1.958142 -2.455434
v 52.383533 -133.472961 86.281334
vn -3.191459 2.405853 -2.018748
v 52.383533 -140.303741 79.618790
vn -3.191465 2.078097 -2.354779
v 52.383533 -135.303207 84.745590
vn -3.191459 2.302235 -2.136161
v 52.383533 -138.722839 81.410172
vn -3.191458 2.192895 -2.248262
v 52.383533 -137.054611 83.120522
vn -3.091723 3.140616 0.000000
v 67.383530 -151.514145 48.818451
vn -3.091724 3.136712 -0.156550
v 67.383530 -151.454575 51.206909
vn -3.091732 3.125010 -0.312698
v 67.383530 -151.276031 53.589424
vn -3.091719 3.105538 -0.468083
v 67.383530 -150.978958 55.960083
vn -3.091724 3.078345 -0.622305
v 67.383530 -150.564072 58.312988
vn -3.091725 3.043499 -0.774972
v 67.383530 -150.032425 60.642281
vn -3.091730 3.001087 -0.925713
v 67.383530 -149.385330 62.942184
vn -3.091727 2.951216 -1.074147
v 67.383530 -148.624405 65.206970
vn -3.091721 2.894004 -1.219922
v 67.383530 -147.751541 67.431015
vn -3.091729 2.829596 -1.362666
v 67.383530 -146.768890 69.608780
vn -3.091727 2.758157 -1.502011
v 67.383530 -145.678909 71.734863
vn -3.091721 2.679856 -1.637632
v 67.383530 -144.484314 73.803970
vn -3.091734 2.594898 -1.769174
v 67.383530 -143.188049 75.810959
vn -3.091719 2.503491 -1.896313
v 67.383530 -141.793381 77.750839
vn -3.091725 2.405853 -2.018748
v 67.383530 -140.303741 79.618790
vn -3.091722 2.302235 -2.136161
v 67.383530 -138.722839 81.410172
vn -3.091722 2.192895 -2.248262
v 67.383530 -137.054611 83.120522
vn -3.091726 2.078097 -2.354779
v 67.383530 -135.303207 84.745590
vn -3.091733 1.958142 -2.455434
v 67.383530 -133.472961 86.281334
vn -3.091726 1.833319 -2.549983
v 67.383530 -131.568466 87.723946
vn -3.091725 1.703928 -2.638200
v 67.383530 -129.594421 89.069824
vn -3.091730 1.570307 -2.719854
v 67.383530 -127.555725 90.315643
vn -3.091727 1.432781 -2.794746
v 67.383530 -125.457489 91.458282
vn -3.091723 1.291694 -2.862690
v 67.383530 -123.304886 92.494919
vn -3.091727 1.147396 -2.923517
v 67.383530 -121.103302 93.422966
vn -3.091727 1.000245 -2.977076
v 67.383530 -118.858185 94.240120
vn -3.091724 0.850608 -3.023233
v 67.383530 -116.575134 94.944351
vn -3.091724 0.698854 -3.061874
v 67.383530 -114.259811 95.533905
vn -3.091724 0.545359 -3.092904
v 67.383530 -111.917984 96.007317
vn -3.091730 0.390516 -3.116243
v 67.383530 -109.555466 96.363403
vn -3.091732 0.234699 -3.131834
v 67.383530 -107.178146 96.601295
vn -3.091726 0.078295 -3.139640
v 67.383530 -104.791916 96.720383
vn -3.091728 -0.078295 -3.139640
v 67.383530 -102.402710 96.720383
vn -3.091719 -0.234699 -3.131834
v 67.383530 -100.016495 96.601295
vn -3.091730 -0.390515 -3.116243
v 67.383530 -97.639160 96.363403
vn -3.091723 -0.545359 -3.092904
v 67.383530 -95.276642 96.007317
vn -3.091725 -0.698856 -3.061874
v 67.383530 -92.934814 95.533905
vn -3.091729 -0.850608 -3.023233
v 67.383530 -90.619507 94.944351
vn -3.091724 -1.000246 -2.977075
v 67.383530 -88.336441 94.240120
vn -3.091727 -1.147395 -2.923517
v 67.383530 -86.091339 93.422966
vn -3.091723 -1.291695 -2.862690
v 67.383530 -83.889740 92.494919
vn -3.091730 -1.432781 -2.794747
v 67.383530 -81.737152 91.458282
vn -3.091721 -1.570308 -2.719853
v 67.383530 -79.638901 90.315643
vn -3.091734 -1.703932 -2.638198
v 67.383530 -77.600220 89.069824
vn -3.091730 -1.833314 -2.549986
v 67.383530 -75.626175 87.723946
vn -3.091724 -1.958142 -2.455433
v 67.383530 -73.721664 86.281334
vn -3.091730 -2.078102 -2.354774
v 67.383530 -71.891434 84.745590
vn -3.091725 -2.192895 -2.248261
v 67.383530 -70.140030 83.120522
vn -3.091725 -2.302235 -2.136161
v 67.383530 -68.471802 81.410172
vn -3.091718 -2.405853 -2.018748
v 67.383530 -66.890900 79.618790
vn -3.091728 -2.503486 -1.896320
v 67.383530 -65.401260 77.750839
vn -3.091726 -2.594897 -1.769175
v 67.383530 -64.006577 75.810959
vn -3.091722 -2.679859 -1.637627
v 67.383530 -62.710323 73.803970
vn -3.091726 -2.758157 -1.502011
v 67.383530 -61.515728 71.734863
vn -3.091725 -2.829597 -1.362662
v 67.383530 -60.425747 69.608780
vn -3.091727 -2.894001 -1.219929
v 67.383530 -59.443104 67.431015
vn -3.091723 -2.951212 -1.074158
v 67.383530 -58.570221 65.206970
vn -3.091727 -3.001087 -0.925713
v 67.383530 -57.809296 62.942184
vn -3.091729 -3.043499 -0.774972
v 67.383530 -57.162201 60.642281
vn -3.091722 -3.078347 -0.622296
v 67.383530 -56.630554 58.312988
vn -3.091733 -3.105539 -0.468083
v 67.383530 -56.215683 55.960083
vn -3.091724 -3.125009 -0.312707
v 67.383530 -55.918594 53.589424
vn -3.091723 -3.136713 -0.156540
v 67.383530 -55.740051 51.206909
vn -3.091738 -3.140616 0.000000
v 67.383530 -55.680496 48.818451
vn -3.091720 -3.136713 0.156540
v 67.383530 -55.740051 46.429993
vn -3.091722 -3.125009 0.312707
v 67.383530 -55.918594 44.047478
vn -3.091736 -3.105539 0.468083
v 67.383530 -56.215683 41.676819
vn -3.091722 -3.078347 0.622295
v 67.383530 -56.630554 39.323914
vn -3.091732 -3.043499 0.774972
v 67.383530 -57.162201 36.994617
vn -3.091727 -3.001087 0.925713
v 67.383530 -57.809296 34.694717
vn -3.091723 -2.951212 1.074158
v 67.383530 -58.570221 32.429932
vn -3.091726 -2.894001 1.219928
v 67.383530 -59.443104 30.205887
vn -3.091724 -2.829597 1.362662
v 67.383530 -60.425747 28.028118
vn -3.091728 -2.758157 1.502012
v 67.383530 -61.515728 25.902039
vn -3.091729 -2.679860 1.637626
v 67.383530 -62.710323 23.832932
vn -3.091723 -2.594898 1.769174
v 67.383530 -64.006577 21.825939
vn -3.091728 -2.503486 1.896319
v 67.383530 -65.401260 19.886059
vn -3.091719 -2.405852 2.018749
v 67.383530 -66.890900 18.018108
vn -3.091727 -2.302233 2.136163
v 67.383530 -68.471802 16.226730
vn -3.091723 -2.192894 2.248263
v 67.383530 -70.140030 14.516384
vn -3.091725 -2.078103 2.354774
v 67.383530 -71.891434 12.891315
vn -3.091727 -1.958143 2.455432
v 67.383530 -73.721664 11.355568
vn -3.091724 -1.833316 2.549985
v 67.383530 -75.626175 9.912956
vn -3.091730 -1.703930 2.638199
v 67.383530 -77.600220 8.567074
vn -3.091727 -1.570308 2.719854
v 67.383530 -79.638901 7.321262
vn -3.091722 -1.432783 2.794745
v 67.383530 -81.737152 6.178616
vn -3.091725 -1.291693 2.862691
v 67.383530 -83.889740 5.141983
vn -3.091726 -1.147396 2.923518
v 67.383530 -86.091339 4.213936
vn -3.091724 -1.000246 2.977075
v 67.383530 -88.336441 3.396782
vn -3.091734 -0.850608 3.023233
v 67.383530 -90.619507 2.692551
vn -3.091725 -0.698856 3.061874
v 67.383530 -92.934814 2.102997
vn -3.091723 -0.545359 3.092904
v 67.383530 -95.276642 1.629585
vn -3.091729 -0.390515 3.116243
v 67.383530 -97.639160 1.273499
vn -3.091723 -0.234699 3.131835
v 67.383530 -100.016495 1.035606
vn -3.091728 -0.078295 3.139640
v 67.383530 -102.402710 0.916519
vn -3.091723 0.078295 3.139640
v 67.383530 -104.791916 0.916519
vn -3.091725 0.234699 3.131834
v 67.383530 -107.178146 1.035606
vn -3.091731 0.390516 3.116242
v 67.383530 -109.555466 1.273499
vn -3.091725 0.545359 3.092904
v 67.383530 -111.917984 1.629585
vn -3.091728 0.698854 3.061874
v 67.383530 -114.259811 2.102997
vn -3.091729 0.850608 3.023233
v 67.383530 -116.575134 2.692551
vn -3.091728 1.000245 2.977076
v 67.383530 -118.858185 3.396782
vn -3.091719 1.147396 2.923517
v 67.383530 -121.103302 4.213936
vn -3.091730 1.291692 2.862691
v 67.383530 -123.304886 5.141983
vn -3.091721 1.432783 2.794745
v 67.383530 -125.457489 6.178616
vn -3.091735 1.570308 2.719854
v 67.383530 -127.555725 7.321262
vn -3.091721 1.703925 2.638202
v 67.383530 -129.594421 8.567074
vn -3.091721 1.833321 2.549981
v 67.383530 -131.568466 9.912956
vn -3.091734 1.958143 2.455432
v 67.383530 -133.472961 11.355568
vn -3.091721 2.078098 2.354777
v 67.383530 -135.303207 12.891315
vn -3.091728 2.192894 2.248263
v 67.383530 -137.054611 14.516384
vn -3.091728 2.302233 2.136163
v 67.383530 -138.722839 16.226730
vn -3.091727 2.405851 2.018749
v 67.383530 -140.303741 18.018108
vn -3.091723 2.503491 1.896313
v 67.383530 -141.793381 19.886059
vn -3.091742 2.594899 1.769173
v 67.383530 -143.188049 21.825939
vn -3.091724 2.679857 1.637631
v 67.383530 -144.484314 23.832932
vn -3.091728 2.758157 1.502012
v 67.383530 -145.678909 25.902039
vn -3.091727 2.829596 1.362667
v 67.383530 -146.768890 28.028118
vn -3.091719 2.894004 1.219921
v 67.383530 -147.751541 30.205887
vn -3.091728 2.951216 1.074147
v 67.383530 -148.624405 32.429932
vn -3.091726 3.001087 0.925713
v 67.383530 -149.385330 34.694717
vn -3.091725 3.043499 0.774972
v 67.383530 -150.032425 36.994617
vn -3.091723 3.078345 0.622305
v 67.383530 -150.564072 39.323914
vn -3.091719 3.105538 0.468083
v 67.383530 -150.978958 41.676819
vn -3.091729 3.125011 0.312698
v 67.383530 -151.276031 44.047478
vn -3.091728 3.136712 0.156550
v 67.383530 -151.454575 46.429993
vn -3.122941 2.890993 -1.229187
v 48.383533 -50.590744 3.183586
vn -3.122868 2.913460 -1.174949
v 48.383533 -50.161606 4.219627
vn 3.122868 2.913458 -1.174948
v 58.383533 -50.161606 4.219627
vn 3.122941 2.890994 -1.229187
v 58.383533 -50.590744 3.183586
vn -3.104119 2.983656 -0.981811
v 48.383533 -50.057556 4.500046
vn -3.122933 3.010427 -0.897815
v 48.383533 -50.013474 4.642975
vn 3.122933 3.010430 -0.897816
v 58.383533 -50.013474 4.642975
vn 3.104119 2.983655 -0.981811
v 58.383533 -50.057556 4.500046
vn -3.104261 2.944859 -1.092695
v 48.383533 -50.106964 4.358864
vn 3.104261 2.944860 -1.092695
v 58.383533 -50.106964 4.358864
vn -3.104139 2.855003 -1.309619
v 48.383533 -50.650558 3.046471
vn 3.104139 2.855003 -1.309619
v 58.383533 -50.650558 3.046471
vn 3.104207 2.804014 -1.415506
v 58.383533 -50.715469 2.911682
vn -3.104207 2.804014 -1.415507
v 48.383533 -50.715469 2.911682
vn 3.122873 2.763572 -1.493790
v 58.383533 -50.785370 2.779419
vn -3.122873 2.763572 -1.493790
v 48.383533 -50.785370 2.779419
vn -3.104151 2.262237 -2.179093
v 48.383533 -53.344055 -0.792976
vn -3.179248 -2.179169 2.262158
v 48.383533 -54.837357 0.541649
vn -3.178810 -2.262313 2.179015
v 48.383533 -54.784470 0.594551
vn -3.104080 2.179008 -2.262317
v 48.383533 -53.449844 -0.898766
vn -3.160336 -2.322690 2.115147
v 48.383533 -54.733582 0.649391
vn -3.122925 2.322770 -2.115061
v 48.383533 -53.242294 -0.683296
vn -3.160192 -2.114962 2.322858
v 48.383533 -54.892197 0.490776
vn -3.123001 2.114978 -2.322851
v 48.383533 -53.559525 -1.000511
vn -3.160291 -2.361877 2.071297
v 48.383533 -53.986343 1.485558
vn -3.122828 2.361947 -2.071220
v 48.383533 -52.495056 0.152870
vn -3.104353 2.418697 -2.004018
v 48.383533 -52.397491 0.266258
vn -3.160282 -2.071288 2.361887
v 48.383533 -55.728378 -0.256462
vn -3.122958 2.071379 -2.361809
v 48.383533 -54.395706 -1.747765
vn -3.179040 -2.418767 2.003920
v 48.383533 -53.937561 1.542244
vn -3.104062 2.003983 -2.418720
v 48.383533 -54.509064 -1.845329
vn -3.178973 -2.003999 2.418706
v 48.383533 -55.785065 -0.305244
vn -3.104271 1.912079 -2.492015
v 48.383533 -54.626007 -1.938576
vn -3.104050 2.491914 -1.912197
v 48.383533 -52.304214 0.383202
vn -3.178912 -2.491981 1.912128
v 48.383533 -53.890930 1.600723
vn -3.122947 2.544986 -1.841684
v 48.383533 -52.215393 0.503563
vn -3.122886 1.841766 -2.544927
v 48.383533 -54.746353 -2.027397
vn -3.178854 -1.912355 2.491800
v 48.383533 -55.843536 -0.351875
vn -3.122958 1.793933 -2.578866
v 48.383533 -55.660919 -2.676323
vn -3.160441 -1.841944 2.544791
v 48.383533 -55.903702 -0.396294
vn -3.160324 -2.544909 1.841787
v 48.383533 -53.846512 1.660904
vn -3.104080 1.720611 -2.627860
v 48.383533 -55.784531 -2.760612
vn -3.160453 -1.793640 2.579067
v 48.383533 -56.818268 -1.045219
vn -3.160335 -2.578974 1.793787
v 48.383533 -53.197586 2.575478
vn -3.122850 2.578969 -1.793784
v 48.383533 -51.566467 1.418137
vn -3.178706 -1.720549 2.627917
v 48.383533 -56.880081 -1.087349
vn -3.178940 -2.627915 1.720541
v 48.383533 -53.155457 2.637276
vn -3.104273 2.627889 -1.720574
v 48.383533 -51.482208 1.541733
vn -3.179096 -1.621323 2.690255
v 48.383533 -56.943420 -1.127159
vn -3.104208 1.621021 -2.690435
v 48.383533 -55.911209 -2.840202
vn -3.179103 -2.690449 1.620992
v 48.383533 -53.115662 2.700607
vn -3.104182 2.690328 -1.621200
v 48.383533 -51.402618 1.668388
vn -3.160318 -1.545255 2.735125
v 48.383533 -57.008194 -1.164558
vn -3.122923 1.493851 -2.763540
v 48.383533 -57.022263 -3.457451
vn -3.122917 1.545187 -2.735167
v 48.383533 -56.040771 -2.915001
vn -3.160191 -2.735224 1.545090
v 48.383533 -53.078278 2.765373
vn -3.122869 2.735125 -1.545261
v 48.383533 -51.327820 1.797935
vn -3.160220 -2.763506 1.493915
v 48.383533 -52.535828 3.746857
vn -3.160398 -1.493660 2.763641
v 48.383533 -57.989685 -1.707008
vn -3.179087 -2.803961 1.415599
v 48.383533 -52.500870 3.812988
vn -3.178818 -1.415474 2.804034
v 48.383533 -58.055817 -1.741951
vn -3.104134 1.415537 -2.803998
v 48.383533 -57.154510 -3.527351
vn -3.104207 1.309643 -2.854997
v 48.383533 -57.289276 -3.592247
vn -3.179028 -1.309830 2.854905
v 48.383533 -58.123199 -1.774406
vn -3.122910 1.229265 -2.890962
v 48.383533 -57.426376 -3.652061
vn -3.179024 -2.855013 1.309585
v 48.383533 -52.468414 3.880386
vn -3.160327 -1.229303 2.890943
v 48.383533 -58.191742 -1.804314
vn -3.160244 -2.890993 1.229187
v 48.383533 -52.438507 3.948944
vn -3.122911 1.175052 -2.913422
v 48.383533 -58.462418 -4.081215
vn -3.160296 -1.174977 2.913452
v 48.383533 -59.227787 -2.233452
vn -3.160223 -2.913402 1.175086
v 48.383533 -52.009369 4.984985
vn -3.104144 1.092692 -2.944855
v 48.383533 -58.601669 -4.135872
vn -3.178996 -1.092650 2.944872
v 48.383533 -59.297421 -2.260780
vn -3.104216 0.981781 -2.983673
v 48.383533 -58.742878 -4.185280
vn -3.179037 -2.944810 1.092808
v 48.383533 -51.982040 5.054604
vn -3.178947 -0.981838 2.983652
v 48.383533 -59.368023 -2.285484
vn -3.179146 -2.983706 0.981639
v 48.383533 -51.957336 5.125198
vn -3.160154 -3.010473 0.897668
v 48.383533 -51.935303 5.196663
vn -3.122881 0.897848 -3.010417
v 48.383533 -58.885838 -4.229378
vn -3.160334 -0.897893 3.010403
v 48.383533 -59.439495 -2.307533
vn -3.160275 -3.026661 0.841453
v 48.383533 -51.624847 6.274246
vn -3.122911 3.026667 -0.841454
v 48.383533 -49.703018 5.720558
vn -3.104174 0.755989 -3.048711
v 48.383533 -60.107914 -4.578529
vn -3.160208 -0.841511 3.026650
v 48.383533 -60.517086 -2.617973
vn -3.122879 0.841362 -3.026690
v 48.383533 -59.963428 -4.539818
vn -3.178974 -3.048658 0.756193
v 48.383533 -51.605484 6.346504
vn -3.104201 3.048664 -0.756176
v 48.383533 -49.664291 5.865074
vn -3.179026 -0.756273 3.048637
v 48.383533 -60.589329 -2.637337
vn -3.179122 -3.074831 0.641500
v 48.383533 -51.588837 6.419426
vn -3.104174 3.074807 -0.641638
v 48.383533 -49.630997 6.010925
vn -3.104289 0.641580 -3.074828
v 48.383533 -60.253750 -4.611809
vn -3.179085 -0.641559 3.074819
v 48.383533 -60.662251 -2.653984
vn -3.122833 0.555220 -3.092000
v 48.383533 -60.400723 -4.639626
vn -3.122986 0.497360 -3.101836
v 48.383533 -61.506283 -4.827461
vn -3.160251 -0.555065 3.092030
v 48.383533 -60.735737 -2.667885
vn -3.160215 -3.092041 0.555005
v 48.383533 -51.574936 6.492928
vn -3.122871 3.092012 -0.555160
v 48.383533 -49.603180 6.157928
vn -3.122899 3.101858 -0.497225
v 48.383533 -49.415344 7.263496
vn -3.160200 -0.497360 3.101836
v 48.383533 -61.841297 -2.855721
vn -3.160183 -3.101831 0.497381
v 48.383533 -51.387100 7.598495
vn -3.104041 0.410020 -3.114163
v 48.383533 -61.654202 -4.849770
vn -3.179046 -0.410177 3.114143
v 48.383533 -61.915257 -2.866875
vn -3.179047 -3.114138 0.410219
v 48.383533 -51.375946 7.672447
vn -3.104130 3.114183 -0.409895
v 48.383533 -49.393051 7.411400
vn -3.104293 0.293211 -3.127332
v 48.383533 -61.802853 -4.866508
vn -3.179097 -0.293204 3.127324
v 48.383533 -61.989582 -2.875252
vn -3.104301 3.127331 -0.293238
v 48.383533 -49.376312 7.560043
vn -3.179101 -3.127321 0.293233
v 48.383533 -51.367569 7.746765
vn -3.122847 3.134723 -0.205540
v 48.383533 -49.365128 7.709198
vn -3.160227 -3.134736 0.205369
v 48.383533 -51.361984 7.821350
vn -3.122860 0.205522 -3.134725
v 48.383533 -61.952030 -4.877693
vn -3.160218 -0.205357 3.134735
v 48.383533 -62.064175 -2.880836
vn -3.150758 -3.137386 0.161775
v 48.383533 -51.299103 8.940994
vn -3.132219 3.137412 -0.161456
v 48.383533 -49.302246 8.828842
vn -3.122810 3.139269 -0.117272
v 48.383533 -49.298752 8.903564
vn -3.132219 0.161463 -3.137406
v 48.383533 -63.071674 -4.940575
vn -3.151161 -0.161151 3.137421
v 48.383533 -63.183819 -2.943718
vn -3.160778 -3.139253 0.117276
v 48.383533 -51.297348 8.978355
vn -3.122810 0.117284 -3.139270
v 48.383533 -63.146389 -4.944069
vn -3.159971 -0.117292 3.139265
v 48.383533 -63.221172 -2.945457
vn -3.123027 3.140907 -0.058636
v 48.383533 -49.296661 8.978340
vn -3.159957 -3.140913 0.058320
v 48.383533 -51.296310 9.015739
vn -3.132207 3.141524 -0.014740
v 48.383533 -49.295959 9.053139
vn -3.160364 -0.058961 3.140896
v 48.383533 -63.258556 -2.946510
vn -3.123023 0.058641 -3.140915
v 48.383533 -63.221157 -4.946159
vn -3.150976 -3.141524 0.014740
v 48.383533 -51.295959 9.053139
vn -3.132209 0.014740 -3.141521
v 48.383533 -63.295956 -4.946861
vn -3.150975 -0.014740 3.141518
v 48.383533 -63.295956 -2.946861
vn -3.617366 2.967138 -0.719466
v 48.383533 -49.295959 20.715363
vn -3.617368 0.719468 -2.967136
v 48.383533 -74.958191 -4.946861
vn -2.665820 -2.967138 0.719465
v 48.383533 -51.295959 21.200317
vn -2.665817 -0.719469 2.967136
v 48.383533 -75.443146 -2.946861
vn -3.149939 -2.798639 1.427253
v 48.383533 -50.210724 23.306549
vn -3.133247 2.798639 -1.427254
v 48.383533 -48.432846 22.390495
vn -3.124832 2.816259 -1.391975
v 48.383533 -48.402756 22.450111
vn -3.133243 1.427257 -2.798637
v 48.383533 -76.633316 -5.809975
vn -3.150043 -1.427113 2.798709
v 48.383533 -77.549362 -4.032097
vn -3.158353 -2.816243 1.391967
v 48.383533 -50.195679 23.336357
vn -3.124828 1.391975 -2.816259
v 48.383533 -76.692932 -5.840065
vn -3.158149 -1.391975 2.816271
v 48.383533 -77.579178 -4.047142
vn -3.157845 -2.838855 1.345309
v 48.383533 -50.181137 23.366409
vn -3.125088 2.839024 -1.344945
v 48.383533 -48.373672 22.510216
vn -3.125040 1.344876 -2.839056
v 48.383533 -76.753036 -5.869148
vn -3.158549 -1.344581 2.839180
v 48.383533 -77.609222 -4.061684
vn -3.133164 1.309341 -2.855704
v 48.383533 -76.813629 -5.897240
vn -3.150320 -2.855493 1.309777
v 48.383533 -50.167084 23.396698
vn -3.133120 2.855669 -1.309417
v 48.383533 -48.345581 22.570801
vn -3.133288 2.866553 -1.285421
v 48.383533 -47.166885 25.170395
vn -3.149714 -1.308913 2.855894
v 48.383533 -77.639526 -4.075722
vn -3.133339 1.285481 -2.866527
v 48.383533 -79.413223 -7.075920
vn -3.149940 -2.866574 1.285351
v 48.383533 -48.988388 25.996292
vn -3.149848 -1.285485 2.866516
v 48.383533 -80.239120 -5.254417
vn -3.124865 2.882338 -1.249415
v 48.383533 -47.139816 25.231438
vn -3.158396 -2.882434 1.249170
v 48.383533 -48.974854 26.026817
vn -3.124837 2.902853 -1.200981
v 48.383533 -47.113770 25.292931
vn -3.158577 -1.249174 2.882430
v 48.383533 -80.269638 -5.267952
vn -3.124821 1.249482 -2.882308
v 48.383533 -79.474258 -7.102989
vn -3.158063 -2.902836 1.201055
v 48.383533 -48.961838 26.057556
vn -3.157801 -1.201172 2.902782
v 48.383533 -80.300385 -5.280968
vn -3.124882 1.201043 -2.902828
v 48.383533 -79.535751 -7.129036
vn -3.150056 -2.917648 1.164799
v 48.383533 -48.949326 26.088516
vn -3.133298 2.917748 -1.164553
v 48.383533 -47.088760 25.354843
vn -3.150230 -1.165053 2.917556
v 48.383533 -80.331329 -5.293480
vn -3.133256 1.164617 -2.917723
v 48.383533 -79.597656 -7.154045
vn -3.149847 -1.140375 2.927282
v 48.383533 -82.986664 -6.340553
vn -3.124745 1.103756 -2.941195
v 48.383533 -82.315308 -8.225105
vn -3.133421 1.140495 -2.927236
v 48.383533 -82.252991 -8.201118
vn -3.150190 -2.927469 1.139865
v 48.383533 -47.902252 28.743858
vn -3.133211 2.927357 -1.140181
v 48.383533 -46.041687 28.010185
vn -3.158575 -1.103316 2.941348
v 48.383533 -83.017830 -6.352547
vn -3.124995 2.941294 -1.103501
v 48.383533 -46.017715 28.072502
vn -3.157798 -2.941311 1.103444
v 48.383533 -47.890274 28.775017
vn -3.124823 2.959292 -1.054276
v 48.383533 -45.994781 28.135208
vn -3.158148 -1.053843 2.959441
v 48.383533 -83.049187 -6.364006
vn -3.124820 1.054163 -2.959333
v 48.383533 -82.378021 -8.248039
vn -3.158502 -2.959179 1.054590
v 48.383533 -47.878799 28.806374
vn -3.149953 -2.972340 1.017139
v 48.383533 -47.867859 28.837914
vn -3.133267 2.972367 -1.017086
v 48.383533 -45.972900 28.198296
vn -3.149879 -1.017028 2.972378
v 48.383533 -83.080734 -6.374947
vn -3.133077 0.992026 -2.980824
v 48.383533 -85.145538 -9.182762
vn -3.133304 1.017030 -2.972386
v 48.383533 -82.441116 -8.269920
vn -3.150140 -2.980841 0.991973
v 48.383533 -46.955017 31.542336
vn -3.133293 2.980717 -0.992350
v 48.383533 -45.060059 30.902718
vn -3.149706 -0.992621 2.980628
v 48.383533 -85.785156 -7.287788
vn -3.157922 -2.992860 0.954787
v 48.383533 -46.944611 31.574059
vn -3.124784 2.992856 -0.954843
v 48.383533 -45.039230 30.966156
vn -3.158793 -0.954780 2.992851
v 48.383533 -85.816879 -7.298210
vn -3.125222 0.954846 -2.992861
v 48.383533 -85.208977 -9.203575
vn -3.158731 -3.008418 0.904570
v 48.383533 -46.934723 31.605949
vn -3.124899 3.008432 -0.904575
v 48.383533 -45.019470 31.029938
vn -3.157786 -0.904675 3.008408
v 48.383533 -85.848770 -7.308083
vn -3.124673 0.904903 -3.008330
v 48.383533 -85.272758 -9.223351
vn -3.133309 0.866944 -3.019577
v 48.383533 -85.336861 -9.242043
vn -3.149652 -3.019670 0.866622
v 48.383533 -46.925385 31.638000
vn -3.133312 3.019575 -0.866951
v 48.383533 -45.000778 31.094040
vn -3.133234 3.026680 -0.841804
v 48.383533 -44.224457 33.840775
vn -3.150162 -0.867369 3.019444
v 48.383533 -85.880814 -7.317436
vn -3.149789 -3.026604 0.842045
v 48.383533 -46.149063 34.384727
vn -3.149723 -0.842128 3.026583
v 48.383533 -88.627548 -8.093742
vn -3.133243 0.841796 -3.026683
v 48.383533 -88.083595 -10.018349
vn -3.158548 -3.036871 0.803896
v 48.383533 -46.140244 34.416939
vn -3.125020 3.036860 -0.803992
v 48.383533 -44.206833 33.905182
vn -3.158610 -0.803989 3.036856
v 48.383533 -88.659752 -8.102562
vn -3.125045 0.804035 -3.036850
v 48.383533 -88.148003 -10.035973
vn -3.158054 -3.049885 0.753048
v 48.383533 -46.131973 34.449287
vn -3.124657 3.049897 -0.753007
v 48.383533 -44.190277 33.969879
vn -3.158052 -0.753048 3.049885
v 48.383533 -88.692101 -8.110832
vn -3.124655 0.753091 -3.049877
v 48.383533 -88.212692 -10.052528
vn -3.150066 -3.059121 0.714987
v 48.383533 -46.124237 34.481766
vn -3.133367 3.059211 -0.714607
v 48.383533 -44.174820 34.034843
vn -3.150066 -0.714985 3.059113
v 48.383533 -88.724579 -8.118568
vn -3.133346 0.714655 -3.059200
v 48.383533 -88.277649 -10.067986
vn -3.150026 -3.065046 0.689103
v 48.383533 -45.486404 37.263916
vn -3.133410 3.064971 -0.689485
v 48.383533 -43.536987 36.816994
vn -3.124538 3.073340 -0.650741
v 48.383533 -43.522598 36.882202
vn -3.150023 -0.689105 3.065055
v 48.383533 -91.506729 -8.756401
vn -3.133151 0.689113 -3.065053
v 48.383533 -91.059799 -10.705833
vn -3.158398 -3.073416 0.650359
v 48.383533 -45.479218 37.296524
vn -3.157899 -0.651118 3.073261
v 48.383533 -91.539337 -8.763588
vn -3.125012 0.650705 -3.073354
v 48.383533 -91.125015 -10.720207
vn -3.124869 0.599447 -3.083760
v 48.383533 -91.190460 -10.733498
vn -3.157864 -3.083766 0.599450
v 48.383533 -45.472580 37.329247
vn -3.125078 3.083836 -0.599071
v 48.383533 -43.509323 36.947647
vn -3.133258 3.091119 -0.560729
v 48.383533 -43.497131 37.013298
vn -3.158846 -0.599449 3.083744
v 48.383533 -91.572052 -8.770241
vn -3.150170 -3.091040 0.561106
v 48.383533 -45.466476 37.362068
vn -3.149677 -0.560348 3.091180
v 48.383533 -91.604881 -8.776329
vn -3.133240 0.560761 -3.091114
v 48.383533 -91.256104 -10.745689
vn -3.150186 -3.095752 0.534550
v 48.383533 -44.968719 40.172661
vn -3.133443 3.095634 -0.535248
v 48.383533 -42.999374 39.823891
vn -3.149735 -0.535248 3.095634
v 48.383533 -94.415474 -9.274086
vn -3.133204 0.534869 -3.095698
v 48.383533 -94.066696 -11.243446
vn -3.157820 -3.102066 0.496074
v 48.383533 -44.963181 40.205582
vn -3.124704 3.102005 -0.496450
v 48.383533 -42.988266 39.889732
vn -3.124747 3.109937 -0.444070
v 48.383533 -42.978271 39.955750
vn -3.158726 -0.496071 3.102054
v 48.383533 -94.448395 -9.279640
vn -3.124949 0.496071 -3.102069
v 48.383533 -94.132545 -11.254539
vn -3.124962 0.444399 -3.109893
v 48.383533 -94.198563 -11.264534
vn -3.158626 -3.109875 0.444417
v 48.383533 -44.958176 40.238594
vn -3.157751 -0.444373 3.109893
v 48.383533 -94.481407 -9.284630
vn -3.149813 -3.115327 0.405124
v 48.383533 -44.953735 40.271675
vn -3.133386 3.115339 -0.405102
v 48.383533 -42.969391 40.021919
vn -3.150242 -0.405776 3.115256
v 48.383533 -94.514496 -9.289085
vn -3.133169 0.405423 -3.115295
v 48.383533 -94.264740 -11.273430
vn -3.133194 0.379206 -3.118595
v 48.383533 -97.096725 -11.629860
vn -3.149982 -3.118583 0.379233
v 48.383533 -44.597290 43.103668
vn -3.133175 3.118595 -0.379193
v 48.383533 -42.612946 42.853905
vn -3.125051 3.123005 -0.340240
v 48.383533 -42.605164 42.920235
vn -3.149977 -0.379227 3.118592
v 48.383533 -97.346481 -9.645515
vn -3.125050 0.340279 -3.123001
v 48.383533 -97.163048 -11.637642
vn -3.158171 -3.122993 0.340263
v 48.383533 -44.593399 43.136826
vn -3.158148 -0.340299 3.122991
v 48.383533 -97.379639 -9.649406
vn -3.158100 -3.128205 0.288557
v 48.383533 -44.590057 43.170052
vn -3.124840 3.128233 -0.288218
v 48.383533 -42.598480 42.986679
vn -3.124835 0.288236 -3.128232
v 48.383533 -97.229485 -11.644325
vn -3.158577 -0.287879 3.128252
v 48.383533 -97.412857 -9.652748
vn -3.133210 0.248900 -3.131689
v 48.383533 -97.296028 -11.649895
vn -3.150201 -3.131651 0.249256
v 48.383533 -44.587265 43.203323
vn -3.133212 3.131689 -0.248900
v 48.383533 -42.592911 43.053223
vn -3.149741 -0.248552 3.131709
v 48.383533 -97.446129 -9.655525
vn -3.149932 -3.133653 0.222709
v 48.383533 -44.373047 46.049606
vn -3.133245 3.133662 -0.222698
v 48.383533 -42.378693 45.899506
vn -3.133241 0.222698 -3.133662
v 48.383533 -100.142311 -11.864113
vn -3.149953 -0.222694 3.133662
v 48.383533 -100.292412 -9.869759
vn -3.124886 3.136124 -0.183421
v 48.383533 -42.374237 45.966133
vn -3.158540 -3.136142 0.183066
v 48.383533 -44.370819 46.082916
vn -3.124898 3.138749 -0.131014
v 48.383533 -42.370895 46.032822
vn -3.158512 -0.183060 3.136133
v 48.383533 -100.325729 -9.871986
vn -3.124882 0.183412 -3.136124
v 48.383533 -100.208939 -11.868568
vn -3.158059 -3.138750 0.130647
v 48.383533 -44.369156 46.116264
vn -3.158072 -0.130665 3.138759
v 48.383533 -100.359070 -9.873650
vn -3.124907 0.131011 -3.138750
v 48.383533 -100.275635 -11.871910
vn -3.149922 -3.140226 0.091727
v 48.383533 -44.368042 46.149635
vn -3.133263 3.140226 -0.091727
v 48.383533 -42.368668 46.099564
vn -3.149917 -0.091735 3.140216
v 48.383533 -100.392441 -9.874763
vn -3.133265 0.091741 -3.140226
v 48.383533 -100.342369 -11.874138
vn -3.150182 -0.065174 3.140888
v 48.383533 -103.245880 -9.946236
vn -3.124913 0.026203 -3.141374
v 48.383533 -103.262573 -11.946724
vn -3.133233 0.065536 -3.140881
v 48.383533 -103.195808 -11.945610
vn -3.149717 -3.140876 0.065889
v 48.383533 -44.296585 49.003067
vn -3.133233 3.140882 -0.065530
v 48.383533 -42.297211 48.953003
vn -3.158504 -3.141359 0.026565
v 48.383533 -44.296021 49.036446
vn -3.124915 3.141375 -0.026206
v 48.383533 -42.296097 49.019760
vn -3.158045 -0.025841 3.141362
v 48.383533 -103.279266 -9.946785
vn -3.158507 -3.141350 -0.026565
v 48.383533 -44.296021 49.069832
vn -3.124907 3.141376 0.026209
v 48.383533 -42.296097 49.086525
vn -3.158050 0.025847 3.141380
v 48.383533 -103.312653 -9.946785
vn -3.124909 -0.026206 -3.141375
v 48.383533 -103.329346 -11.946724
vn -3.149717 -3.140876 -0.065889
v 48.383533 -44.296585 49.103210
vn -3.133242 3.140882 0.065533
v 48.383533 -42.297211 49.153275
vn -3.150179 0.065180 3.140879
v 48.383533 -103.346031 -9.946236
vn -3.133234 -0.065539 -3.140882
v 48.383533 -103.396103 -11.945610
vn -3.133260 3.140226 0.091727
v 48.383533 -42.368668 52.006714
vn -3.149922 -3.140226 -0.091727
v 48.383533 -44.368042 51.956642
vn -3.149924 0.091747 3.140225
v 48.383533 -106.199471 -9.874763
vn -3.133262 -0.091735 -3.140226
v 48.383533 -106.249542 -11.874138
vn -3.158057 -3.138750 -0.130647
v 48.383533 -44.369156 51.990013
vn -3.124893 3.138749 0.131014
v 48.383533 -42.370895 52.073456
vn -3.124895 -0.131005 -3.138750
v 48.383533 -106.316284 -11.871910
vn -3.158035 0.130641 3.138760
v 48.383533 -106.232834 -9.873650
vn -3.158525 -3.136143 -0.183042
v 48.383533 -44.370819 52.023361
vn -3.124893 3.136125 0.183409
v 48.383533 -42.374237 52.140144
vn -3.124873 -0.183424 -3.136123
v 48.383533 -106.382980 -11.868568
vn -3.158554 0.183048 3.136132
v 48.383533 -106.266190 -9.871986
vn -3.133252 -0.222711 -3.133662
v 48.383533 -106.449600 -11.864113
vn -3.149947 -3.133654 -0.222686
v 48.383533 -44.373047 52.056679
vn -3.133237 3.133662 0.222686
v 48.383533 -42.378693 52.206779
vn -3.149938 0.222718 3.133652
v 48.383533 -106.299500 -9.869759
vn -3.150201 -3.131651 -0.249256
v 48.383533 -44.587265 54.902954
vn -3.133209 3.131689 0.248901
v 48.383533 -42.592911 55.053055
vn -3.133211 -0.248901 -3.131690
v 48.383533 -109.295868 -11.649895
vn -3.149759 0.248583 3.131716
v 48.383533 -109.145767 -9.655525
vn -3.158098 -3.128196 -0.288556
v 48.383533 -44.590057 54.936226
vn -3.124849 3.128233 0.288218
v 48.383533 -42.598480 55.119598
vn -3.158557 0.287909 3.128251
v 48.383533 -109.179031 -9.652748
vn -3.124837 -0.288236 -3.128231
v 48.383533 -109.362411 -11.644325
vn -3.158173 -3.122994 -0.340263
v 48.383533 -44.593399 54.969452
vn -3.125049 3.123005 0.340240
v 48.383533 -42.605164 55.186043
vn -3.158123 0.340257 3.122995
v 48.383533 -109.212250 -9.649406
vn -3.125037 -0.340300 -3.122999
v 48.383533 -109.428848 -11.637642
vn -3.133204 -0.379226 -3.118593
v 48.383533 -109.495163 -11.629860
vn -3.150004 0.379183 3.118588
v 48.383533 -109.245415 -9.645515
vn -3.149982 -3.118591 -0.379234
v 48.383533 -44.597290 55.002609
vn -3.133175 3.118597 0.379193
v 48.383533 -42.612946 55.252373
vn -3.149785 -3.115350 -0.405079
v 48.383533 -44.953735 57.834602
vn -3.133404 3.115341 0.405078
v 48.383533 -42.969391 58.084358
vn -3.150243 0.405774 3.115248
v 48.383533 -112.077415 -9.289085
vn -3.124982 -0.444373 -3.109897
v 48.383533 -112.393341 -11.264534
vn -3.133169 -0.405421 -3.115295
v 48.383533 -112.327164 -11.273430
vn -3.158691 -3.109874 -0.444423
v 48.383533 -44.958176 57.867691
vn -3.124722 3.109937 0.444073
v 48.383533 -42.978271 58.150536
vn -3.157751 0.444375 3.109911
v 48.383533 -112.110504 -9.284630
vn -3.157789 -3.102057 -0.496127
v 48.383533 -44.963181 57.900696
vn -3.124718 3.102002 0.496476
v 48.383533 -42.988266 58.216545
vn -3.158726 0.496071 3.102054
v 48.383533 -112.143517 -9.279640
vn -3.124932 -0.496045 -3.102073
v 48.383533 -112.459366 -11.254539
vn -3.133199 -0.534878 -3.095696
v 48.383533 -112.525215 -11.243446
vn -3.150185 -3.095752 -0.534550
v 48.383533 -44.968719 57.933617
vn -3.133450 3.095634 0.535248
v 48.383533 -42.999374 58.282387
vn -3.149736 0.535246 3.095625
v 48.383533 -112.176437 -9.274086
vn -3.150128 -3.091051 -0.561042
v 48.383533 -45.466476 60.744209
vn -3.133278 3.091124 0.560696
v 48.383533 -43.497131 61.092979
vn -3.133266 -0.560737 -3.091118
v 48.383533 -115.335808 -10.745674
vn -3.150128 0.561043 3.091061
v 48.383533 -114.987030 -8.776329
vn -3.157948 -3.083755 -0.599454
v 48.383533 -45.472580 60.777039
vn -3.125032 3.083835 0.599073
v 48.383533 -43.509323 61.158638
vn -3.125079 -0.599071 -3.083836
v 48.383533 -115.401459 -10.733482
vn -3.157905 0.599384 3.083768
v 48.383533 -115.019859 -8.770226
vn -3.158350 -3.073411 -0.650431
v 48.383533 -45.479218 60.809753
vn -3.124563 3.073334 0.650776
v 48.383533 -43.522598 61.224075
vn -3.124515 -0.650779 -3.073332
v 48.383533 -115.466904 -10.720207
vn -3.158443 0.650434 3.073399
v 48.383533 -115.052582 -8.763588
vn -3.133435 -0.689523 -3.064963
v 48.383533 -115.532104 -10.705818
vn -3.150026 -3.065046 -0.689103
v 48.383533 -45.486404 60.842361
vn -3.133410 3.064971 0.689485
v 48.383533 -43.536987 61.289284
vn -3.149980 0.689188 3.065028
v 48.383533 -115.085182 -8.756401
vn -3.133366 3.059211 0.714607
v 48.383533 -44.174820 64.071434
vn -3.150067 -3.059113 -0.714985
v 48.383533 -46.124237 63.624512
vn -3.133337 -0.714647 -3.059201
v 48.383533 -118.314255 -10.067986
vn -3.149616 0.714316 3.059281
v 48.383533 -117.867325 -8.118553
vn -3.158052 -3.049885 -0.753048
v 48.383533 -46.131973 63.656990
vn -3.124667 3.049897 0.753007
v 48.383533 -44.190277 64.136398
vn -3.124632 -0.753134 -3.049866
v 48.383533 -118.379211 -10.052528
vn -3.158554 0.752455 3.050025
v 48.383533 -117.899803 -8.110832
vn -3.125074 -0.804079 -3.036839
v 48.383533 -118.443893 -10.035973
vn -3.158550 -3.036871 -0.803895
v 48.383533 -46.140244 63.689339
vn -3.125050 3.036872 0.803946
v 48.383533 -44.206833 64.201096
vn -3.158491 0.803982 3.036850
v 48.383533 -117.932144 -8.102562
vn -3.149782 0.842036 3.026607
v 48.383533 -117.964355 -8.093742
vn -3.133242 -0.841796 -3.026683
v 48.383533 -118.508301 -10.018349
vn -3.149786 -3.026614 -0.842048
v 48.383533 -46.149063 63.721550
vn -3.133206 3.026693 0.841760
v 48.383533 -44.224457 64.265511
vn -3.133313 3.019574 0.866952
v 48.383533 -45.000778 67.012238
vn -3.133309 -0.866944 -3.019577
v 48.383533 -121.255035 -9.242043
vn -3.150162 0.867369 3.019444
v 48.383533 -120.711090 -7.317436
vn -3.149653 -3.019662 -0.866619
v 48.383533 -46.925385 66.468277
vn -3.157792 0.904673 3.008400
v 48.383533 -120.743134 -7.308083
vn -3.124674 -0.904903 -3.008330
v 48.383533 -121.319138 -9.223351
vn -3.158733 -3.008418 -0.904569
v 48.383533 -46.934723 66.500328
vn -3.124892 3.008431 0.904575
v 48.383533 -45.019470 67.076340
vn -3.124741 2.992838 0.954896
v 48.383533 -45.039230 67.140121
vn -3.158796 0.954786 2.992868
v 48.383533 -120.775024 -7.298210
vn -3.125040 -0.955117 -2.992771
v 48.383533 -121.382919 -9.203575
vn -3.157996 -2.992843 -0.954899
v 48.383533 -46.944611 66.532219
vn -3.133264 -0.992294 -2.980735
v 48.383533 -121.446365 -9.182747
vn -3.149702 0.992615 2.980620
v 48.383533 -120.806747 -7.287788
vn -3.150063 -2.980799 -0.992074
v 48.383533 -46.955017 66.563934
vn -3.133335 2.980702 0.992401
v 48.383533 -45.060059 67.203552
vn -3.133228 -1.017139 -2.972349
v 48.383533 -124.150803 -8.269905
vn -3.149958 -2.972349 -1.017139
v 48.383533 -47.867859 69.268372
vn -3.133228 2.972349 1.017139
v 48.383533 -45.972900 69.907990
vn -3.149958 1.017139 2.972349
v 48.383533 -123.511185 -6.374947
vn -3.158501 -2.959162 -1.054584
v 48.383533 -47.878799 69.299911
vn -3.124902 2.959295 1.054274
v 48.383533 -45.994781 69.971069
vn -3.124898 -1.054274 -2.959295
v 48.383533 -124.213882 -8.248024
vn -3.158072 1.053954 2.959402
v 48.383533 -123.542725 -6.364006
vn -3.157800 -2.941312 -1.103444
v 48.383533 -47.890274 69.331268
vn -3.124950 2.941316 1.103443
v 48.383533 -46.017715 70.033783
vn -3.125033 -1.103323 -2.941361
v 48.383533 -124.276596 -8.225090
vn -3.158655 1.103436 2.941302
v 48.383533 -123.574081 -6.352547
vn -3.150189 -2.927477 -1.139870
v 48.383533 -47.902252 69.362427
vn -3.133208 2.927356 1.140182
v 48.383533 -46.041687 70.096100
vn -3.149767 1.140499 2.927225
v 48.383533 -123.605240 -6.340553
vn -3.133126 -1.140062 -2.927402
v 48.383533 -124.338928 -8.201118
vn -3.133341 2.917772 1.164491
v 48.383533 -47.088760 72.751434
vn -3.150055 -2.917655 -1.164803
v 48.383533 -48.949326 72.017761
vn -3.133043 -1.164925 -2.917597
v 48.383533 -126.994263 -7.154045
vn -3.149627 1.164187 2.917886
v 48.383533 -126.260574 -5.293465
vn -3.157973 -2.902874 -1.200919
v 48.383533 -48.961838 72.048721
vn -3.124743 2.902851 1.200983
v 48.383533 -47.113770 72.813354
vn -3.125211 -1.201177 -2.902779
v 48.383533 -127.056168 -7.129021
vn -3.158820 1.200910 2.902865
v 48.383533 -126.291534 -5.280968
vn -3.158577 -2.882430 -1.249174
v 48.383533 -48.974854 72.079468
vn -3.124913 2.882311 1.249480
v 48.383533 -47.139816 72.874840
vn -3.124786 -1.249174 -2.882442
v 48.383533 -127.117645 -7.102989
vn -3.157738 1.249186 2.882446
v 48.383533 -126.322281 -5.267937
vn -3.149848 -2.866524 -1.285488
v 48.383533 -48.988388 72.109985
vn -3.133291 2.866553 1.285422
v 48.383533 -47.166885 72.935883
vn -3.150262 1.284885 2.866782
v 48.383533 -126.352798 -5.254417
vn -3.133245 -1.285355 -2.866582
v 48.383533 -127.178696 -7.075920
vn -3.149906 1.309191 2.855776
v 48.383533 -128.952393 -4.075722
vn -3.133279 -1.309191 -2.855776
v 48.383533 -129.778290 -5.897224
vn -3.150321 -2.855493 -1.309777
v 48.383533 -50.167084 74.709579
vn -3.133372 2.855838 1.309053
v 48.383533 -48.345581 75.535477
vn -3.124932 -1.344718 -2.839129
v 48.383533 -129.838867 -5.869148
vn -3.158357 1.344855 2.839053
v 48.383533 -128.982681 -4.061684
vn -3.157740 -2.838914 -1.345164
v 48.383533 -50.181137 74.739868
vn -3.124630 2.839051 1.344871
v 48.383533 -48.373657 75.596069
vn -3.158149 1.391968 2.816257
v 48.383533 -129.012726 -4.047142
vn -3.124830 -1.391975 -2.816259
v 48.383533 -129.898972 -5.840065
vn -3.158555 -2.816247 -1.391975
v 48.383533 -50.195679 74.769928
vn -3.125031 2.816118 1.392266
v 48.383533 -48.402756 75.656174
vn -3.133249 -1.427252 -2.798639
v 48.383533 -129.958588 -5.809975
vn -3.150040 1.427113 2.798719
v 48.383533 -129.042542 -4.032097
vn -3.149834 -2.798566 -1.427398
v 48.383533 -50.210724 74.799728
vn -3.133246 2.798637 1.427257
v 48.383533 -48.432846 75.715790
vn -3.617364 -0.719463 -2.967139
v 48.383533 -131.633728 -4.946861
vn -3.617368 2.967137 0.719469
v 48.383533 -49.295959 77.390915
vn -2.665820 0.719465 2.967138
v 48.383533 -131.148773 -2.946861
vn -2.665820 -2.967138 -0.719465
v 48.383533 -51.295959 76.905960
vn -3.150976 -3.141518 -0.014740
v 48.383533 -51.295959 89.053139
vn -3.132207 3.141521 0.014740
v 48.383533 -49.295959 89.053139
vn -3.132207 -0.014740 -3.141524
v 48.383533 -143.295959 -4.946861
vn -3.150976 0.014740 3.141524
v 48.383533 -143.295959 -2.946861
vn -3.123027 -0.058641 -3.140907
v 48.383533 -143.370758 -4.946159
vn -3.160365 0.058961 3.140895
v 48.383533 -143.333359 -2.946510
vn -3.159951 -3.140913 -0.058311
v 48.383533 -51.296310 89.090538
vn -3.123029 3.140915 0.058636
v 48.383533 -49.296661 89.127937
vn -3.122806 -0.117292 -3.139269
v 48.383533 -143.445526 -4.944069
vn -3.159968 0.117292 3.139265
v 48.383533 -143.370743 -2.945457
vn -3.132218 -0.161471 -3.137412
v 48.383533 -143.520233 -4.940575
vn -3.160791 -3.139253 -0.117282
v 48.383533 -51.297348 89.127930
vn -3.122812 3.139269 0.117272
v 48.383533 -49.298752 89.202713
vn -3.132214 3.137406 0.161456
v 48.383533 -49.302246 89.277435
vn -3.151161 0.161151 3.137416
v 48.383533 -143.408096 -2.943718
vn -3.150753 -3.137391 -0.161791
v 48.383533 -51.299103 89.165283
vn -3.122851 -0.205528 -3.134724
v 48.383533 -144.639877 -4.877693
vn -3.160227 0.205369 3.134736
v 48.383533 -144.527740 -2.880836
vn -3.160227 -3.134734 -0.205369
v 48.383533 -51.361984 90.284927
vn -3.122847 3.134726 0.205540
v 48.383533 -49.365128 90.397079
vn -3.104301 -0.293217 -3.127332
v 48.383533 -144.789047 -4.866508
vn -3.179088 0.293216 3.127323
v 48.383533 -144.602325 -2.875252
vn -3.179101 -3.127321 -0.293233
v 48.383533 -51.367569 90.359512
vn -3.104295 3.127330 0.293247
v 48.383533 -49.376312 90.546234
vn -3.179048 -3.114138 -0.410219
v 48.383533 -51.375946 90.433830
vn -3.104140 3.114184 0.409893
v 48.383533 -49.393051 90.694870
vn -3.104036 -0.410020 -3.114164
v 48.383533 -144.937698 -4.849770
vn -3.179045 0.410177 3.114141
v 48.383533 -144.676651 -2.866875
vn -3.160185 -3.101833 -0.497383
v 48.383533 -51.387100 90.507782
vn -3.122894 3.101858 0.497213
v 48.383533 -49.415344 90.842781
vn -3.160197 0.497356 3.101836
v 48.383533 -144.750610 -2.855721
vn -3.122850 -0.555187 -3.092007
v 48.383533 -146.191193 -4.639626
vn -3.122988 -0.497356 -3.101836
v 48.383533 -145.085617 -4.827461
vn -3.160213 -3.092038 -0.555006
v 48.383533 -51.574936 91.613342
vn -3.122869 3.092010 0.555159
v 48.383533 -49.603180 91.948349
vn -3.160253 0.555062 3.092031
v 48.383533 -145.856186 -2.667885
vn -3.104186 3.074816 0.641622
v 48.383533 -49.630997 92.095352
vn -3.179076 -3.074846 -0.641431
v 48.383533 -51.588837 91.686844
vn -3.104178 3.048666 0.756179
v 48.383533 -49.664291 92.241211
vn -3.104258 -0.641568 -3.074828
v 48.383533 -146.338181 -4.611809
vn -3.179085 0.641559 3.074820
v 48.383533 -145.929672 -2.653984
vn -3.178999 0.756233 3.048650
v 48.383533 -146.002594 -2.637337
vn -3.104110 -0.756116 -3.048676
v 48.383533 -146.484009 -4.578529
vn -3.179045 -3.048663 -0.756163
v 48.383533 -51.605484 91.759781
vn -3.122948 -0.841478 -3.026663
v 48.383533 -146.628510 -4.539803
vn -3.160237 0.841476 3.026657
v 48.383533 -146.074844 -2.617973
vn -3.160249 -3.026654 -0.841494
v 48.383533 -51.624847 91.832031
vn -3.122923 3.026659 0.841474
v 48.383533 -49.703018 92.385719
vn -3.122951 -0.897753 -3.010448
v 48.383533 -147.706085 -4.229362
vn -3.160331 0.897901 3.010407
v 48.383533 -147.152420 -2.307533
vn -3.160154 -3.010472 -0.897668
v 48.383533 -51.935303 92.909615
vn -3.122933 3.010430 0.897816
v 48.383533 -50.013474 93.463303
vn -3.104141 -0.981691 -2.983694
v 48.383533 -147.849030 -4.185280
vn -3.179014 0.981937 2.983613
v 48.383533 -147.223892 -2.285484
vn -3.179180 -2.983689 -0.981689
v 48.383533 -51.957336 92.981079
vn -3.104106 2.983647 0.981837
v 48.383533 -50.057556 93.606232
vn -3.178964 1.092804 2.944816
v 48.383533 -147.294479 -2.260780
vn -3.104115 -1.092759 -2.944829
v 48.383533 -147.990234 -4.135872
vn -3.178967 -2.944813 -1.092803
v 48.383533 -51.982040 93.051666
vn -3.104279 2.944851 1.092721
v 48.383533 -50.106964 93.747406
vn -3.160260 -2.913424 -1.175032
v 48.383533 -52.009369 93.121292
vn -3.122870 2.913460 1.174944
v 48.383533 -50.161606 93.886642
vn -3.122955 -1.175098 -2.913401
v 48.383533 -148.129471 -4.081215
vn -3.160254 1.175024 2.913426
v 48.383533 -147.364105 -2.233452
vn -3.160244 -2.890994 -1.229187
v 48.383533 -52.438507 94.157333
vn -3.122958 2.891008 1.229154
v 48.383533 -50.590744 94.922691
vn -3.122948 -1.229198 -2.890989
v 48.383533 -149.165527 -3.652061
vn -3.160249 1.229180 2.890997
v 48.383533 -148.400162 -1.804314
vn -3.179023 -2.855016 -1.309587
v 48.383533 -52.468414 94.225891
vn -3.104095 2.855004 1.309623
v 48.383533 -50.650558 95.059814
vn -3.104167 -1.309583 -2.855021
v 48.383533 -149.302643 -3.592247
vn -3.179111 1.309712 2.854956
v 48.383533 -148.468719 -1.774406
vn -3.104183 -1.415471 -2.804034
v 48.383533 -149.437408 -3.527351
vn -3.179000 1.415725 2.803902
v 48.383533 -148.536102 -1.741951
vn -3.179086 -2.803958 -1.415598
v 48.383533 -52.500870 94.293289
vn -3.104230 2.803999 1.415538
v 48.383533 -50.715469 95.194595
vn -3.122871 -1.493794 -2.763570
v 48.383533 -149.569672 -3.457451
vn -3.160213 1.493902 2.763510
v 48.383533 -148.602234 -1.706993
vn -3.160224 -2.763504 -1.493920
v 48.383533 -52.535828 94.359421
vn -3.122875 2.763572 1.493790
v 48.383533 -50.785370 95.326859
vn -3.122865 2.735125 1.545261
v 48.383533 -51.327820 96.308342
vn -3.104205 -1.621164 -2.690351
v 48.383533 -150.680695 -2.840202
vn -3.160324 1.545249 2.735132
v 48.383533 -149.583710 -1.164558
vn -3.122872 -1.545266 -2.735123
v 48.383533 -150.551147 -2.915001
vn -3.160136 -2.735260 -1.545024
v 48.383533 -53.078278 95.340897
vn -3.178924 1.621090 2.690394
v 48.383533 -149.648483 -1.127159
vn -3.179153 -2.690494 -1.620926
v 48.383533 -53.115662 95.405670
vn -3.104177 2.690329 1.621200
v 48.383533 -51.402618 96.437889
vn -3.104247 -1.720538 -2.627911
v 48.383533 -150.807358 -2.760612
vn -3.179163 1.720687 2.627811
v 48.383533 -149.711823 -1.087364
vn -3.104273 2.627889 1.720574
v 48.383533 -51.482208 96.564545
vn -3.178939 -2.627916 -1.720541
v 48.383533 -53.155457 95.469002
vn -3.122854 2.578972 1.793778
v 48.383533 -51.566467 96.688141
vn -3.160163 1.794000 2.578827
v 48.383533 -149.773621 -1.045219
vn -3.122844 -1.793794 -2.578963
v 48.383533 -150.930954 -2.676353
vn -3.160335 -2.578969 -1.793784
v 48.383533 -53.197586 95.530800
vn -3.122951 -1.841693 -2.544979
v 48.383533 -151.845535 -2.027412
vn -3.160324 -2.544913 -1.841790
v 48.383533 -53.846512 96.445374
vn -3.122909 2.544962 1.841717
v 48.383533 -52.215393 97.602722
vn -3.104112 -1.912119 -2.491976
v 48.383533 -151.965897 -1.938591
vn -3.160327 1.841782 2.544912
v 48.383533 -150.688202 -0.396294
vn -3.178974 -2.491915 -1.912203
v 48.383533 -53.890930 96.505554
vn -3.104113 2.491916 1.912196
v 48.383533 -52.304214 97.723076
vn -3.178974 1.912206 2.491919
v 48.383533 -150.748383 -0.351875
vn -3.178910 -2.418774 -2.003919
v 48.383533 -53.937561 96.564026
vn -3.104255 2.418662 2.004060
v 48.383533 -52.397491 97.840027
vn -3.104214 -2.004032 -2.418680
v 48.383533 -152.082855 -1.845314
vn -3.178843 2.003840 2.418842
v 48.383533 -150.806854 -0.305244
vn -3.122906 -2.071311 -2.361867
v 48.383533 -152.196243 -1.747734
vn -3.160353 -2.361950 -2.071213
v 48.383533 -53.986343 96.620720
vn -3.122899 2.361883 2.071293
v 48.383533 -52.495056 97.953400
vn -3.160434 2.071150 2.362001
v 48.383533 -150.863556 -0.256462
vn -3.160408 -2.322618 -2.115219
v 48.383533 -54.733582 97.456894
vn -3.122886 2.322740 2.115098
v 48.383533 -53.242294 98.789574
vn -3.160314 2.115146 2.322691
v 48.383533 -151.699722 0.490791
vn -3.122933 -2.115055 -2.322776
v 48.383533 -153.032410 -1.000496
vn -3.104190 2.262200 2.179133
v 48.383533 -53.344055 98.899246
vn -3.178813 -2.262165 -2.179181
v 48.383533 -54.784470 97.511726
vn -3.178962 2.179164 2.262166
v 48.383533 -151.754547 0.541664
vn -3.104151 -2.179086 -2.262241
v 48.383533 -153.142075 -0.898750
vn -3.104149 -2.262241 -2.179086
v 48.383533 -153.247849 -0.792976
vn -3.178964 2.262171 2.179170
v 48.383533 -151.807434 0.594551
vn -3.179100 -2.179169 -2.262152
v 48.383533 -54.837357 97.564621
vn -3.104155 2.179093 2.262237
v 48.383533 -53.449844 99.005035
vn -3.122944 -2.322765 -2.115067
v 48.383533 -153.349594 -0.683311
vn -3.160318 2.322695 2.115140
v 48.383533 -151.858307 0.649376
vn -3.160264 -2.115056 -2.322774
v 48.383533 -54.892197 97.615501
vn -3.122919 2.115056 2.322774
v 48.383533 -53.559525 99.106796
vn -3.122817 -2.361936 -2.071232
v 48.383533 -154.096848 0.152855
vn -3.160364 2.361939 2.071224
v 48.383533 -152.605560 1.485550
vn -3.178976 -2.003999 -2.418706
v 48.383533 -55.785065 98.411530
vn -3.122963 2.071374 2.361816
v 48.383533 -54.395706 99.854042
vn -3.160287 -2.071292 -2.361881
v 48.383533 -55.728378 98.362747
vn -3.104290 -2.418759 -2.003940
v 48.383533 -154.194412 0.266243
vn -3.178974 2.418838 2.003842
v 48.383533 -152.654343 1.542244
vn -3.104102 2.004031 2.418680
v 48.383533 -54.509064 99.951607
vn -3.104231 1.912128 2.491975
v 48.383533 -54.626007 100.044861
vn -3.179018 -1.912148 -2.491955
v 48.383533 -55.843536 98.458160
vn -3.104115 -2.491975 -1.912119
v 48.383533 -154.287689 0.383202
vn -3.178911 2.491975 1.912123
v 48.383533 -152.700974 1.600723
vn -3.122888 1.841765 2.544925
v 48.383533 -54.746353 100.133682
vn -3.160271 -1.841745 -2.544940
v 48.383533 -55.903702 98.502563
vn -3.122946 -2.544986 -1.841684
v 48.383533 -154.376511 0.503563
vn -3.160324 2.544913 1.841790
v 48.383533 -152.745392 1.660904
vn -3.122874 1.793825 2.578943
v 48.383533 -55.660919 100.782608
vn -3.160376 -1.793759 -2.578991
v 48.383533 -56.818268 99.151497
vn -3.122935 -2.578894 -1.793893
v 48.383533 -155.025436 1.418137
vn -3.160335 2.578969 1.793784
v 48.383533 -153.394318 2.575478
vn -3.104209 1.720557 2.627895
v 48.383533 -55.784531 100.866882
vn -3.178921 -1.621090 -2.690394
v 48.383533 -56.943420 99.233429
vn -3.178963 -1.720428 -2.627987
v 48.383533 -56.880081 99.193634
vn -3.104101 -2.627886 -1.720568
v 48.383533 -155.109711 1.541733
vn -3.178939 2.627916 1.720541
v 48.383533 -153.436447 2.637276
vn -3.104263 -2.690402 -1.621086
v 48.383533 -155.189285 1.668388
vn -3.178926 2.690315 1.621236
v 48.383533 -153.476242 2.700607
vn -3.104211 1.621139 2.690364
v 48.383533 -55.911209 100.946480
vn -3.122869 -2.735126 -1.545261
v 48.383533 -155.264084 1.797935
vn -3.160367 2.735084 1.545330
v 48.383533 -153.513641 2.765373
vn -3.160320 -1.545256 -2.735127
v 48.383533 -57.008194 99.270828
vn -3.122866 1.545239 2.735137
v 48.383533 -56.040771 101.021286
vn -3.160401 2.763639 1.493664
v 48.383533 -154.056091 3.746857
vn -3.160307 -1.493784 -2.763573
v 48.383533 -57.989685 99.813278
vn -3.122899 -2.763555 -1.493823
v 48.383533 -155.806534 2.779419
vn -3.179002 -1.415470 -2.804031
v 48.383533 -58.055817 99.848228
vn -3.122885 1.493781 2.763579
v 48.383533 -57.022263 101.563728
vn -3.104208 -2.803983 -1.415571
v 48.383533 -155.876434 2.911674
vn -3.178865 2.804064 1.415412
v 48.383533 -154.091034 3.812988
vn -3.104227 1.415540 2.804000
v 48.383533 -57.154510 101.633621
vn -3.104137 -2.854976 -1.309680
v 48.383533 -155.941345 3.046455
vn -3.179027 2.854959 1.309707
v 48.383533 -154.123489 3.880379
vn -3.160274 2.890962 1.229261
v 48.383533 -154.153397 3.948929
vn -3.178938 -1.309700 -2.854968
v 48.383533 -58.123199 99.880676
vn -3.104208 1.309775 2.854935
v 48.383533 -57.289276 101.698524
vn -3.160321 -1.229312 -2.890940
v 48.383533 -58.191742 99.910583
vn -3.122851 1.229313 2.890939
v 48.383533 -57.426376 101.758347
vn -3.122933 -2.890973 -1.229235
v 48.383533 -156.001160 3.183563
vn -3.160303 -1.174985 -2.913444
v 48.383533 -59.227787 100.339729
vn -3.160269 2.913419 1.175046
v 48.383533 -154.582550 4.984978
vn -3.122926 1.175032 2.913424
v 48.383533 -58.462418 102.187485
vn -3.122821 -2.913472 -1.174911
v 48.383533 -156.430313 4.219604
vn -3.178999 2.944831 1.092753
v 48.383533 -154.609879 5.054604
vn -3.104264 -2.944897 -1.092590
v 48.383533 -156.484955 4.358856
vn -3.178946 -0.981837 -2.983649
v 48.383533 -59.368023 100.391762
vn -3.104144 1.092694 2.944862
v 48.383533 -58.601669 102.242142
vn -3.178996 -1.092650 -2.944874
v 48.383533 -59.297421 100.367058
vn -3.104222 -2.983640 -0.981862
v 48.383533 -156.534363 4.500053
vn -3.178981 2.983629 0.981886
v 48.383533 -154.634583 5.125198
vn -3.104217 0.981779 2.983667
v 48.383533 -58.742878 102.291550
vn -3.122855 -3.010403 -0.897896
v 48.383533 -156.578461 4.642998
vn -3.160332 3.010407 0.897898
v 48.383533 -154.656631 5.196671
vn -3.122880 0.897849 3.010420
v 48.383533 -58.885838 102.335648
vn -3.160328 -0.897905 -3.010405
v 48.383533 -59.439495 100.413811
vn -3.160312 -0.841371 -3.026687
v 48.383533 -60.517086 100.724258
vn -3.122936 -3.026668 -0.841455
v 48.383533 -156.888901 5.720581
vn -3.160263 3.026667 0.841433
v 48.383533 -154.967072 6.274254
vn -3.122929 0.841436 3.026670
v 48.383533 -59.963428 102.646088
vn -3.104186 -3.048658 -0.756196
v 48.383533 -156.927628 5.865089
vn -3.178972 3.048658 0.756193
v 48.383533 -154.986435 6.346512
vn -3.104170 0.756140 3.048675
v 48.383533 -60.107914 102.684807
vn -3.179026 -0.755971 -3.048710
v 48.383533 -60.589329 100.743614
vn -3.178885 -0.641562 -3.074827
v 48.383533 -60.662251 100.760254
vn -3.104188 0.641578 3.074824
v 48.383533 -60.253750 102.718094
vn -3.104091 -3.074833 -0.641513
v 48.383533 -156.960922 6.010941
vn -3.179104 3.074829 0.641530
v 48.383533 -155.003082 6.419434
vn -3.160307 -0.497213 -3.101856
v 48.383533 -61.841297 100.962006
vn -3.122891 0.555153 3.092014
v 48.383533 -60.400723 102.745903
vn -3.160345 -0.555231 -3.091999
v 48.383533 -60.735737 100.774162
vn -3.122952 -3.092036 -0.555034
v 48.383533 -156.988724 6.157928
vn -3.160233 3.092033 0.555034
v 48.383533 -155.016983 6.492928
vn -3.122878 0.497214 3.101858
v 48.383533 -61.506283 102.933746
vn -3.122901 -3.101856 -0.497225
v 48.383533 -157.176559 7.263496
vn -3.160384 3.101880 0.497068
v 48.383533 -155.204819 7.598495
vn -3.178894 -0.293205 -3.127329
v 48.383533 -61.989582 100.981522
vn -3.104240 0.410021 3.114169
v 48.383533 -61.654202 102.956039
vn -3.179046 -0.409863 -3.114184
v 48.383533 -61.915257 100.973152
vn -3.104228 -3.114166 -0.410054
v 48.383533 -157.198853 7.411400
vn -3.178847 3.114185 0.409906
v 48.383533 -155.215958 7.672447
vn -3.178896 3.127297 0.293552
v 48.383533 -155.224335 7.746765
vn -3.104098 -3.127324 -0.293237
v 48.383533 -157.215607 7.560043
vn -3.104143 0.293289 3.127319
v 48.383533 -61.802853 102.972794
vn -3.122950 -3.134738 -0.205381
v 48.383533 -157.226776 7.709198
vn -3.160431 3.134710 0.205687
v 48.383533 -155.229935 7.821350
vn -3.122903 0.205432 3.134732
v 48.383533 -61.952030 102.983971
vn -3.160328 -0.205506 -3.134726
v 48.383533 -62.064175 100.987114
vn -3.132220 -3.137406 -0.161456
v 48.383533 -157.289658 8.828842
vn -3.151170 3.137422 0.161136
v 48.383533 -155.292816 8.940994
vn -3.159964 3.139265 0.117277
v 48.383533 -155.294556 8.978355
vn -3.132230 0.161453 3.137413
v 48.383533 -63.071674 103.046844
vn -3.150741 -0.161780 -3.137387
v 48.383533 -63.183819 101.049988
vn -3.123016 -3.139261 -0.117592
v 48.383533 -157.293152 8.903564
vn -3.160364 3.140896 0.058961
v 48.383533 -155.295609 9.015739
vn -3.122904 0.117444 3.139265
v 48.383533 -63.146389 103.050339
vn -3.160160 -0.058641 -3.140904
v 48.383533 -63.258556 101.052788
vn -3.160583 -0.117611 -3.139244
v 48.383533 -63.221172 101.051743
vn -3.122823 -3.140906 -0.058956
v 48.383533 -157.295258 8.978340
vn -3.122922 0.058801 3.140903
v 48.383533 -63.221157 103.052437
vn -3.132207 -3.141521 -0.014740
v 48.383533 -157.295959 9.053139
vn -3.150976 3.141518 0.014740
v 48.383533 -155.295959 9.053139
vn -3.132207 0.014740 3.141524
v 48.383533 -63.295956 103.053139
vn -3.150976 -0.014740 -3.141524
v 48.383533 -63.295956 101.053139
vn -3.617368 0.719468 2.967136
v 48.383533 -74.958191 103.053139
vn -2.665817 -0.719469 -2.967136
v 48.383533 -75.443146 101.053139
vn -3.617364 -2.967139 -0.719463
v 48.383533 -157.295959 20.715370
vn -2.665825 2.967143 0.719457
v 48.383533 -155.295959 21.200325
vn -3.150043 -1.427117 -2.798716
v 48.383533 -77.549362 102.138374
vn -3.149931 2.798643 1.427245
v 48.383533 -156.381180 23.306557
vn -3.133246 1.427257 2.798637
v 48.383533 -76.633316 103.916252
vn -3.133045 -2.798784 -1.426966
v 48.383533 -158.159073 22.390511
vn -3.124933 1.392121 2.816189
v 48.383533 -76.692932 103.946342
vn -3.158150 -1.391968 -2.816257
v 48.383533 -77.579178 102.153419
vn -3.125249 -2.816263 -1.391980
v 48.383533 -158.189148 22.450127
vn -3.157942 2.815969 1.392553
v 48.383533 -156.396225 23.336365
vn -3.158667 2.838839 1.345295
v 48.383533 -156.410782 23.366417
vn -3.158338 -1.344876 -2.839041
v 48.383533 -77.609222 102.167961
vn -3.124822 1.344863 2.839059
v 48.383533 -76.753036 103.975433
vn -3.124675 -2.839020 -1.344940
v 48.383533 -158.218246 22.510231
vn -3.149921 -1.309212 -2.855766
v 48.383533 -77.639526 102.182007
vn -3.133271 1.309191 2.855776
v 48.383533 -76.813614 104.003510
vn -3.133328 -2.855806 -1.309124
v 48.383533 -158.246323 22.570816
vn -3.149911 2.855771 1.309180
v 48.383533 -156.424820 23.396706
vn -3.133081 -2.866685 -1.285123
v 48.383533 -159.425018 25.170403
vn -3.149935 2.866586 1.285348
v 48.383533 -157.603500 25.996300
vn -3.133245 1.285355 2.866582
v 48.383533 -79.413208 105.182205
vn -3.149846 -1.285485 -2.866516
v 48.383533 -80.239120 103.360703
vn -3.125122 -2.882444 -1.249180
v 48.383533 -159.452072 25.231445
vn -3.158396 2.882434 1.249170
v 48.383533 -157.617035 26.026825
vn -3.158577 -1.249174 -2.882430
v 48.383533 -80.269638 103.374237
vn -3.124915 1.249349 2.882367
v 48.383533 -79.474258 105.209274
vn -3.124832 -2.902801 -1.201108
v 48.383533 -159.478119 25.292931
vn -3.157977 2.902770 1.201173
v 48.383533 -157.630051 26.057564
vn -3.150140 2.917606 1.164927
v 48.383533 -157.642563 26.088516
vn -3.157804 -1.201176 -2.902791
v 48.383533 -80.300385 103.387253
vn -3.124873 1.201043 2.902829
v 48.383533 -79.535751 105.235321
vn -3.133260 -2.917721 -1.164623
v 48.383533 -159.503128 25.354836
vn -3.150228 -1.165048 -2.917547
v 48.383533 -80.331329 103.399765
vn -3.133259 1.164616 2.917722
v 48.383533 -79.597656 105.260330
vn -3.149973 -1.140181 -2.927357
v 48.383533 -82.986671 104.446838
vn -3.133199 -2.927354 -1.140188
v 48.383533 -160.550217 28.010178
vn -3.149763 2.927237 1.140494
v 48.383533 -158.689636 28.743858
vn -3.158226 2.941071 1.104069
v 48.383533 -158.701630 28.775017
vn -3.133315 1.140339 2.927296
v 48.383533 -82.252991 106.307404
vn -3.124956 -2.941316 -1.103443
v 48.383533 -160.574188 28.072495
vn -3.124848 1.103600 2.941255
v 48.383533 -82.315308 106.331383
vn -3.158361 -1.054160 -2.959324
v 48.383533 -83.049187 104.470291
vn -3.158229 -1.103437 -2.941298
v 48.383533 -83.017830 104.458824
vn -3.124862 -2.959313 -1.054218
v 48.383533 -160.597122 28.135208
vn -3.158502 2.959170 1.054587
v 48.383533 -158.713104 28.806374
vn -3.149954 2.972341 1.017138
v 48.383533 -158.724045 28.837914
vn -3.124861 1.054218 2.959313
v 48.383533 -82.378021 106.354317
vn -3.133266 -2.972368 -1.017085
v 48.383533 -160.619003 28.198296
vn -3.133267 1.017086 2.972368
v 48.383533 -82.441109 106.376198
vn -3.149881 -1.017031 -2.972387
v 48.383533 -83.080734 104.481232
vn -3.133298 -2.980718 -0.992349
v 48.383533 -161.531845 30.902725
vn -3.150137 2.980842 0.991971
v 48.383533 -159.636887 31.542343
vn -3.149851 -0.992403 -2.980700
v 48.383533 -85.785156 105.394073
vn -3.133153 0.992135 2.980788
v 48.383533 -85.145531 107.289040
vn -3.124780 -2.992856 -0.954843
v 48.383533 -161.552673 30.966164
vn -3.157924 2.992869 0.954790
v 48.383533 -159.647293 31.574066
vn -3.158733 3.008418 0.904569
v 48.383533 -159.657181 31.605957
vn -3.125011 0.954740 2.992890
v 48.383533 -85.208977 107.309860
vn -3.158499 -0.954789 -2.992852
v 48.383533 -85.816872 105.404488
vn -3.124892 -3.008431 -0.904575
v 48.383533 -161.572433 31.029945
vn -3.150162 -0.867371 -3.019452
v 48.383533 -85.880814 105.423721
vn -3.124934 0.904854 3.008348
v 48.383533 -85.272766 107.329628
vn -3.157943 -0.904899 -3.008330
v 48.383533 -85.848770 105.414368
vn -3.133312 -3.019575 -0.866951
v 48.383533 -161.591125 31.094048
vn -3.149653 3.019662 0.866619
v 48.383533 -159.666519 31.638008
vn -3.133198 0.867109 3.019529
v 48.383533 -85.336868 107.348328
vn -3.150230 3.026788 0.841377
v 48.383533 -160.442841 34.384735
vn -3.150002 -0.841703 -3.026699
v 48.383533 -88.627548 106.200027
vn -3.133237 -3.026680 -0.841804
v 48.383533 -162.367447 33.840782
vn -3.133242 0.841796 3.026683
v 48.383533 -88.083603 108.124634
vn -3.124794 -3.036946 -0.803655
v 48.383533 -162.385071 33.905190
vn -3.157610 3.036860 0.803988
v 48.383533 -160.451645 34.416946
vn -3.158047 -0.803985 -3.036855
v 48.383533 -88.659760 106.208839
vn -3.124960 0.803910 3.036882
v 48.383533 -88.148010 108.142258
vn -3.158555 -0.753132 -3.049857
v 48.383533 -88.692101 106.217117
vn -3.124854 0.753135 3.049869
v 48.383533 -88.212692 108.158806
vn -3.125105 -3.049902 -0.753010
v 48.383533 -162.401611 33.969887
vn -3.159050 3.049871 0.753048
v 48.383533 -160.459930 34.449287
vn -3.149568 3.059302 0.714227
v 48.383533 -160.467651 34.481773
vn -3.149842 -0.714651 -3.059201
v 48.383533 -88.724579 106.224846
vn -3.133229 0.714817 3.059161
v 48.383533 -88.277649 108.174271
vn -3.133145 -3.059131 -0.714946
v 48.383533 -162.417084 34.034851
vn -3.150024 -0.689107 -3.065045
v 48.383533 -91.506729 106.862686
vn -3.133274 0.689276 3.065017
v 48.383533 -91.059799 108.812103
vn -3.133212 -3.065039 -0.689181
v 48.383533 -163.054916 36.817001
vn -3.149975 3.065030 0.689179
v 48.383533 -161.105484 37.263924
vn -3.124979 -3.073331 -0.650816
v 48.383533 -163.069290 36.882202
vn -3.157949 3.073245 0.651194
v 48.383533 -161.112671 37.296524
vn -3.124914 0.650912 3.073310
v 48.383533 -91.125015 108.826485
vn -3.157903 -0.599518 -3.083743
v 48.383533 -91.572052 106.876511
vn -3.158352 -0.650429 -3.073402
v 48.383533 -91.539337 106.869873
vn -3.124836 -3.083759 -0.599450
v 48.383533 -163.082581 36.947639
vn -3.158846 3.083743 0.599449
v 48.383533 -161.119324 37.329239
vn -3.149673 3.091188 0.560358
v 48.383533 -161.125412 37.362068
vn -3.124831 0.599450 3.083759
v 48.383533 -91.190453 108.839775
vn -3.133261 -3.091119 -0.560729
v 48.383533 -163.094772 37.013290
vn -3.150170 -0.561108 -3.091049
v 48.383533 -91.604874 106.882614
vn -3.133265 0.560729 3.091119
v 48.383533 -91.256104 108.851967
vn -3.150192 3.095742 0.534557
v 48.383533 -161.623184 40.172661
vn -3.149998 -0.534840 -3.095703
v 48.383533 -94.415466 107.380371
vn -3.133450 -3.095634 -0.535248
v 48.383533 -163.592529 39.823883
vn -3.133337 0.535073 3.095664
v 48.383533 -94.066696 109.349724
vn -3.124685 -3.102010 -0.496423
v 48.383533 -163.603638 39.889725
vn -3.157821 3.102074 0.496076
v 48.383533 -161.628723 40.205582
vn -3.158653 3.109882 0.444369
v 48.383533 -161.633728 40.238594
vn -3.158234 -0.496014 -3.102069
v 48.383533 -94.448395 107.385918
vn -3.124800 0.496249 3.102039
v 48.383533 -94.132538 109.360825
vn -3.124740 -3.109947 -0.443996
v 48.383533 -163.613632 39.955750
vn -3.158204 -0.444372 -3.109896
v 48.383533 -94.481407 107.390915
vn -3.124866 0.444196 3.109920
v 48.383533 -94.198563 109.370819
vn -3.133416 -3.115344 -0.405054
v 48.383533 -163.622513 40.021935
vn -3.149784 3.115350 0.405079
v 48.383533 -161.638168 40.271683
vn -3.150013 -0.405427 -3.115294
v 48.383533 -94.514496 107.395363
vn -3.133284 0.405250 3.115318
v 48.383533 -94.264740 109.379707
vn -3.149980 -0.379230 -3.118583
v 48.383533 -97.346481 107.751801
vn -3.133191 0.379210 3.118594
v 48.383533 -97.096725 109.736145
vn -3.133189 -3.118593 -0.379214
v 48.383533 -163.978958 42.853920
vn -3.149982 3.118583 0.379233
v 48.383533 -161.994614 43.103676
vn -3.158149 -0.340299 -3.122990
v 48.383533 -97.379639 107.755692
vn -3.125036 0.340261 3.123003
v 48.383533 -97.163048 109.743927
vn -3.125050 -3.123002 -0.340279
v 48.383533 -163.986740 42.920242
vn -3.158148 3.122990 0.340299
v 48.383533 -161.998505 43.136833
vn -3.158577 3.128252 0.287879
v 48.383533 -162.001846 43.170052
vn -3.158366 -0.288206 -3.128234
v 48.383533 -97.412857 107.759033
vn -3.124849 0.288218 3.128233
v 48.383533 -97.229492 109.750610
vn -3.124835 -3.128231 -0.288236
v 48.383533 -163.993423 42.986679
vn -3.149955 -0.248870 -3.131682
v 48.383533 -97.446136 107.761818
vn -3.133210 0.248900 3.131689
v 48.383533 -97.296036 109.756180
vn -3.133210 -3.131690 -0.248900
v 48.383533 -163.998993 43.053223
vn -3.149746 3.131719 0.248544
v 48.383533 -162.004623 43.203323
vn -3.133025 -3.133686 -0.222353
v 48.383533 -164.213211 45.899506
vn -3.149935 3.133653 0.222709
v 48.383533 -162.218842 46.049606
vn -3.149935 -0.222709 -3.133653
v 48.383533 -100.292419 107.976036
vn -3.133139 0.222531 3.133674
v 48.383533 -100.142319 109.970398
vn -3.125333 -3.136129 -0.183425
v 48.383533 -164.217651 45.966125
vn -3.158086 3.136106 0.183782
v 48.383533 -162.221069 46.082916
vn -3.158298 -0.131023 -3.138750
v 48.383533 -100.359070 107.979935
vn -3.125107 0.183434 3.136126
v 48.383533 -100.208939 109.974846
vn -3.158301 -0.183442 -3.136114
v 48.383533 -100.325729 107.978264
vn -3.149920 -0.091731 -3.140217
v 48.383533 -100.392441 107.981049
vn -3.124787 0.131199 3.138741
v 48.383533 -100.275627 109.978195
vn -3.124675 -3.138731 -0.131369
v 48.383533 -164.221008 46.032822
vn -3.158504 3.138723 0.131375
v 48.383533 -162.222748 46.116264
vn -3.133262 0.091737 3.140226
v 48.383533 -100.342361 109.980423
vn -3.133253 -3.140226 -0.091733
v 48.383533 -164.223236 46.099556
vn -3.149930 3.140217 0.091738
v 48.383533 -162.223862 46.149628
vn -3.149718 3.140876 0.065889
v 48.383533 -162.295319 49.003067
vn -3.133238 -3.140882 -0.065527
v 48.383533 -164.294693 48.952988
vn -3.149951 -0.065528 -3.140872
v 48.383533 -103.245880 108.052513
vn -3.133233 0.065529 3.140881
v 48.383533 -103.195801 110.051888
vn -3.124917 -3.141374 -0.026203
v 48.383533 -164.295807 49.019753
vn -3.158505 3.141359 0.026565
v 48.383533 -162.295883 49.036446
vn -3.158506 3.141359 -0.026565
v 48.383533 -162.295883 49.069832
vn -3.158275 -0.026200 -3.141365
v 48.383533 -103.279266 108.053070
vn -3.124909 0.026200 3.141374
v 48.383533 -103.262573 110.053001
vn -3.124910 -3.141374 0.026203
v 48.383533 -164.295807 49.086525
vn -3.124917 -0.026203 3.141374
v 48.383533 -103.329346 110.053001
vn -3.158276 0.026206 -3.141366
v 48.383533 -103.312653 108.053070
vn -3.133238 -3.140882 0.065527
v 48.383533 -164.294693 49.153290
vn -3.149717 3.140867 -0.065889
v 48.383533 -162.295319 49.103210
vn -3.149948 0.065535 -3.140882
v 48.383533 -103.346031 108.052513
vn -3.133236 -0.065532 3.140882
v 48.383533 -103.396111 110.051888
vn -3.133263 -3.140226 0.091727
v 48.383533 -164.223236 52.006721
vn -3.149930 3.140225 -0.091739
v 48.383533 -162.223862 51.956650
vn -3.149920 0.091731 -3.140217
v 48.383533 -106.199471 107.981049
vn -3.133262 -0.091737 3.140226
v 48.383533 -106.249550 109.980423
vn -3.124666 -3.138731 0.131372
v 48.383533 -164.221008 52.073463
vn -3.158507 3.138724 -0.131375
v 48.383533 -162.222748 51.990013
vn -3.158287 0.131005 -3.138741
v 48.383533 -106.232841 107.979935
vn -3.124787 -0.131199 3.138741
v 48.383533 -106.316284 109.978195
vn -3.125335 -3.136129 0.183434
v 48.383533 -164.217651 52.140152
vn -3.158083 3.136096 -0.183782
v 48.383533 -162.221069 52.023361
vn -3.158312 0.183424 -3.136124
v 48.383533 -106.266190 107.978264
vn -3.124997 -0.183600 3.136115
v 48.383533 -106.382973 109.974846
vn -3.133029 -3.133686 0.222353
v 48.383533 -164.213211 52.206772
vn -3.149932 3.133653 -0.222709
v 48.383533 -162.218842 52.056671
vn -3.149933 0.222710 -3.133653
v 48.383533 -106.299500 107.976036
vn -3.133245 -0.222699 3.133662
v 48.383533 -106.449600 109.970390
vn -3.149992 0.248930 -3.131679
v 48.383533 -109.145767 107.761818
vn -3.133212 -3.131690 0.248900
v 48.383533 -163.998993 55.053055
vn -3.149748 3.131719 -0.248544
v 48.383533 -162.004623 54.902954
vn -3.133324 -0.248723 3.131704
v 48.383533 -109.295868 109.756172
vn -3.158307 0.288229 -3.128223
v 48.383533 -109.179031 107.759033
vn -3.124832 -3.128231 0.288236
v 48.383533 -163.993423 55.119598
vn -3.158578 3.128252 -0.287879
v 48.383533 -162.001846 54.936226
vn -3.158122 3.122995 -0.340257
v 48.383533 -161.998505 54.969444
vn -3.124721 -0.288058 3.128246
v 48.383533 -109.362411 109.750610
vn -3.125047 -3.123002 0.340279
v 48.383533 -163.986740 55.186035
vn -3.150009 3.118587 -0.379192
v 48.383533 -161.994614 55.002609
vn -3.125053 -0.340279 3.123002
v 48.383533 -109.428848 109.743927
vn -3.158170 0.340264 -3.123003
v 48.383533 -109.212257 107.755692
vn -3.133188 -3.118593 0.379214
v 48.383533 -163.978958 55.252357
vn -3.133189 -0.379213 3.118593
v 48.383533 -109.495171 109.736145
vn -3.149983 0.379233 -3.118582
v 48.383533 -109.245415 107.751801
vn -3.149781 3.115350 -0.405079
v 48.383533 -161.638168 57.834595
vn -3.149785 0.405077 -3.115341
v 48.383533 -112.077415 107.395355
vn -3.133416 -3.115344 0.405054
v 48.383533 -163.622513 58.084343
vn -3.133290 -0.405253 3.115318
v 48.383533 -112.327171 109.379700
vn -3.158432 0.444021 -3.109953
v 48.383533 -112.110504 107.390915
vn -3.124734 -3.109947 0.443996
v 48.383533 -163.613632 58.150528
vn -3.158656 3.109891 -0.444371
v 48.383533 -161.633728 57.867683
vn -3.157823 3.102065 -0.496074
v 48.383533 -161.628723 57.900696
vn -3.124853 -0.444223 3.109916
v 48.383533 -112.393349 109.370811
vn -3.158275 0.496071 -3.102051
v 48.383533 -112.143517 107.385918
vn -3.124688 -3.102009 0.496423
v 48.383533 -163.603638 58.216553
vn -3.150192 3.095742 -0.534556
v 48.383533 -161.623184 57.933617
vn -3.124949 -0.496071 3.102069
v 48.383533 -112.459366 109.360817
vn -3.133450 -3.095634 0.535248
v 48.383533 -163.592529 58.282394
vn -3.133206 -0.534873 3.095697
v 48.383533 -112.525215 109.349724
vn -3.149964 0.534903 -3.095692
v 48.383533 -112.176437 107.380371
vn -3.133261 -3.091119 0.560729
v 48.383533 -163.094772 61.092987
vn -3.149673 3.091179 -0.560356
v 48.383533 -161.125412 60.744209
vn -3.133264 -0.560733 3.091118
v 48.383533 -115.335808 108.851959
vn -3.149900 0.560699 -3.091115
v 48.383533 -114.987030 106.882607
vn -3.124836 -3.083759 0.599450
v 48.383533 -163.082581 61.158638
vn -3.158846 3.083744 -0.599449
v 48.383533 -161.119324 60.777039
vn -3.124855 -0.599415 3.083766
v 48.383533 -115.401459 108.839767
vn -3.158352 0.599383 -3.083772
v 48.383533 -115.019859 106.876511
vn -3.124975 -3.073332 0.650816
v 48.383533 -163.069290 61.224075
vn -3.157953 3.073245 -0.651194
v 48.383533 -161.112671 60.809753
vn -3.149975 3.065039 -0.689181
v 48.383533 -161.105484 60.842354
vn -3.124956 -0.650781 3.073339
v 48.383533 -115.466904 108.826477
vn -3.158222 0.650779 -3.073329
v 48.383533 -115.052582 106.869865
vn -3.133212 -3.065039 0.689180
v 48.383533 -163.054916 61.289276
vn -3.149838 0.714650 -3.059192
v 48.383533 -117.867325 106.224838
vn -3.133209 -0.689181 3.065038
v 48.383533 -115.532104 108.812103
vn -3.149977 0.689184 -3.065029
v 48.383533 -115.085182 106.862679
vn -3.133118 -3.059121 0.714986
v 48.383533 -162.417084 64.071434
vn -3.149567 3.059292 -0.714224
v 48.383533 -160.467651 63.624504
vn -3.133119 -0.714987 3.059121
v 48.383533 -118.314255 108.174271
vn -3.125129 -3.049893 0.753050
v 48.383533 -162.401611 64.136391
vn -3.158992 3.049893 -0.752962
v 48.383533 -160.459930 63.656990
vn -3.125075 -0.753137 3.049872
v 48.383533 -118.379211 108.158798
vn -3.158333 0.752795 -3.049944
v 48.383533 -117.899803 106.217110
vn -3.124849 -0.803742 3.036924
v 48.383533 -118.443893 108.142258
vn -3.158267 0.803648 -3.036940
v 48.383533 -117.932144 106.208839
vn -3.124794 -3.036947 0.803656
v 48.383533 -162.385071 64.201088
vn -3.157725 3.036866 -0.803995
v 48.383533 -160.451645 63.689339
vn -3.133236 -0.841796 3.026683
v 48.383533 -118.508301 108.124634
vn -3.149939 0.867042 -3.019540
v 48.383533 -120.711090 105.423714
vn -3.150006 0.841709 -3.026707
v 48.383533 -117.964355 106.200027
vn -3.133235 -3.026680 0.841805
v 48.383533 -162.367447 64.265495
vn -3.150169 3.026764 -0.841468
v 48.383533 -160.442841 63.721542
vn -3.133313 -3.019574 0.866952
v 48.383533 -161.591125 67.012222
vn -3.149717 3.019643 -0.866717
v 48.383533 -159.666519 66.468277
vn -3.158665 3.008391 -0.904666
v 48.383533 -159.657181 66.500320
vn -3.133197 -0.867109 3.019528
v 48.383533 -121.255035 107.348328
vn -3.124892 -3.008432 0.904575
v 48.383533 -161.572433 67.076324
vn -3.124897 -0.904905 3.008333
v 48.383533 -121.319138 107.329628
vn -3.157922 0.954790 -2.992869
v 48.383533 -120.775024 105.404480
vn -3.158448 0.904999 -3.008302
v 48.383533 -120.743134 105.414368
vn -3.124820 -2.992873 0.954789
v 48.383533 -161.552673 67.140106
vn -3.157922 2.992869 -0.954790
v 48.383533 -159.647293 66.532211
vn -3.124930 -0.954953 2.992822
v 48.383533 -121.382919 107.309860
vn -3.150136 0.991967 -2.980834
v 48.383533 -120.806747 105.394073
vn -3.133258 -2.980735 0.992295
v 48.383533 -161.531845 67.203552
vn -3.150140 2.980833 -0.991969
v 48.383533 -159.636887 66.563934
vn -3.133264 -0.992294 2.980735
v 48.383533 -121.446365 107.289032
vn -3.149958 1.017136 -2.972341
v 48.383533 -123.511185 104.481232
vn -3.133266 -2.972368 1.017085
v 48.383533 -160.619003 69.907982
vn -3.149954 2.972349 -1.017141
v 48.383533 -158.724045 69.268364
vn -3.133228 -1.017139 2.972350
v 48.383533 -124.150803 106.376190
vn -3.158286 1.054271 -2.959286
v 48.383533 -123.542725 104.470291
vn -3.124822 -2.959292 1.054276
v 48.383533 -160.597122 69.971069
vn -3.158504 2.959170 -1.054587
v 48.383533 -158.713104 69.299904
vn -3.158229 1.103440 -2.941307
v 48.383533 -123.574081 104.458824
vn -3.124893 -1.054274 2.959294
v 48.383533 -124.213882 106.354309
vn -3.124996 -2.941295 1.103502
v 48.383533 -160.574188 70.033775
vn -3.157800 2.941303 -1.103441
v 48.383533 -158.701630 69.331261
vn -3.125038 -1.103323 2.941360
v 48.383533 -124.276596 106.331375
vn -3.133211 -2.927357 1.140181
v 48.383533 -160.550217 70.096092
vn -3.150189 2.927477 -1.139868
v 48.383533 -158.689651 69.362419
vn -3.150142 2.917598 -1.164924
v 48.383533 -157.642578 72.017761
vn -3.149982 1.140190 -2.927353
v 48.383533 -123.605240 104.446838
vn -3.133124 -1.140066 2.927401
v 48.383533 -124.338928 106.307404
vn -3.133298 -2.917748 1.164553
v 48.383533 -159.503143 72.751434
vn -3.133157 -1.164775 2.917659
v 48.383533 -126.994263 105.260323
vn -3.158394 1.200918 -2.902878
v 48.383533 -126.291534 103.387245
vn -3.149839 1.164495 -2.917761
v 48.383533 -126.260574 103.399750
vn -3.124787 -2.902826 1.201045
v 48.383533 -159.478134 72.813347
vn -3.157887 2.902841 -1.201051
v 48.383533 -157.630066 72.048714
vn -3.124997 -1.201174 2.902776
v 48.383533 -127.056168 105.235306
vn -3.158156 1.249178 -2.882433
v 48.383533 -126.322281 103.374222
vn -3.125000 -1.249176 2.882445
v 48.383533 -127.117645 105.209267
vn -3.124954 -2.882340 1.249413
v 48.383533 -159.452087 72.874832
vn -3.158483 2.882488 -1.249041
v 48.383533 -157.617050 72.079460
vn -3.133135 -1.285205 2.866648
v 48.383533 -127.178696 105.182205
vn -3.149905 1.309187 -2.855768
v 48.383533 -128.952393 102.181999
vn -3.150057 1.285185 -2.866649
v 48.383533 -126.352798 103.360695
vn -3.133242 -2.866582 1.285355
v 48.383533 -159.425018 72.935883
vn -3.149940 2.866574 -1.285351
v 48.383533 -157.603516 72.109985
vn -3.150320 2.855493 -1.309777
v 48.383533 -156.424820 74.709579
vn -3.133279 -2.855776 1.309191
v 48.383533 -158.246323 75.535477
vn -3.133279 -1.309191 2.855776
v 48.383533 -129.778290 104.003510
vn -3.124709 -2.838988 1.345008
v 48.383533 -158.218246 75.596054
vn -3.157942 2.838779 -1.345446
v 48.383533 -156.410767 74.739868
vn -3.158251 2.816183 -1.392112
v 48.383533 -156.396225 74.769913
vn -3.124813 -1.344863 2.839058
v 48.383533 -129.838867 103.975433
vn -3.157740 1.391980 -2.816275
v 48.383533 -129.012726 102.153412
vn -3.158562 1.345145 -2.838912
v 48.383533 -128.982681 102.167961
vn -3.125190 -2.816227 1.392053
v 48.383533 -158.189148 75.656158
vn -3.124935 -1.392120 2.816188
v 48.383533 -129.898972 103.946342
vn -3.133098 -2.798748 1.427038
v 48.383533 -158.159073 75.715767
vn -3.149930 2.798644 -1.427243
v 48.383533 -156.381180 74.799721
vn -3.133249 -1.427252 2.798640
v 48.383533 -129.958588 103.916252
vn -3.150244 1.426823 -2.798856
v 48.383533 -129.042542 102.138374
vn -3.617364 -2.967139 0.719463
v 48.383533 -157.295959 77.390907
vn -2.665827 2.967144 -0.719455
v 48.383533 -155.295959 76.905960
vn -3.617364 -0.719463 2.967139
v 48.383533 -131.633728 103.053139
vn -2.665820 0.719465 -2.967139
v 48.383533 -131.148773 101.053139
vn -3.150976 0.014740 -3.141518
v 48.383533 -143.295959 101.053139
vn -3.150976 3.141524 -0.014740
v 48.383533 -155.295959 89.053139
vn -3.132207 -0.014740 3.141521
v 48.383533 -143.295959 103.053139
vn -3.160161 0.058640 -3.140905
v 48.383533 -143.333359 101.052788
vn -3.132207 -3.141524 0.014740
v 48.383533 -157.295959 89.053139
vn -3.160359 3.140896 -0.058952
v 48.383533 -155.295609 89.090538
vn -3.122925 -0.058801 3.140911
v 48.383533 -143.370758 103.052437
vn -3.160579 0.117611 -3.139244
v 48.383533 -143.370743 101.051743
vn -3.122825 -3.140898 0.058956
v 48.383533 -157.295258 89.127937
vn -3.159976 3.139264 -0.117283
v 48.383533 -155.294556 89.127930
vn -3.122908 -0.117452 3.139266
v 48.383533 -143.445526 103.050339
vn -3.123016 -3.139260 0.117592
v 48.383533 -157.293152 89.202713
vn -3.150746 0.161780 -3.137392
v 48.383533 -143.408096 101.049988
vn -3.132227 -0.161460 3.137406
v 48.383533 -143.520233 103.046844
vn -3.132217 -3.137412 0.161456
v 48.383533 -157.289658 89.277435
vn -3.151161 3.137416 -0.161151
v 48.383533 -155.292816 89.165283
vn -3.160430 3.134712 -0.205688
v 48.383533 -155.229935 90.284927
vn -3.160334 0.205518 -3.134725
v 48.383533 -144.527740 100.987114
vn -3.122900 -0.205438 3.134731
v 48.383533 -144.639877 102.983971
vn -3.122950 -3.134735 0.205381
v 48.383533 -157.226776 90.397079
vn -3.104091 -3.127324 0.293246
v 48.383533 -157.215607 90.546234
vn -3.178897 3.127297 -0.293552
v 48.383533 -155.224335 90.359512
vn -3.178847 3.114185 -0.409906
v 48.383533 -155.215958 90.433830
vn -3.104148 -0.293296 3.127320
v 48.383533 -144.789047 102.972794
vn -3.179047 0.409863 -3.114184
v 48.383533 -144.676651 100.973152
vn -3.178886 0.293217 -3.127327
v 48.383533 -144.602325 100.981522
vn -3.104242 -3.114167 0.410051
v 48.383533 -157.198853 90.694870
vn -3.160386 3.101878 -0.497070
v 48.383533 -155.204819 90.507782
vn -3.104241 -0.410021 3.114169
v 48.383533 -144.937698 102.956039
vn -3.122894 -3.101859 0.497213
v 48.383533 -157.176559 90.842781
vn -3.160213 3.092038 -0.555006
v 48.383533 -155.016983 91.613342
vn -3.160305 0.497210 -3.101858
v 48.383533 -144.750610 100.962006
vn -3.122881 -0.497210 3.101858
v 48.383533 -145.085617 102.933746
vn -3.122953 -3.092036 0.555034
v 48.383533 -156.988724 91.948349
vn -3.179123 3.074832 -0.641501
v 48.383533 -155.003082 91.686844
vn -3.122908 -0.555120 3.092020
v 48.383533 -146.191193 102.745903
vn -3.160346 0.555227 -3.091998
v 48.383533 -145.856186 100.774162
vn -3.104103 -3.074840 0.641496
v 48.383533 -156.960922 92.095337
vn -3.179000 3.048650 -0.756233
v 48.383533 -154.986435 91.759766
vn -3.178983 0.641714 -3.074794
v 48.383533 -145.929672 100.760254
vn -3.104159 -0.641566 3.074824
v 48.383533 -146.338181 102.718094
vn -3.104163 -3.048657 0.756199
v 48.383533 -156.927628 92.241196
vn -3.104206 -0.756118 3.048681
v 48.383533 -146.484009 102.684807
vn -3.178901 0.756083 -3.048685
v 48.383533 -146.002594 100.743607
vn -3.160336 0.841327 -3.026700
v 48.383533 -146.074844 100.724251
vn -3.122900 -0.841402 3.026680
v 48.383533 -146.628510 102.646088
vn -3.122949 -3.026663 0.841478
v 48.383533 -156.888901 92.385696
vn -3.160234 3.026658 -0.841470
v 48.383533 -154.967072 91.832016
vn -3.160334 3.010403 -0.897893
v 48.383533 -154.656631 92.909607
vn -3.122854 -0.897899 3.010402
v 48.383533 -147.706085 102.335648
vn -3.160332 0.897901 -3.010407
v 48.383533 -147.152420 100.413811
vn -3.122869 -3.010409 0.897877
v 48.383533 -156.578461 93.463272
vn -3.104239 -0.981837 2.983649
v 48.383533 -147.849030 102.291550
vn -3.179013 0.981937 -2.983613
v 48.383533 -147.223892 100.391762
vn -3.104207 -2.983646 0.981839
v 48.383533 -156.534363 93.606224
vn -3.178981 2.983636 -0.981889
v 48.383533 -154.634583 92.981079
vn -3.104160 -1.092689 2.944856
v 48.383533 -147.990234 102.242142
vn -3.160363 1.174903 -2.913473
v 48.383533 -147.364105 100.339737
vn -3.178871 1.092665 -2.944869
v 48.383533 -147.294479 100.367058
vn -3.104263 -2.944897 1.092590
v 48.383533 -156.484955 93.747421
vn -3.178999 2.944831 -1.092753
v 48.383533 -154.609879 93.051674
vn -3.122914 -1.175020 2.913432
v 48.383533 -148.129471 102.187492
vn -3.122821 -2.913473 1.174912
v 48.383533 -156.430313 93.886673
vn -3.160270 2.913417 -1.175046
v 48.383533 -154.582550 93.121300
vn -3.179110 1.309712 -2.854956
v 48.383533 -148.468719 99.880676
vn -3.122893 -1.229256 2.890963
v 48.383533 -149.165527 101.758347
vn -3.160237 1.229197 -2.890987
v 48.383533 -148.400162 99.910583
vn -3.122953 -2.890986 1.229206
v 48.383533 -156.001160 94.922714
vn -3.160276 2.890962 -1.229261
v 48.383533 -154.153397 94.157349
vn -3.104167 -1.309716 2.854961
v 48.383533 -149.302643 101.698524
vn -3.104093 -2.854973 1.309682
v 48.383533 -155.941345 95.059830
vn -3.179025 2.854961 -1.309708
v 48.383533 -154.123489 94.225899
vn -3.160403 1.493669 -2.763637
v 48.383533 -148.602234 99.813278
vn -3.104223 -1.415536 2.804000
v 48.383533 -149.437408 101.633621
vn -3.178820 1.415474 -2.804034
v 48.383533 -148.536102 99.848221
vn -3.104229 -2.803968 1.415603
v 48.383533 -155.876434 95.194603
vn -3.178864 2.804061 -1.415411
v 48.383533 -154.091034 94.293289
vn -3.160405 2.763637 -1.493669
v 48.383533 -154.056091 94.359421
vn -3.122877 -1.493786 2.763574
v 48.383533 -149.569672 101.563721
vn -3.122899 -2.763555 1.493823
v 48.383533 -155.806534 95.326859
vn -3.122866 -1.545258 2.735127
v 48.383533 -150.551147 101.021278
vn -3.160313 1.545264 -2.735121
v 48.383533 -149.583710 99.270828
vn -3.122868 -2.735125 1.545261
v 48.383533 -155.264084 96.308342
vn -3.160313 2.735122 -1.545266
v 48.383533 -153.513641 95.340897
vn -3.178976 2.690349 -1.621162
v 48.383533 -153.476242 95.405670
vn -3.104266 -2.690401 1.621085
v 48.383533 -155.189285 96.437889
vn -3.104248 -1.621106 2.690387
v 48.383533 -150.680695 100.946480
vn -3.178923 1.621094 -2.690400
v 48.383533 -149.648483 99.233429
vn -3.104098 -2.627887 1.720569
v 48.383533 -155.109711 96.564545
vn -3.178940 2.627915 -1.720541
v 48.383533 -153.436447 95.469002
vn -3.160335 2.578974 -1.793787
v 48.383533 -153.394318 95.530800
vn -3.104118 -1.720590 2.627872
v 48.383533 -150.807358 100.866898
vn -3.178995 1.720469 -2.627961
v 48.383533 -149.711823 99.193634
vn -3.122939 -2.578898 1.793888
v 48.383533 -155.025436 96.688141
vn -3.122940 -1.793888 2.578897
v 48.383533 -150.930954 100.782623
vn -3.160328 1.841785 -2.544917
v 48.383533 -150.688202 98.502579
vn -3.160331 1.793778 -2.578972
v 48.383533 -149.773621 99.151505
vn -3.122909 -2.544961 1.841717
v 48.383533 -154.376511 97.602722
vn -3.160325 2.544913 -1.841790
v 48.383533 -152.745392 96.445374
vn -3.122858 -1.841782 2.544912
v 48.383533 -151.845535 100.133698
vn -3.104147 -2.491947 1.912157
v 48.383533 -154.287689 97.723076
vn -3.178911 2.491977 -1.912125
v 48.383533 -152.700974 96.505554
vn -3.178840 2.004029 -2.418684
v 48.383533 -150.806854 98.411522
vn -3.104275 -1.912125 2.491977
v 48.383533 -151.965897 100.044861
vn -3.179053 1.912299 -2.491835
v 48.383533 -150.748383 98.458160
vn -3.104259 -2.418725 2.003979
v 48.383533 -154.194412 97.840034
vn -3.178974 2.418836 -2.003841
v 48.383533 -152.654343 96.564034
vn -3.104134 -2.003934 2.418758
v 48.383533 -152.082855 99.951599
vn -3.122856 -2.361907 2.071266
v 48.383533 -154.096848 97.953415
vn -3.160368 2.361934 -2.071229
v 48.383533 -152.605560 96.620728
vn -3.160347 2.071232 -2.361935
v 48.383533 -150.863556 98.362732
vn -3.122900 -2.071317 2.361862
v 48.383533 -152.196243 99.854019
vn -3.122902 -2.322733 2.115101
v 48.383533 -153.349594 98.789589
vn -3.160244 2.322765 -2.115067
v 48.383533 -151.858307 97.456894
vn -3.160399 2.115219 -2.322620
v 48.383533 -151.699722 97.615494
vn -3.122899 -2.115104 2.322731
v 48.383533 -153.032410 99.106773
vn -3.104182 -2.262204 2.179126
v 48.383533 -153.247849 98.899246
vn -3.179034 2.262239 -2.179084
v 48.383533 -151.807434 97.511726
vn -3.104187 -2.179129 2.262202
v 48.383533 -153.142075 99.005020
vn -3.178890 2.179255 -2.262091
v 48.383533 -151.754547 97.564613
vn 3.179248 -2.179164 2.262153
v 58.383533 -54.837357 0.541649
vn 3.104151 2.262237 -2.179093
v 58.383533 -53.344055 -0.792976
vn 3.178810 -2.262319 2.179021
v 58.383533 -54.784470 0.594551
vn 3.104080 2.179008 -2.262317
v 58.383533 -53.449844 -0.898766
vn 3.160336 -2.322688 2.115145
v 58.383533 -54.733582 0.649391
vn 3.122925 2.322772 -2.115062
v 58.383533 -53.242294 -0.683296
vn 3.160192 -2.114964 2.322860
v 58.383533 -54.892197 0.490776
vn 3.123001 2.114976 -2.322849
v 58.383533 -53.559525 -1.000511
vn 3.160291 -2.361878 2.071298
v 58.383533 -53.986343 1.485558
vn 3.122828 2.361946 -2.071219
v 58.383533 -52.495056 0.152870
vn 3.104353 2.418699 -2.004019
v 58.383533 -52.397491 0.266258
vn 3.160282 -2.071286 2.361886
v 58.383533 -55.728378 -0.256462
vn 3.122958 2.071381 -2.361811
v 58.383533 -54.395706 -1.747765
vn 3.179040 -2.418768 2.003920
v 58.383533 -53.937561 1.542244
vn 3.178973 -2.003999 2.418706
v 58.383533 -55.785065 -0.305244
vn 3.104062 2.003983 -2.418719
v 58.383533 -54.509064 -1.845329
vn 3.104271 1.912079 -2.492015
v 58.383533 -54.626007 -1.938576
vn 3.178912 -2.491975 1.912123
v 58.383533 -53.890930 1.600723
vn 3.104050 2.491914 -1.912197
v 58.383533 -52.304214 0.383202
vn 3.122947 2.544985 -1.841683
v 58.383533 -52.215393 0.503563
vn 3.178854 -1.912355 2.491801
v 58.383533 -55.843536 -0.351875
vn 3.122886 1.841765 -2.544925
v 58.383533 -54.746353 -2.027397
vn 3.160441 -1.841945 2.544792
v 58.383533 -55.903702 -0.396294
vn 3.122958 1.793934 -2.578868
v 58.383533 -55.660919 -2.676323
vn 3.160324 -2.544913 1.841790
v 58.383533 -53.846512 1.660904
vn 3.160453 -1.793642 2.579071
v 58.383533 -56.818268 -1.045219
vn 3.104080 1.720609 -2.627857
v 58.383533 -55.784531 -2.760612
vn 3.160335 -2.578969 1.793784
v 58.383533 -53.197586 2.575478
vn 3.122850 2.578969 -1.793784
v 58.383533 -51.566467 1.418137
vn 3.178706 -1.720548 2.627917
v 58.383533 -56.880081 -1.087349
vn 3.178940 -2.627916 1.720541
v 58.383533 -53.155457 2.637276
vn 3.104273 2.627889 -1.720574
v 58.383533 -51.482208 1.541733
vn 3.179096 -1.621320 2.690250
v 58.383533 -56.943420 -1.127159
vn 3.104208 1.621022 -2.690435
v 58.383533 -55.911209 -2.840202
vn 3.179103 -2.690454 1.620996
v 58.383533 -53.115662 2.700607
vn 3.104182 2.690329 -1.621200
v 58.383533 -51.402618 1.668388
vn 3.160318 -1.545257 2.735127
v 58.383533 -57.008194 -1.164558
vn 3.122923 1.493852 -2.763541
v 58.383533 -57.022263 -3.457451
vn 3.122917 1.545187 -2.735167
v 58.383533 -56.040771 -2.915001
vn 3.160191 -2.735223 1.545090
v 58.383533 -53.078278 2.765373
vn 3.122869 2.735126 -1.545261
v 58.383533 -51.327820 1.797935
vn 3.160220 -2.763504 1.493914
v 58.383533 -52.535828 3.746857
vn 3.160398 -1.493659 2.763639
v 58.383533 -57.989685 -1.707008
vn 3.179087 -2.803961 1.415599
v 58.383533 -52.500870 3.812988
vn 3.178818 -1.415475 2.804034
v 58.383533 -58.055817 -1.741951
vn 3.104134 1.415538 -2.803999
v 58.383533 -57.154510 -3.527351
vn 3.179028 -1.309830 2.854906
v 58.383533 -58.123199 -1.774406
vn 3.104207 1.309642 -2.854996
v 58.383533 -57.289276 -3.592247
vn 3.122910 1.229264 -2.890961
v 58.383533 -57.426376 -3.652061
vn 3.179024 -2.855018 1.309588
v 58.383533 -52.468414 3.880386
vn 3.160327 -1.229303 2.890943
v 58.383533 -58.191742 -1.804314
vn 3.160244 -2.890992 1.229187
v 58.383533 -52.438507 3.948944
vn 3.160296 -1.174976 2.913447
v 58.383533 -59.227787 -2.233452
vn 3.122911 1.175050 -2.913417
v 58.383533 -58.462418 -4.081215
vn 3.160223 -2.913403 1.175086
v 58.383533 -52.009369 4.984985
vn 3.178996 -1.092651 2.944874
v 58.383533 -59.297421 -2.260780
vn 3.104144 1.092694 -2.944862
v 58.383533 -58.601669 -4.135872
vn 3.104216 0.981779 -2.983667
v 58.383533 -58.742878 -4.185280
vn 3.179037 -2.944810 1.092808
v 58.383533 -51.982040 5.054604
vn 3.178947 -0.981837 2.983649
v 58.383533 -59.368023 -2.285484
vn 3.179146 -2.983706 0.981639
v 58.383533 -51.957336 5.125198
vn 3.160154 -3.010472 0.897668
v 58.383533 -51.935303 5.196663
vn 3.160334 -0.897895 3.010408
v 58.383533 -59.439495 -2.307533
vn 3.122881 0.897849 -3.010419
v 58.383533 -58.885838 -4.229378
vn 3.160275 -3.026665 0.841454
v 58.383533 -51.624847 6.274246
vn 3.122911 3.026665 -0.841454
v 58.383533 -49.703018 5.720558
vn 3.160208 -0.841511 3.026648
v 58.383533 -60.517086 -2.617973
vn 3.104174 0.755989 -3.048711
v 58.383533 -60.107914 -4.578529
vn 3.122879 0.841362 -3.026691
v 58.383533 -59.963428 -4.539818
vn 3.178974 -3.048657 0.756192
v 58.383533 -51.605484 6.346504
vn 3.104201 3.048666 -0.756176
v 58.383533 -49.664291 5.865074
vn 3.179026 -0.756273 3.048636
v 58.383533 -60.589329 -2.637337
vn 3.179122 -3.074832 0.641501
v 58.383533 -51.588837 6.419426
vn 3.104174 3.074808 -0.641638
v 58.383533 -49.630997 6.010925
vn 3.179085 -0.641560 3.074823
v 58.383533 -60.662251 -2.653984
vn 3.104289 0.641579 -3.074825
v 58.383533 -60.253750 -4.611809
vn 3.122833 0.555220 -3.092003
v 58.383533 -60.400723 -4.639626
vn 3.160251 -0.555065 3.092029
v 58.383533 -60.735737 -2.667885
vn 3.122986 0.497360 -3.101836
v 58.383533 -61.506283 -4.827461
vn 3.160215 -3.092038 0.555004
v 58.383533 -51.574936 6.492928
vn 3.122871 3.092010 -0.555159
v 58.383533 -49.603180 6.157928
vn 3.122899 3.101856 -0.497225
v 58.383533 -49.415344 7.263496
vn 3.160200 -0.497359 3.101833
v 58.383533 -61.841297 -2.855721
vn 3.160183 -3.101832 0.497382
v 58.383533 -51.387100 7.598495
vn 3.179046 -0.410177 3.114143
v 58.383533 -61.915257 -2.866875
vn 3.104041 0.410020 -3.114164
v 58.383533 -61.654202 -4.849770
vn 3.179047 -3.114138 0.410219
v 58.383533 -51.375946 7.672447
vn 3.104130 3.114184 -0.409896
v 58.383533 -49.393051 7.411400
vn 3.179097 -0.293204 3.127323
v 58.383533 -61.989582 -2.875252
vn 3.104293 0.293211 -3.127331
v 58.383533 -61.802853 -4.866508
vn 3.179101 -3.127321 0.293233
v 58.383533 -51.367569 7.746765
vn 3.104301 3.127330 -0.293238
v 58.383533 -49.376312 7.560043
vn 3.122847 3.134726 -0.205540
v 58.383533 -49.365128 7.709198
vn 3.160227 -3.134734 0.205369
v 58.383533 -51.361984 7.821350
vn 3.160218 -0.205357 3.134737
v 58.383533 -62.064175 -2.880836
vn 3.122860 0.205522 -3.134725
v 58.383533 -61.952030 -4.877693
vn 3.150758 -3.137392 0.161775
v 58.383533 -51.299103 8.940994
vn 3.132219 3.137406 -0.161456
v 58.383533 -49.302246 8.828842
vn 3.122810 3.139270 -0.117272
v 58.383533 -49.298752 8.903564
vn 3.151161 -0.161151 3.137416
v 58.383533 -63.183819 -2.943718
vn 3.132219 0.161463 -3.137412
v 58.383533 -63.071674 -4.940575
vn 3.160778 -3.139253 0.117276
v 58.383533 -51.297348 8.978355
vn 3.159971 -0.117292 3.139265
v 58.383533 -63.221172 -2.945457
vn 3.122810 0.117284 -3.139270
v 58.383533 -63.146389 -4.944069
vn 3.159957 -3.140913 0.058320
v 58.383533 -51.296310 9.015739
vn 3.123027 3.140915 -0.058636
v 58.383533 -49.296661 8.978340
vn 3.132207 3.141521 -0.014740
v 58.383533 -49.295959 9.053139
vn 3.160364 -0.058961 3.140896
v 58.383533 -63.258556 -2.946510
vn 3.123023 0.058641 -3.140907
v 58.383533 -63.221157 -4.946159
vn 3.150976 -3.141518 0.014740
v 58.383533 -51.295959 9.053139
vn 3.150975 -0.014740 3.141524
v 58.383533 -63.295956 -2.946861
vn 3.132209 0.014740 -3.141523
v 58.383533 -63.295956 -4.946861
vn 3.617366 2.967138 -0.719466
v 58.383533 -49.295959 20.715363
vn 3.617368 0.719469 -2.967137
v 58.383533 -74.958191 -4.946861
vn 2.665820 -2.967138 0.719465
v 58.383533 -51.295959 21.200317
vn 2.665817 -0.719469 2.967136
v 58.383533 -75.443146 -2.946861
vn 3.149939 -2.798630 1.427249
v 58.383533 -50.210724 23.306549
vn 3.133247 2.798638 -1.427254
v 58.383533 -48.432846 22.390495
vn 3.124832 2.816259 -1.391975
v 58.383533 -48.402756 22.450111
vn 3.150043 -1.427117 2.798717
v 58.383533 -77.549362 -4.032097
vn 3.133243 1.427257 -2.798636
v 58.383533 -76.633316 -5.809975
vn 3.158353 -2.816259 1.391975
v 58.383533 -50.195679 23.336357
vn 3.158149 -1.391968 2.816257
v 58.383533 -77.579178 -4.047142
vn 3.124828 1.391975 -2.816259
v 58.383533 -76.692932 -5.840065
vn 3.157845 -2.838838 1.345301
v 58.383533 -50.181137 23.366409
vn 3.125088 2.839023 -1.344944
v 58.383533 -48.373672 22.510216
vn 3.158549 -1.344580 2.839179
v 58.383533 -77.609222 -4.061684
vn 3.125040 1.344875 -2.839054
v 58.383533 -76.753036 -5.869148
vn 3.133164 1.309342 -2.855705
v 58.383533 -76.813629 -5.897240
vn 3.150320 -2.855502 1.309781
v 58.383533 -50.167084 23.396698
vn 3.133120 2.855670 -1.309417
v 58.383533 -48.345581 22.570801
vn 3.133288 2.866553 -1.285422
v 58.383533 -47.166885 25.170395
vn 3.149714 -1.308917 2.855903
v 58.383533 -77.639526 -4.075722
vn 3.133339 1.285481 -2.866527
v 58.383533 -79.413223 -7.075920
vn 3.149940 -2.866583 1.285355
v 58.383533 -48.988388 25.996292
vn 3.149848 -1.285488 2.866524
v 58.383533 -80.239120 -5.254417
vn 3.158396 -2.882434 1.249170
v 58.383533 -48.974854 26.026817
vn 3.124865 2.882338 -1.249415
v 58.383533 -47.139816 25.231438
vn 3.124837 2.902853 -1.200980
v 58.383533 -47.113770 25.292931
vn 3.158577 -1.249174 2.882430
v 58.383533 -80.269638 -5.267952
vn 3.124821 1.249482 -2.882309
v 58.383533 -79.474258 -7.102989
vn 3.158063 -2.902820 1.201048
v 58.383533 -48.961838 26.057556
vn 3.157801 -1.201172 2.902782
v 58.383533 -80.300385 -5.280968
vn 3.124882 1.201043 -2.902828
v 58.383533 -79.535751 -7.129036
vn 3.150056 -2.917656 1.164802
v 58.383533 -48.949326 26.088516
vn 3.133298 2.917748 -1.164553
v 58.383533 -47.088760 25.354843
vn 3.150230 -1.165050 2.917547
v 58.383533 -80.331329 -5.293480
vn 3.133256 1.164616 -2.917722
v 58.383533 -79.597656 -7.154045
vn 3.149847 -1.140371 2.927273
v 58.383533 -82.986664 -6.340553
vn 3.124745 1.103756 -2.941195
v 58.383533 -82.315308 -8.225105
vn 3.133421 1.140495 -2.927236
v 58.383533 -82.252991 -8.201118
vn 3.150190 -2.927477 1.139868
v 58.383533 -47.902252 28.743858
vn 3.133211 2.927357 -1.140181
v 58.383533 -46.041687 28.010185
vn 3.158575 -1.103316 2.941349
v 58.383533 -83.017830 -6.352547
vn 3.157798 -2.941312 1.103444
v 58.383533 -47.890274 28.775017
vn 3.124995 2.941294 -1.103501
v 58.383533 -46.017715 28.072502
vn 3.124823 2.959293 -1.054276
v 58.383533 -45.994781 28.135208
vn 3.158148 -1.053843 2.959440
v 58.383533 -83.049187 -6.364006
vn 3.124820 1.054162 -2.959332
v 58.383533 -82.378021 -8.248039
vn 3.158502 -2.959162 1.054584
v 58.383533 -47.878799 28.806374
vn 3.149953 -2.972348 1.017142
v 58.383533 -47.867859 28.837914
vn 3.133267 2.972368 -1.017086
v 58.383533 -45.972900 28.198296
vn 3.149879 -1.017031 2.972387
v 58.383533 -83.080734 -6.374947
vn 3.133077 0.992026 -2.980824
v 58.383533 -85.145538 -9.182762
vn 3.133304 1.017031 -2.972387
v 58.383533 -82.441116 -8.269920
vn 3.150140 -2.980833 0.991970
v 58.383533 -46.955017 31.542336
vn 3.133293 2.980718 -0.992350
v 58.383533 -45.060059 30.902718
vn 3.149706 -0.992618 2.980620
v 58.383533 -85.785156 -7.287788
vn 3.157922 -2.992878 0.954793
v 58.383533 -46.944611 31.574059
vn 3.124784 2.992856 -0.954843
v 58.383533 -45.039230 30.966156
vn 3.158793 -0.954786 2.992868
v 58.383533 -85.816879 -7.298210
vn 3.125222 0.954846 -2.992860
v 58.383533 -85.208977 -9.203575
vn 3.158731 -3.008417 0.904569
v 58.383533 -46.934723 31.605949
vn 3.124899 3.008432 -0.904575
v 58.383533 -45.019470 31.029938
vn 3.157786 -0.904670 3.008392
v 58.383533 -85.848770 -7.308083
vn 3.124673 0.904903 -3.008330
v 58.383533 -85.272758 -9.223351
vn 3.133309 0.866944 -3.019577
v 58.383533 -85.336861 -9.242043
vn 3.149652 -3.019662 0.866619
v 58.383533 -46.925385 31.638000
vn 3.133312 3.019575 -0.866951
v 58.383533 -45.000778 31.094040
vn 3.133234 3.026681 -0.841804
v 58.383533 -44.224457 33.840775
vn 3.150162 -0.867371 3.019452
v 58.383533 -85.880814 -7.317436
vn 3.149789 -3.026614 0.842048
v 58.383533 -46.149063 34.384727
vn 3.149723 -0.842130 3.026592
v 58.383533 -88.627548 -8.093742
vn 3.133243 0.841796 -3.026683
v 58.383533 -88.083595 -10.018349
vn 3.158548 -3.036871 0.803895
v 58.383533 -46.140244 34.416939
vn 3.125020 3.036860 -0.803992
v 58.383533 -44.206833 33.905182
vn 3.158610 -0.803985 3.036838
v 58.383533 -88.659752 -8.102562
vn 3.125045 0.804035 -3.036849
v 58.383533 -88.148003 -10.035973
vn 3.158054 -3.049885 0.753048
v 58.383533 -46.131973 34.449287
vn 3.124657 3.049897 -0.753007
v 58.383533 -44.190277 33.969879
vn 3.158052 -0.753048 3.049885
v 58.383533 -88.692101 -8.110832
vn 3.124655 0.753091 -3.049877
v 58.383533 -88.212692 -10.052528
vn 3.150066 -3.059113 0.714985
v 58.383533 -46.124237 34.481766
vn 3.133367 3.059211 -0.714607
v 58.383533 -44.174820 34.034843
vn 3.150066 -0.714987 3.059121
v 58.383533 -88.724579 -8.118568
vn 3.133346 0.714655 -3.059200
v 58.383533 -88.277649 -10.067986
vn 3.150026 -3.065055 0.689105
v 58.383533 -45.486404 37.263916
vn 3.133410 3.064971 -0.689485
v 58.383533 -43.536987 36.816994
vn 3.124538 3.073340 -0.650741
v 58.383533 -43.522598 36.882202
vn 3.150023 -0.689103 3.065046
v 58.383533 -91.506729 -8.756401
vn 3.133151 0.689113 -3.065053
v 58.383533 -91.059799 -10.705833
vn 3.158398 -3.073415 0.650359
v 58.383533 -45.479218 37.296524
vn 3.157899 -0.651119 3.073262
v 58.383533 -91.539337 -8.763588
vn 3.125012 0.650705 -3.073354
v 58.383533 -91.125015 -10.720207
vn 3.124869 0.599448 -3.083761
v 58.383533 -91.190460 -10.733498
vn 3.157864 -3.083748 0.599446
v 58.383533 -45.472580 37.329247
vn 3.125078 3.083836 -0.599071
v 58.383533 -43.509323 36.947647
vn 3.133258 3.091119 -0.560729
v 58.383533 -43.497131 37.013298
vn 3.158846 -0.599449 3.083743
v 58.383533 -91.572052 -8.770241
vn 3.150170 -3.091048 0.561108
v 58.383533 -45.466476 37.362068
vn 3.149677 -0.560350 3.091190
v 58.383533 -91.604881 -8.776329
vn 3.133240 0.560761 -3.091113
v 58.383533 -91.256104 -10.745689
vn 3.150186 -3.095743 0.534548
v 58.383533 -44.968719 40.172661
vn 3.133443 3.095634 -0.535248
v 58.383533 -42.999374 39.823891
vn 3.149735 -0.535246 3.095625
v 58.383533 -94.415474 -9.274086
vn 3.133204 0.534869 -3.095697
v 58.383533 -94.066696 -11.243446
vn 3.157820 -3.102065 0.496074
v 58.383533 -44.963181 40.205582
vn 3.124704 3.102006 -0.496450
v 58.383533 -42.988266 39.889732
vn 3.124747 3.109937 -0.444070
v 58.383533 -42.978271 39.955750
vn 3.158726 -0.496071 3.102054
v 58.383533 -94.448395 -9.279640
vn 3.124949 0.496071 -3.102069
v 58.383533 -94.132545 -11.254539
vn 3.124962 0.444399 -3.109892
v 58.383533 -94.198563 -11.264534
vn 3.158626 -3.109876 0.444417
v 58.383533 -44.958176 40.238594
vn 3.157751 -0.444375 3.109911
v 58.383533 -94.481407 -9.284630
vn 3.149813 -3.115335 0.405125
v 58.383533 -44.953735 40.271675
vn 3.133386 3.115338 -0.405102
v 58.383533 -42.969391 40.021919
vn 3.150242 -0.405775 3.115247
v 58.383533 -94.514496 -9.289085
vn 3.133169 0.405423 -3.115294
v 58.383533 -94.264740 -11.273430
vn 3.133194 0.379206 -3.118594
v 58.383533 -97.096725 -11.629860
vn 3.149982 -3.118591 0.379234
v 58.383533 -44.597290 43.103668
vn 3.133175 3.118597 -0.379193
v 58.383533 -42.612946 42.853905
vn 3.125051 3.123005 -0.340240
v 58.383533 -42.605164 42.920235
vn 3.149977 -0.379225 3.118584
v 58.383533 -97.346481 -9.645515
vn 3.125050 0.340279 -3.123002
v 58.383533 -97.163048 -11.637642
vn 3.158171 -3.122994 0.340263
v 58.383533 -44.593399 43.136826
vn 3.158148 -0.340299 3.122990
v 58.383533 -97.379639 -9.649406
vn 3.158100 -3.128186 0.288555
v 58.383533 -44.590057 43.170052
vn 3.124840 3.128232 -0.288218
v 58.383533 -42.598480 42.986679
vn 3.158577 -0.287879 3.128252
v 58.383533 -97.412857 -9.652748
vn 3.124835 0.288236 -3.128231
v 58.383533 -97.229485 -11.644325
vn 3.133210 0.248900 -3.131690
v 58.383533 -97.296028 -11.649895
vn 3.150201 -3.131660 0.249257
v 58.383533 -44.587265 43.203323
vn 3.133212 3.131690 -0.248900
v 58.383533 -42.592911 43.053223
vn 3.149741 -0.248552 3.131719
v 58.383533 -97.446129 -9.655525
vn 3.149932 -3.133661 0.222710
v 58.383533 -44.373047 46.049606
vn 3.133245 3.133662 -0.222698
v 58.383533 -42.378693 45.899506
vn 3.149953 -0.222694 3.133652
v 58.383533 -100.292412 -9.869759
vn 3.133241 0.222698 -3.133662
v 58.383533 -100.142311 -11.864113
vn 3.158540 -3.136123 0.183065
v 58.383533 -44.370819 46.082916
vn 3.124886 3.136123 -0.183421
v 58.383533 -42.374237 45.966133
vn 3.124898 3.138750 -0.131014
v 58.383533 -42.370895 46.032822
vn 3.158512 -0.183060 3.136134
v 58.383533 -100.325729 -9.871986
vn 3.124882 0.183412 -3.136124
v 58.383533 -100.208939 -11.868568
vn 3.158059 -3.138769 0.130647
v 58.383533 -44.369156 46.116264
vn 3.158072 -0.130665 3.138758
v 58.383533 -100.359070 -9.873650
vn 3.124907 0.131011 -3.138750
v 58.383533 -100.275635 -11.871910
vn 3.149922 -3.140217 0.091726
v 58.383533 -44.368042 46.149635
vn 3.133263 3.140225 -0.091727
v 58.383533 -42.368668 46.099564
vn 3.149917 -0.091735 3.140226
v 58.383533 -100.392441 -9.874763
vn 3.133265 0.091741 -3.140225
v 58.383533 -100.342369 -11.874138
vn 3.150182 -0.065174 3.140878
v 58.383533 -103.245880 -9.946236
vn 3.124913 0.026203 -3.141374
v 58.383533 -103.262573 -11.946724
vn 3.133233 0.065536 -3.140882
v 58.383533 -103.195808 -11.945610
vn 3.149717 -3.140867 0.065889
v 58.383533 -44.296585 49.003067
vn 3.133233 3.140882 -0.065530
v 58.383533 -42.297211 48.953003
vn 3.158504 -3.141359 0.026565
v 58.383533 -44.296021 49.036446
vn 3.124915 3.141375 -0.026206
v 58.383533 -42.296097 49.019760
vn 3.158045 -0.025841 3.141380
v 58.383533 -103.279266 -9.946785
vn 3.158507 -3.141368 -0.026565
v 58.383533 -44.296021 49.069832
vn 3.124907 3.141374 0.026209
v 58.383533 -42.296097 49.086525
vn 3.158050 0.025847 3.141362
v 58.383533 -103.312653 -9.946785
vn 3.124909 -0.026206 -3.141374
v 58.383533 -103.329346 -11.946724
vn 3.149717 -3.140867 -0.065889
v 58.383533 -44.296585 49.103210
vn 3.133242 3.140883 0.065533
v 58.383533 -42.297211 49.153275
vn 3.150179 0.065180 3.140888
v 58.383533 -103.346031 -9.946236
vn 3.133234 -0.065539 -3.140882
v 58.383533 -103.396103 -11.945610
vn 3.133260 3.140225 0.091727
v 58.383533 -42.368668 52.006714
vn 3.149922 -3.140217 -0.091726
v 58.383533 -44.368042 51.956642
vn 3.149924 0.091747 3.140217
v 58.383533 -106.199471 -9.874763
vn 3.133262 -0.091735 -3.140225
v 58.383533 -106.249542 -11.874138
vn 3.158057 -3.138769 -0.130647
v 58.383533 -44.369156 51.990013
vn 3.124893 3.138750 0.131014
v 58.383533 -42.370895 52.073456
vn 3.158035 0.130641 3.138759
v 58.383533 -106.232834 -9.873650
vn 3.124895 -0.131005 -3.138750
v 58.383533 -106.316284 -11.871910
vn 3.158525 -3.136124 -0.183041
v 58.383533 -44.370819 52.023361
vn 3.124893 3.136123 0.183409
v 58.383533 -42.374237 52.140144
vn 3.158554 0.183048 3.136134
v 58.383533 -106.266190 -9.871986
vn 3.124873 -0.183424 -3.136124
v 58.383533 -106.382980 -11.868568
vn 3.133252 -0.222711 -3.133661
v 58.383533 -106.449600 -11.864113
vn 3.149947 -3.133663 -0.222686
v 58.383533 -44.373047 52.056679
vn 3.133237 3.133663 0.222686
v 58.383533 -42.378693 52.206779
vn 3.149938 0.222719 3.133661
v 58.383533 -106.299500 -9.869759
vn 3.150201 -3.131660 -0.249257
v 58.383533 -44.587265 54.902954
vn 3.133209 3.131690 0.248901
v 58.383533 -42.592911 55.053055
vn 3.149759 0.248582 3.131708
v 58.383533 -109.145767 -9.655525
vn 3.133211 -0.248901 -3.131689
v 58.383533 -109.295868 -11.649895
vn 3.158098 -3.128196 -0.288556
v 58.383533 -44.590057 54.936226
vn 3.124849 3.128233 0.288218
v 58.383533 -42.598480 55.119598
vn 3.158557 0.287908 3.128250
v 58.383533 -109.179031 -9.652748
vn 3.124837 -0.288236 -3.128231
v 58.383533 -109.362411 -11.644325
vn 3.158173 -3.122993 -0.340263
v 58.383533 -44.593399 54.969452
vn 3.125049 3.123005 0.340240
v 58.383533 -42.605164 55.186043
vn 3.158123 0.340257 3.122995
v 58.383533 -109.212250 -9.649406
vn 3.125037 -0.340300 -3.122999
v 58.383533 -109.428848 -11.637642
vn 3.133204 -0.379226 -3.118593
v 58.383533 -109.495163 -11.629860
vn 3.150004 0.379184 3.118598
v 58.383533 -109.245415 -9.645515
vn 3.149982 -3.118583 -0.379233
v 58.383533 -44.597290 55.002609
vn 3.133175 3.118595 0.379193
v 58.383533 -42.612946 55.252373
vn 3.149785 -3.115341 -0.405078
v 58.383533 -44.953735 57.834602
vn 3.133404 3.115341 0.405078
v 58.383533 -42.969391 58.084358
vn 3.150243 0.405775 3.115256
v 58.383533 -112.077415 -9.289085
vn 3.124982 -0.444373 -3.109896
v 58.383533 -112.393341 -11.264534
vn 3.133169 -0.405421 -3.115295
v 58.383533 -112.327164 -11.273430
vn 3.158691 -3.109892 -0.444425
v 58.383533 -44.958176 57.867691
vn 3.124722 3.109936 0.444073
v 58.383533 -42.978271 58.150536
vn 3.157751 0.444373 3.109894
v 58.383533 -112.110504 -9.284630
vn 3.157789 -3.102058 -0.496128
v 58.383533 -44.963181 57.900696
vn 3.124718 3.102003 0.496476
v 58.383533 -42.988266 58.216545
vn 3.158726 0.496071 3.102054
v 58.383533 -112.143517 -9.279640
vn 3.124932 -0.496044 -3.102073
v 58.383533 -112.459366 -11.254539
vn 3.133199 -0.534878 -3.095697
v 58.383533 -112.525215 -11.243446
vn 3.150185 -3.095743 -0.534548
v 58.383533 -44.968719 57.933617
vn 3.133450 3.095634 0.535248
v 58.383533 -42.999374 58.282387
vn 3.149736 0.535248 3.095634
v 58.383533 -112.176437 -9.274086
vn 3.150128 -3.091061 -0.561044
v 58.383533 -45.466476 60.744209
vn 3.133278 3.091125 0.560697
v 58.383533 -43.497131 61.092979
vn 3.150128 0.561042 3.091051
v 58.383533 -114.987030 -8.776329
vn 3.133266 -0.560737 -3.091118
v 58.383533 -115.335808 -10.745674
vn 3.157948 -3.083754 -0.599454
v 58.383533 -45.472580 60.777039
vn 3.125032 3.083834 0.599073
v 58.383533 -43.509323 61.158638
vn 3.157905 0.599383 3.083769
v 58.383533 -115.019859 -8.770226
vn 3.125079 -0.599071 -3.083836
v 58.383533 -115.401459 -10.733482
vn 3.158350 -3.073393 -0.650427
v 58.383533 -45.479218 60.809753
vn 3.124563 3.073334 0.650776
v 58.383533 -43.522598 61.224075
vn 3.158443 0.650434 3.073400
v 58.383533 -115.052582 -8.763588
vn 3.124515 -0.650778 -3.073332
v 58.383533 -115.466904 -10.720207
vn 3.133435 -0.689523 -3.064963
v 58.383533 -115.532104 -10.705818
vn 3.150026 -3.065055 -0.689106
v 58.383533 -45.486404 60.842361
vn 3.133410 3.064971 0.689486
v 58.383533 -43.536987 61.289284
vn 3.149980 0.689190 3.065037
v 58.383533 -115.085182 -8.756401
vn 3.133366 3.059211 0.714607
v 58.383533 -44.174820 64.071434
vn 3.150067 -3.059121 -0.714987
v 58.383533 -46.124237 63.624512
vn 3.149616 0.714314 3.059272
v 58.383533 -117.867325 -8.118553
vn 3.133337 -0.714647 -3.059202
v 58.383533 -118.314255 -10.067986
vn 3.158052 -3.049885 -0.753048
v 58.383533 -46.131973 63.656990
vn 3.124667 3.049897 0.753007
v 58.383533 -44.190277 64.136398
vn 3.158554 0.752455 3.050025
v 58.383533 -117.899803 -8.110832
vn 3.124632 -0.753134 -3.049866
v 58.383533 -118.379211 -10.052528
vn 3.125074 -0.804078 -3.036838
v 58.383533 -118.443893 -10.035973
vn 3.158550 -3.036871 -0.803896
v 58.383533 -46.140244 63.689339
vn 3.125050 3.036872 0.803947
v 58.383533 -44.206833 64.201096
vn 3.158491 0.803982 3.036849
v 58.383533 -117.932144 -8.102562
vn 3.149782 0.842039 3.026617
v 58.383533 -117.964355 -8.093742
vn 3.133242 -0.841796 -3.026683
v 58.383533 -118.508301 -10.018349
vn 3.149786 -3.026604 -0.842045
v 58.383533 -46.149063 63.721550
vn 3.133206 3.026692 0.841759
v 58.383533 -44.224457 64.265511
vn 3.133313 3.019574 0.866952
v 58.383533 -45.000778 67.012238
vn 3.150162 0.867371 3.019452
v 58.383533 -120.711090 -7.317436
vn 3.133309 -0.866944 -3.019577
v 58.383533 -121.255035 -9.242043
vn 3.149653 -3.019670 -0.866622
v 58.383533 -46.925385 66.468277
vn 3.157792 0.904673 3.008400
v 58.383533 -120.743134 -7.308083
vn 3.124674 -0.904903 -3.008330
v 58.383533 -121.319138 -9.223351
vn 3.158733 -3.008418 -0.904570
v 58.383533 -46.934723 66.500328
vn 3.124892 3.008431 0.904575
v 58.383533 -45.019470 67.076340
vn 3.124741 2.992839 0.954896
v 58.383533 -45.039230 67.140121
vn 3.158796 0.954780 2.992851
v 58.383533 -120.775024 -7.298210
vn 3.125040 -0.955117 -2.992771
v 58.383533 -121.382919 -9.203575
vn 3.157996 -2.992826 -0.954894
v 58.383533 -46.944611 66.532219
vn 3.149702 0.992618 2.980629
v 58.383533 -120.806747 -7.287788
vn 3.133264 -0.992294 -2.980736
v 58.383533 -121.446365 -9.182747
vn 3.150063 -2.980807 -0.992076
v 58.383533 -46.955017 66.563934
vn 3.133335 2.980701 0.992400
v 58.383533 -45.060059 67.203552
vn 3.133228 -1.017139 -2.972350
v 58.383533 -124.150803 -8.269905
vn 3.149958 -2.972341 -1.017137
v 58.383533 -47.867859 69.268372
vn 3.133228 2.972349 1.017139
v 58.383533 -45.972900 69.907990
vn 3.149958 1.017136 2.972341
v 58.383533 -123.511185 -6.374947
vn 3.158501 -2.959179 -1.054590
v 58.383533 -47.878799 69.299911
vn 3.124902 2.959294 1.054274
v 58.383533 -45.994781 69.971069
vn 3.158072 1.053954 2.959402
v 58.383533 -123.542725 -6.364006
vn 3.124898 -1.054274 -2.959294
v 58.383533 -124.213882 -8.248024
vn 3.157800 -2.941311 -1.103444
v 58.383533 -47.890274 69.331268
vn 3.124950 2.941315 1.103443
v 58.383533 -46.017715 70.033783
vn 3.158655 1.103436 2.941302
v 58.383533 -123.574081 -6.352547
vn 3.125033 -1.103323 -2.941360
v 58.383533 -124.276596 -8.225090
vn 3.150189 -2.927469 -1.139867
v 58.383533 -47.902252 69.362427
vn 3.133208 2.927357 1.140182
v 58.383533 -46.041687 70.096100
vn 3.149767 1.140502 2.927233
v 58.383533 -123.605240 -6.340553
vn 3.133126 -1.140062 -2.927402
v 58.383533 -124.338928 -8.201118
vn 3.133341 2.917772 1.164492
v 58.383533 -47.088760 72.751434
vn 3.150055 -2.917648 -1.164800
v 58.383533 -48.949326 72.017761
vn 3.149627 1.164190 2.917894
v 58.383533 -126.260574 -5.293465
vn 3.133043 -1.164925 -2.917597
v 58.383533 -126.994263 -7.154045
vn 3.157973 -2.902890 -1.200926
v 58.383533 -48.961838 72.048721
vn 3.124743 2.902851 1.200983
v 58.383533 -47.113770 72.813354
vn 3.158820 1.200911 2.902865
v 58.383533 -126.291534 -5.280968
vn 3.125211 -1.201176 -2.902778
v 58.383533 -127.056168 -7.129021
vn 3.158577 -2.882430 -1.249174
v 58.383533 -48.974854 72.079468
vn 3.124913 2.882311 1.249480
v 58.383533 -47.139816 72.874840
vn 3.157738 1.249179 2.882430
v 58.383533 -126.322281 -5.267937
vn 3.124786 -1.249174 -2.882442
v 58.383533 -127.117645 -7.102989
vn 3.149848 -2.866516 -1.285485
v 58.383533 -48.988388 72.109985
vn 3.133291 2.866553 1.285421
v 58.383533 -47.166885 72.935883
vn 3.150262 1.284888 2.866790
v 58.383533 -126.352798 -5.254417
vn 3.133245 -1.285355 -2.866583
v 58.383533 -127.178696 -7.075920
vn 3.149906 1.309187 2.855768
v 58.383533 -128.952393 -4.075722
vn 3.133279 -1.309191 -2.855776
v 58.383533 -129.778290 -5.897224
vn 3.150321 -2.855502 -1.309782
v 58.383533 -50.167084 74.709579
vn 3.133372 2.855839 1.309054
v 58.383533 -48.345581 75.535477
vn 3.158357 1.344855 2.839054
v 58.383533 -128.982681 -4.061684
vn 3.124932 -1.344718 -2.839129
v 58.383533 -129.838867 -5.869148
vn 3.157740 -2.838914 -1.345164
v 58.383533 -50.181137 74.739868
vn 3.124630 2.839051 1.344871
v 58.383533 -48.373657 75.596069
vn 3.158149 1.391975 2.816271
v 58.383533 -129.012726 -4.047142
vn 3.124830 -1.391975 -2.816259
v 58.383533 -129.898972 -5.840065
vn 3.158555 -2.816246 -1.391975
v 58.383533 -50.195679 74.769928
vn 3.125031 2.816118 1.392266
v 58.383533 -48.402756 75.656174
vn 3.150040 1.427109 2.798712
v 58.383533 -129.042542 -4.032097
vn 3.133249 -1.427252 -2.798640
v 58.383533 -129.958588 -5.809975
vn 3.149834 -2.798558 -1.427394
v 58.383533 -50.210724 74.799728
vn 3.133246 2.798637 1.427257
v 58.383533 -48.432846 75.715790
vn 3.617364 -0.719463 -2.967139
v 58.383533 -131.633728 -4.946861
vn 3.617368 2.967136 0.719468
v 58.383533 -49.295959 77.390915
vn 2.665820 0.719465 2.967139
v 58.383533 -131.148773 -2.946861
vn 2.665820 -2.967138 -0.719465
v 58.383533 -51.295959 76.905960
vn 3.150976 -3.141524 -0.014740
v 58.383533 -51.295959 89.053139
vn 3.132207 3.141524 0.014740
v 58.383533 -49.295959 89.053139
vn 3.150976 0.014740 3.141518
v 58.383533 -143.295959 -2.946861
vn 3.132207 -0.014740 -3.141521
v 58.383533 -143.295959 -4.946861
vn 3.160365 0.058961 3.140896
v 58.383533 -143.333359 -2.946510
vn 3.123027 -0.058641 -3.140916
v 58.383533 -143.370758 -4.946159
vn 3.159951 -3.140914 -0.058311
v 58.383533 -51.296310 89.090538
vn 3.123029 3.140907 0.058636
v 58.383533 -49.296661 89.127937
vn 3.159968 0.117292 3.139265
v 58.383533 -143.370743 -2.945457
vn 3.122806 -0.117292 -3.139270
v 58.383533 -143.445526 -4.944069
vn 3.132218 -0.161471 -3.137406
v 58.383533 -143.520233 -4.940575
vn 3.160791 -3.139252 -0.117282
v 58.383533 -51.297348 89.127930
vn 3.122812 3.139269 0.117272
v 58.383533 -49.298752 89.202713
vn 3.132214 3.137411 0.161456
v 58.383533 -49.302246 89.277435
vn 3.151161 0.161151 3.137421
v 58.383533 -143.408096 -2.943718
vn 3.150753 -3.137386 -0.161790
v 58.383533 -51.299103 89.165283
vn 3.160227 0.205369 3.134734
v 58.383533 -144.527740 -2.880836
vn 3.122851 -0.205528 -3.134725
v 58.383533 -144.639877 -4.877693
vn 3.160227 -3.134736 -0.205369
v 58.383533 -51.361984 90.284927
vn 3.122847 3.134723 0.205540
v 58.383533 -49.365128 90.397079
vn 3.179088 0.293216 3.127323
v 58.383533 -144.602325 -2.875252
vn 3.104301 -0.293217 -3.127331
v 58.383533 -144.789047 -4.866508
vn 3.179101 -3.127321 -0.293233
v 58.383533 -51.367569 90.359512
vn 3.104295 3.127330 0.293247
v 58.383533 -49.376312 90.546234
vn 3.179048 -3.114138 -0.410219
v 58.383533 -51.375946 90.433830
vn 3.104140 3.114185 0.409893
v 58.383533 -49.393051 90.694870
vn 3.179045 0.410178 3.114145
v 58.383533 -144.676651 -2.866875
vn 3.104036 -0.410020 -3.114163
v 58.383533 -144.937698 -4.849770
vn 3.160185 -3.101830 -0.497383
v 58.383533 -51.387100 90.507782
vn 3.122894 3.101859 0.497213
v 58.383533 -49.415344 90.842781
vn 3.160197 0.497356 3.101835
v 58.383533 -144.750610 -2.855721
vn 3.122850 -0.555187 -3.092007
v 58.383533 -146.191193 -4.639626
vn 3.122988 -0.497356 -3.101838
v 58.383533 -145.085617 -4.827461
vn 3.160213 -3.092041 -0.555007
v 58.383533 -51.574936 91.613342
vn 3.122869 3.092012 0.555160
v 58.383533 -49.603180 91.948349
vn 3.160253 0.555062 3.092029
v 58.383533 -145.856186 -2.667885
vn 3.179076 -3.074847 -0.641431
v 58.383533 -51.588837 91.686844
vn 3.104186 3.074811 0.641621
v 58.383533 -49.630997 92.095352
vn 3.104178 3.048666 0.756179
v 58.383533 -49.664291 92.241211
vn 3.179085 0.641560 3.074823
v 58.383533 -145.929672 -2.653984
vn 3.104258 -0.641567 -3.074826
v 58.383533 -146.338181 -4.611809
vn 3.178999 0.756232 3.048645
v 58.383533 -146.002594 -2.637337
vn 3.104110 -0.756117 -3.048682
v 58.383533 -146.484009 -4.578529
vn 3.179045 -3.048662 -0.756163
v 58.383533 -51.605484 91.759781
vn 3.160237 0.841477 3.026659
v 58.383533 -146.074844 -2.617973
vn 3.122948 -0.841477 -3.026659
v 58.383533 -146.628510 -4.539803
vn 3.160249 -3.026652 -0.841493
v 58.383533 -51.624847 91.832031
vn 3.122923 3.026662 0.841474
v 58.383533 -49.703018 92.385719
vn 3.122951 -0.897753 -3.010447
v 58.383533 -147.706085 -4.229362
vn 3.160331 0.897899 3.010401
v 58.383533 -147.152420 -2.307533
vn 3.160154 -3.010473 -0.897668
v 58.383533 -51.935303 92.909615
vn 3.122933 3.010427 0.897815
v 58.383533 -50.013474 93.463303
vn 3.179014 0.981939 2.983619
v 58.383533 -147.223892 -2.285484
vn 3.104141 -0.981691 -2.983695
v 58.383533 -147.849030 -4.185280
vn 3.179180 -2.983689 -0.981689
v 58.383533 -51.957336 92.981079
vn 3.104106 2.983647 0.981836
v 58.383533 -50.057556 93.606232
vn 3.178964 1.092803 2.944812
v 58.383533 -147.294479 -2.260780
vn 3.104115 -1.092759 -2.944830
v 58.383533 -147.990234 -4.135872
vn 3.178967 -2.944814 -1.092804
v 58.383533 -51.982040 93.051666
vn 3.104279 2.944851 1.092721
v 58.383533 -50.106964 93.747406
vn 3.160260 -2.913423 -1.175031
v 58.383533 -52.009369 93.121292
vn 3.122870 2.913462 1.174945
v 58.383533 -50.161606 93.886642
vn 3.160254 1.175025 2.913428
v 58.383533 -147.364105 -2.233452
vn 3.122955 -1.175097 -2.913399
v 58.383533 -148.129471 -4.081215
vn 3.160244 -2.890991 -1.229186
v 58.383533 -52.438507 94.157333
vn 3.122958 2.891011 1.229156
v 58.383533 -50.590744 94.922691
vn 3.160249 1.229179 2.890995
v 58.383533 -148.400162 -1.804314
vn 3.122948 -1.229198 -2.890990
v 58.383533 -149.165527 -3.652061
vn 3.179023 -2.855015 -1.309586
v 58.383533 -52.468414 94.225891
vn 3.104095 2.855001 1.309621
v 58.383533 -50.650558 95.059814
vn 3.179111 1.309712 2.854956
v 58.383533 -148.468719 -1.774406
vn 3.104167 -1.309584 -2.855022
v 58.383533 -149.302643 -3.592247
vn 3.179000 1.415725 2.803901
v 58.383533 -148.536102 -1.741951
vn 3.104183 -1.415470 -2.804032
v 58.383533 -149.437408 -3.527351
vn 3.179086 -2.803964 -1.415601
v 58.383533 -52.500870 94.293289
vn 3.104230 2.803999 1.415538
v 58.383533 -50.715469 95.194595
vn 3.160213 1.493903 2.763513
v 58.383533 -148.602234 -1.706993
vn 3.122871 -1.493794 -2.763570
v 58.383533 -149.569672 -3.457451
vn 3.160224 -2.763501 -1.493918
v 58.383533 -52.535828 94.359421
vn 3.122875 2.763572 1.493789
v 58.383533 -50.785370 95.326859
vn 3.122865 2.735125 1.545261
v 58.383533 -51.327820 96.308342
vn 3.160324 1.545248 2.735130
v 58.383533 -149.583710 -1.164558
vn 3.104205 -1.621164 -2.690351
v 58.383533 -150.680695 -2.840202
vn 3.122872 -1.545266 -2.735123
v 58.383533 -150.551147 -2.915001
vn 3.160136 -2.735261 -1.545025
v 58.383533 -53.078278 95.340897
vn 3.178924 1.621094 2.690400
v 58.383533 -149.648483 -1.127159
vn 3.179153 -2.690488 -1.620922
v 58.383533 -53.115662 95.405670
vn 3.104177 2.690328 1.621200
v 58.383533 -51.402618 96.437889
vn 3.179163 1.720687 2.627811
v 58.383533 -149.711823 -1.087364
vn 3.104247 -1.720538 -2.627912
v 58.383533 -150.807358 -2.760612
vn 3.178939 -2.627915 -1.720541
v 58.383533 -53.155457 95.469002
vn 3.104273 2.627889 1.720574
v 58.383533 -51.482208 96.564545
vn 3.122854 2.578973 1.793779
v 58.383533 -51.566467 96.688141
vn 3.160163 1.793997 2.578823
v 58.383533 -149.773621 -1.045219
vn 3.122844 -1.793793 -2.578962
v 58.383533 -150.930954 -2.676353
vn 3.160335 -2.578974 -1.793787
v 58.383533 -53.197586 95.530800
vn 3.122951 -1.841693 -2.544980
v 58.383533 -151.845535 -2.027412
vn 3.160324 -2.544909 -1.841787
v 58.383533 -53.846512 96.445374
vn 3.122909 2.544960 1.841716
v 58.383533 -52.215393 97.602722
vn 3.160327 1.841785 2.544917
v 58.383533 -150.688202 -0.396294
vn 3.104112 -1.912119 -2.491975
v 58.383533 -151.965897 -1.938591
vn 3.178974 -2.491918 -1.912205
v 58.383533 -53.890930 96.505554
vn 3.104113 2.491917 1.912197
v 58.383533 -52.304214 97.723076
vn 3.178974 1.912202 2.491913
v 58.383533 -150.748383 -0.351875
vn 3.178910 -2.418774 -2.003919
v 58.383533 -53.937561 96.564026
vn 3.104255 2.418660 2.004058
v 58.383533 -52.397491 97.840027
vn 3.178843 2.003839 2.418841
v 58.383533 -150.806854 -0.305244
vn 3.104214 -2.004032 -2.418680
v 58.383533 -152.082855 -1.845314
vn 3.122906 -2.071311 -2.361866
v 58.383533 -152.196243 -1.747734
vn 3.160353 -2.361951 -2.071214
v 58.383533 -53.986343 96.620720
vn 3.122899 2.361885 2.071294
v 58.383533 -52.495056 97.953400
vn 3.160434 2.071151 2.362003
v 58.383533 -150.863556 -0.256462
vn 3.160408 -2.322621 -2.115222
v 58.383533 -54.733582 97.456894
vn 3.122886 2.322738 2.115096
v 58.383533 -53.242294 98.789574
vn 3.160314 2.115145 2.322690
v 58.383533 -151.699722 0.490791
vn 3.122933 -2.115055 -2.322776
v 58.383533 -153.032410 -1.000496
vn 3.104190 2.262200 2.179133
v 58.383533 -53.344055 98.899246
vn 3.178813 -2.262159 -2.179175
v 58.383533 -54.784470 97.511726
vn 3.178962 2.179170 2.262171
v 58.383533 -151.754547 0.541664
vn 3.104151 -2.179086 -2.262242
v 58.383533 -153.142075 -0.898750
vn 3.104149 -2.262241 -2.179085
v 58.383533 -153.247849 -0.792976
vn 3.178964 2.262165 2.179164
v 58.383533 -151.807434 0.594551
vn 3.104155 2.179093 2.262237
v 58.383533 -53.449844 99.005035
vn 3.179100 -2.179175 -2.262159
v 58.383533 -54.837357 97.564621
vn 3.122944 -2.322765 -2.115067
v 58.383533 -153.349594 -0.683311
vn 3.160318 2.322696 2.115141
v 58.383533 -151.858307 0.649376
vn 3.122919 2.115057 2.322776
v 58.383533 -53.559525 99.106796
vn 3.160264 -2.115054 -2.322772
v 58.383533 -54.892197 97.615501
vn 3.122817 -2.361935 -2.071231
v 58.383533 -154.096848 0.152855
vn 3.160364 2.361940 2.071225
v 58.383533 -152.605560 1.485550
vn 3.122963 2.071373 2.361814
v 58.383533 -54.395706 99.854042
vn 3.178976 -2.003999 -2.418706
v 58.383533 -55.785065 98.411530
vn 3.160287 -2.071293 -2.361882
v 58.383533 -55.728378 98.362747
vn 3.104290 -2.418760 -2.003941
v 58.383533 -154.194412 0.266243
vn 3.178974 2.418834 2.003840
v 58.383533 -152.654343 1.542244
vn 3.104102 2.004032 2.418680
v 58.383533 -54.509064 99.951607
vn 3.104231 1.912128 2.491976
v 58.383533 -54.626007 100.044861
vn 3.179018 -1.912147 -2.491954
v 58.383533 -55.843536 98.458160
vn 3.104115 -2.491976 -1.912120
v 58.383533 -154.287689 0.383202
vn 3.178911 2.491981 1.912128
v 58.383533 -152.700974 1.600723
vn 3.122888 1.841766 2.544927
v 58.383533 -54.746353 100.133682
vn 3.160271 -1.841745 -2.544940
v 58.383533 -55.903702 98.502563
vn 3.122946 -2.544985 -1.841683
v 58.383533 -154.376511 0.503563
vn 3.160324 2.544909 1.841787
v 58.383533 -152.745392 1.660904
vn 3.122874 1.793823 2.578941
v 58.383533 -55.660919 100.782608
vn 3.160376 -1.793756 -2.578987
v 58.383533 -56.818268 99.151497
vn 3.122935 -2.578894 -1.793893
v 58.383533 -155.025436 1.418137
vn 3.160335 2.578974 1.793787
v 58.383533 -153.394318 2.575478
vn 3.104209 1.720559 2.627898
v 58.383533 -55.784531 100.866882
vn 3.178921 -1.621094 -2.690400
v 58.383533 -56.943420 99.233429
vn 3.178963 -1.720428 -2.627987
v 58.383533 -56.880081 99.193634
vn 3.104101 -2.627887 -1.720569
v 58.383533 -155.109711 1.541733
vn 3.178939 2.627915 1.720541
v 58.383533 -153.436447 2.637276
vn 3.104263 -2.690400 -1.621085
v 58.383533 -155.189285 1.668388
vn 3.178926 2.690309 1.621232
v 58.383533 -153.476242 2.700607
vn 3.104211 1.621139 2.690364
v 58.383533 -55.911209 100.946480
vn 3.122869 -2.735125 -1.545261
v 58.383533 -155.264084 1.797935
vn 3.160367 2.735085 1.545330
v 58.383533 -153.513641 2.765373
vn 3.122866 1.545238 2.735136
v 58.383533 -56.040771 101.021286
vn 3.160320 -1.545256 -2.735126
v 58.383533 -57.008194 99.270828
vn 3.160401 2.763637 1.493664
v 58.383533 -154.056091 3.746857
vn 3.160307 -1.493785 -2.763575
v 58.383533 -57.989685 99.813278
vn 3.122899 -2.763556 -1.493823
v 58.383533 -155.806534 2.779419
vn 3.122885 1.493781 2.763578
v 58.383533 -57.022263 101.563728
vn 3.179002 -1.415469 -2.804030
v 58.383533 -58.055817 99.848228
vn 3.104208 -2.803982 -1.415571
v 58.383533 -155.876434 2.911674
vn 3.178865 2.804063 1.415412
v 58.383533 -154.091034 3.812988
vn 3.104227 1.415540 2.804000
v 58.383533 -57.154510 101.633621
vn 3.104137 -2.854975 -1.309680
v 58.383533 -155.941345 3.046455
vn 3.179027 2.854962 1.309709
v 58.383533 -154.123489 3.880379
vn 3.160274 2.890960 1.229260
v 58.383533 -154.153397 3.948929
vn 3.104208 1.309775 2.854936
v 58.383533 -57.289276 101.698524
vn 3.178938 -1.309700 -2.854968
v 58.383533 -58.123199 99.880676
vn 3.122851 1.229314 2.890940
v 58.383533 -57.426376 101.758347
vn 3.160321 -1.229312 -2.890939
v 58.383533 -58.191742 99.910583
vn 3.122933 -2.890975 -1.229236
v 58.383533 -156.001160 3.183563
vn 3.160303 -1.174987 -2.913448
v 58.383533 -59.227787 100.339729
vn 3.160269 2.913417 1.175046
v 58.383533 -154.582550 4.984978
vn 3.122926 1.175033 2.913429
v 58.383533 -58.462418 102.187485
vn 3.122821 -2.913473 -1.174912
v 58.383533 -156.430313 4.219604
vn 3.178999 2.944831 1.092753
v 58.383533 -154.609879 5.054604
vn 3.104264 -2.944897 -1.092590
v 58.383533 -156.484955 4.358856
vn 3.104144 1.092692 2.944855
v 58.383533 -58.601669 102.242142
vn 3.178946 -0.981838 -2.983651
v 58.383533 -59.368023 100.391762
vn 3.178996 -1.092650 -2.944872
v 58.383533 -59.297421 100.367058
vn 3.104222 -2.983640 -0.981862
v 58.383533 -156.534363 4.500053
vn 3.178981 2.983636 0.981889
v 58.383533 -154.634583 5.125198
vn 3.104217 0.981781 2.983673
v 58.383533 -58.742878 102.291550
vn 3.122855 -3.010402 -0.897896
v 58.383533 -156.578461 4.642998
vn 3.160332 3.010402 0.897896
v 58.383533 -154.656631 5.196671
vn 3.122880 0.897848 3.010417
v 58.383533 -58.885838 102.335648
vn 3.160328 -0.897903 -3.010400
v 58.383533 -59.439495 100.413811
vn 3.160312 -0.841371 -3.026685
v 58.383533 -60.517086 100.724258
vn 3.122936 -3.026665 -0.841454
v 58.383533 -156.888901 5.720581
vn 3.160263 3.026670 0.841434
v 58.383533 -154.967072 6.274254
vn 3.122929 0.841437 3.026671
v 58.383533 -59.963428 102.646088
vn 3.104186 -3.048662 -0.756197
v 58.383533 -156.927628 5.865089
vn 3.178972 3.048657 0.756192
v 58.383533 -154.986435 6.346512
vn 3.104170 0.756140 3.048672
v 58.383533 -60.107914 102.684807
vn 3.179026 -0.755972 -3.048714
v 58.383533 -60.589329 100.743614
vn 3.104188 0.641578 3.074823
v 58.383533 -60.253750 102.718094
vn 3.178885 -0.641562 -3.074827
v 58.383533 -60.662251 100.760254
vn 3.104091 -3.074832 -0.641513
v 58.383533 -156.960922 6.010941
vn 3.179104 3.074824 0.641529
v 58.383533 -155.003082 6.419434
vn 3.122891 0.555153 3.092015
v 58.383533 -60.400723 102.745903
vn 3.160307 -0.497214 -3.101858
v 58.383533 -61.841297 100.962006
vn 3.160345 -0.555230 -3.091997
v 58.383533 -60.735737 100.774162
vn 3.122952 -3.092036 -0.555034
v 58.383533 -156.988724 6.157928
vn 3.160233 3.092036 0.555034
v 58.383533 -155.016983 6.492928
vn 3.122878 0.497214 3.101858
v 58.383533 -61.506283 102.933746
vn 3.122901 -3.101858 -0.497225
v 58.383533 -157.176559 7.263496
vn 3.160384 3.101878 0.497068
v 58.383533 -155.204819 7.598495
vn 3.104240 0.410021 3.114169
v 58.383533 -61.654202 102.956039
vn 3.178894 -0.293205 -3.127330
v 58.383533 -61.989582 100.981522
vn 3.179046 -0.409863 -3.114185
v 58.383533 -61.915257 100.973152
vn 3.104228 -3.114165 -0.410054
v 58.383533 -157.198853 7.411400
vn 3.178847 3.114185 0.409906
v 58.383533 -155.215958 7.672447
vn 3.178896 3.127297 0.293552
v 58.383533 -155.224335 7.746765
vn 3.104098 -3.127326 -0.293237
v 58.383533 -157.215607 7.560043
vn 3.104143 0.293290 3.127320
v 58.383533 -61.802853 102.972794
vn 3.122950 -3.134735 -0.205381
v 58.383533 -157.226776 7.709198
vn 3.160431 3.134712 0.205688
v 58.383533 -155.229935 7.821350
vn 3.122903 0.205432 3.134731
v 58.383533 -61.952030 102.983971
vn 3.160328 -0.205505 -3.134723
v 58.383533 -62.064175 100.987114
vn 3.132220 -3.137412 -0.161456
v 58.383533 -157.289658 8.828842
vn 3.151170 3.137416 0.161136
v 58.383533 -155.292816 8.940994
vn 3.159964 3.139265 0.117277
v 58.383533 -155.294556 8.978355
vn 3.132230 0.161453 3.137407
v 58.383533 -63.071674 103.046844
vn 3.150741 -0.161780 -3.137392
v 58.383533 -63.183819 101.049988
vn 3.123016 -3.139261 -0.117592
v 58.383533 -157.293152 8.903564
vn 3.160364 3.140896 0.058961
v 58.383533 -155.295609 9.015739
vn 3.122904 0.117444 3.139265
v 58.383533 -63.146389 103.050339
vn 3.160160 -0.058640 -3.140905
v 58.383533 -63.258556 101.052788
vn 3.160583 -0.117611 -3.139244
v 58.383533 -63.221172 101.051743
vn 3.122823 -3.140898 -0.058956
v 58.383533 -157.295258 8.978340
vn 3.122922 0.058801 3.140911
v 58.383533 -63.221157 103.052437
vn 3.132207 -3.141524 -0.014740
v 58.383533 -157.295959 9.053139
vn 3.150976 3.141524 0.014740
v 58.383533 -155.295959 9.053139
vn 3.132207 0.014740 3.141521
v 58.383533 -63.295956 103.053139
vn 3.150976 -0.014740 -3.141518
v 58.383533 -63.295956 101.053139
vn 3.617368 0.719469 2.967137
v 58.383533 -74.958191 103.053139
vn 2.665817 -0.719469 -2.967136
v 58.383533 -75.443146 101.053139
vn 3.617364 -2.967139 -0.719463
v 58.383533 -157.295959 20.715370
vn 2.665825 2.967143 0.719457
v 58.383533 -155.295959 21.200325
vn 3.150043 -1.427113 -2.798710
v 58.383533 -77.549362 102.138374
vn 3.149931 2.798635 1.427241
v 58.383533 -156.381180 23.306557
vn 3.133246 1.427257 2.798637
v 58.383533 -76.633316 103.916252
vn 3.133045 -2.798784 -1.426966
v 58.383533 -158.159073 22.390511
vn 3.124933 1.392120 2.816188
v 58.383533 -76.692932 103.946342
vn 3.158150 -1.391975 -2.816271
v 58.383533 -77.579178 102.153419
vn 3.125249 -2.816262 -1.391980
v 58.383533 -158.189148 22.450127
vn 3.157942 2.815969 1.392553
v 58.383533 -156.396225 23.336365
vn 3.158667 2.838840 1.345295
v 58.383533 -156.410782 23.366417
vn 3.124822 1.344863 2.839059
v 58.383533 -76.753036 103.975433
vn 3.158338 -1.344876 -2.839044
v 58.383533 -77.609222 102.167961
vn 3.124675 -2.839020 -1.344940
v 58.383533 -158.218246 22.510231
vn 3.133271 1.309191 2.855776
v 58.383533 -76.813614 104.003510
vn 3.149921 -1.309208 -2.855756
v 58.383533 -77.639526 102.182007
vn 3.133328 -2.855807 -1.309124
v 58.383533 -158.246323 22.570816
vn 3.149911 2.855779 1.309184
v 58.383533 -156.424820 23.396706
vn 3.133081 -2.866685 -1.285123
v 58.383533 -159.425018 25.170403
vn 3.149935 2.866577 1.285344
v 58.383533 -157.603500 25.996300
vn 3.133245 1.285355 2.866583
v 58.383533 -79.413208 105.182205
vn 3.149846 -1.285488 -2.866524
v 58.383533 -80.239120 103.360703
vn 3.125122 -2.882444 -1.249180
v 58.383533 -159.452072 25.231445
vn 3.158396 2.882434 1.249170
v 58.383533 -157.617035 26.026825
vn 3.124915 1.249349 2.882367
v 58.383533 -79.474258 105.209274
vn 3.158577 -1.249174 -2.882430
v 58.383533 -80.269638 103.374237
vn 3.124832 -2.902802 -1.201108
v 58.383533 -159.478119 25.292931
vn 3.157977 2.902786 1.201180
v 58.383533 -157.630051 26.057564
vn 3.150140 2.917598 1.164924
v 58.383533 -157.642563 26.088516
vn 3.124873 1.201043 2.902827
v 58.383533 -79.535751 105.235321
vn 3.157804 -1.201169 -2.902774
v 58.383533 -80.300385 103.387253
vn 3.133260 -2.917720 -1.164622
v 58.383533 -159.503128 25.354836
vn 3.133259 1.164617 2.917723
v 58.383533 -79.597656 105.260330
vn 3.150228 -1.165052 -2.917556
v 58.383533 -80.331329 103.399765
vn 3.149973 -1.140178 -2.927349
v 58.383533 -82.986671 104.446838
vn 3.133199 -2.927355 -1.140188
v 58.383533 -160.550217 28.010178
vn 3.149763 2.927228 1.140491
v 58.383533 -158.689636 28.743858
vn 3.158226 2.941070 1.104069
v 58.383533 -158.701630 28.775017
vn 3.133315 1.140339 2.927296
v 58.383533 -82.252991 106.307404
vn 3.124956 -2.941315 -1.103443
v 58.383533 -160.574188 28.072495
vn 3.124848 1.103600 2.941255
v 58.383533 -82.315308 106.331383
vn 3.158361 -1.054160 -2.959324
v 58.383533 -83.049187 104.470291
vn 3.158229 -1.103443 -2.941315
v 58.383533 -83.017830 104.458824
vn 3.124862 -2.959314 -1.054218
v 58.383533 -160.597122 28.135208
vn 3.158502 2.959170 1.054588
v 58.383533 -158.713104 28.806374
vn 3.149954 2.972349 1.017141
v 58.383533 -158.724045 28.837914
vn 3.124861 1.054218 2.959313
v 58.383533 -82.378021 106.354317
vn 3.133266 -2.972368 -1.017085
v 58.383533 -160.619003 28.198296
vn 3.133267 1.017086 2.972367
v 58.383533 -82.441109 106.376198
vn 3.149881 -1.017028 -2.972378
v 58.383533 -83.080734 104.481232
vn 3.133298 -2.980718 -0.992349
v 58.383533 -161.531845 30.902725
vn 3.150137 2.980833 0.991969
v 58.383533 -159.636887 31.542343
vn 3.133153 0.992135 2.980788
v 58.383533 -85.145531 107.289040
vn 3.149851 -0.992400 -2.980691
v 58.383533 -85.785156 105.394073
vn 3.124780 -2.992856 -0.954843
v 58.383533 -161.552673 30.966164
vn 3.157924 2.992869 0.954790
v 58.383533 -159.647293 31.574066
vn 3.158733 3.008418 0.904570
v 58.383533 -159.657181 31.605957
vn 3.125011 0.954740 2.992891
v 58.383533 -85.208977 107.309860
vn 3.158499 -0.954794 -2.992869
v 58.383533 -85.816872 105.404488
vn 3.124892 -3.008431 -0.904575
v 58.383533 -161.572433 31.029945
vn 3.124934 0.904854 3.008347
v 58.383533 -85.272766 107.329628
vn 3.150162 -0.867369 -3.019444
v 58.383533 -85.880814 105.423721
vn 3.157943 -0.904898 -3.008329
v 58.383533 -85.848770 105.414368
vn 3.133312 -3.019575 -0.866951
v 58.383533 -161.591125 31.094048
vn 3.149653 3.019670 0.866622
v 58.383533 -159.666519 31.638008
vn 3.133198 0.867109 3.019528
v 58.383533 -85.336868 107.348328
vn 3.150230 3.026797 0.841380
v 58.383533 -160.442841 34.384735
vn 3.150002 -0.841705 -3.026708
v 58.383533 -88.627548 106.200027
vn 3.133237 -3.026681 -0.841804
v 58.383533 -162.367447 33.840782
vn 3.133242 0.841796 3.026683
v 58.383533 -88.083603 108.124634
vn 3.124794 -3.036947 -0.803655
v 58.383533 -162.385071 33.905190
vn 3.157610 3.036859 0.803988
v 58.383533 -160.451645 34.416946
vn 3.124960 0.803910 3.036881
v 58.383533 -88.148010 108.142258
vn 3.158047 -0.803985 -3.036854
v 58.383533 -88.659760 106.208839
vn 3.124854 0.753135 3.049870
v 58.383533 -88.212692 108.158806
vn 3.158555 -0.753132 -3.049858
v 58.383533 -88.692101 106.217117
vn 3.125105 -3.049903 -0.753010
v 58.383533 -162.401611 33.969887
vn 3.159050 3.049871 0.753048
v 58.383533 -160.459930 34.449287
vn 3.149568 3.059292 0.714224
v 58.383533 -160.467651 34.481773
vn 3.133229 0.714817 3.059162
v 58.383533 -88.277649 108.174271
vn 3.149842 -0.714649 -3.059192
v 58.383533 -88.724579 106.224846
vn 3.133145 -3.059130 -0.714946
v 58.383533 -162.417084 34.034851
vn 3.133274 0.689277 3.065017
v 58.383533 -91.059799 108.812103
vn 3.150024 -0.689110 -3.065054
v 58.383533 -91.506729 106.862686
vn 3.133212 -3.065039 -0.689181
v 58.383533 -163.054916 36.817001
vn 3.149975 3.065039 0.689181
v 58.383533 -161.105484 37.263924
vn 3.124979 -3.073332 -0.650816
v 58.383533 -163.069290 36.882202
vn 3.157949 3.073245 0.651194
v 58.383533 -161.112671 37.296524
vn 3.124914 0.650911 3.073309
v 58.383533 -91.125015 108.826485
vn 3.157903 -0.599518 -3.083743
v 58.383533 -91.572052 106.876511
vn 3.158352 -0.650429 -3.073401
v 58.383533 -91.539337 106.869873
vn 3.124836 -3.083759 -0.599450
v 58.383533 -163.082581 36.947639
vn 3.158846 3.083744 0.599449
v 58.383533 -161.119324 37.329239
vn 3.149673 3.091179 0.560356
v 58.383533 -161.125412 37.362068
vn 3.124831 0.599450 3.083759
v 58.383533 -91.190453 108.839775
vn 3.133261 -3.091119 -0.560729
v 58.383533 -163.094772 37.013290
vn 3.133265 0.560729 3.091119
v 58.383533 -91.256104 108.851967
vn 3.150170 -0.561106 -3.091040
v 58.383533 -91.604874 106.882614
vn 3.150192 3.095750 0.534558
v 58.383533 -161.623184 40.172661
vn 3.149998 -0.534838 -3.095694
v 58.383533 -94.415466 107.380371
vn 3.133450 -3.095634 -0.535248
v 58.383533 -163.592529 39.823883
vn 3.133337 0.535073 3.095664
v 58.383533 -94.066696 109.349724
vn 3.124685 -3.102010 -0.496423
v 58.383533 -163.603638 39.889725
vn 3.157821 3.102057 0.496073
v 58.383533 -161.628723 40.205582
vn 3.158653 3.109900 0.444372
v 58.383533 -161.633728 40.238594
vn 3.124800 0.496248 3.102039
v 58.383533 -94.132538 109.360825
vn 3.158234 -0.496014 -3.102069
v 58.383533 -94.448395 107.385918
vn 3.124740 -3.109946 -0.443996
v 58.383533 -163.613632 39.955750
vn 3.124866 0.444196 3.109920
v 58.383533 -94.198563 109.370819
vn 3.158204 -0.444373 -3.109897
v 58.383533 -94.481407 107.390915
vn 3.133416 -3.115345 -0.405055
v 58.383533 -163.622513 40.021935
vn 3.149784 3.115341 0.405078
v 58.383533 -161.638168 40.271683
vn 3.133284 0.405250 3.115318
v 58.383533 -94.264740 109.379707
vn 3.150013 -0.405428 -3.115303
v 58.383533 -94.514496 107.395363
vn 3.133191 0.379210 3.118594
v 58.383533 -97.096725 109.736145
vn 3.149980 -0.379231 -3.118592
v 58.383533 -97.346481 107.751801
vn 3.133189 -3.118594 -0.379214
v 58.383533 -163.978958 42.853920
vn 3.149982 3.118591 0.379234
v 58.383533 -161.994614 43.103676
vn 3.125036 0.340261 3.123003
v 58.383533 -97.163048 109.743927
vn 3.158149 -0.340299 -3.122990
v 58.383533 -97.379639 107.755692
vn 3.125050 -3.123001 -0.340279
v 58.383533 -163.986740 42.920242
vn 3.158148 3.122990 0.340299
v 58.383533 -161.998505 43.136833
vn 3.158577 3.128252 0.287879
v 58.383533 -162.001846 43.170052
vn 3.124849 0.288218 3.128232
v 58.383533 -97.229492 109.750610
vn 3.158366 -0.288204 -3.128215
v 58.383533 -97.412857 107.759033
vn 3.124835 -3.128231 -0.288236
v 58.383533 -163.993423 42.986679
vn 3.133210 0.248900 3.131690
v 58.383533 -97.296036 109.756180
vn 3.149955 -0.248871 -3.131692
v 58.383533 -97.446136 107.761818
vn 3.133210 -3.131689 -0.248900
v 58.383533 -163.998993 43.053223
vn 3.149746 3.131710 0.248543
v 58.383533 -162.004623 43.203323
vn 3.133025 -3.133685 -0.222353
v 58.383533 -164.213211 45.899506
vn 3.149935 3.133661 0.222710
v 58.383533 -162.218842 46.049606
vn 3.133139 0.222531 3.133673
v 58.383533 -100.142319 109.970398
vn 3.149935 -0.222710 -3.133661
v 58.383533 -100.292419 107.976036
vn 3.125333 -3.136129 -0.183425
v 58.383533 -164.217651 45.966125
vn 3.158086 3.136087 0.183781
v 58.383533 -162.221069 46.082916
vn 3.125107 0.183434 3.136127
v 58.383533 -100.208939 109.974846
vn 3.158298 -0.131023 -3.138732
v 58.383533 -100.359070 107.979935
vn 3.158301 -0.183442 -3.136114
v 58.383533 -100.325729 107.978264
vn 3.124787 0.131199 3.138741
v 58.383533 -100.275627 109.978195
vn 3.149920 -0.091731 -3.140226
v 58.383533 -100.392441 107.981049
vn 3.124675 -3.138732 -0.131369
v 58.383533 -164.221008 46.032822
vn 3.158504 3.138724 0.131375
v 58.383533 -162.222748 46.116264
vn 3.133262 0.091737 3.140226
v 58.383533 -100.342361 109.980423
vn 3.133253 -3.140226 -0.091733
v 58.383533 -164.223236 46.099556
vn 3.149930 3.140225 0.091739
v 58.383533 -162.223862 46.149628
vn 3.149718 3.140867 0.065889
v 58.383533 -162.295319 49.003067
vn 3.133238 -3.140882 -0.065527
v 58.383533 -164.294693 48.952988
vn 3.133233 0.065529 3.140882
v 58.383533 -103.195801 110.051888
vn 3.149951 -0.065529 -3.140882
v 58.383533 -103.245880 108.052513
vn 3.124917 -3.141374 -0.026203
v 58.383533 -164.295807 49.019753
vn 3.158505 3.141359 0.026565
v 58.383533 -162.295883 49.036446
vn 3.158506 3.141360 -0.026565
v 58.383533 -162.295883 49.069832
vn 3.124909 0.026200 3.141373
v 58.383533 -103.262573 110.053001
vn 3.158275 -0.026200 -3.141365
v 58.383533 -103.279266 108.053070
vn 3.124910 -3.141374 0.026203
v 58.383533 -164.295807 49.086525
vn 3.124917 -0.026203 3.141374
v 58.383533 -103.329346 110.053001
vn 3.158276 0.026206 -3.141365
v 58.383533 -103.312653 108.053070
vn 3.133238 -3.140882 0.065527
v 58.383533 -164.294693 49.153290
vn 3.149717 3.140876 -0.065889
v 58.383533 -162.295319 49.103210
vn 3.133236 -0.065532 3.140882
v 58.383533 -103.396111 110.051888
vn 3.149948 0.065534 -3.140873
v 58.383533 -103.346031 108.052513
vn 3.133263 -3.140225 0.091727
v 58.383533 -164.223236 52.006721
vn 3.149930 3.140217 -0.091738
v 58.383533 -162.223862 51.956650
vn 3.133262 -0.091737 3.140225
v 58.383533 -106.249550 109.980423
vn 3.149920 0.091731 -3.140226
v 58.383533 -106.199471 107.981049
vn 3.124666 -3.138732 0.131372
v 58.383533 -164.221008 52.073463
vn 3.158507 3.138723 -0.131375
v 58.383533 -162.222748 51.990013
vn 3.124787 -0.131199 3.138741
v 58.383533 -106.316284 109.978195
vn 3.158287 0.131005 -3.138741
v 58.383533 -106.232841 107.979935
vn 3.125335 -3.136129 0.183434
v 58.383533 -164.217651 52.140152
vn 3.158083 3.136097 -0.183782
v 58.383533 -162.221069 52.023361
vn 3.124997 -0.183600 3.136114
v 58.383533 -106.382973 109.974846
vn 3.158312 0.183423 -3.136106
v 58.383533 -106.266190 107.978264
vn 3.133029 -3.133685 0.222353
v 58.383533 -164.213211 52.206772
vn 3.149932 3.133661 -0.222710
v 58.383533 -162.218842 52.056671
vn 3.133245 -0.222699 3.133662
v 58.383533 -106.449600 109.970390
vn 3.149933 0.222711 -3.133661
v 58.383533 -106.299500 107.976036
vn 3.149992 0.248931 -3.131687
v 58.383533 -109.145767 107.761818
vn 3.133212 -3.131689 0.248900
v 58.383533 -163.998993 55.053055
vn 3.149748 3.131710 -0.248543
v 58.383533 -162.004623 54.902954
vn 3.133324 -0.248723 3.131705
v 58.383533 -109.295868 109.756172
vn 3.158307 0.288229 -3.128224
v 58.383533 -109.179031 107.759033
vn 3.124832 -3.128231 0.288236
v 58.383533 -163.993423 55.119598
vn 3.158578 3.128252 -0.287879
v 58.383533 -162.001846 54.936226
vn 3.158122 3.122995 -0.340257
v 58.383533 -161.998505 54.969444
vn 3.124721 -0.288058 3.128246
v 58.383533 -109.362411 109.750610
vn 3.125047 -3.123001 0.340279
v 58.383533 -163.986740 55.186035
vn 3.150009 3.118597 -0.379193
v 58.383533 -161.994614 55.002609
vn 3.125053 -0.340279 3.123001
v 58.383533 -109.428848 109.743927
vn 3.158170 0.340262 -3.122984
v 58.383533 -109.212257 107.755692
vn 3.133188 -3.118594 0.379214
v 58.383533 -163.978958 55.252357
vn 3.133189 -0.379213 3.118594
v 58.383533 -109.495171 109.736145
vn 3.149983 0.379234 -3.118591
v 58.383533 -109.245415 107.751801
vn 3.149781 3.115341 -0.405078
v 58.383533 -161.638168 57.834595
vn 3.149785 0.405078 -3.115350
v 58.383533 -112.077415 107.395355
vn 3.133416 -3.115345 0.405055
v 58.383533 -163.622513 58.084343
vn 3.133290 -0.405253 3.115318
v 58.383533 -112.327171 109.379700
vn 3.158432 0.444019 -3.109935
v 58.383533 -112.110504 107.390915
vn 3.124734 -3.109946 0.443996
v 58.383533 -163.613632 58.150528
vn 3.158656 3.109890 -0.444371
v 58.383533 -161.633728 57.867683
vn 3.157823 3.102066 -0.496074
v 58.383533 -161.628723 57.900696
vn 3.124853 -0.444223 3.109916
v 58.383533 -112.393349 109.370811
vn 3.158275 0.496074 -3.102068
v 58.383533 -112.143517 107.385918
vn 3.124688 -3.102010 0.496423
v 58.383533 -163.603638 58.216553
vn 3.150192 3.095751 -0.534558
v 58.383533 -161.623184 57.933617
vn 3.124949 -0.496071 3.102069
v 58.383533 -112.459366 109.360817
vn 3.133450 -3.095634 0.535248
v 58.383533 -163.592529 58.282394
vn 3.133206 -0.534873 3.095697
v 58.383533 -112.525215 109.349724
vn 3.149964 0.534901 -3.095683
v 58.383533 -112.176437 107.380371
vn 3.133261 -3.091119 0.560729
v 58.383533 -163.094772 61.092987
vn 3.149673 3.091188 -0.560358
v 58.383533 -161.125412 60.744209
vn 3.133264 -0.560733 3.091118
v 58.383533 -115.335808 108.851959
vn 3.149900 0.560701 -3.091124
v 58.383533 -114.987030 106.882607
vn 3.124836 -3.083759 0.599450
v 58.383533 -163.082581 61.158638
vn 3.158846 3.083743 -0.599449
v 58.383533 -161.119324 60.777039
vn 3.124855 -0.599415 3.083766
v 58.383533 -115.401459 108.839767
vn 3.158352 0.599380 -3.083754
v 58.383533 -115.019859 106.876511
vn 3.124975 -3.073331 0.650816
v 58.383533 -163.069290 61.224075
vn 3.157953 3.073245 -0.651194
v 58.383533 -161.112671 60.809753
vn 3.149975 3.065030 -0.689179
v 58.383533 -161.105484 60.842354
vn 3.124956 -0.650781 3.073337
v 58.383533 -115.466904 108.826477
vn 3.158222 0.650779 -3.073329
v 58.383533 -115.052582 106.869865
vn 3.133212 -3.065040 0.689180
v 58.383533 -163.054916 61.289276
vn 3.133209 -0.689181 3.065039
v 58.383533 -115.532104 108.812103
vn 3.149838 0.714652 -3.059201
v 58.383533 -117.867325 106.224838
vn 3.149977 0.689186 -3.065037
v 58.383533 -115.085182 106.862679
vn 3.133118 -3.059121 0.714986
v 58.383533 -162.417084 64.071434
vn 3.149567 3.059302 -0.714227
v 58.383533 -160.467651 63.624504
vn 3.133119 -0.714987 3.059121
v 58.383533 -118.314255 108.174271
vn 3.125129 -3.049894 0.753050
v 58.383533 -162.401611 64.136391
vn 3.158992 3.049893 -0.752962
v 58.383533 -160.459930 63.656990
vn 3.125075 -0.753137 3.049871
v 58.383533 -118.379211 108.158798
vn 3.158333 0.752795 -3.049943
v 58.383533 -117.899803 106.217110
vn 3.124849 -0.803742 3.036926
v 58.383533 -118.443893 108.142258
vn 3.158267 0.803648 -3.036942
v 58.383533 -117.932144 106.208839
vn 3.124794 -3.036946 0.803655
v 58.383533 -162.385071 64.201088
vn 3.157725 3.036848 -0.803991
v 58.383533 -160.451645 63.689339
vn 3.133236 -0.841796 3.026683
v 58.383533 -118.508301 108.124634
vn 3.149939 0.867044 -3.019547
v 58.383533 -120.711090 105.423714
vn 3.150006 0.841706 -3.026698
v 58.383533 -117.964355 106.200027
vn 3.133235 -3.026680 0.841805
v 58.383533 -162.367447 64.265495
vn 3.150169 3.026772 -0.841470
v 58.383533 -160.442841 63.721542
vn 3.133313 -3.019574 0.866952
v 58.383533 -161.591125 67.012222
vn 3.149717 3.019635 -0.866715
v 58.383533 -159.666519 66.468277
vn 3.158665 3.008389 -0.904666
v 58.383533 -159.657181 66.500320
vn 3.133197 -0.867109 3.019528
v 58.383533 -121.255035 107.348328
vn 3.124892 -3.008432 0.904575
v 58.383533 -161.572433 67.076324
vn 3.124897 -0.904904 3.008332
v 58.383533 -121.319138 107.329628
vn 3.157922 0.954790 -2.992869
v 58.383533 -120.775024 105.404480
vn 3.158448 0.904994 -3.008285
v 58.383533 -120.743134 105.414368
vn 3.124820 -2.992872 0.954789
v 58.383533 -161.552673 67.140106
vn 3.157922 2.992869 -0.954790
v 58.383533 -159.647293 66.532211
vn 3.124930 -0.954953 2.992822
v 58.383533 -121.382919 107.309860
vn 3.150136 0.991970 -2.980842
v 58.383533 -120.806747 105.394073
vn 3.133258 -2.980735 0.992295
v 58.383533 -161.531845 67.203552
vn 3.150140 2.980842 -0.991971
v 58.383533 -159.636887 66.563934
vn 3.133264 -0.992294 2.980736
v 58.383533 -121.446365 107.289032
vn 3.149958 1.017139 -2.972349
v 58.383533 -123.511185 104.481232
vn 3.133266 -2.972368 1.017085
v 58.383533 -160.619003 69.907982
vn 3.149954 2.972341 -1.017138
v 58.383533 -158.724045 69.268364
vn 3.133228 -1.017139 2.972349
v 58.383533 -124.150803 106.376190
vn 3.158286 1.054271 -2.959286
v 58.383533 -123.542725 104.470291
vn 3.124822 -2.959293 1.054276
v 58.383533 -160.597122 69.971069
vn 3.158504 2.959170 -1.054587
v 58.383533 -158.713104 69.299904
vn 3.124893 -1.054274 2.959295
v 58.383533 -124.213882 106.354309
vn 3.158229 1.103440 -2.941307
v 58.383533 -123.574081 104.458824
vn 3.124996 -2.941294 1.103501
v 58.383533 -160.574188 70.033775
vn 3.157800 2.941320 -1.103447
v 58.383533 -158.701630 69.331261
vn 3.125038 -1.103323 2.941361
v 58.383533 -124.276596 106.331375
vn 3.133211 -2.927357 1.140181
v 58.383533 -160.550217 70.096092
vn 3.150189 2.927469 -1.139865
v 58.383533 -158.689651 69.362419
vn 3.150142 2.917606 -1.164927
v 58.383533 -157.642578 72.017761
vn 3.133124 -1.140065 2.927400
v 58.383533 -124.338928 106.307404
vn 3.149982 1.140187 -2.927345
v 58.383533 -123.605240 104.446838
vn 3.133298 -2.917748 1.164553
v 58.383533 -159.503143 72.751434
vn 3.133157 -1.164774 2.917658
v 58.383533 -126.994263 105.260323
vn 3.158394 1.200911 -2.902861
v 58.383533 -126.291534 103.387245
vn 3.149839 1.164499 -2.917769
v 58.383533 -126.260574 103.399750
vn 3.124787 -2.902826 1.201045
v 58.383533 -159.478134 72.813347
vn 3.157887 2.902824 -1.201044
v 58.383533 -157.630066 72.048714
vn 3.124997 -1.201175 2.902776
v 58.383533 -127.056168 105.235306
vn 3.125000 -1.249176 2.882443
v 58.383533 -127.117645 105.209267
vn 3.158156 1.249178 -2.882434
v 58.383533 -126.322281 103.374222
vn 3.124954 -2.882340 1.249413
v 58.383533 -159.452087 72.874832
vn 3.158483 2.882488 -1.249041
v 58.383533 -157.617050 72.079460
vn 3.133135 -1.285205 2.866649
v 58.383533 -127.178696 105.182205
vn 3.149905 1.309191 -2.855776
v 58.383533 -128.952393 102.181999
vn 3.150057 1.285188 -2.866657
v 58.383533 -126.352798 103.360695
vn 3.133242 -2.866583 1.285355
v 58.383533 -159.425018 72.935883
vn 3.149940 2.866583 -1.285355
v 58.383533 -157.603516 72.109985
vn 3.150320 2.855502 -1.309781
v 58.383533 -156.424820 74.709579
vn 3.133279 -2.855776 1.309191
v 58.383533 -158.246323 75.535477
vn 3.133279 -1.309191 2.855776
v 58.383533 -129.778290 104.003510
vn 3.124709 -2.838989 1.345008
v 58.383533 -158.218246 75.596054
vn 3.157942 2.838778 -1.345445
v 58.383533 -156.410767 74.739868
vn 3.158251 2.816184 -1.392112
v 58.383533 -156.396225 74.769913
vn 3.124813 -1.344863 2.839059
v 58.383533 -129.838867 103.975433
vn 3.157740 1.391973 -2.816260
v 58.383533 -129.012726 102.153412
vn 3.158562 1.345145 -2.838912
v 58.383533 -128.982681 102.167961
vn 3.125190 -2.816226 1.392052
v 58.383533 -158.189148 75.656158
vn 3.124935 -1.392121 2.816189
v 58.383533 -129.898972 103.946342
vn 3.133098 -2.798748 1.427038
v 58.383533 -158.159073 75.715767
vn 3.149930 2.798636 -1.427239
v 58.383533 -156.381180 74.799721
vn 3.133249 -1.427252 2.798639
v 58.383533 -129.958588 103.916252
vn 3.150244 1.426827 -2.798863
v 58.383533 -129.042542 102.138374
vn 3.617364 -2.967139 0.719463
v 58.383533 -157.295959 77.390907
vn 2.665827 2.967144 -0.719455
v 58.383533 -155.295959 76.905960
vn 3.617364 -0.719463 2.967139
v 58.383533 -131.633728 103.053139
vn 2.665820 0.719465 -2.967138
v 58.383533 -131.148773 101.053139
vn 3.150976 0.014740 -3.141524
v 58.383533 -143.295959 101.053139
vn 3.150976 3.141518 -0.014740
v 58.383533 -155.295959 89.053139
vn 3.132207 -0.014740 3.141524
v 58.383533 -143.295959 103.053139
vn 3.160161 0.058641 -3.140905
v 58.383533 -143.333359 101.052788
vn 3.132207 -3.141521 0.014740
v 58.383533 -157.295959 89.053139
vn 3.160359 3.140895 -0.058952
v 58.383533 -155.295609 89.090538
vn 3.122925 -0.058801 3.140903
v 58.383533 -143.370758 103.052437
vn 3.160579 0.117611 -3.139244
v 58.383533 -143.370743 101.051743
vn 3.122825 -3.140906 0.058956
v 58.383533 -157.295258 89.127937
vn 3.159976 3.139265 -0.117283
v 58.383533 -155.294556 89.127930
vn 3.122908 -0.117452 3.139265
v 58.383533 -143.445526 103.050339
vn 3.123016 -3.139261 0.117592
v 58.383533 -157.293152 89.202713
vn 3.132227 -0.161460 3.137413
v 58.383533 -143.520233 103.046844
vn 3.150746 0.161780 -3.137387
v 58.383533 -143.408096 101.049988
vn 3.132217 -3.137406 0.161456
v 58.383533 -157.289658 89.277435
vn 3.151161 3.137421 -0.161151
v 58.383533 -155.292816 89.165283
vn 3.160430 3.134710 -0.205687
v 58.383533 -155.229935 90.284927
vn 3.122900 -0.205438 3.134732
v 58.383533 -144.639877 102.983971
vn 3.160334 0.205517 -3.134723
v 58.383533 -144.527740 100.987114
vn 3.122950 -3.134738 0.205381
v 58.383533 -157.226776 90.397079
vn 3.104091 -3.127324 0.293246
v 58.383533 -157.215607 90.546234
vn 3.178897 3.127298 -0.293552
v 58.383533 -155.224335 90.359512
vn 3.178847 3.114185 -0.409906
v 58.383533 -155.215958 90.433830
vn 3.104148 -0.293295 3.127319
v 58.383533 -144.789047 102.972794
vn 3.179047 0.409863 -3.114184
v 58.383533 -144.676651 100.973152
vn 3.178886 0.293217 -3.127331
v 58.383533 -144.602325 100.981522
vn 3.104242 -3.114166 0.410051
v 58.383533 -157.198853 90.694870
vn 3.160386 3.101880 -0.497070
v 58.383533 -155.204819 90.507782
vn 3.104241 -0.410021 3.114169
v 58.383533 -144.937698 102.956039
vn 3.122894 -3.101858 0.497213
v 58.383533 -157.176559 90.842781
vn 3.160213 3.092041 -0.555007
v 58.383533 -155.016983 91.613342
vn 3.122881 -0.497210 3.101859
v 58.383533 -145.085617 102.933746
vn 3.160305 0.497210 -3.101856
v 58.383533 -144.750610 100.962006
vn 3.122953 -3.092036 0.555034
v 58.383533 -156.988724 91.948349
vn 3.179123 3.074831 -0.641500
v 58.383533 -155.003082 91.686844
vn 3.122908 -0.555120 3.092020
v 58.383533 -146.191193 102.745903
vn 3.160346 0.555227 -3.092000
v 58.383533 -145.856186 100.774162
vn 3.104103 -3.074837 0.641496
v 58.383533 -156.960922 92.095337
vn 3.179000 3.048645 -0.756232
v 58.383533 -154.986435 91.759766
vn 3.104159 -0.641567 3.074825
v 58.383533 -146.338181 102.718094
vn 3.178983 0.641713 -3.074790
v 58.383533 -145.929672 100.760254
vn 3.104163 -3.048664 0.756200
v 58.383533 -156.927628 92.241196
vn 3.104206 -0.756117 3.048679
v 58.383533 -146.484009 102.684807
vn 3.178901 0.756084 -3.048690
v 58.383533 -146.002594 100.743607
vn 3.122900 -0.841402 3.026679
v 58.383533 -146.628510 102.646088
vn 3.160336 0.841327 -3.026697
v 58.383533 -146.074844 100.724251
vn 3.122949 -3.026659 0.841477
v 58.383533 -156.888901 92.385696
vn 3.160234 3.026660 -0.841471
v 58.383533 -154.967072 91.832016
vn 3.160334 3.010408 -0.897895
v 58.383533 -154.656631 92.909607
vn 3.122854 -0.897899 3.010402
v 58.383533 -147.706085 102.335648
vn 3.160332 0.897899 -3.010402
v 58.383533 -147.152420 100.413811
vn 3.122869 -3.010408 0.897877
v 58.383533 -156.578461 93.463272
vn 3.104239 -0.981837 2.983649
v 58.383533 -147.849030 102.291550
vn 3.179013 0.981938 -2.983618
v 58.383533 -147.223892 100.391762
vn 3.104207 -2.983647 0.981840
v 58.383533 -156.534363 93.606224
vn 3.178981 2.983629 -0.981886
v 58.383533 -154.634583 92.981079
vn 3.104160 -1.092690 2.944858
v 58.383533 -147.990234 102.242142
vn 3.160363 1.174904 -2.913475
v 58.383533 -147.364105 100.339737
vn 3.178871 1.092664 -2.944868
v 58.383533 -147.294479 100.367058
vn 3.104263 -2.944897 1.092590
v 58.383533 -156.484955 93.747421
vn 3.178999 2.944831 -1.092753
v 58.383533 -154.609879 93.051674
vn 3.122914 -1.175019 2.913430
v 58.383533 -148.129471 102.187492
vn 3.122821 -2.913472 1.174911
v 58.383533 -156.430313 93.886673
vn 3.160270 2.913419 -1.175046
v 58.383533 -154.582550 93.121300
vn 3.122893 -1.229256 2.890964
v 58.383533 -149.165527 101.758347
vn 3.179110 1.309712 -2.854956
v 58.383533 -148.468719 99.880676
vn 3.160237 1.229198 -2.890989
v 58.383533 -148.400162 99.910583
vn 3.122953 -2.890986 1.229206
v 58.383533 -156.001160 94.922714
vn 3.160276 2.890961 -1.229260
v 58.383533 -154.153397 94.157349
vn 3.104167 -1.309715 2.854960
v 58.383533 -149.302643 101.698524
vn 3.104093 -2.854974 1.309682
v 58.383533 -155.941345 95.059830
vn 3.179025 2.854960 -1.309708
v 58.383533 -154.123489 94.225899
vn 3.104223 -1.415536 2.804002
v 58.383533 -149.437408 101.633621
vn 3.160403 1.493668 -2.763634
v 58.383533 -148.602234 99.813278
vn 3.178820 1.415475 -2.804034
v 58.383533 -148.536102 99.848221
vn 3.104229 -2.803967 1.415603
v 58.383533 -155.876434 95.194603
vn 3.178864 2.804066 -1.415413
v 58.383533 -154.091034 94.293289
vn 3.160405 2.763634 -1.493668
v 58.383533 -154.056091 94.359421
vn 3.122877 -1.493786 2.763574
v 58.383533 -149.569672 101.563721
vn 3.122899 -2.763556 1.493823
v 58.383533 -155.806534 95.326859
vn 3.122866 -1.545257 2.735126
v 58.383533 -150.551147 101.021278
vn 3.160313 1.545266 -2.735123
v 58.383533 -149.583710 99.270828
vn 3.122868 -2.735125 1.545261
v 58.383533 -155.264084 96.308342
vn 3.160313 2.735121 -1.545265
v 58.383533 -153.513641 95.340897
vn 3.178976 2.690355 -1.621166
v 58.383533 -153.476242 95.405670
vn 3.104266 -2.690402 1.621086
v 58.383533 -155.189285 96.437889
vn 3.104248 -1.621106 2.690387
v 58.383533 -150.680695 100.946480
vn 3.178923 1.621090 -2.690394
v 58.383533 -149.648483 99.233429
vn 3.104098 -2.627886 1.720568
v 58.383533 -155.109711 96.564545
vn 3.178940 2.627916 -1.720541
v 58.383533 -153.436447 95.469002
vn 3.160335 2.578969 -1.793784
v 58.383533 -153.394318 95.530800
vn 3.104118 -1.720590 2.627873
v 58.383533 -150.807358 100.866898
vn 3.178995 1.720468 -2.627960
v 58.383533 -149.711823 99.193634
vn 3.122939 -2.578897 1.793888
v 58.383533 -155.025436 96.688141
vn 3.122940 -1.793888 2.578898
v 58.383533 -150.930954 100.782623
vn 3.160328 1.841782 -2.544912
v 58.383533 -150.688202 98.502579
vn 3.160331 1.793782 -2.578977
v 58.383533 -149.773621 99.151505
vn 3.122909 -2.544960 1.841717
v 58.383533 -154.376511 97.602722
vn 3.160325 2.544909 -1.841787
v 58.383533 -152.745392 96.445374
vn 3.122858 -1.841782 2.544912
v 58.383533 -151.845535 100.133698
vn 3.104147 -2.491948 1.912158
v 58.383533 -154.287689 97.723076
vn 3.178911 2.491980 -1.912127
v 58.383533 -152.700974 96.505554
vn 3.104275 -1.912125 2.491977
v 58.383533 -151.965897 100.044861
vn 3.178840 2.004030 -2.418684
v 58.383533 -150.806854 98.411522
vn 3.179053 1.912304 -2.491841
v 58.383533 -150.748383 98.458160
vn 3.104259 -2.418727 2.003981
v 58.383533 -154.194412 97.840034
vn 3.178974 2.418836 -2.003841
v 58.383533 -152.654343 96.564034
vn 3.104134 -2.003935 2.418759
v 58.383533 -152.082855 99.951599
vn 3.122856 -2.361906 2.071265
v 58.383533 -154.096848 97.953415
vn 3.160368 2.361935 -2.071231
v 58.383533 -152.605560 96.620728
vn 3.122900 -2.071317 2.361862
v 58.383533 -152.196243 99.854019
vn 3.160347 2.071230 -2.361933
v 58.383533 -150.863556 98.362732
vn 3.122902 -2.322734 2.115102
v 58.383533 -153.349594 98.789589
vn 3.160244 2.322764 -2.115065
v 58.383533 -151.858307 97.456894
vn 3.122899 -2.115104 2.322731
v 58.383533 -153.032410 99.106773
vn 3.160399 2.115221 -2.322622
v 58.383533 -151.699722 97.615494
vn 3.104182 -2.262204 2.179126
v 58.383533 -153.247849 98.899246
vn 3.179034 2.262245 -2.179090
v 58.383533 -151.807434 97.511726
vn 3.104187 -2.179128 2.262201
v 58.383533 -153.142075 99.005020
vn 3.178890 2.179250 -2.262085
v 58.383533 -151.754547 97.564613
# 2720 vertices, 0 vertices normals

f 1//1 2//2 3//3
f 3//3 4//4 1//1
f 2//2 5//5 3//3
f 3//3 6//6 4//4
f 5//5 7//7 3//3
f 3//3 8//8 6//6
f 7//7 9//9 3//3
f 3//3 10//10 8//8
f 9//9 11//11 3//3
f 3//3 12//12 10//10
f 11//11 13//13 3//3
f 3//3 14//14 12//12
f 13//13 15//15 3//3
f 3//3 16//16 14//14
f 15//15 17//17 3//3
f 3//3 18//18 16//16
f 17//17 19//19 3//3
f 3//3 20//20 18//18
f 19//19 21//21 3//3
f 3//3 22//22 20//20
f 21//21 23//23 3//3
f 3//3 24//24 22//22
f 23//23 25//25 3//3
f 3//3 26//26 24//24
f 25//25 27//27 3//3
f 3//3 28//28 26//26
f 27//27 29//29 3//3
f 29//29 30//30 3//3
f 30//30 31//31 3//3
f 32//32 33//33 34//34
f 34//34 33//33 35//35
f 35//35 33//33 36//36
f 36//36 33//33 37//37
f 37//37 33//33 38//38
f 38//38 33//33 39//39
f 39//39 33//33 40//40
f 40//40 33//33 41//41
f 41//41 33//33 42//42
f 42//42 33//33 43//43
f 43//43 33//33 44//44
f 44//44 33//33 45//45
f 45//45 33//33 46//46
f 46//46 33//33 47//47
f 33//33 48//48 47//47
f 33//33 49//49 48//48
f 33//33 50//50 49//49
f 33//33 51//51 50//50
f 33//33 52//52 51//51
f 33//33 53//53 52//52
f 33//33 54//54 53//53
f 33//33 55//55 54//54
f 33//33 56//56 55//55
f 33//33 57//57 56//56
f 58//58 59//59 60//60
f 60//60 59//59 61//61
f 61//61 59//59 62//62
f 62//62 59//59 63//63
f 63//63 59//59 64//64
f 64//64 59//59 65//65
f 65//65 59//59 66//66
f 66//66 59//59 67//67
f 67//67 59//59 68//68
f 68//68 59//59 69//69
f 69//69 59//59 70//70
f 70//70 59//59 71//71
f 71//71 59//59 72//72
f 72//72 59//59 73//73
f 73//73 59//59 74//74
f 74//74 59//59 75//75
f 75//75 59//59 76//76
f 76//76 59//59 77//77
f 77//77 59//59 78//78
f 78//78 59//59 79//79
f 79//79 59//59 80//80
f 80//80 59//59 81//81
f 81//81 59//59 82//82
f 82//82 59//59 83//83
f 58//58 84//84 59//59
f 33//33 85//85 57//57
f 84//84 86//86 59//59
f 33//33 87//87 85//85
f 86//86 88//88 59//59
f 88//88 89//89 59//59
f 89//89 90//90 59//59
f 90//90 91//91 59//59
f 91//91 92//92 59//59
f 93//93 92//92 94//94
f 94//94 92//92 95//95
f 95//95 92//92 96//96
f 96//96 92//92 97//97
f 97//97 92//92 98//98
f 98//98 92//92 99//99
f 99//99 92//92 100//100
f 100//100 92//92 101//101
f 101//101 92//92 102//102
f 102//102 92//92 103//103
f 103//103 92//92 104//104
f 104//104 92//92 105//105
f 105//105 92//92 106//106
f 106//106 92//92 107//107
f 107//107 92//92 108//108
f 108//108 92//92 109//109
f 109//109 92//92 110//110
f 110//110 92//92 111//111
f 111//111 92//92 112//112
f 112//112 92//92 113//113
f 113//113 92//92 114//114
f 114//114 92//92 115//115
f 115//115 92//92 116//116
f 116//116 92//92 91//91
f 33//33 92//92 117//117
f 33//33 117//117 118//118
f 33//33 118//118 119//119
f 33//33 119//119 120//120
f 33//33 120//120 87//87
f 117//117 92//92 121//121
f 121//121 92//92 122//122
f 122//122 92//92 123//123
f 123//123 92//92 124//124
f 124//124 92//92 125//125
f 125//125 92//92 126//126
f 126//126 92//92 127//127
f 127//127 92//92 93//93
f 3//3 33//33 128//128
f 3//3 128//128 129//129
f 3//3 129//129 28//28
f 128//128 33//33 130//130
f 130//130 33//33 32//32
f 59//59 3//3 31//31
f 59//59 31//31 83//83
f 131//131 92//92 33//33
f 131//131 132//132 92//92
f 133//133 59//59 92//92
f 133//133 92//92 132//132
f 3//3 134//134 33//33
f 33//33 134//134 131//131
f 59//59 134//134 3//3
f 133//133 134//134 59//59
f 135//135 117//117 136//136
f 136//136 121//121 137//137
f 117//117 121//121 136//136
f 121//121 122//122 137//137
f 137//137 123//123 138//138
f 138//138 123//123 139//139
f 122//122 123//123 137//137
f 123//123 124//124 139//139
f 139//139 125//125 140//140
f 124//124 125//125 139//139
f 140//140 126//126 141//141
f 141//141 126//126 142//142
f 125//125 126//126 140//140
f 142//142 127//127 143//143
f 126//126 127//127 142//142
f 127//127 93//93 143//143
f 143//143 94//94 144//144
f 93//93 94//94 143//143
f 144//144 95//95 145//145
f 94//94 95//95 144//144
f 95//95 96//96 145//145
f 145//145 96//96 146//146
f 96//96 97//97 146//146
f 146//146 97//97 147//147
f 147//147 97//97 148//148
f 97//97 98//98 148//148
f 98//98 99//99 148//148
f 148//148 99//99 149//149
f 149//149 100//100 150//150
f 99//99 100//100 149//149
f 150//150 101//101 151//151
f 100//100 101//101 150//150
f 151//151 102//102 152//152
f 101//101 102//102 151//151
f 152//152 103//103 153//153
f 102//102 103//103 152//152
f 153//153 104//104 154//154
f 103//103 104//104 153//153
f 154//154 105//105 155//155
f 104//104 105//105 154//154
f 155//155 106//106 156//156
f 156//156 106//106 157//157
f 105//105 106//106 155//155
f 157//157 107//107 158//158
f 106//106 107//107 157//157
f 107//107 108//108 158//158
f 158//158 109//109 159//159
f 159//159 109//109 160//160
f 108//108 109//109 158//158
f 109//109 110//110 160//160
f 160//160 111//111 161//161
f 110//110 111//111 160//160
f 161//161 112//112 162//162
f 111//111 112//112 161//161
f 162//162 113//113 163//163
f 163//163 113//113 164//164
f 112//112 113//113 162//162
f 113//113 114//114 164//164
f 164//164 115//115 165//165
f 114//114 115//115 164//164
f 165//165 116//116 166//166
f 166//166 116//116 167//167
f 115//115 116//116 165//165
f 116//116 91//91 167//167
f 167//167 90//90 168//168
f 91//91 90//90 167//167
f 168//168 89//89 169//169
f 169//169 89//89 170//170
f 90//90 89//89 168//168
f 170//170 88//88 171//171
f 89//89 88//88 170//170
f 88//88 86//86 171//171
f 86//86 84//84 171//171
f 171//171 84//84 172//172
f 84//84 58//58 172//172
f 172//172 58//58 173//173
f 58//58 60//60 173//173
f 173//173 60//60 174//174
f 174//174 60//60 175//175
f 60//60 61//61 175//175
f 61//61 62//62 175//175
f 175//175 62//62 176//176
f 62//62 63//63 176//176
f 176//176 63//63 177//177
f 63//63 64//64 177//177
f 177//177 64//64 178//178
f 64//64 65//65 178//178
f 178//178 65//65 179//179
f 65//65 66//66 179//179
f 179//179 66//66 180//180
f 66//66 67//67 180//180
f 180//180 67//67 181//181
f 67//67 68//68 181//181
f 181//181 68//68 182//182
f 182//182 68//68 183//183
f 68//68 69//69 183//183
f 183//183 70//70 184//184
f 69//69 70//70 183//183
f 184//184 71//71 185//185
f 185//185 71//71 186//186
f 70//70 71//71 184//184
f 71//71 72//72 186//186
f 186//186 73//73 187//187
f 72//72 73//73 186//186
f 187//187 74//74 188//188
f 73//73 74//74 187//187
f 188//188 75//75 189//189
f 189//189 75//75 190//190
f 74//74 75//75 188//188
f 190//190 76//76 191//191
f 75//75 76//76 190//190
f 76//76 77//77 191//191
f 191//191 78//78 192//192
f 192//192 78//78 193//193
f 77//77 78//78 191//191
f 78//78 79//79 193//193
f 193//193 80//80 194//194
f 79//79 80//80 193//193
f 194//194 81//81 195//195
f 80//80 81//81 194//194
f 195//195 82//82 196//196
f 196//196 82//82 197//197
f 81//81 82//82 195//195
f 82//82 83//83 197//197
f 83//83 31//31 197//197
f 197//197 31//31 198//198
f 198//198 31//31 199//199
f 31//31 30//30 199//199
f 199//199 30//30 200//200
f 30//30 29//29 200//200
f 29//29 27//27 200//200
f 200//200 27//27 201//201
f 201//201 27//27 202//202
f 27//27 25//25 202//202
f 25//25 23//23 202//202
f 202//202 23//23 203//203
f 203//203 23//23 204//204
f 23//23 21//21 204//204
f 21//21 19//19 204//204
f 204//204 19//19 205//205
f 19//19 17//17 205//205
f 205//205 17//17 206//206
f 206//206 17//17 207//207
f 17//17 15//15 207//207
f 15//15 13//13 207//207
f 207//207 13//13 208//208
f 13//13 11//11 208//208
f 208//208 11//11 209//209
f 209//209 11//11 210//210
f 11//11 9//9 210//210
f 210//210 9//9 211//211
f 9//9 7//7 211//211
f 211//211 7//7 212//212
f 7//7 5//5 212//212
f 212//212 5//5 213//213
f 5//5 2//2 213//213
f 2//2 1//1 213//213
f 213//213 1//1 214//214
f 214//214 1//1 215//215
f 1//1 4//4 215//215
f 4//4 6//6 215//215
f 215//215 6//6 216//216
f 6//6 8//8 216//216
f 216//216 8//8 217//217
f 217//217 8//8 218//218
f 8//8 10//10 218//218
f 218//218 12//12 219//219
f 10//10 12//12 218//218
f 219//219 14//14 220//220
f 220//220 14//14 221//221
f 12//12 14//14 219//219
f 14//14 16//16 221//221
f 221//221 18//18 222//222
f 16//16 18//18 221//221
f 18//18 20//20 222//222
f 222//222 20//20 223//223
f 223//223 20//20 224//224
f 20//20 22//22 224//224
f 22//22 24//24 224//224
f 224//224 24//24 225//225
f 24//24 26//26 225//225
f 225//225 26//26 226//226
f 226//226 26//26 227//227
f 26//26 28//28 227//227
f 28//28 129//129 227//227
f 227//227 129//129 228//228
f 129//129 128//128 228//228
f 228//228 128//128 229//229
f 128//128 130//130 229//229
f 229//229 130//130 230//230
f 130//130 32//32 230//230
f 230//230 32//32 231//231
f 32//32 34//34 231//231
f 231//231 34//34 232//232
f 232//232 34//34 233//233
f 34//34 35//35 233//233
f 35//35 36//36 233//233
f 233//233 36//36 234//234
f 234//234 37//37 235//235
f 235//235 37//37 236//236
f 36//36 37//37 234//234
f 236//236 38//38 237//237
f 37//37 38//38 236//236
f 38//38 39//39 237//237
f 237//237 40//40 238//238
f 39//39 40//40 237//237
f 238//238 41//41 239//239
f 40//40 41//41 238//238
f 239//239 42//42 240//240
f 41//41 42//42 239//239
f 240//240 43//43 241//241
f 42//42 43//43 240//240
f 241//241 44//44 242//242
f 43//43 44//44 241//241
f 242//242 45//45 243//243
f 243//243 45//45 244//244
f 44//44 45//45 242//242
f 45//45 46//46 244//244
f 244//244 47//47 245//245
f 46//46 47//47 244//244
f 245//245 48//48 246//246
f 246//246 48//48 247//247
f 47//47 48//48 245//245
f 247//247 49//49 248//248
f 48//48 49//49 247//247
f 49//49 50//50 248//248
f 50//50 51//51 248//248
f 248//248 51//51 249//249
f 249//249 51//51 250//250
f 51//51 52//52 250//250
f 250//250 53//53 251//251
f 52//52 53//53 250//250
f 251//251 54//54 252//252
f 53//53 54//54 251//251
f 252//252 54//54 253//253
f 54//54 55//55 253//253
f 253//253 56//56 254//254
f 55//55 56//56 253//253
f 254//254 57//57 255//255
f 56//56 57//57 254//254
f 255//255 85//85 256//256
f 57//57 85//85 255//255
f 256//256 87//87 257//257
f 85//85 87//87 256//256
f 257//257 120//120 258//258
f 87//87 120//120 257//257
f 258//258 119//119 259//259
f 120//120 119//119 258//258
f 259//259 118//118 260//260
f 119//119 118//118 259//259
f 118//118 117//117 260//260
f 260//260 117//117 135//135
f 132//132 131//131 134//134
f 132//132 134//134 133//133
f 214//214 261//261 213//213
f 262//262 261//261 214//214
f 215//215 263//263 214//214
f 216//216 263//263 215//215
f 214//214 263//263 262//262
f 261//261 264//264 213//213
f 213//213 264//264 212//212
f 216//216 265//265 263//263
f 217//217 265//265 216//216
f 264//264 266//266 212//212
f 212//212 266//266 211//211
f 218//218 267//267 217//217
f 217//217 267//267 265//265
f 266//266 268//268 211//211
f 211//211 268//268 210//210
f 218//218 269//269 267//267
f 268//268 270//270 210//210
f 210//210 270//270 209//209
f 218//218 271//271 269//269
f 219//219 271//271 218//218
f 270//270 272//272 209//209
f 209//209 272//272 208//208
f 219//219 273//273 271//271
f 220//220 273//273 219//219
f 221//221 273//273 220//220
f 272//272 274//274 208//208
f 208//208 274//274 207//207
f 221//221 275//275 273//273
f 274//274 276//276 207//207
f 207//207 276//276 206//206
f 221//221 277//277 275//275
f 222//222 277//277 221//221
f 223//223 277//277 222//222
f 276//276 278//278 206//206
f 206//206 278//278 205//205
f 223//223 279//279 277//277
f 278//278 280//280 205//205
f 205//205 280//280 204//204
f 223//223 281//281 279//279
f 224//224 281//281 223//223
f 204//204 282//282 203//203
f 280//280 282//282 204//204
f 224//224 283//283 281//281
f 225//225 283//283 224//224
f 203//203 284//284 202//202
f 282//282 284//284 203//203
f 225//225 285//285 283//283
f 226//226 285//285 225//225
f 227//227 285//285 226//226
f 201//201 286//286 200//200
f 202//202 286//286 201//201
f 284//284 286//286 202//202
f 227//227 287//287 285//285
f 286//286 288//288 200//200
f 227//227 289//289 287//287
f 228//228 289//289 227//227
f 199//199 290//290 198//198
f 200//200 290//290 199//199
f 288//288 290//290 200//200
f 228//228 291//291 289//289
f 229//229 291//291 228//228
f 290//290 292//292 198//198
f 230//230 293//293 229//229
f 229//229 293//293 291//291
f 292//292 294//294 198//198
f 198//198 294//294 197//197
f 230//230 295//295 293//293
f 231//231 295//295 230//230
f 232//232 295//295 231//231
f 294//294 296//296 197//197
f 197//197 296//296 196//196
f 232//232 297//297 295//295
f 196//196 298//298 195//195
f 296//296 298//298 196//196
f 232//232 299//299 297//297
f 233//233 299//299 232//232
f 298//298 300//300 195//195
f 195//195 300//300 194//194
f 233//233 301//301 299//299
f 234//234 301//301 233//233
f 300//300 302//302 194//194
f 194//194 302//302 193//193
f 234//234 303//303 301//301
f 235//235 303//303 234//234
f 302//302 304//304 193//193
f 193//193 304//304 192//192
f 236//236 305//305 235//235
f 235//235 305//305 303//303
f 304//304 306//306 192//192
f 191//191 306//306 190//190
f 192//192 306//306 191//191
f 237//237 307//307 236//236
f 238//238 307//307 237//237
f 236//236 307//307 305//305
f 306//306 308//308 190//190
f 190//190 308//308 189//189
f 238//238 309//309 307//307
f 189//189 310//310 188//188
f 308//308 310//310 189//189
f 239//239 311//311 238//238
f 238//238 311//311 309//309
f 310//310 312//312 188//188
f 240//240 313//313 239//239
f 241//241 313//313 240//240
f 239//239 313//313 311//311
f 188//188 314//314 187//187
f 312//312 314//314 188//188
f 242//242 315//315 241//241
f 241//241 315//315 313//313
f 187//187 316//316 186//186
f 314//314 316//316 187//187
f 242//242 317//317 315//315
f 186//186 318//318 185//185
f 316//316 318//318 186//186
f 243//243 319//319 242//242
f 242//242 319//319 317//317
f 243//243 244//244 319//319
f 185//185 320//320 184//184
f 318//318 320//320 185//185
f 244//244 321//321 319//319
f 320//320 183//183 184//184
f 320//320 322//322 183//183
f 245//245 323//323 244//244
f 244//244 323//323 321//321
f 322//322 182//182 183//183
f 324//324 182//182 322//322
f 245//245 325//325 323//323
f 245//245 246//246 325//325
f 324//324 326//326 182//182
f 246//246 327//327 325//325
f 326//326 181//181 182//182
f 246//246 247//247 327//327
f 247//247 328//328 327//327
f 326//326 180//180 181//181
f 329//329 180//180 330//330
f 330//330 180//180 326//326
f 247//247 248//248 328//328
f 329//329 179//179 180//180
f 248//248 249//249 328//328
f 328//328 249//249 331//331
f 329//329 178//178 179//179
f 332//332 178//178 329//329
f 331//331 250//250 333//333
f 333//333 250//250 334//334
f 249//249 250//250 331//331
f 332//332 177//177 178//178
f 335//335 177//177 332//332
f 334//334 251//251 336//336
f 250//250 251//251 334//334
f 335//335 176//176 177//177
f 337//337 176//176 335//335
f 251//251 252//252 336//336
f 338//338 175//175 337//337
f 337//337 175//175 176//176
f 336//336 253//253 339//339
f 339//339 253//253 340//340
f 252//252 253//253 336//336
f 341//341 174//174 338//338
f 338//338 174//174 175//175
f 253//253 254//254 340//340
f 342//342 173//173 341//341
f 341//341 173//173 174//174
f 340//340 255//255 343//343
f 343//343 255//255 344//344
f 254//254 255//255 340//340
f 345//345 172//172 346//346
f 346//346 172//172 342//342
f 342//342 172//172 173//173
f 255//255 256//256 344//344
f 345//345 171//171 172//172
f 256//256 257//257 344//344
f 344//344 257//257 347//347
f 345//345 170//170 171//171
f 348//348 170//170 345//345
f 257//257 258//258 347//347
f 347//347 258//258 349//349
f 348//348 169//169 170//170
f 350//350 169//169 351//351
f 351//351 169//169 348//348
f 258//258 259//259 349//349
f 349//349 259//259 352//352
f 350//350 168//168 169//169
f 352//352 260//260 353//353
f 353//353 260//260 354//354
f 259//259 260//260 352//352
f 350//350 167//167 168//168
f 355//355 167//167 350//350
f 260//260 135//135 354//354
f 356//356 166//166 357//357
f 357//357 166//166 355//355
f 355//355 166//166 167//167
f 354//354 136//136 358//358
f 358//358 136//136 359//359
f 135//135 136//136 354//354
f 360//360 165//165 356//356
f 356//356 165//165 166//166
f 359//359 137//137 361//361
f 136//136 137//137 359//359
f 360//360 164//164 165//165
f 137//137 138//138 361//361
f 360//360 163//163 164//164
f 362//362 163//163 363//363
f 363//363 163//163 360//360
f 138//138 139//139 361//361
f 361//361 139//139 364//364
f 364//364 139//139 365//365
f 362//362 162//162 163//163
f 139//139 140//140 365//365
f 366//366 161//161 362//362
f 362//362 161//161 162//162
f 365//365 141//141 367//367
f 140//140 141//141 365//365
f 366//366 160//160 161//161
f 368//368 160//160 369//369
f 369//369 160//160 366//366
f 141//141 142//142 367//367
f 367//367 142//142 370//370
f 370//370 142//142 371//371
f 368//368 159//159 160//160
f 142//142 143//143 371//371
f 372//372 158//158 368//368
f 368//368 158//158 159//159
f 143//143 144//144 371//371
f 371//371 144//144 373//373
f 372//372 157//157 158//158
f 374//374 157//157 372//372
f 373//373 145//145 375//375
f 144//144 145//145 373//373
f 374//374 156//156 157//157
f 376//376 156//156 374//374
f 375//375 146//146 377//377
f 377//377 146//146 378//378
f 145//145 146//146 375//375
f 376//376 155//155 156//156
f 379//379 155//155 380//380
f 380//380 155//155 376//376
f 146//146 147//147 378//378
f 379//379 154//154 155//155
f 378//378 148//148 381//381
f 147//147 148//148 378//378
f 379//379 153//153 154//154
f 382//382 153//153 379//379
f 381//381 149//149 383//383
f 148//148 149//149 381//381
f 384//384 152//152 382//382
f 382//382 152//152 153//153
f 383//383 150//150 385//385
f 149//149 150//150 383//383
f 385//385 151//151 386//386
f 386//386 151//151 384//384
f 150//150 151//151 385//385
f 384//384 151//151 152//152
f 387//387 354//354 358//358
f 388//388 358//358 359//359
f 388//388 387//387 358//358
f 389//389 388//388 359//359
f 390//390 359//359 361//361
f 390//390 361//361 364//364
f 390//390 389//389 359//359
f 391//391 390//390 364//364
f 392//392 364//364 365//365
f 392//392 391//391 364//364
f 393//393 365//365 367//367
f 393//393 367//367 370//370
f 393//393 392//392 365//365
f 394//394 370//370 371//371
f 394//394 393//393 370//370
f 395//395 394//394 371//371
f 396//396 371//371 373//373
f 396//396 395//395 371//371
f 397//397 373//373 375//375
f 397//397 396//396 373//373
f 398//398 397//397 375//375
f 398//398 375//375 377//377
f 399//399 398//398 377//377
f 399//399 377//377 378//378
f 399//399 378//378 381//381
f 400//400 399//399 381//381
f 401//401 400//400 381//381
f 401//401 381//381 383//383
f 402//402 383//383 385//385
f 402//402 401//401 383//383
f 403//403 385//385 386//386
f 403//403 402//402 385//385
f 404//404 386//386 384//384
f 404//404 403//403 386//386
f 405//405 384//384 382//382
f 405//405 404//404 384//384
f 406//406 382//382 379//379
f 406//406 405//405 382//382
f 407//407 379//379 380//380
f 407//407 406//406 379//379
f 408//408 380//380 376//376
f 408//408 376//376 374//374
f 408//408 407//407 380//380
f 409//409 374//374 372//372
f 409//409 408//408 374//374
f 410//410 409//409 372//372
f 411//411 372//372 368//368
f 411//411 368//368 369//369
f 411//411 410//410 372//372
f 412//412 411//411 369//369
f 413//413 369//369 366//366
f 413//413 412//412 369//369
f 414//414 366//366 362//362
f 414//414 413//413 366//366
f 415//415 362//362 363//363
f 415//415 363//363 360//360
f 415//415 414//414 362//362
f 416//416 415//415 360//360
f 417//417 360//360 356//356
f 417//417 416//416 360//360
f 418//418 356//356 357//357
f 418//418 357//357 355//355
f 418//418 417//417 356//356
f 419//419 418//418 355//355
f 420//420 355//355 350//350
f 420//420 419//419 355//355
f 421//421 350//350 351//351
f 421//421 351//351 348//348
f 421//421 420//420 350//350
f 422//422 348//348 345//345
f 422//422 421//421 348//348
f 423//423 422//422 345//345
f 424//424 423//423 345//345
f 424//424 345//345 346//346
f 425//425 424//424 346//346
f 425//425 346//346 342//342
f 426//426 425//425 342//342
f 426//426 342//342 341//341
f 426//426 341//341 338//338
f 427//427 426//426 338//338
f 428//428 427//427 338//338
f 428//428 338//338 337//337
f 429//429 428//428 337//337
f 429//429 337//337 335//335
f 430//430 429//429 335//335
f 430//430 335//335 332//332
f 431//431 430//430 332//332
f 431//431 332//332 329//329
f 432//432 431//431 329//329
f 432//432 329//329 330//330
f 433//433 432//432 330//330
f 433//433 330//330 326//326
f 434//434 433//433 326//326
f 434//434 326//326 324//324
f 434//434 324//324 322//322
f 435//435 434//434 322//322
f 436//436 322//322 320//320
f 436//436 435//435 322//322
f 437//437 320//320 318//318
f 437//437 318//318 316//316
f 437//437 436//436 320//320
f 438//438 437//437 316//316
f 439//439 316//316 314//314
f 439//439 438//438 316//316
f 440//440 314//314 312//312
f 440//440 439//439 314//314
f 441//441 312//312 310//310
f 441//441 310//310 308//308
f 441//441 440//440 312//312
f 442//442 308//308 306//306
f 442//442 441//441 308//308
f 443//443 442//442 306//306
f 444//444 306//306 304//304
f 444//444 304//304 302//302
f 444//444 443//443 306//306
f 445//445 444//444 302//302
f 446//446 302//302 300//300
f 446//446 445//445 302//302
f 447//447 300//300 298//298
f 447//447 446//446 300//300
f 448//448 298//298 296//296
f 448//448 296//296 294//294
f 448//448 447//447 298//298
f 449//449 448//448 294//294
f 450//450 449//449 294//294
f 450//450 294//294 292//292
f 450//450 292//292 290//290
f 451//451 450//450 290//290
f 451//451 290//290 288//288
f 452//452 451//451 288//288
f 453//453 452//452 288//288
f 453//453 288//288 286//286
f 453//453 286//286 284//284
f 454//454 453//453 284//284
f 455//455 454//454 284//284
f 455//455 284//284 282//282
f 455//455 282//282 280//280
f 456//456 455//455 280//280
f 457//457 456//456 280//280
f 457//457 280//280 278//278
f 458//458 457//457 278//278
f 458//458 278//278 276//276
f 458//458 276//276 274//274
f 459//459 458//458 274//274
f 460//460 459//459 274//274
f 460//460 274//274 272//272
f 461//461 460//460 272//272
f 461//461 272//272 270//270
f 461//461 270//270 268//268
f 462//462 461//461 268//268
f 462//462 268//268 266//266
f 463//463 462//462 266//266
f 463//463 266//266 264//264
f 464//464 463//463 264//264
f 464//464 264//264 261//261
f 465//465 464//464 261//261
f 466//466 465//465 261//261
f 466//466 261//261 262//262
f 466//466 262//262 263//263
f 467//467 466//466 263//263
f 468//468 467//467 263//263
f 468//468 263//263 265//265
f 469//469 468//468 265//265
f 469//469 265//265 267//267
f 469//469 267//267 269//269
f 470//470 469//469 269//269
f 471//471 269//269 271//271
f 471//471 470//470 269//269
f 472//472 271//271 273//273
f 472//472 273//273 275//275
f 472//472 471//471 271//271
f 473//473 472//472 275//275
f 474//474 275//275 277//277
f 474//474 473//473 275//275
f 475//475 474//474 277//277
f 475//475 277//277 279//279
f 475//475 279//279 281//281
f 476//476 475//475 281//281
f 477//477 476//476 281//281
f 477//477 281//281 283//283
f 478//478 477//477 283//283
f 478//478 283//283 285//285
f 478//478 285//285 287//287
f 479//479 478//478 287//287
f 480//480 479//479 287//287
f 480//480 287//287 289//289
f 481//481 480//480 289//289
f 481//481 289//289 291//291
f 482//482 481//481 291//291
f 482//482 291//291 293//293
f 483//483 482//482 293//293
f 483//483 293//293 295//295
f 484//484 483//483 295//295
f 484//484 295//295 297//297
f 484//484 297//297 299//299
f 485//485 484//484 299//299
f 486//486 485//485 299//299
f 486//486 299//299 301//301
f 487//487 301//301 303//303
f 487//487 303//303 305//305
f 487//487 486//486 301//301
f 488//488 305//305 307//307
f 488//488 487//487 305//305
f 489//489 488//488 307//307
f 490//490 307//307 309//309
f 490//490 489//489 307//307
f 491//491 309//309 311//311
f 491//491 490//490 309//309
f 492//492 311//311 313//313
f 492//492 491//491 311//311
f 493//493 313//313 315//315
f 493//493 492//492 313//313
f 494//494 315//315 317//317
f 494//494 493//493 315//315
f 495//495 317//317 319//319
f 495//495 319//319 321//321
f 495//495 494//494 317//317
f 496//496 495//495 321//321
f 497//497 321//321 323//323
f 497//497 496//496 321//321
f 498//498 323//323 325//325
f 498//498 325//325 327//327
f 498//498 497//497 323//323
f 499//499 327//327 328//328
f 499//499 498//498 327//327
f 500//500 499//499 328//328
f 501//501 500//500 328//328
f 501//501 328//328 331//331
f 501//501 331//331 333//333
f 502//502 501//501 333//333
f 503//503 333//333 334//334
f 503//503 502//502 333//333
f 504//504 334//334 336//336
f 504//504 503//503 334//334
f 504//504 336//336 339//339
f 505//505 504//504 339//339
f 506//506 339//339 340//340
f 506//506 505//505 339//339
f 507//507 340//340 343//343
f 507//507 506//506 340//340
f 508//508 343//343 344//344
f 508//508 507//507 343//343
f 509//509 344//344 347//347
f 509//509 508//508 344//344
f 510//510 347//347 349//349
f 510//510 509//509 347//347
f 511//511 349//349 352//352
f 511//511 510//510 349//349
f 512//512 352//352 353//353
f 512//512 511//511 352//352
f 387//387 512//512 353//353
f 387//387 353//353 354//354
f 467//467 468//468 466//466
f 464//464 462//462 463//463
f 468//468 470//470 466//466
f 466//466 470//470 465//465
f 469//469 470//470 468//468
f 464//464 461//461 462//462
f 464//464 459//459 461//461
f 461//461 459//459 460//460
f 464//464 458//458 459//459
f 465//465 458//458 464//464
f 470//470 474//474 465//465
f 471//471 474//474 470//470
f 472//472 474//474 471//471
f 473//473 474//474 472//472
f 458//458 456//456 457//457
f 474//474 476//476 465//465
f 475//475 476//476 474//474
f 465//465 455//455 458//458
f 458//458 455//455 456//456
f 455//455 453//453 454//454
f 453//453 451//451 452//452
f 455//455 450//450 453//453
f 453//453 450//450 451//451
f 477//477 482//482 476//476
f 478//478 482//482 477//477
f 479//479 482//482 478//478
f 480//480 482//482 479//479
f 481//481 482//482 480//480
f 483//483 485//485 482//482
f 484//484 485//485 483//483
f 447//447 445//445 446//446
f 448//448 445//445 447//447
f 449//449 445//445 448//448
f 450//450 445//445 449//449
f 485//485 487//487 482//482
f 482//482 487//487 476//476
f 486//486 487//487 485//485
f 450//450 444//444 445//445
f 455//455 444//444 450//450
f 488//488 489//489 487//487
f 444//444 442//442 443//443
f 490//490 491//491 489//489
f 489//489 491//491 487//487
f 455//455 440//440 444//444
f 444//444 440//440 442//442
f 442//442 440//440 441//441
f 465//465 440//440 455//455
f 493//493 495//495 492//492
f 494//494 495//495 493//493
f 438//438 436//436 437//437
f 439//439 436//436 438//438
f 440//440 436//436 439//439
f 495//495 496//496 492//492
f 465//465 434//434 440//440
f 440//440 434//434 436//436
f 436//436 434//434 435//435
f 476//476 434//434 465//465
f 497//497 498//498 496//496
f 476//476 433//433 434//434
f 433//433 431//431 432//432
f 492//492 501//501 491//491
f 499//499 501//501 498//498
f 500//500 501//501 499//499
f 496//496 501//501 492//492
f 498//498 501//501 496//496
f 433//433 430//430 431//431
f 491//491 502//502 487//487
f 501//501 502//502 491//491
f 430//430 428//428 429//429
f 504//504 505//505 503//503
f 487//487 426//426 476//476
f 428//428 426//426 427//427
f 476//476 426//426 433//433
f 433//433 426//426 430//430
f 430//430 426//426 428//428
f 503//503 506//506 502//502
f 505//505 506//506 503//503
f 487//487 425//425 426//426
f 506//506 507//507 502//502
f 508//508 509//509 507//507
f 507//507 509//509 502//502
f 510//510 511//511 509//509
f 420//420 418//418 419//419
f 511//511 388//388 509//509
f 512//512 388//388 511//511
f 387//387 388//388 512//512
f 420//420 417//417 418//418
f 421//421 417//417 420//420
f 422//422 417//417 421//421
f 423//423 417//417 422//422
f 424//424 417//417 423//423
f 425//425 417//417 424//424
f 389//389 391//391 388//388
f 390//390 391//391 389//389
f 388//388 391//391 509//509
f 392//392 393//393 391//391
f 414//414 412//412 413//413
f 412//412 410//410 411//411
f 415//415 410//410 414//414
f 416//416 410//410 415//415
f 417//417 410//410 416//416
f 414//414 410//410 412//412
f 394//394 396//396 393//393
f 395//395 396//396 394//394
f 396//396 397//397 393//393
f 410//410 408//408 409//409
f 509//509 398//398 502//502
f 425//425 398//398 417//417
f 391//391 398//398 509//509
f 393//393 398//398 391//391
f 417//417 398//398 410//410
f 397//397 398//398 393//393
f 502//502 398//398 487//487
f 487//487 398//398 425//425
f 408//408 406//406 407//407
f 406//406 404//404 405//405
f 410//410 404//404 408//408
f 408//408 404//404 406//406
f 400//400 402//402 399//399
f 401//401 402//402 400//400
f 398//398 403//403 410//410
f 399//399 403//403 398//398
f 410//410 403//403 404//404
f 402//402 403//403 399//399
f 513//513 514//514 515//515
f 513//513 515//515 516//516
f 517//517 518//518 519//519
f 517//517 519//519 520//520
f 521//521 520//520 522//522
f 521//521 517//517 520//520
f 514//514 522//522 515//515
f 514//514 521//521 522//522
f 523//523 513//513 516//516
f 523//523 516//516 524//524
f 523//523 524//524 525//525
f 526//526 525//525 527//527
f 526//526 523//523 525//525
f 528//528 526//526 527//527
f 529//529 530//530 531//531
f 532//532 530//530 529//529
f 531//531 533//533 529//529
f 529//529 533//533 534//534
f 532//532 535//535 530//530
f 536//536 535//535 532//532
f 534//534 537//537 538//538
f 538//538 537//537 539//539
f 533//533 537//537 534//534
f 536//536 540//540 535//535
f 541//541 540//540 536//536
f 537//537 542//542 539//539
f 543//543 544//544 541//541
f 545//545 544//544 543//543
f 541//541 544//544 540//540
f 546//546 547//547 548//548
f 539//539 547//547 546//546
f 542//542 547//547 539//539
f 549//549 550//550 545//545
f 545//545 550//550 544//544
f 551//551 552//552 549//549
f 549//549 552//552 550//550
f 547//547 553//553 548//548
f 554//554 555//555 551//551
f 551//551 555//555 552//552
f 548//548 556//556 557//557
f 553//553 556//556 548//548
f 554//554 558//558 555//555
f 557//557 559//559 560//560
f 556//556 559//559 557//557
f 554//554 561//561 558//558
f 562//562 561//561 554//554
f 560//560 563//563 564//564
f 559//559 563//563 560//560
f 562//562 565//565 561//561
f 566//566 565//565 567//567
f 567//567 565//565 562//562
f 564//564 568//568 569//569
f 563//563 568//568 564//564
f 568//568 570//570 569//569
f 569//569 570//570 528//528
f 566//566 571//571 565//565
f 570//570 572//572 528//528
f 528//528 572//572 526//526
f 566//566 573//573 571//571
f 574//574 573//573 566//566
f 575//575 576//576 574//574
f 577//577 576//576 575//575
f 574//574 576//576 573//573
f 572//572 578//578 526//526
f 526//526 578//578 523//523
f 577//577 579//579 576//576
f 513//513 580//580 514//514
f 578//578 580//580 523//523
f 523//523 580//580 513//513
f 581//581 582//582 577//577
f 577//577 582//582 579//579
f 580//580 583//583 514//514
f 584//584 585//585 581//581
f 586//586 585//585 584//584
f 581//581 585//585 582//582
f 514//514 587//587 521//521
f 583//583 587//587 514//514
f 586//586 588//588 585//585
f 521//521 589//589 517//517
f 587//587 589//589 521//521
f 517//517 590//590 518//518
f 589//589 590//590 517//517
f 591//591 592//592 586//586
f 586//586 592//592 588//588
f 518//518 593//593 594//594
f 590//590 593//593 518//518
f 595//595 596//596 597//597
f 597//597 596//596 591//591
f 591//591 596//596 592//592
f 594//594 598//598 599//599
f 593//593 598//598 594//594
f 595//595 600//600 596//596
f 599//599 601//601 602//602
f 598//598 601//601 599//599
f 603//603 604//604 595//595
f 605//605 604//604 603//603
f 595//595 604//604 600//600
f 606//606 607//607 605//605
f 605//605 607//607 604//604
f 602//602 608//608 609//609
f 609//609 608//608 610//610
f 601//601 608//608 602//602
f 606//606 611//611 607//607
f 608//608 612//612 610//610
f 613//613 614//614 606//606
f 606//606 614//614 611//611
f 610//610 615//615 616//616
f 612//612 615//615 610//610
f 617//617 618//618 613//613
f 613//613 618//618 614//614
f 619//619 620//620 621//621
f 616//616 620//620 619//619
f 615//615 620//620 616//616
f 620//620 622//622 621//621
f 623//623 624//624 617//617
f 617//617 624//624 618//618
f 622//622 625//625 621//621
f 621//621 625//625 626//626
f 626//626 625//625 627//627
f 628//628 629//629 623//623
f 623//623 629//629 624//624
f 625//625 630//630 627//627
f 631//631 632//632 628//628
f 628//628 632//632 629//629
f 633//633 634//634 635//635
f 627//627 634//634 633//633
f 630//630 634//634 627//627
f 631//631 636//636 632//632
f 637//637 636//636 631//631
f 634//634 638//638 635//635
f 639//639 640//640 637//637
f 637//637 640//640 636//636
f 638//638 641//641 635//635
f 639//639 642//642 640//640
f 638//638 643//643 641//641
f 642//642 644//644 640//640
f 641//641 645//645 646//646
f 646//646 645//645 647//647
f 643//643 645//645 641//641
f 648//648 649//649 642//642
f 642//642 649//649 644//644
f 645//645 650//650 647//647
f 651//651 652//652 648//648
f 648//648 652//652 649//649
f 647//647 653//653 654//654
f 650//650 653//653 647//647
f 655//655 656//656 651//651
f 657//657 656//656 655//655
f 651//651 656//656 652//652
f 654//654 658//658 659//659
f 659//659 658//658 660//660
f 653//653 658//658 654//654
f 657//657 661//661 656//656
f 662//662 661//661 657//657
f 658//658 663//663 660//660
f 662//662 664//664 661//661
f 665//665 666//666 667//667
f 660//660 666//666 665//665
f 663//663 666//666 660//660
f 662//662 668//668 664//664
f 669//669 668//668 662//662
f 666//666 670//670 667//667
f 669//669 671//671 668//668
f 672//672 671//671 669//669
f 670//670 673//673 667//667
f 667//667 673//673 674//674
f 672//672 675//675 671//671
f 676//676 675//675 672//672
f 676//676 677//677 675//675
f 678//678 677//677 679//679
f 679//679 677//677 676//676
f 674//674 680//680 681//681
f 673//673 680//680 674//674
f 678//678 682//682 677//677
f 683//683 684//684 685//685
f 681//681 684//684 683//683
f 680//680 684//684 681//681
f 678//678 686//686 682//682
f 687//687 686//686 678//678
f 684//684 688//688 685//685
f 688//688 689//689 685//685
f 685//685 689//689 690//690
f 687//687 691//691 686//686
f 692//692 691//691 693//693
f 693//693 691//691 687//687
f 689//689 694//694 690//690
f 690//690 694//694 695//695
f 692//692 696//696 691//691
f 695//695 697//697 698//698
f 694//694 697//697 695//695
f 692//692 699//699 696//696
f 700//700 699//699 692//692
f 698//698 701//701 702//702
f 697//697 701//701 698//698
f 700//700 703//703 699//699
f 704//704 703//703 700//700
f 705//705 703//703 704//704
f 702//702 706//706 707//707
f 707//707 706//706 708//708
f 701//701 706//706 702//702
f 705//705 709//709 703//703
f 706//706 710//710 708//708
f 705//705 711//711 709//709
f 712//712 711//711 705//705
f 708//708 713//713 714//714
f 710//710 713//713 708//708
f 712//712 715//715 711//711
f 716//716 715//715 712//712
f 714//714 717//717 718//718
f 713//713 717//717 714//714
f 716//716 719//719 715//715
f 720//720 719//719 716//716
f 718//718 721//721 722//722
f 717//717 721//721 718//718
f 720//720 723//723 719//719
f 724//724 723//723 720//720
f 721//721 725//725 722//722
f 722//722 725//725 726//726
f 726//726 725//725 727//727
f 724//724 728//728 723//723
f 729//729 728//728 724//724
f 725//725 730//730 727//727
f 729//729 731//731 728//728
f 732//732 731//731 729//729
f 733//733 731//731 732//732
f 730//730 734//734 727//727
f 735//735 734//734 736//736
f 727//727 734//734 735//735
f 733//733 737//737 731//731
f 734//734 738//738 736//736
f 733//733 739//739 737//737
f 740//740 739//739 733//733
f 738//738 741//741 736//736
f 736//736 741//741 742//742
f 740//740 743//743 739//739
f 744//744 743//743 740//740
f 741//741 745//745 742//742
f 746//746 745//745 747//747
f 742//742 745//745 746//746
f 744//744 748//748 743//743
f 749//749 748//748 744//744
f 750//750 748//748 749//749
f 745//745 751//751 747//747
f 750//750 752//752 748//748
f 751//751 753//753 747//747
f 747//747 753//753 754//754
f 750//750 755//755 752//752
f 756//756 755//755 750//750
f 756//756 757//757 755//755
f 753//753 758//758 754//754
f 754//754 758//758 759//759
f 759//759 758//758 760//760
f 757//757 761//761 755//755
f 762//762 761//761 757//757
f 758//758 763//763 760//760
f 762//762 764//764 761//761
f 760//760 765//765 766//766
f 763//763 765//765 760//760
f 767//767 768//768 762//762
f 769//769 768//768 767//767
f 762//762 768//768 764//764
f 766//766 770//770 771//771
f 765//765 770//770 766//766
f 769//769 772//772 768//768
f 771//771 773//773 774//774
f 770//770 773//773 771//771
f 775//775 776//776 769//769
f 769//769 776//776 772//772
f 777//777 778//778 779//779
f 774//774 778//778 777//777
f 773//773 778//778 774//774
f 775//775 780//780 776//776
f 781//781 780//780 775//775
f 778//778 782//782 779//779
f 781//781 783//783 780//780
f 784//784 783//783 781//781
f 779//779 785//785 786//786
f 782//782 785//785 779//779
f 784//784 787//787 783//783
f 788//788 787//787 784//784
f 788//788 789//789 787//787
f 790//790 789//789 791//791
f 791//791 789//789 788//788
f 785//785 792//792 786//786
f 786//786 792//792 793//793
f 792//792 794//794 793//793
f 793//793 794//794 795//795
f 790//790 796//796 789//789
f 794//794 797//797 795//795
f 795//795 797//797 798//798
f 790//790 799//799 796//796
f 800//800 799//799 790//790
f 798//798 801//801 802//802
f 797//797 801//801 798//798
f 800//800 803//803 799//799
f 804//804 803//803 800//800
f 801//801 805//805 802//802
f 801//801 806//806 805//805
f 804//804 807//807 803//803
f 808//808 807//807 804//804
f 805//805 809//809 810//810
f 806//806 809//809 805//805
f 811//811 812//812 808//808
f 808//808 812//812 807//807
f 809//809 813//813 810//810
f 810//810 813//813 814//814
f 815//815 816//816 811//811
f 817//817 816//816 815//815
f 811//811 816//816 812//812
f 814//814 818//818 819//819
f 813//813 818//818 814//814
f 817//817 820//820 816//816
f 819//819 821//821 822//822
f 818//818 821//821 819//819
f 823//823 824//824 817//817
f 817//817 824//824 820//820
f 822//822 825//825 826//826
f 821//821 825//825 822//822
f 823//823 827//827 824//824
f 828//828 827//827 823//823
f 825//825 829//829 826//826
f 826//826 829//829 830//830
f 828//828 831//831 827//827
f 832//832 831//831 828//828
f 833//833 831//831 832//832
f 833//833 834//834 831//831
f 829//829 835//835 830//830
f 830//830 835//835 836//836
f 835//835 837//837 836//836
f 836//836 837//837 838//838
f 833//833 839//839 834//834
f 840//840 839//839 841//841
f 841//841 839//839 833//833
f 837//837 842//842 838//838
f 838//838 842//842 843//843
f 840//840 844//844 839//839
f 842//842 845//845 843//843
f 843//843 845//845 846//846
f 840//840 847//847 844//844
f 848//848 847//847 840//840
f 849//849 847//847 848//848
f 845//845 850//850 846//846
f 846//846 850//850 851//851
f 849//849 852//852 847//847
f 850//850 853//853 851//851
f 851//851 853//853 854//854
f 855//855 856//856 849//849
f 849//849 856//856 852//852
f 853//853 857//857 854//854
f 854//854 857//857 858//858
f 859//859 860//860 855//855
f 855//855 860//860 856//856
f 858//858 861//861 862//862
f 857//857 861//861 858//858
f 863//863 864//864 859//859
f 865//865 864//864 863//863
f 859//859 864//864 860//860
f 862//862 866//866 867//867
f 861//861 866//866 862//862
f 865//865 868//868 864//864
f 866//866 869//869 867//867
f 866//866 870//870 869//869
f 871//871 872//872 865//865
f 865//865 872//872 868//868
f 870//870 873//873 869//869
f 869//869 873//873 874//874
f 875//875 876//876 871//871
f 877//877 876//876 875//875
f 871//871 876//876 872//872
f 873//873 878//878 874//874
f 874//874 878//878 879//879
f 877//877 880//880 876//876
f 877//877 881//881 880//880
f 882//882 881//881 877//877
f 878//878 883//883 879//879
f 879//879 883//883 884//884
f 883//883 885//885 884//884
f 886//886 887//887 882//882
f 882//882 887//887 881//881
f 883//883 888//888 885//885
f 886//886 889//889 887//887
f 890//890 889//889 886//886
f 888//888 891//891 885//885
f 892//892 891//891 893//893
f 885//885 891//891 892//892
f 890//890 894//894 889//889
f 895//895 894//894 890//890
f 891//891 896//896 893//893
f 897//897 898//898 895//895
f 895//895 898//898 894//894
f 896//896 899//899 893//893
f 893//893 899//899 900//900
f 897//897 901//901 898//898
f 899//899 902//902 900//900
f 900//900 902//902 903//903
f 901//901 904//904 898//898
f 902//902 905//905 903//903
f 903//903 905//905 906//906
f 907//907 908//908 901//901
f 901//901 908//908 904//904
f 905//905 909//909 906//906
f 906//906 909//909 910//910
f 911//911 912//912 907//907
f 907//907 912//912 908//908
f 909//909 913//913 910//910
f 910//910 913//913 914//914
f 911//911 915//915 912//912
f 916//916 915//915 911//911
f 913//913 917//917 914//914
f 913//913 918//918 917//917
f 919//919 920//920 916//916
f 916//916 920//920 915//915
f 917//917 921//921 922//922
f 918//918 921//921 917//917
f 923//923 924//924 919//919
f 919//919 924//924 920//920
f 921//921 925//925 922//922
f 922//922 925//925 926//926
f 927//927 928//928 923//923
f 923//923 928//928 924//924
f 925//925 929//929 926//926
f 926//926 929//929 930//930
f 927//927 931//931 928//928
f 932//932 931//931 927//927
f 932//932 933//933 931//931
f 934//934 933//933 932//932
f 929//929 935//935 930//930
f 930//930 935//935 936//936
f 937//937 938//938 934//934
f 934//934 938//938 933//933
f 935//935 939//939 936//936
f 936//936 939//939 940//940
f 937//937 941//941 938//938
f 942//942 941//941 937//937
f 939//939 943//943 940//940
f 940//940 943//943 944//944
f 945//945 946//946 942//942
f 942//942 946//946 941//941
f 943//943 947//947 944//944
f 944//944 947//947 948//948
f 945//945 949//949 946//946
f 947//947 950//950 948//948
f 949//949 951//951 946//946
f 947//947 952//952 950//950
f 952//952 953//953 950//950
f 950//950 953//953 954//954
f 955//955 956//956 949//949
f 949//949 956//956 951//951
f 957//957 958//958 955//955
f 955//955 958//958 956//956
f 953//953 959//959 954//954
f 954//954 959//959 960//960
f 961//961 962//962 957//957
f 963//963 962//962 961//961
f 957//957 962//962 958//958
f 959//959 964//964 960//960
f 965//965 964//964 966//966
f 960//960 964//964 965//965
f 963//963 967//967 962//962
f 964//964 968//968 966//966
f 969//969 970//970 963//963
f 963//963 970//970 967//967
f 968//968 971//971 966//966
f 966//966 971//971 972//972
f 973//973 974//974 969//969
f 969//969 974//974 970//970
f 972//972 975//975 976//976
f 971//971 975//975 972//972
f 976//976 977//977 978//978
f 975//975 977//977 976//976
f 979//979 980//980 973//973
f 973//973 980//980 974//974
f 977//977 981//981 978//978
f 978//978 981//981 982//982
f 979//979 983//983 980//980
f 984//984 983//983 985//985
f 985//985 983//983 979//979
f 982//982 986//986 987//987
f 981//981 986//986 982//982
f 984//984 988//988 983//983
f 989//989 990//990 991//991
f 987//987 990//990 989//989
f 986//986 990//990 987//987
f 992//992 993//993 984//984
f 984//984 993//993 988//988
f 992//992 994//994 993//993
f 995//995 994//994 992//992
f 990//990 996//996 991//991
f 997//997 998//998 995//995
f 995//995 998//998 994//994
f 991//991 999//999 1000//1000
f 996//996 999//999 991//991
f 997//997 1001//1001 998//998
f 1001//1001 1002//1002 998//998
f 1000//1000 1003//1003 1004//1004
f 999//999 1003//1003 1000//1000
f 1005//1005 1006//1006 1001//1001
f 1001//1001 1006//1006 1002//1002
f 1004//1004 1007//1007 1008//1008
f 1003//1003 1007//1007 1004//1004
f 1005//1005 1009//1009 1006//1006
f 1010//1010 1009//1009 1005//1005
f 1008//1008 1011//1011 1012//1012
f 1007//1007 1011//1011 1008//1008
f 1012//1012 1013//1013 1014//1014
f 1011//1011 1013//1013 1012//1012
f 1015//1015 1016//1016 1010//1010
f 1010//1010 1016//1016 1009//1009
f 1014//1014 1017//1017 1018//1018
f 1013//1013 1017//1017 1014//1014
f 1019//1019 1020//1020 1015//1015
f 1015//1015 1020//1020 1016//1016
f 1018//1018 1021//1021 1022//1022
f 1017//1017 1021//1021 1018//1018
f 1023//1023 1024//1024 1019//1019
f 1019//1019 1024//1024 1020//1020
f 1025//1025 1026//1026 1023//1023
f 1023//1023 1026//1026 1024//1024
f 1022//1022 1027//1027 1028//1028
f 1021//1021 1027//1027 1022//1022
f 1029//1029 1030//1030 1025//1025
f 1025//1025 1030//1030 1026//1026
f 1028//1028 1031//1031 1032//1032
f 1027//1027 1031//1031 1028//1028
f 1031//1031 1033//1033 1032//1032
f 1034//1034 1035//1035 1036//1036
f 1029//1029 1035//1035 1030//1030
f 1036//1036 1035//1035 1029//1029
f 1031//1031 1037//1037 1033//1033
f 1034//1034 1038//1038 1035//1035
f 1037//1037 1039//1039 1033//1033
f 1033//1033 1039//1039 1040//1040
f 1041//1041 1042//1042 1034//1034
f 1034//1034 1042//1042 1038//1038
f 1043//1043 1044//1044 1045//1045
f 1040//1040 1044//1044 1043//1043
f 1039//1039 1044//1044 1040//1040
f 1041//1041 1046//1046 1042//1042
f 1047//1047 1046//1046 1041//1041
f 1044//1044 1048//1048 1045//1045
f 1047//1047 1049//1049 1046//1046
f 1045//1045 1050//1050 1051//1051
f 1048//1048 1050//1050 1045//1045
f 1052//1052 1053//1053 1049//1049
f 1049//1049 1053//1053 1046//1046
f 1051//1051 1054//1054 1055//1055
f 1050//1050 1054//1054 1051//1051
f 1052//1052 1056//1056 1053//1053
f 1055//1055 1057//1057 1058//1058
f 1054//1054 1057//1057 1055//1055
f 1059//1059 1060//1060 1052//1052
f 1061//1061 1060//1060 1059//1059
f 1052//1052 1060//1060 1056//1056
f 1058//1058 1062//1062 1063//1063
f 1057//1057 1062//1062 1058//1058
f 1061//1061 1064//1064 1060//1060
f 1063//1063 1065//1065 1066//1066
f 1062//1062 1065//1065 1063//1063
f 1061//1061 1067//1067 1064//1064
f 1068//1068 1067//1067 1061//1061
f 1065//1065 1069//1069 1066//1066
f 1065//1065 1070//1070 1069//1069
f 1068//1068 1071//1071 1067//1067
f 1072//1072 1071//1071 1068//1068
f 1071//1071 1073//1073 1074//1074
f 1072//1072 1073//1073 1071//1071
f 1075//1075 1076//1076 1070//1070
f 1070//1070 1076//1076 1069//1069
f 1074//1074 1077//1077 1078//1078
f 1073//1073 1077//1077 1074//1074
f 1079//1079 1080//1080 1075//1075
f 1075//1075 1080//1080 1076//1076
f 1077//1077 1081//1081 1078//1078
f 1078//1078 1081//1081 1082//1082
f 1083//1083 1084//1084 1085//1085
f 1085//1085 1084//1084 1079//1079
f 1079//1079 1084//1084 1080//1080
f 1081//1081 1086//1086 1082//1082
f 1082//1082 1086//1086 1087//1087
f 1083//1083 1088//1088 1084//1084
f 1083//1083 1089//1089 1088//1088
f 1090//1090 1089//1089 1083//1083
f 1087//1087 1091//1091 1092//1092
f 1086//1086 1091//1091 1087//1087
f 1090//1090 1093//1093 1089//1089
f 1094//1094 1093//1093 1090//1090
f 1092//1092 1095//1095 1096//1096
f 1091//1091 1095//1095 1092//1092
f 1094//1094 1097//1097 1093//1093
f 1098//1098 1097//1097 1094//1094
f 1096//1096 1099//1099 1100//1100
f 1095//1095 1099//1099 1096//1096
f 1098//1098 1101//1101 1097//1097
f 1102//1102 1101//1101 1103//1103
f 1103//1103 1101//1101 1098//1098
f 1100//1100 1104//1104 1105//1105
f 1099//1099 1104//1104 1100//1100
f 1105//1105 1106//1106 1107//1107
f 1104//1104 1106//1106 1105//1105
f 1102//1102 1108//1108 1101//1101
f 1107//1107 1109//1109 1110//1110
f 1106//1106 1109//1109 1107//1107
f 1111//1111 1112//1112 1102//1102
f 1102//1102 1112//1112 1108//1108
f 1109//1109 1113//1113 1110//1110
f 1111//1111 1114//1114 1112//1112
f 1109//1109 1115//1115 1113//1113
f 1116//1116 1117//1117 1114//1114
f 1114//1114 1117//1117 1112//1112
f 1113//1113 1118//1118 1119//1119
f 1115//1115 1118//1118 1113//1113
f 1116//1116 1120//1120 1117//1117
f 1119//1119 1121//1121 1122//1122
f 1122//1122 1121//1121 1123//1123
f 1118//1118 1121//1121 1119//1119
f 1124//1124 1125//1125 1116//1116
f 1116//1116 1125//1125 1120//1120
f 1126//1126 1127//1127 1124//1124
f 1124//1124 1127//1127 1125//1125
f 1121//1121 1128//1128 1123//1123
f 1126//1126 1129//1129 1127//1127
f 1128//1128 1130//1130 1123//1123
f 1129//1129 1131//1131 1127//1127
f 1130//1130 1132//1132 1133//1133
f 1128//1128 1132//1132 1130//1130
f 1132//1132 1134//1134 1133//1133
f 1135//1135 1136//1136 1137//1137
f 1137//1137 1136//1136 1129//1129
f 1129//1129 1136//1136 1131//1131
f 1133//1133 1138//1138 1139//1139
f 1134//1134 1138//1138 1133//1133
f 1135//1135 1140//1140 1136//1136
f 1139//1139 1141//1141 1142//1142
f 1138//1138 1141//1141 1139//1139
f 1135//1135 1143//1143 1140//1140
f 1144//1144 1143//1143 1135//1135
f 1144//1144 1145//1145 1143//1143
f 1141//1141 1146//1146 1142//1142
f 1142//1142 1146//1146 1147//1147
f 1145//1145 1148//1148 1143//1143
f 1147//1147 1149//1149 1150//1150
f 1146//1146 1149//1149 1147//1147
f 1145//1145 1151//1151 1148//1148
f 1152//1152 1151//1151 1145//1145
f 1153//1153 1154//1154 1152//1152
f 1152//1152 1154//1154 1151//1151
f 1149//1149 1155//1155 1150//1150
f 1150//1150 1155//1155 1156//1156
f 1157//1157 1158//1158 1159//1159
f 1159//1159 1158//1158 1153//1153
f 1153//1153 1158//1158 1154//1154
f 1156//1156 1160//1160 1161//1161
f 1155//1155 1160//1160 1156//1156
f 1157//1157 1162//1162 1158//1158
f 1161//1161 1163//1163 1164//1164
f 1160//1160 1163//1163 1161//1161
f 1165//1165 1166//1166 1167//1167
f 1167//1167 1166//1166 1157//1157
f 1157//1157 1166//1166 1162//1162
f 1164//1164 1168//1168 1169//1169
f 1169//1169 1168//1168 1170//1170
f 1163//1163 1168//1168 1164//1164
f 1168//1168 1171//1171 1170//1170
f 1165//1165 1172//1172 1166//1166
f 1171//1171 1173//1173 1170//1170
f 1170//1170 1173//1173 1174//1174
f 1165//1165 1175//1175 1172//1172
f 1176//1176 1175//1175 1165//1165
f 1174//1174 1177//1177 1178//1178
f 1178//1178 1177//1177 1179//1179
f 1173//1173 1177//1177 1174//1174
f 1176//1176 1180//1180 1175//1175
f 1181//1181 1180//1180 1176//1176
f 1179//1179 1182//1182 1183//1183
f 1177//1177 1182//1182 1179//1179
f 1181//1181 1184//1184 1180//1180
f 1185//1185 1184//1184 1186//1186
f 1186//1186 1184//1184 1181//1181
f 1182//1182 1187//1187 1183//1183
f 1185//1185 1188//1188 1184//1184
f 1187//1187 1189//1189 1183//1183
f 1183//1183 1189//1189 1190//1190
f 1185//1185 1191//1191 1188//1188
f 1192//1192 1191//1191 1185//1185
f 1192//1192 1193//1193 1191//1191
f 1194//1194 1193//1193 1192//1192
f 1189//1189 1195//1195 1190//1190
f 1190//1190 1195//1195 1196//1196
f 1194//1194 1197//1197 1193//1193
f 1195//1195 1198//1198 1196//1196
f 1197//1197 1199//1199 1193//1193
f 1195//1195 1200//1200 1198//1198
f 1197//1197 1201//1201 1199//1199
f 1202//1202 1201//1201 1197//1197
f 1198//1198 1203//1203 1204//1204
f 1204//1204 1203//1203 1205//1205
f 1200//1200 1203//1203 1198//1198
f 1206//1206 1207//1207 1202//1202
f 1202//1202 1207//1207 1201//1201
f 1203//1203 1208//1208 1205//1205
f 1209//1209 1210//1210 1206//1206
f 1206//1206 1210//1210 1207//1207
f 1205//1205 1211//1211 1212//1212
f 1208//1208 1211//1211 1205//1205
f 1211//1211 1213//1213 1212//1212
f 1212//1212 1213//1213 1214//1214
f 1209//1209 1215//1215 1210//1210
f 1216//1216 1215//1215 1209//1209
f 1214//1214 1217//1217 1218//1218
f 1213//1213 1217//1217 1214//1214
f 1219//1219 1220//1220 1216//1216
f 1216//1216 1220//1220 1215//1215
f 1218//1218 1221//1221 1222//1222
f 1222//1222 1221//1221 1223//1223
f 1217//1217 1221//1221 1218//1218
f 1224//1224 1225//1225 1219//1219
f 1219//1219 1225//1225 1220//1220
f 1221//1221 1226//1226 1223//1223
f 1227//1227 1228//1228 1224//1224
f 1224//1224 1228//1228 1225//1225
f 1227//1227 1229//1229 1228//1228
f 1223//1223 1230//1230 1231//1231
f 1231//1231 1230//1230 1232//1232
f 1226//1226 1230//1230 1223//1223
f 1229//1229 1233//1233 1228//1228
f 1230//1230 1234//1234 1232//1232
f 1229//1229 1235//1235 1233//1233
f 1236//1236 1235//1235 1237//1237
f 1237//1237 1235//1235 1229//1229
f 1234//1234 1238//1238 1232//1232
f 1232//1232 1238//1238 1239//1239
f 1239//1239 1238//1238 1240//1240
f 1236//1236 1241//1241 1235//1235
f 1238//1238 1242//1242 1240//1240
f 1236//1236 1243//1243 1241//1241
f 1244//1244 1243//1243 1236//1236
f 1242//1242 1245//1245 1240//1240
f 1240//1240 1245//1245 1246//1246
f 1247//1247 1248//1248 1244//1244
f 1244//1244 1248//1248 1243//1243
f 1245//1245 1249//1249 1246//1246
f 1246//1246 1249//1249 1250//1250
f 1250//1250 1249//1249 1251//1251
f 1247//1247 1252//1252 1248//1248
f 1253//1253 1252//1252 1247//1247
f 1249//1249 1254//1254 1251//1251
f 1255//1255 1256//1256 1257//1257
f 1257//1257 1256//1256 1253//1253
f 1253//1253 1256//1256 1252//1252
f 1251//1251 1258//1258 1259//1259
f 1254//1254 1258//1258 1251//1251
f 1255//1255 1260//1260 1256//1256
f 1258//1258 1261//1261 1259//1259
f 1255//1255 1262//1262 1260//1260
f 1258//1258 1263//1263 1261//1261
f 1262//1262 1264//1264 1260//1260
f 1261//1261 1265//1265 1266//1266
f 1263//1263 1265//1265 1261//1261
f 1267//1267 1268//1268 1262//1262
f 1262//1262 1268//1268 1264//1264
f 1269//1269 1270//1270 1267//1267
f 1267//1267 1270//1270 1268//1268
f 1266//1266 1271//1271 1272//1272
f 1272//1272 1271//1271 1273//1273
f 1265//1265 1271//1271 1266//1266
f 1274//1274 1275//1275 1269//1269
f 1269//1269 1275//1275 1270//1270
f 1271//1271 1276//1276 1273//1273
f 1277//1277 1278//1278 1274//1274
f 1274//1274 1278//1278 1275//1275
f 1273//1273 1279//1279 1280//1280
f 1276//1276 1279//1279 1273//1273
f 1280//1280 1281//1281 1282//1282
f 1279//1279 1281//1281 1280//1280
f 1277//1277 1283//1283 1278//1278
f 1284//1284 1283//1283 1285//1285
f 1285//1285 1283//1283 1277//1277
f 1281//1281 1286//1286 1282//1282
f 1282//1282 1286//1286 1287//1287
f 1287//1287 1286//1286 1288//1288
f 1284//1284 1289//1289 1283//1283
f 1286//1286 1290//1290 1288//1288
f 1291//1291 1292//1292 1284//1284
f 1284//1284 1292//1292 1289//1289
f 1290//1290 1293//1293 1288//1288
f 1291//1291 1294//1294 1292//1292
f 1290//1290 1295//1295 1293//1293
f 1294//1294 1296//1296 1292//1292
f 1295//1295 1297//1297 1293//1293
f 1293//1293 1297//1297 1298//1298
f 1298//1298 1297//1297 1299//1299
f 1300//1300 1301//1301 1294//1294
f 1294//1294 1301//1301 1296//1296
f 1297//1297 1302//1302 1299//1299
f 1303//1303 1304//1304 1300//1300
f 1300//1300 1304//1304 1301//1301
f 1302//1302 1305//1305 1299//1299
f 1299//1299 1305//1305 1306//1306
f 1307//1307 1308//1308 1303//1303
f 1303//1303 1308//1308 1304//1304
f 1309//1309 1310//1310 1307//1307
f 1307//1307 1310//1310 1308//1308
f 1305//1305 1311//1311 1306//1306
f 1306//1306 1311//1311 1312//1312
f 1313//1313 1314//1314 1309//1309
f 1309//1309 1314//1314 1310//1310
f 1311//1311 1315//1315 1312//1312
f 1312//1312 1315//1315 1316//1316
f 1316//1316 1315//1315 1317//1317
f 1318//1318 1319//1319 1313//1313
f 1313//1313 1319//1319 1314//1314
f 1315//1315 1320//1320 1317//1317
f 1321//1321 1322//1322 1318//1318
f 1318//1318 1322//1322 1319//1319
f 1317//1317 1323//1323 1324//1324
f 1320//1320 1323//1323 1317//1317
f 1324//1324 1325//1325 1326//1326
f 1323//1323 1325//1325 1324//1324
f 1327//1327 1328//1328 1321//1321
f 1321//1321 1328//1328 1322//1322
f 1326//1326 1329//1329 1330//1330
f 1325//1325 1329//1329 1326//1326
f 1331//1331 1332//1332 1333//1333
f 1333//1333 1332//1332 1327//1327
f 1327//1327 1332//1332 1328//1328
f 1334//1334 1335//1335 1331//1331
f 1331//1331 1335//1335 1332//1332
f 1329//1329 1336//1336 1330//1330
f 1330//1330 1336//1336 1337//1337
f 1334//1334 1338//1338 1335//1335
f 1336//1336 1339//1339 1337//1337
f 1337//1337 1339//1339 1340//1340
f 1339//1339 1341//1341 1340//1340
f 1339//1339 1342//1342 1341//1341
f 1343//1343 1344//1344 1334//1334
f 1334//1334 1344//1344 1338//1338
f 1342//1342 1345//1345 1341//1341
f 1341//1341 1345//1345 1346//1346
f 1346//1346 1345//1345 1347//1347
f 1348//1348 1349//1349 1343//1343
f 1343//1343 1349//1349 1344//1344
f 1345//1345 1350//1350 1347//1347
f 1348//1348 1351//1351 1349//1349
f 1352//1352 1351//1351 1348//1348
f 1350//1350 1353//1353 1347//1347
f 1347//1347 1353//1353 1354//1354
f 1355//1355 1356//1356 1352//1352
f 1352//1352 1356//1356 1351//1351
f 1353//1353 1357//1357 1354//1354
f 1354//1354 1357//1357 1358//1358
f 1359//1359 1360//1360 1355//1355
f 1355//1355 1360//1360 1356//1356
f 1357//1357 1361//1361 1358//1358
f 1358//1358 1361//1361 1362//1362
f 1363//1363 1364//1364 1359//1359
f 1359//1359 1364//1364 1360//1360
f 1362//1362 1365//1365 1366//1366
f 1361//1361 1365//1365 1362//1362
f 1367//1367 1368//1368 1363//1363
f 1363//1363 1368//1368 1364//1364
f 1366//1366 1369//1369 1370//1370
f 1365//1365 1369//1369 1366//1366
f 1371//1371 1372//1372 1367//1367
f 1367//1367 1372//1372 1368//1368
f 1371//1371 1373//1373 1372//1372
f 1370//1370 1374//1374 1375//1375
f 1369//1369 1374//1374 1370//1370
f 1373//1373 1376//1376 1372//1372
f 1377//1377 1376//1376 1373//1373
f 1375//1375 1378//1378 1379//1379
f 1379//1379 1378//1378 1380//1380
f 1374//1374 1378//1378 1375//1375
f 1377//1377 1381//1381 1376//1376
f 1378//1378 1382//1382 1380//1380
f 1380//1380 1382//1382 1383//1383
f 1377//1377 1384//1384 1381//1381
f 1385//1385 1384//1384 1377//1377
f 1382//1382 1386//1386 1383//1383
f 1385//1385 1387//1387 1384//1384
f 1388//1388 1387//1387 1385//1385
f 1386//1386 1389//1389 1383//1383
f 1388//1388 1390//1390 1387//1387
f 1386//1386 1391//1391 1389//1389
f 1390//1390 1392//1392 1387//1387
f 1393//1393 1392//1392 1390//1390
f 1391//1391 1394//1394 1389//1389
f 1389//1389 1394//1394 1395//1395
f 1395//1395 1394//1394 1396//1396
f 1393//1393 1397//1397 1392//1392
f 1398//1398 1397//1397 1393//1393
f 1394//1394 1399//1399 1396//1396
f 1396//1396 1399//1399 1400//1400
f 1398//1398 1401//1401 1397//1397
f 1399//1399 1402//1402 1400//1400
f 1398//1398 1403//1403 1401//1401
f 1404//1404 1403//1403 1398//1398
f 1402//1402 1405//1405 1400//1400
f 1400//1400 1405//1405 1406//1406
f 1404//1404 1407//1407 1403//1403
f 1408//1408 1407//1407 1404//1404
f 1405//1405 1409//1409 1406//1406
f 1406//1406 1409//1409 1410//1410
f 1408//1408 1411//1411 1407//1407
f 1412//1412 1411//1411 1408//1408
f 1409//1409 1413//1413 1410//1410
f 1410//1410 1413//1413 1414//1414
f 1414//1414 1413//1413 1415//1415
f 1412//1412 1416//1416 1411//1411
f 1417//1417 1416//1416 1412//1412
f 1413//1413 1418//1418 1415//1415
f 1419//1419 1420//1420 1421//1421
f 1421//1421 1420//1420 1417//1417
f 1417//1417 1420//1420 1416//1416
f 1418//1418 1422//1422 1415//1415
f 1415//1415 1422//1422 1423//1423
f 1419//1419 1424//1424 1420//1420
f 1423//1423 1425//1425 1426//1426
f 1422//1422 1425//1425 1423//1423
f 1419//1419 1427//1427 1424//1424
f 1428//1428 1427//1427 1419//1419
f 1428//1428 1429//1429 1427//1427
f 1430//1430 1429//1429 1428//1428
f 1425//1425 1431//1431 1426//1426
f 1426//1426 1431//1431 1432//1432
f 1430//1430 1433//1433 1429//1429
f 1434//1434 1433//1433 1435//1435
f 1435//1435 1433//1433 1430//1430
f 1432//1432 1436//1436 1437//1437
f 1431//1431 1436//1436 1432//1432
f 1437//1437 1438//1438 1439//1439
f 1439//1439 1438//1438 1440//1440
f 1436//1436 1438//1438 1437//1437
f 1434//1434 1441//1441 1433//1433
f 1438//1438 1442//1442 1440//1440
f 1434//1434 1443//1443 1441//1441
f 1444//1444 1443//1443 1445//1445
f 1445//1445 1443//1443 1434//1434
f 1442//1442 1446//1446 1440//1440
f 1440//1440 1446//1446 1447//1447
f 1444//1444 1448//1448 1443//1443
f 1449//1449 1448//1448 1444//1444
f 1446//1446 1450//1450 1447//1447
f 1447//1447 1450//1450 1451//1451
f 1449//1449 1452//1452 1448//1448
f 1453//1453 1452//1452 1449//1449
f 1450//1450 1454//1454 1451//1451
f 1451//1451 1454//1454 1455//1455
f 1453//1453 1456//1456 1452//1452
f 1457//1457 1456//1456 1453//1453
f 1454//1454 1458//1458 1455//1455
f 1455//1455 1458//1458 1459//1459
f 1460//1460 1461//1461 1457//1457
f 1457//1457 1461//1461 1456//1456
f 1458//1458 1462//1462 1459//1459
f 1459//1459 1462//1462 1463//1463
f 1460//1460 1464//1464 1461//1461
f 1462//1462 1465//1465 1463//1463
f 1463//1463 1465//1465 1466//1466
f 1466//1466 1465//1465 1467//1467
f 1468//1468 1469//1469 1460//1460
f 1460//1460 1469//1469 1464//1464
f 1465//1465 1470//1470 1467//1467
f 1468//1468 1471//1471 1469//1469
f 1472//1472 1471//1471 1473//1473
f 1473//1473 1471//1471 1468//1468
f 1467//1467 1474//1474 1475//1475
f 1470//1470 1474//1474 1467//1467
f 1472//1472 1476//1476 1471//1471
f 1477//1477 1478//1478 1472//1472
f 1472//1472 1478//1478 1476//1476
f 1475//1475 1479//1479 1480//1480
f 1474//1474 1479//1479 1475//1475
f 1477//1477 1481//1481 1478//1478
f 1482//1482 1481//1481 1483//1483
f 1483//1483 1481//1481 1477//1477
f 1480//1480 1484//1484 1485//1485
f 1485//1485 1484//1484 1486//1486
f 1479//1479 1484//1484 1480//1480
f 1484//1484 1487//1487 1486//1486
f 1482//1482 1488//1488 1481//1481
f 1486//1486 1489//1489 1490//1490
f 1490//1490 1489//1489 1491//1491
f 1487//1487 1489//1489 1486//1486
f 1482//1482 1492//1492 1488//1488
f 1493//1493 1492//1492 1494//1494
f 1494//1494 1492//1492 1482//1482
f 1489//1489 1495//1495 1491//1491
f 1493//1493 1496//1496 1492//1492
f 1491//1491 1497//1497 1498//1498
f 1495//1495 1497//1497 1491//1491
f 1493//1493 1499//1499 1496//1496
f 1500//1500 1499//1499 1493//1493
f 1498//1498 1501//1501 1502//1502
f 1497//1497 1501//1501 1498//1498
f 1500//1500 1503//1503 1499//1499
f 1504//1504 1503//1503 1500//1500
f 1504//1504 1505//1505 1503//1503
f 1501//1501 1506//1506 1502//1502
f 1505//1505 1507//1507 1503//1503
f 1508//1508 1507//1507 1505//1505
f 1506//1506 1509//1509 1510//1510
f 1501//1501 1509//1509 1506//1506
f 1508//1508 1511//1511 1507//1507
f 1512//1512 1511//1511 1508//1508
f 1510//1510 1513//1513 1514//1514
f 1509//1509 1513//1513 1510//1510
f 1512//1512 1515//1515 1511//1511
f 1513//1513 1516//1516 1514//1514
f 1517//1517 1518//1518 1512//1512
f 1512//1512 1518//1518 1515//1515
f 1514//1514 1519//1519 1520//1520
f 1520//1520 1519//1519 1521//1521
f 1516//1516 1519//1519 1514//1514
f 1522//1522 1523//1523 1517//1517
f 1517//1517 1523//1523 1518//1518
f 1519//1519 1524//1524 1521//1521
f 1521//1521 1525//1525 1526//1526
f 1526//1526 1525//1525 1527//1527
f 1524//1524 1525//1525 1521//1521
f 1522//1522 1528//1528 1523//1523
f 1529//1529 1528//1528 1530//1530
f 1530//1530 1528//1528 1522//1522
f 1527//1527 1531//1531 1532//1532
f 1525//1525 1531//1531 1527//1527
f 1529//1529 1533//1533 1528//1528
f 1532//1532 1534//1534 1535//1535
f 1531//1531 1534//1534 1532//1532
f 1536//1536 1537//1537 1529//1529
f 1529//1529 1537//1537 1533//1533
f 1535//1535 1538//1538 1539//1539
f 1534//1534 1538//1538 1535//1535
f 1536//1536 1540//1540 1537//1537
f 1541//1541 1540//1540 1536//1536
f 1539//1539 1542//1542 1543//1543
f 1538//1538 1542//1542 1539//1539
f 1544//1544 1545//1545 1541//1541
f 1541//1541 1545//1545 1540//1540
f 1542//1542 1546//1546 1543//1543
f 1544//1544 1547//1547 1545//1545
f 1548//1548 1547//1547 1544//1544
f 1549//1549 1550//1550 1548//1548
f 1548//1548 1550//1550 1547//1547
f 1543//1543 1551//1551 1552//1552
f 1552//1552 1551//1551 1553//1553
f 1546//1546 1551//1551 1543//1543
f 1549//1549 1554//1554 1550//1550
f 1555//1555 1554//1554 1549//1549
f 1551//1551 1556//1556 1553//1553
f 1555//1555 1557//1557 1554//1554
f 1558//1558 1557//1557 1555//1555
f 1553//1553 1559//1559 1560//1560
f 1556//1556 1559//1559 1553//1553
f 1558//1558 1561//1561 1557//1557
f 1562//1562 1561//1561 1563//1563
f 1563//1563 1561//1561 1558//1558
f 1559//1559 1564//1564 1560//1560
f 1560//1560 1564//1564 1565//1565
f 1562//1562 1566//1566 1561//1561
f 1564//1564 1567//1567 1565//1565
f 1565//1565 1567//1567 1568//1568
f 1569//1569 1570//1570 1571//1571
f 1571//1571 1570//1570 1562//1562
f 1562//1562 1570//1570 1566//1566
f 1567//1567 1572//1572 1568//1568
f 1568//1568 1572//1572 1573//1573
f 1569//1569 1574//1574 1570//1570
f 1573//1573 1575//1575 1576//1576
f 1572//1572 1575//1575 1573//1573
f 1577//1577 1578//1578 1579//1579
f 1579//1579 1578//1578 1569//1569
f 1569//1569 1578//1578 1574//1574
f 1576//1576 1580//1580 1581//1581
f 1581//1581 1580//1580 1582//1582
f 1575//1575 1580//1580 1576//1576
f 1577//1577 1583//1583 1578//1578
f 1580//1580 1584//1584 1582//1582
f 1577//1577 1585//1585 1583//1583
f 1586//1586 1585//1585 1577//1577
f 1582//1582 1587//1587 1588//1588
f 1588//1588 1587//1587 1589//1589
f 1584//1584 1587//1587 1582//1582
f 1587//1587 1590//1590 1589//1589
f 1586//1586 1591//1591 1585//1585
f 1592//1592 1591//1591 1586//1586
f 1589//1589 1593//1593 1594//1594
f 1594//1594 1593//1593 1595//1595
f 1590//1590 1593//1593 1589//1589
f 1592//1592 1596//1596 1591//1591
f 1597//1597 1596//1596 1592//1592
f 1593//1593 1598//1598 1595//1595
f 1597//1597 1599//1599 1596//1596
f 1600//1600 1599//1599 1601//1601
f 1601//1601 1599//1599 1597//1597
f 1595//1595 1602//1602 1603//1603
f 1598//1598 1602//1602 1595//1595
f 1600//1600 1604//1604 1599//1599
f 1603//1603 1605//1605 1606//1606
f 1602//1602 1605//1605 1603//1603
f 1607//1607 1608//1608 1609//1609
f 1609//1609 1608//1608 1600//1600
f 1600//1600 1608//1608 1604//1604
f 1606//1606 1610//1610 1611//1611
f 1605//1605 1610//1610 1606//1606
f 1607//1607 1612//1612 1608//1608
f 1610//1610 1613//1613 1611//1611
f 1611//1611 1613//1613 1614//1614
f 1615//1615 1616//1616 1607//1607
f 1607//1607 1616//1616 1612//1612
f 1614//1614 1617//1617 1618//1618
f 1613//1613 1617//1617 1614//1614
f 1619//1619 1620//1620 1615//1615
f 1615//1615 1620//1620 1616//1616
f 1617//1617 1621//1621 1618//1618
f 1618//1618 1621//1621 1622//1622
f 1619//1619 1623//1623 1620//1620
f 1622//1622 1623//1623 1624//1624
f 1624//1624 1623//1623 1619//1619
f 1621//1621 1623//1623 1622//1622
f 1625//1625 1626//1626 1627//1627
f 1625//1625 1628//1628 1626//1626
f 1629//1629 1627//1627 1626//1626
f 1629//1629 1626//1626 1630//1630
f 1631//1631 1628//1628 1625//1625
f 1631//1631 1632//1632 1628//1628
f 1633//1633 1630//1630 1634//1634
f 1633//1633 1634//1634 1635//1635
f 1633//1633 1629//1629 1630//1630
f 1636//1636 1632//1632 1631//1631
f 1636//1636 1637//1637 1632//1632
f 1638//1638 1633//1633 1635//1635
f 1639//1639 1640//1640 1637//1637
f 1639//1639 1641//1641 1640//1640
f 1639//1639 1637//1637 1636//1636
f 1642//1642 1643//1643 1644//1644
f 1642//1642 1635//1635 1643//1643
f 1642//1642 1638//1638 1635//1635
f 1645//1645 1646//1646 1641//1641
f 1645//1645 1641//1641 1639//1639
f 1647//1647 1648//1648 1646//1646
f 1647//1647 1646//1646 1645//1645
f 1649//1649 1642//1642 1644//1644
f 1650//1650 1651//1651 1648//1648
f 1650//1650 1648//1648 1647//1647
f 1652//1652 1644//1644 1653//1653
f 1652//1652 1649//1649 1644//1644
f 1654//1654 1651//1651 1650//1650
f 1655//1655 1653//1653 1656//1656
f 1655//1655 1652//1652 1653//1653
f 1657//1657 1651//1651 1654//1654
f 1657//1657 1658//1658 1651//1651
f 1659//1659 1656//1656 1660//1660
f 1659//1659 1655//1655 1656//1656
f 1661//1661 1658//1658 1657//1657
f 1661//1661 1662//1662 1663//1663
f 1661//1661 1663//1663 1658//1658
f 1664//1664 1660//1660 1665//1665
f 1664//1664 1659//1659 1660//1660
f 1666//1666 1664//1664 1665//1665
f 1666//1666 1665//1665 527//527
f 1667//1667 1662//1662 1661//1661
f 1668//1668 1666//1666 527//527
f 1668//1668 527//527 525//525
f 1669//1669 1662//1662 1667//1667
f 1669//1669 1670//1670 1662//1662
f 1671//1671 1672//1672 1670//1670
f 1671//1671 1673//1673 1672//1672
f 1671//1671 1670//1670 1669//1669
f 1674//1674 1668//1668 525//525
f 1674//1674 525//525 524//524
f 1675//1675 1673//1673 1671//1671
f 1676//1676 516//516 515//515
f 1676//1676 1674//1674 524//524
f 1676//1676 524//524 516//516
f 1677//1677 1678//1678 1673//1673
f 1677//1677 1673//1673 1675//1675
f 1679//1679 1676//1676 515//515
f 1680//1680 1681//1681 1678//1678
f 1680//1680 1682//1682 1681//1681
f 1680//1680 1678//1678 1677//1677
f 1683//1683 515//515 522//522
f 1683//1683 1679//1679 515//515
f 1684//1684 1682//1682 1680//1680
f 1685//1685 522//522 520//520
f 1685//1685 1683//1683 522//522
f 1686//1686 520//520 519//519
f 1686//1686 1685//1685 520//520
f 1687//1687 1688//1688 1682//1682
f 1687//1687 1682//1682 1684//1684
f 1689//1689 519//519 1690//1690
f 1689//1689 1686//1686 519//519
f 1691//1691 1692//1692 1693//1693
f 1691//1691 1693//1693 1688//1688
f 1691//1691 1688//1688 1687//1687
f 1694//1694 1690//1690 1695//1695
f 1694//1694 1689//1689 1690//1690
f 1696//1696 1692//1692 1691//1691
f 1697//1697 1695//1695 1698//1698
f 1697//1697 1694//1694 1695//1695
f 1699//1699 1700//1700 1692//1692
f 1699//1699 1701//1701 1700//1700
f 1699//1699 1692//1692 1696//1696
f 1702//1702 1703//1703 1701//1701
f 1702//1702 1701//1701 1699//1699
f 1704//1704 1698//1698 1705//1705
f 1704//1704 1705//1705 1706//1706
f 1704//1704 1697//1697 1698//1698
f 1707//1707 1703//1703 1702//1702
f 1708//1708 1704//1704 1706//1706
f 1709//1709 1710//1710 1703//1703
f 1709//1709 1703//1703 1707//1707
f 1711//1711 1706//1706 1712//1712
f 1711//1711 1708//1708 1706//1706
f 1713//1713 1714//1714 1710//1710
f 1713//1713 1710//1710 1709//1709
f 1715//1715 1716//1716 1717//1717
f 1715//1715 1712//1712 1716//1716
f 1715//1715 1711//1711 1712//1712
f 1718//1718 1715//1715 1717//1717
f 1719//1719 1720//1720 1714//1714
f 1719//1719 1714//1714 1713//1713
f 1721//1721 1718//1718 1717//1717
f 1721//1721 1717//1717 1722//1722
f 1721//1721 1722//1722 1723//1723
f 1724//1724 1725//1725 1720//1720
f 1724//1724 1720//1720 1719//1719
f 1726//1726 1721//1721 1723//1723
f 1727//1727 1728//1728 1725//1725
f 1727//1727 1725//1725 1724//1724
f 1729//1729 1730//1730 1731//1731
f 1729//1729 1723//1723 1730//1730
f 1729//1729 1726//1726 1723//1723
f 1732//1732 1728//1728 1727//1727
f 1732//1732 1733//1733 1728//1728
f 1734//1734 1729//1729 1731//1731
f 1735//1735 1736//1736 1733//1733
f 1735//1735 1733//1733 1732//1732
f 1737//1737 1734//1734 1731//1731
f 1738//1738 1736//1736 1735//1735
f 1739//1739 1734//1734 1737//1737
f 1740//1740 1738//1738 1735//1735
f 1741//1741 1737//1737 1742//1742
f 1741//1741 1742//1742 1743//1743
f 1741//1741 1739//1739 1737//1737
f 1744//1744 1745//1745 1738//1738
f 1744//1744 1738//1738 1740//1740
f 1746//1746 1741//1741 1743//1743
f 1747//1747 1748//1748 1745//1745
f 1747//1747 1745//1745 1744//1744
f 1749//1749 1743//1743 1750//1750
f 1749//1749 1746//1746 1743//1743
f 1751//1751 1752//1752 1748//1748
f 1751//1751 1753//1753 1752//1752
f 1751//1751 1748//1748 1747//1747
f 1754//1754 1750//1750 1755//1755
f 1754//1754 1755//1755 1756//1756
f 1754//1754 1749//1749 1750//1750
f 1757//1757 1753//1753 1751//1751
f 1757//1757 1758//1758 1753//1753
f 1759//1759 1754//1754 1756//1756
f 1760//1760 1758//1758 1757//1757
f 1761//1761 1762//1762 1763//1763
f 1761//1761 1756//1756 1762//1762
f 1761//1761 1759//1759 1756//1756
f 1764//1764 1758//1758 1760//1760
f 1764//1764 1765//1765 1758//1758
f 1766//1766 1761//1761 1763//1763
f 1767//1767 1765//1765 1764//1764
f 1767//1767 1768//1768 1765//1765
f 1769//1769 1766//1766 1763//1763
f 1769//1769 1763//1763 1770//1770
f 1771//1771 1768//1768 1767//1767
f 1771//1771 1772//1772 1768//1768
f 1773//1773 1772//1772 1771//1771
f 1773//1773 1774//1774 1775//1775
f 1773//1773 1775//1775 1772//1772
f 1776//1776 1770//1770 1777//1777
f 1776//1776 1769//1769 1770//1770
f 1778//1778 1774//1774 1773//1773
f 1779//1779 1780//1780 1781//1781
f 1779//1779 1777//1777 1780//1780
f 1779//1779 1776//1776 1777//1777
f 1782//1782 1774//1774 1778//1778
f 1782//1782 1783//1783 1774//1774
f 1784//1784 1779//1779 1781//1781
f 1785//1785 1784//1784 1781//1781
f 1785//1785 1781//1781 1786//1786
f 1787//1787 1783//1783 1782//1782
f 1787//1787 1788//1788 1789//1789
f 1787//1787 1789//1789 1783//1783
f 1790//1790 1785//1785 1786//1786
f 1790//1790 1786//1786 1791//1791
f 1792//1792 1788//1788 1787//1787
f 1793//1793 1791//1791 1794//1794
f 1793//1793 1790//1790 1791//1791
f 1795//1795 1788//1788 1792//1792
f 1795//1795 1796//1796 1788//1788
f 1797//1797 1794//1794 1798//1798
f 1797//1797 1793//1793 1794//1794
f 1799//1799 1796//1796 1795//1795
f 1799//1799 1800//1800 1796//1796
f 1799//1799 1801//1801 1800//1800
f 1802//1802 1798//1798 1803//1803
f 1802//1802 1803//1803 1804//1804
f 1802//1802 1797//1797 1798//1798
f 1805//1805 1801//1801 1799//1799
f 1806//1806 1802//1802 1804//1804
f 1807//1807 1801//1801 1805//1805
f 1807//1807 1808//1808 1801//1801
f 1809//1809 1804//1804 1810//1810
f 1809//1809 1806//1806 1804//1804
f 1811//1811 1808//1808 1807//1807
f 1811//1811 1812//1812 1808//1808
f 1813//1813 1810//1810 1814//1814
f 1813//1813 1809//1809 1810//1810
f 1815//1815 1812//1812 1811//1811
f 1815//1815 1816//1816 1812//1812
f 1817//1817 1814//1814 1818//1818
f 1817//1817 1813//1813 1814//1814
f 1819//1819 1816//1816 1815//1815
f 1819//1819 1820//1820 1816//1816
f 1821//1821 1817//1817 1818//1818
f 1821//1821 1818//1818 1822//1822
f 1821//1821 1822//1822 1823//1823
f 1824//1824 1820//1820 1819//1819
f 1824//1824 1825//1825 1820//1820
f 1826//1826 1821//1821 1823//1823
f 1827//1827 1825//1825 1824//1824
f 1827//1827 1828//1828 1825//1825
f 1827//1827 1829//1829 1828//1828
f 1830//1830 1826//1826 1823//1823
f 1830//1830 1831//1831 1832//1832
f 1830//1830 1823//1823 1831//1831
f 1833//1833 1829//1829 1827//1827
f 1834//1834 1830//1830 1832//1832
f 1835//1835 1829//1829 1833//1833
f 1835//1835 1836//1836 1829//1829
f 1837//1837 1834//1834 1832//1832
f 1837//1837 1832//1832 1838//1838
f 1839//1839 1836//1836 1835//1835
f 1839//1839 1840//1840 1836//1836
f 1841//1841 1837//1837 1838//1838
f 1841//1841 1842//1842 1843//1843
f 1841//1841 1838//1838 1842//1842
f 1844//1844 1840//1840 1839//1839
f 1844//1844 1845//1845 1840//1840
f 1844//1844 1846//1846 1845//1845
f 1847//1847 1841//1841 1843//1843
f 1848//1848 1846//1846 1844//1844
f 1849//1849 1847//1847 1843//1843
f 1849//1849 1843//1843 1850//1850
f 1851//1851 1846//1846 1848//1848
f 1851//1851 1852//1852 1846//1846
f 1853//1853 1852//1852 1851//1851
f 1854//1854 1849//1849 1850//1850
f 1854//1854 1850//1850 1855//1855
f 1854//1854 1855//1855 1856//1856
f 1857//1857 1853//1853 1851//1851
f 1857//1857 1858//1858 1853//1853
f 1859//1859 1854//1854 1856//1856
f 1860//1860 1858//1858 1857//1857
f 1861//1861 1856//1856 1862//1862
f 1861//1861 1859//1859 1856//1856
f 1863//1863 1864//1864 1858//1858
f 1863//1863 1865//1865 1864//1864
f 1863//1863 1858//1858 1860//1860
f 1866//1866 1862//1862 1867//1867
f 1866//1866 1861//1861 1862//1862
f 1868//1868 1865//1865 1863//1863
f 1869//1869 1867//1867 1870//1870
f 1869//1869 1866//1866 1867//1867
f 1871//1871 1872//1872 1865//1865
f 1871//1871 1865//1865 1868//1868
f 1873//1873 1874//1874 1875//1875
f 1873//1873 1870//1870 1874//1874
f 1873//1873 1869//1869 1870//1870
f 1876//1876 1872//1872 1871//1871
f 1876//1876 1877//1877 1872//1872
f 1878//1878 1873//1873 1875//1875
f 1879//1879 1877//1877 1876//1876
f 1879//1879 1880//1880 1877//1877
f 1881//1881 1875//1875 1882//1882
f 1881//1881 1878//1878 1875//1875
f 1883//1883 1880//1880 1879//1879
f 1883//1883 1884//1884 1880//1880
f 1885//1885 1884//1884 1883//1883
f 1885//1885 1886//1886 1887//1887
f 1885//1885 1887//1887 1884//1884
f 1888//1888 1881//1881 1882//1882
f 1888//1888 1882//1882 1889//1889
f 1890//1890 1888//1888 1889//1889
f 1890//1890 1889//1889 1891//1891
f 1892//1892 1886//1886 1885//1885
f 1893//1893 1890//1890 1891//1891
f 1893//1893 1891//1891 1894//1894
f 1895//1895 1886//1886 1892//1892
f 1895//1895 1896//1896 1886//1886
f 1897//1897 1894//1894 1898//1898
f 1897//1897 1893//1893 1894//1894
f 1899//1899 1896//1896 1895//1895
f 1899//1899 1900//1900 1896//1896
f 1901//1901 1897//1897 1898//1898
f 1902//1902 1897//1897 1901//1901
f 1903//1903 1900//1900 1899//1899
f 1903//1903 1904//1904 1900//1900
f 1905//1905 1901//1901 1906//1906
f 1905//1905 1902//1902 1901//1901
f 1907//1907 1908//1908 1904//1904
f 1907//1907 1904//1904 1903//1903
f 1909//1909 1905//1905 1906//1906
f 1909//1909 1906//1906 1910//1910
f 1911//1911 1912//1912 1908//1908
f 1911//1911 1913//1913 1912//1912
f 1911//1911 1908//1908 1907//1907
f 1914//1914 1910//1910 1915//1915
f 1914//1914 1909//1909 1910//1910
f 1916//1916 1913//1913 1911//1911
f 1917//1917 1915//1915 1918//1918
f 1917//1917 1914//1914 1915//1915
f 1919//1919 1920//1920 1913//1913
f 1919//1919 1913//1913 1916//1916
f 1921//1921 1918//1918 1922//1922
f 1921//1921 1917//1917 1918//1918
f 1923//1923 1920//1920 1919//1919
f 1923//1923 1924//1924 1920//1920
f 1925//1925 1921//1921 1922//1922
f 1925//1925 1922//1922 1926//1926
f 1927//1927 1924//1924 1923//1923
f 1927//1927 1928//1928 1924//1924
f 1927//1927 1929//1929 1928//1928
f 1930//1930 1929//1929 1927//1927
f 1931//1931 1925//1925 1926//1926
f 1931//1931 1926//1926 1932//1932
f 1933//1933 1931//1931 1932//1932
f 1933//1933 1932//1932 1934//1934
f 1935//1935 1929//1929 1930//1930
f 1935//1935 1936//1936 1937//1937
f 1935//1935 1937//1937 1929//1929
f 1938//1938 1933//1933 1934//1934
f 1938//1938 1934//1934 1939//1939
f 1940//1940 1936//1936 1935//1935
f 1941//1941 1938//1938 1939//1939
f 1941//1941 1939//1939 1942//1942
f 1943//1943 1936//1936 1940//1940
f 1943//1943 1944//1944 1936//1936
f 1943//1943 1945//1945 1944//1944
f 1946//1946 1941//1941 1942//1942
f 1946//1946 1942//1942 1947//1947
f 1948//1948 1945//1945 1943//1943
f 1949//1949 1946//1946 1947//1947
f 1949//1949 1947//1947 1950//1950
f 1951//1951 1952//1952 1945//1945
f 1951//1951 1945//1945 1948//1948
f 1953//1953 1949//1949 1950//1950
f 1953//1953 1950//1950 1954//1954
f 1955//1955 1956//1956 1952//1952
f 1955//1955 1952//1952 1951//1951
f 1957//1957 1954//1954 1958//1958
f 1957//1957 1953//1953 1954//1954
f 1959//1959 1960//1960 1956//1956
f 1959//1959 1961//1961 1960//1960
f 1959//1959 1956//1956 1955//1955
f 1962//1962 1958//1958 1963//1963
f 1962//1962 1957//1957 1958//1958
f 1964//1964 1961//1961 1959//1959
f 1965//1965 1962//1962 1963//1963
f 1966//1966 1962//1962 1965//1965
f 1967//1967 1968//1968 1961//1961
f 1967//1967 1961//1961 1964//1964
f 1969//1969 1966//1966 1965//1965
f 1969//1969 1965//1965 1970//1970
f 1971//1971 1972//1972 1968//1968
f 1971//1971 1973//1973 1972//1972
f 1971//1971 1968//1968 1967//1967
f 1974//1974 1969//1969 1970//1970
f 1974//1974 1970//1970 1975//1975
f 1976//1976 1973//1973 1971//1971
f 1977//1977 1973//1973 1976//1976
f 1977//1977 1978//1978 1973//1973
f 1979//1979 1974//1974 1975//1975
f 1979//1979 1975//1975 1980//1980
f 1981//1981 1979//1979 1980//1980
f 1982//1982 1983//1983 1978//1978
f 1982//1982 1978//1978 1977//1977
f 1984//1984 1979//1979 1981//1981
f 1985//1985 1983//1983 1982//1982
f 1985//1985 1986//1986 1983//1983
f 1987//1987 1984//1984 1981//1981
f 1987//1987 1988//1988 1989//1989
f 1987//1987 1981//1981 1988//1988
f 1990//1990 1986//1986 1985//1985
f 1990//1990 1991//1991 1986//1986
f 1992//1992 1987//1987 1989//1989
f 1993//1993 1994//1994 1991//1991
f 1993//1993 1991//1991 1990//1990
f 1995//1995 1992//1992 1989//1989
f 1995//1995 1989//1989 1996//1996
f 1997//1997 1994//1994 1993//1993
f 1998//1998 1995//1995 1996//1996
f 1998//1998 1996//1996 1999//1999
f 2000//2000 1997//1997 1993//1993
f 2001//2001 1998//1998 1999//1999
f 2001//2001 1999//1999 2002//2002
f 2003//2003 2004//2004 1997//1997
f 2003//2003 1997//1997 2000//2000
f 2005//2005 2001//2001 2002//2002
f 2005//2005 2002//2002 2006//2006
f 2007//2007 2008//2008 2004//2004
f 2007//2007 2004//2004 2003//2003
f 2009//2009 2005//2005 2006//2006
f 2009//2009 2006//2006 2010//2010
f 2011//2011 2008//2008 2007//2007
f 2011//2011 2012//2012 2008//2008
f 2013//2013 2009//2009 2010//2010
f 2014//2014 2009//2009 2013//2013
f 2015//2015 2016//2016 2012//2012
f 2015//2015 2012//2012 2011//2011
f 2017//2017 2013//2013 2018//2018
f 2017//2017 2014//2014 2013//2013
f 2019//2019 2020//2020 2016//2016
f 2019//2019 2016//2016 2015//2015
f 2021//2021 2017//2017 2018//2018
f 2021//2021 2018//2018 2022//2022
f 2023//2023 2024//2024 2020//2020
f 2023//2023 2020//2020 2019//2019
f 2025//2025 2021//2021 2022//2022
f 2025//2025 2022//2022 2026//2026
f 2027//2027 2024//2024 2023//2023
f 2027//2027 2028//2028 2024//2024
f 2029//2029 2028//2028 2027//2027
f 2029//2029 2030//2030 2028//2028
f 2031//2031 2025//2025 2026//2026
f 2031//2031 2026//2026 2032//2032
f 2033//2033 2034//2034 2030//2030
f 2033//2033 2030//2030 2029//2029
f 2035//2035 2031//2031 2032//2032
f 2035//2035 2032//2032 2036//2036
f 2037//2037 2034//2034 2033//2033
f 2037//2037 2038//2038 2034//2034
f 2039//2039 2035//2035 2036//2036
f 2039//2039 2036//2036 2040//2040
f 2041//2041 2042//2042 2038//2038
f 2041//2041 2038//2038 2037//2037
f 2043//2043 2039//2039 2040//2040
f 2043//2043 2040//2040 2044//2044
f 2045//2045 2042//2042 2041//2041
f 2046//2046 2043//2043 2044//2044
f 2047//2047 2045//2045 2041//2041
f 2048//2048 2043//2043 2046//2046
f 2049//2049 2048//2048 2046//2046
f 2049//2049 2046//2046 2050//2050
f 2051//2051 2052//2052 2045//2045
f 2051//2051 2045//2045 2047//2047
f 2053//2053 2054//2054 2052//2052
f 2053//2053 2052//2052 2051//2051
f 2055//2055 2049//2049 2050//2050
f 2055//2055 2050//2050 2056//2056
f 2057//2057 2058//2058 2054//2054
f 2057//2057 2059//2059 2058//2058
f 2057//2057 2054//2054 2053//2053
f 2060//2060 2055//2055 2056//2056
f 2060//2060 2061//2061 2062//2062
f 2060//2060 2056//2056 2061//2061
f 2063//2063 2059//2059 2057//2057
f 2064//2064 2060//2060 2062//2062
f 2065//2065 2066//2066 2059//2059
f 2065//2065 2059//2059 2063//2063
f 2067//2067 2064//2064 2062//2062
f 2067//2067 2062//2062 2068//2068
f 2069//2069 2070//2070 2066//2066
f 2069//2069 2066//2066 2065//2065
f 2071//2071 2068//2068 2072//2072
f 2071//2071 2067//2067 2068//2068
f 2073//2073 2072//2072 2074//2074
f 2073//2073 2071//2071 2072//2072
f 2075//2075 2076//2076 2070//2070
f 2075//2075 2070//2070 2069//2069
f 2077//2077 2073//2073 2074//2074
f 2077//2077 2074//2074 2078//2078
f 2079//2079 2076//2076 2075//2075
f 2079//2079 2080//2080 2081//2081
f 2079//2079 2081//2081 2076//2076
f 2082//2082 2078//2078 2083//2083
f 2082//2082 2077//2077 2078//2078
f 2084//2084 2080//2080 2079//2079
f 2085//2085 2086//2086 2087//2087
f 2085//2085 2083//2083 2086//2086
f 2085//2085 2082//2082 2083//2083
f 2088//2088 2089//2089 2080//2080
f 2088//2088 2080//2080 2084//2084
f 2090//2090 2089//2089 2088//2088
f 2090//2090 2091//2091 2089//2089
f 2092//2092 2085//2085 2087//2087
f 2093//2093 2094//2094 2091//2091
f 2093//2093 2091//2091 2090//2090
f 2095//2095 2087//2087 2096//2096
f 2095//2095 2092//2092 2087//2087
f 2097//2097 2094//2094 2093//2093
f 2098//2098 2097//2097 2093//2093
f 2099//2099 2096//2096 2100//2100
f 2099//2099 2095//2095 2096//2096
f 2101//2101 2102//2102 2097//2097
f 2101//2101 2097//2097 2098//2098
f 2103//2103 2100//2100 2104//2104
f 2103//2103 2099//2099 2100//2100
f 2105//2105 2102//2102 2101//2101
f 2105//2105 2106//2106 2102//2102
f 2107//2107 2104//2104 2108//2108
f 2107//2107 2103//2103 2104//2104
f 2109//2109 2108//2108 2110//2110
f 2109//2109 2107//2107 2108//2108
f 2111//2111 2112//2112 2106//2106
f 2111//2111 2106//2106 2105//2105
f 2113//2113 2110//2110 2114//2114
f 2113//2113 2109//2109 2110//2110
f 2115//2115 2116//2116 2112//2112
f 2115//2115 2112//2112 2111//2111
f 2117//2117 2114//2114 2118//2118
f 2117//2117 2113//2113 2114//2114
f 2119//2119 2120//2120 2116//2116
f 2119//2119 2116//2116 2115//2115
f 2121//2121 2122//2122 2120//2120
f 2121//2121 2120//2120 2119//2119
f 2123//2123 2118//2118 2124//2124
f 2123//2123 2117//2117 2118//2118
f 2125//2125 2126//2126 2122//2122
f 2125//2125 2122//2122 2121//2121
f 2127//2127 2124//2124 2128//2128
f 2127//2127 2123//2123 2124//2124
f 2129//2129 2127//2127 2128//2128
f 2130//2130 2131//2131 2132//2132
f 2130//2130 2126//2126 2125//2125
f 2130//2130 2132//2132 2126//2126
f 2133//2133 2127//2127 2129//2129
f 2134//2134 2131//2131 2130//2130
f 2135//2135 2133//2133 2129//2129
f 2135//2135 2129//2129 2136//2136
f 2137//2137 2138//2138 2131//2131
f 2137//2137 2131//2131 2134//2134
f 2139//2139 2140//2140 2141//2141
f 2139//2139 2136//2136 2140//2140
f 2139//2139 2135//2135 2136//2136
f 2142//2142 2138//2138 2137//2137
f 2142//2142 2143//2143 2138//2138
f 2144//2144 2139//2139 2141//2141
f 2145//2145 2143//2143 2142//2142
f 2146//2146 2141//2141 2147//2147
f 2146//2146 2144//2144 2141//2141
f 2148//2148 2149//2149 2145//2145
f 2148//2148 2145//2145 2142//2142
f 2150//2150 2147//2147 2151//2151
f 2150//2150 2146//2146 2147//2147
f 2152//2152 2149//2149 2148//2148
f 2153//2153 2151//2151 2154//2154
f 2153//2153 2150//2150 2151//2151
f 2155//2155 2156//2156 2149//2149
f 2155//2155 2157//2157 2156//2156
f 2155//2155 2149//2149 2152//2152
f 2158//2158 2154//2154 2159//2159
f 2158//2158 2153//2153 2154//2154
f 2160//2160 2157//2157 2155//2155
f 2161//2161 2159//2159 2162//2162
f 2161//2161 2158//2158 2159//2159
f 2163//2163 2157//2157 2160//2160
f 2163//2163 2164//2164 2157//2157
f 2165//2165 2161//2161 2162//2162
f 2166//2166 2161//2161 2165//2165
f 2167//2167 2164//2164 2163//2163
f 2167//2167 2168//2168 2164//2164
f 2169//2169 2167//2167 2170//2170
f 2169//2169 2168//2168 2167//2167
f 2171//2171 2172//2172 2166//2166
f 2171//2171 2166//2166 2165//2165
f 2173//2173 2170//2170 2174//2174
f 2173//2173 2169//2169 2170//2170
f 2175//2175 2176//2176 2172//2172
f 2175//2175 2172//2172 2171//2171
f 2177//2177 2173//2173 2174//2174
f 2177//2177 2174//2174 2178//2178
f 2179//2179 2180//2180 2181//2181
f 2179//2179 2181//2181 2176//2176
f 2179//2179 2176//2176 2175//2175
f 2182//2182 2177//2177 2178//2178
f 2182//2182 2178//2178 2183//2183
f 2184//2184 2180//2180 2179//2179
f 2185//2185 2180//2180 2184//2184
f 2185//2185 2186//2186 2180//2180
f 2187//2187 2183//2183 2188//2188
f 2187//2187 2182//2182 2183//2183
f 2189//2189 2186//2186 2185//2185
f 2189//2189 2190//2190 2186//2186
f 2191//2191 2188//2188 2192//2192
f 2191//2191 2187//2187 2188//2188
f 2193//2193 2190//2190 2189//2189
f 2193//2193 2194//2194 2190//2190
f 2195//2195 2192//2192 2196//2196
f 2195//2195 2191//2191 2192//2192
f 2197//2197 2194//2194 2193//2193
f 2197//2197 2198//2198 2199//2199
f 2197//2197 2199//2199 2194//2194
f 2200//2200 2196//2196 2201//2201
f 2200//2200 2195//2195 2196//2196
f 2202//2202 2201//2201 2203//2203
f 2202//2202 2200//2200 2201//2201
f 2204//2204 2198//2198 2197//2197
f 2205//2205 2203//2203 2206//2206
f 2205//2205 2202//2202 2203//2203
f 2207//2207 2208//2208 2198//2198
f 2207//2207 2198//2198 2204//2204
f 2209//2209 2205//2205 2206//2206
f 2210//2210 2208//2208 2207//2207
f 2211//2211 2205//2205 2209//2209
f 2212//2212 2213//2213 2210//2210
f 2212//2212 2210//2210 2207//2207
f 2214//2214 2209//2209 2215//2215
f 2214//2214 2211//2211 2209//2209
f 2216//2216 2213//2213 2212//2212
f 2217//2217 2215//2215 2218//2218
f 2217//2217 2218//2218 2219//2219
f 2217//2217 2214//2214 2215//2215
f 2220//2220 2221//2221 2213//2213
f 2220//2220 2213//2213 2216//2216
f 2222//2222 2223//2223 2221//2221
f 2222//2222 2221//2221 2220//2220
f 2224//2224 2217//2217 2219//2219
f 2225//2225 2223//2223 2222//2222
f 2226//2226 2224//2224 2219//2219
f 2227//2227 2225//2225 2222//2222
f 2228//2228 2226//2226 2229//2229
f 2228//2228 2224//2224 2226//2226
f 2230//2230 2228//2228 2229//2229
f 2231//2231 2232//2232 2233//2233
f 2231//2231 2233//2233 2225//2225
f 2231//2231 2225//2225 2227//2227
f 2234//2234 2229//2229 2235//2235
f 2234//2234 2230//2230 2229//2229
f 2236//2236 2232//2232 2231//2231
f 2237//2237 2235//2235 2238//2238
f 2237//2237 2234//2234 2235//2235
f 2239//2239 2232//2232 2236//2236
f 2239//2239 2240//2240 2232//2232
f 2241//2241 2240//2240 2239//2239
f 2242//2242 2237//2237 2238//2238
f 2242//2242 2238//2238 2243//2243
f 2244//2244 2241//2241 2239//2239
f 2245//2245 2243//2243 2246//2246
f 2245//2245 2242//2242 2243//2243
f 2247//2247 2241//2241 2244//2244
f 2247//2247 2248//2248 2241//2241
f 2249//2249 2250//2250 2248//2248
f 2249//2249 2248//2248 2247//2247
f 2251//2251 2245//2245 2246//2246
f 2251//2251 2246//2246 2252//2252
f 2253//2253 2254//2254 2255//2255
f 2253//2253 2255//2255 2250//2250
f 2253//2253 2250//2250 2249//2249
f 2256//2256 2252//2252 2257//2257
f 2256//2256 2251//2251 2252//2252
f 2258//2258 2254//2254 2253//2253
f 2259//2259 2257//2257 2260//2260
f 2259//2259 2256//2256 2257//2257
f 2261//2261 2262//2262 2263//2263
f 2261//2261 2263//2263 2254//2254
f 2261//2261 2254//2254 2258//2258
f 2264//2264 2260//2260 2265//2265
f 2264//2264 2265//2265 2266//2266
f 2264//2264 2259//2259 2260//2260
f 2267//2267 2264//2264 2266//2266
f 2268//2268 2262//2262 2261//2261
f 2269//2269 2267//2267 2266//2266
f 2269//2269 2266//2266 2270//2270
f 2271//2271 2262//2262 2268//2268
f 2271//2271 2272//2272 2262//2262
f 2273//2273 2270//2270 2274//2274
f 2273//2273 2274//2274 2275//2275
f 2273//2273 2269//2269 2270//2270
f 2276//2276 2272//2272 2271//2271
f 2276//2276 2277//2277 2272//2272
f 2278//2278 2275//2275 2279//2279
f 2278//2278 2273//2273 2275//2275
f 2280//2280 2277//2277 2276//2276
f 2280//2280 2281//2281 2282//2282
f 2280//2280 2282//2282 2277//2277
f 2283//2283 2278//2278 2279//2279
f 2284//2284 2281//2281 2280//2280
f 2285//2285 2283//2283 2279//2279
f 2285//2285 2279//2279 2286//2286
f 2287//2287 2281//2281 2284//2284
f 2287//2287 2288//2288 2281//2281
f 2289//2289 2288//2288 2287//2287
f 2289//2289 2290//2290 2288//2288
f 2291//2291 2285//2285 2286//2286
f 2291//2291 2286//2286 2292//2292
f 2293//2293 2290//2290 2289//2289
f 2294//2294 2291//2291 2292//2292
f 2295//2295 2293//2293 2289//2289
f 2296//2296 2291//2291 2294//2294
f 2297//2297 2293//2293 2295//2295
f 2297//2297 2298//2298 2293//2293
f 2299//2299 2294//2294 2300//2300
f 2299//2299 2300//2300 2301//2301
f 2299//2299 2296//2296 2294//2294
f 2302//2302 2303//2303 2298//2298
f 2302//2302 2298//2298 2297//2297
f 2304//2304 2299//2299 2301//2301
f 2305//2305 2306//2306 2303//2303
f 2305//2305 2303//2303 2302//2302
f 2307//2307 2301//2301 2308//2308
f 2307//2307 2304//2304 2301//2301
f 2309//2309 2307//2307 2308//2308
f 2309//2309 2308//2308 2310//2310
f 2311//2311 2306//2306 2305//2305
f 2311//2311 2312//2312 2306//2306
f 2313//2313 2310//2310 2314//2314
f 2313//2313 2309//2309 2310//2310
f 2315//2315 2316//2316 2312//2312
f 2315//2315 2312//2312 2311//2311
f 2317//2317 2314//2314 2318//2318
f 2317//2317 2318//2318 2319//2319
f 2317//2317 2313//2313 2314//2314
f 2320//2320 2321//2321 2316//2316
f 2320//2320 2316//2316 2315//2315
f 2322//2322 2317//2317 2319//2319
f 2323//2323 2324//2324 2321//2321
f 2323//2323 2321//2321 2320//2320
f 2325//2325 2324//2324 2323//2323
f 2326//2326 2319//2319 2327//2327
f 2326//2326 2327//2327 2328//2328
f 2326//2326 2322//2322 2319//2319
f 2329//2329 2325//2325 2323//2323
f 2330//2330 2326//2326 2328//2328
f 2331//2331 2325//2325 2329//2329
f 2331//2331 2332//2332 2333//2333
f 2331//2331 2333//2333 2325//2325
f 2334//2334 2330//2330 2328//2328
f 2334//2334 2328//2328 2335//2335
f 2334//2334 2335//2335 2336//2336
f 2337//2337 2332//2332 2331//2331
f 2338//2338 2334//2334 2336//2336
f 2339//2339 2332//2332 2337//2337
f 2339//2339 2340//2340 2332//2332
f 2341//2341 2338//2338 2336//2336
f 2341//2341 2336//2336 2342//2342
f 2343//2343 2344//2344 2340//2340
f 2343//2343 2340//2340 2339//2339
f 2345//2345 2341//2341 2342//2342
f 2345//2345 2342//2342 2346//2346
f 2345//2345 2346//2346 2347//2347
f 2348//2348 2344//2344 2343//2343
f 2348//2348 2349//2349 2344//2344
f 2350//2350 2345//2345 2347//2347
f 2351//2351 2352//2352 2353//2353
f 2351//2351 2353//2353 2349//2349
f 2351//2351 2349//2349 2348//2348
f 2354//2354 2347//2347 2355//2355
f 2354//2354 2350//2350 2347//2347
f 2356//2356 2352//2352 2351//2351
f 2357//2357 2354//2354 2355//2355
f 2358//2358 2352//2352 2356//2356
f 2359//2359 2354//2354 2357//2357
f 2360//2360 2358//2358 2356//2356
f 2361//2361 2357//2357 2362//2362
f 2361//2361 2359//2359 2357//2357
f 2363//2363 2364//2364 2358//2358
f 2363//2363 2358//2358 2360//2360
f 2365//2365 2366//2366 2364//2364
f 2365//2365 2364//2364 2363//2363
f 2367//2367 2362//2362 2368//2368
f 2367//2367 2368//2368 2369//2369
f 2367//2367 2361//2361 2362//2362
f 2370//2370 2371//2371 2366//2366
f 2370//2370 2366//2366 2365//2365
f 2372//2372 2367//2367 2369//2369
f 2373//2373 2374//2374 2371//2371
f 2373//2373 2371//2371 2370//2370
f 2375//2375 2369//2369 2376//2376
f 2375//2375 2372//2372 2369//2369
f 2377//2377 2376//2376 2378//2378
f 2377//2377 2375//2375 2376//2376
f 2379//2379 2374//2374 2373//2373
f 2379//2379 2380//2380 2381//2381
f 2379//2379 2381//2381 2374//2374
f 2382//2382 2377//2377 2378//2378
f 2382//2382 2378//2378 2383//2383
f 2382//2382 2383//2383 2384//2384
f 2385//2385 2380//2380 2379//2379
f 2386//2386 2382//2382 2384//2384
f 2387//2387 2388//2388 2380//2380
f 2387//2387 2380//2380 2385//2385
f 2389//2389 2386//2386 2384//2384
f 2390//2390 2388//2388 2387//2387
f 2391//2391 2386//2386 2389//2389
f 2392//2392 2390//2390 2387//2387
f 2393//2393 2391//2391 2389//2389
f 2393//2393 2389//2389 2394//2394
f 2393//2393 2394//2394 2395//2395
f 2396//2396 2397//2397 2390//2390
f 2396//2396 2390//2390 2392//2392
f 2398//2398 2393//2393 2395//2395
f 2399//2399 2400//2400 2397//2397
f 2399//2399 2397//2397 2396//2396
f 2401//2401 2398//2398 2395//2395
f 2401//2401 2395//2395 2402//2402
f 2403//2403 2404//2404 2400//2400
f 2403//2403 2400//2400 2399//2399
f 2405//2405 2406//2406 2404//2404
f 2405//2405 2404//2404 2403//2403
f 2407//2407 2401//2401 2402//2402
f 2407//2407 2402//2402 2408//2408
f 2409//2409 2410//2410 2406//2406
f 2409//2409 2406//2406 2405//2405
f 2411//2411 2407//2407 2408//2408
f 2411//2411 2408//2408 2412//2412
f 2411//2411 2412//2412 2413//2413
f 2414//2414 2415//2415 2410//2410
f 2414//2414 2410//2410 2409//2409
f 2416//2416 2411//2411 2413//2413
f 2417//2417 2418//2418 2415//2415
f 2417//2417 2415//2415 2414//2414
f 2419//2419 2413//2413 2420//2420
f 2419//2419 2416//2416 2413//2413
f 2421//2421 2420//2420 2422//2422
f 2421//2421 2419//2419 2420//2420
f 2423//2423 2424//2424 2418//2418
f 2423//2423 2418//2418 2417//2417
f 2425//2425 2422//2422 2426//2426
f 2425//2425 2421//2421 2422//2422
f 2427//2427 2428//2428 2429//2429
f 2427//2427 2429//2429 2424//2424
f 2427//2427 2424//2424 2423//2423
f 2430//2430 2431//2431 2428//2428
f 2430//2430 2428//2428 2427//2427
f 2432//2432 2425//2425 2426//2426
f 2432//2432 2426//2426 2433//2433
f 2434//2434 2431//2431 2430//2430
f 2435//2435 2432//2432 2433//2433
f 2435//2435 2433//2433 2436//2436
f 2437//2437 2435//2435 2436//2436
f 2438//2438 2435//2435 2437//2437
f 2439//2439 2440//2440 2431//2431
f 2439//2439 2431//2431 2434//2434
f 2441//2441 2438//2438 2437//2437
f 2441//2441 2437//2437 2442//2442
f 2441//2441 2442//2442 2443//2443
f 2444//2444 2445//2445 2440//2440
f 2444//2444 2440//2440 2439//2439
f 2446//2446 2441//2441 2443//2443
f 2447//2447 2445//2445 2444//2444
f 2447//2447 2448//2448 2445//2445
f 2449//2449 2446//2446 2443//2443
f 2449//2449 2443//2443 2450//2450
f 2451//2451 2452//2452 2448//2448
f 2451//2451 2448//2448 2447//2447
f 2453//2453 2449//2449 2450//2450
f 2453//2453 2450//2450 2454//2454
f 2455//2455 2456//2456 2452//2452
f 2455//2455 2452//2452 2451//2451
f 2457//2457 2453//2453 2454//2454
f 2457//2457 2454//2454 2458//2458
f 2459//2459 2460//2460 2456//2456
f 2459//2459 2456//2456 2455//2455
f 2461//2461 2458//2458 2462//2462
f 2461//2461 2457//2457 2458//2458
f 2463//2463 2464//2464 2460//2460
f 2463//2463 2460//2460 2459//2459
f 2465//2465 2462//2462 2466//2466
f 2465//2465 2461//2461 2462//2462
f 2467//2467 2468//2468 2464//2464
f 2467//2467 2464//2464 2463//2463
f 2469//2469 2468//2468 2467//2467
f 2470//2470 2466//2466 2471//2471
f 2470//2470 2465//2465 2466//2466
f 2472//2472 2469//2469 2467//2467
f 2472//2472 2473//2473 2469//2469
f 2474//2474 2471//2471 2475//2475
f 2474//2474 2475//2475 2476//2476
f 2474//2474 2470//2470 2471//2471
f 2477//2477 2473//2473 2472//2472
f 2478//2478 2474//2474 2476//2476
f 2478//2478 2476//2476 2479//2479
f 2480//2480 2473//2473 2477//2477
f 2480//2480 2481//2481 2473//2473
f 2482//2482 2478//2478 2479//2479
f 2483//2483 2481//2481 2480//2480
f 2483//2483 2484//2484 2481//2481
f 2485//2485 2482//2482 2479//2479
f 2486//2486 2484//2484 2483//2483
f 2487//2487 2482//2482 2485//2485
f 2488//2488 2486//2486 2483//2483
f 2488//2488 2489//2489 2486//2486
f 2490//2490 2487//2487 2485//2485
f 2490//2490 2485//2485 2491//2491
f 2490//2490 2491//2491 2492//2492
f 2493//2493 2489//2489 2488//2488
f 2493//2493 2494//2494 2489//2489
f 2495//2495 2490//2490 2492//2492
f 2495//2495 2492//2492 2496//2496
f 2497//2497 2494//2494 2493//2493
f 2498//2498 2495//2495 2496//2496
f 2499//2499 2494//2494 2497//2497
f 2499//2499 2500//2500 2494//2494
f 2501//2501 2498//2498 2496//2496
f 2501//2501 2496//2496 2502//2502
f 2503//2503 2500//2500 2499//2499
f 2503//2503 2504//2504 2500//2500
f 2505//2505 2501//2501 2502//2502
f 2505//2505 2502//2502 2506//2506
f 2507//2507 2504//2504 2503//2503
f 2507//2507 2508//2508 2504//2504
f 2509//2509 2505//2505 2506//2506
f 2509//2509 2506//2506 2510//2510
f 2509//2509 2510//2510 2511//2511
f 2512//2512 2508//2508 2507//2507
f 2512//2512 2513//2513 2508//2508
f 2514//2514 2509//2509 2511//2511
f 2515//2515 2516//2516 2517//2517
f 2515//2515 2517//2517 2513//2513
f 2515//2515 2513//2513 2512//2512
f 2518//2518 2514//2514 2511//2511
f 2518//2518 2511//2511 2519//2519
f 2520//2520 2516//2516 2515//2515
f 2521//2521 2519//2519 2522//2522
f 2521//2521 2518//2518 2519//2519
f 2523//2523 2516//2516 2520//2520
f 2523//2523 2524//2524 2516//2516
f 2525//2525 2524//2524 2523//2523
f 2525//2525 2526//2526 2524//2524
f 2527//2527 2521//2521 2522//2522
f 2527//2527 2522//2522 2528//2528
f 2529//2529 2526//2526 2525//2525
f 2529//2529 2530//2530 2531//2531
f 2529//2529 2531//2531 2526//2526
f 2532//2532 2528//2528 2533//2533
f 2532//2532 2527//2527 2528//2528
f 2534//2534 2533//2533 2535//2535
f 2534//2534 2535//2535 2536//2536
f 2534//2534 2532//2532 2533//2533
f 2537//2537 2530//2530 2529//2529
f 2538//2538 2534//2534 2536//2536
f 2539//2539 2530//2530 2537//2537
f 2539//2539 2540//2540 2541//2541
f 2539//2539 2541//2541 2530//2530
f 2542//2542 2538//2538 2536//2536
f 2542//2542 2536//2536 2543//2543
f 2544//2544 2540//2540 2539//2539
f 2544//2544 2545//2545 2540//2540
f 2546//2546 2542//2542 2543//2543
f 2546//2546 2543//2543 2547//2547
f 2548//2548 2545//2545 2544//2544
f 2548//2548 2549//2549 2545//2545
f 2550//2550 2546//2546 2547//2547
f 2550//2550 2547//2547 2551//2551
f 2552//2552 2549//2549 2548//2548
f 2552//2552 2553//2553 2549//2549
f 2554//2554 2550//2550 2551//2551
f 2554//2554 2551//2551 2555//2555
f 2556//2556 2557//2557 2553//2553
f 2556//2556 2553//2553 2552//2552
f 2558//2558 2554//2554 2555//2555
f 2558//2558 2555//2555 2559//2559
f 2560//2560 2557//2557 2556//2556
f 2561//2561 2558//2558 2559//2559
f 2561//2561 2559//2559 2562//2562
f 2561//2561 2562//2562 2563//2563
f 2564//2564 2565//2565 2557//2557
f 2564//2564 2557//2557 2560//2560
f 2566//2566 2561//2561 2563//2563
f 2567//2567 2565//2565 2564//2564
f 2567//2567 2568//2568 2569//2569
f 2567//2567 2569//2569 2565//2565
f 2570//2570 2563//2563 2571//2571
f 2570//2570 2566//2566 2563//2563
f 2572//2572 2568//2568 2567//2567
f 2573//2573 2574//2574 2568//2568
f 2573//2573 2568//2568 2572//2572
f 2575//2575 2571//2571 2576//2576
f 2575//2575 2570//2570 2571//2571
f 2577//2577 2574//2574 2573//2573
f 2577//2577 2578//2578 2579//2579
f 2577//2577 2579//2579 2574//2574
f 2580//2580 2576//2576 2581//2581
f 2580//2580 2581//2581 2582//2582
f 2580//2580 2575//2575 2576//2576
f 2583//2583 2580//2580 2582//2582
f 2584//2584 2578//2578 2577//2577
f 2585//2585 2582//2582 2586//2586
f 2585//2585 2586//2586 2587//2587
f 2585//2585 2583//2583 2582//2582
f 2588//2588 2578//2578 2584//2584
f 2588//2588 2589//2589 2590//2590
f 2588//2588 2590//2590 2578//2578
f 2591//2591 2585//2585 2587//2587
f 2592//2592 2589//2589 2588//2588
f 2593//2593 2587//2587 2594//2594
f 2593//2593 2591//2591 2587//2587
f 2595//2595 2589//2589 2592//2592
f 2595//2595 2596//2596 2589//2589
f 2597//2597 2594//2594 2598//2598
f 2597//2597 2593//2593 2594//2594
f 2599//2599 2596//2596 2595//2595
f 2599//2599 2600//2600 2596//2596
f 2601//2601 2600//2600 2599//2599
f 2602//2602 2597//2597 2598//2598
f 2603//2603 2601//2601 2599//2599
f 2603//2603 2604//2604 2601//2601
f 2605//2605 2602//2602 2606//2606
f 2605//2605 2597//2597 2602//2602
f 2607//2607 2604//2604 2603//2603
f 2607//2607 2608//2608 2604//2604
f 2609//2609 2606//2606 2610//2610
f 2609//2609 2605//2605 2606//2606
f 2611//2611 2608//2608 2607//2607
f 2612//2612 2609//2609 2610//2610
f 2613//2613 2614//2614 2608//2608
f 2613//2613 2608//2608 2611//2611
f 2615//2615 2610//2610 2616//2616
f 2615//2615 2616//2616 2617//2617
f 2615//2615 2612//2612 2610//2610
f 2618//2618 2619//2619 2614//2614
f 2618//2618 2614//2614 2613//2613
f 2620//2620 2615//2615 2617//2617
f 2621//2621 2617//2617 2622//2622
f 2621//2621 2622//2622 2623//2623
f 2621//2621 2620//2620 2617//2617
f 2624//2624 2619//2619 2618//2618
f 2624//2624 2625//2625 2626//2626
f 2624//2624 2626//2626 2619//2619
f 2627//2627 2623//2623 2628//2628
f 2627//2627 2621//2621 2623//2623
f 2629//2629 2625//2625 2624//2624
f 2630//2630 2628//2628 2631//2631
f 2630//2630 2627//2627 2628//2628
f 2632//2632 2633//2633 2625//2625
f 2632//2632 2625//2625 2629//2629
f 2634//2634 2631//2631 2635//2635
f 2634//2634 2630//2630 2631//2631
f 2636//2636 2633//2633 2632//2632
f 2636//2636 2637//2637 2633//2633
f 2638//2638 2635//2635 2639//2639
f 2638//2638 2634//2634 2635//2635
f 2640//2640 2641//2641 2637//2637
f 2640//2640 2637//2637 2636//2636
f 2642//2642 2638//2638 2639//2639
f 2643//2643 2641//2641 2640//2640
f 2643//2643 2644//2644 2641//2641
f 2645//2645 2646//2646 2644//2644
f 2645//2645 2644//2644 2643//2643
f 2647//2647 2639//2639 2648//2648
f 2647//2647 2648//2648 2649//2649
f 2647//2647 2642//2642 2639//2639
f 2650//2650 2646//2646 2645//2645
f 2650//2650 2651//2651 2646//2646
f 2652//2652 2647//2647 2649//2649
f 2653//2653 2651//2651 2650//2650
f 2653//2653 2654//2654 2651//2651
f 2655//2655 2649//2649 2656//2656
f 2655//2655 2652//2652 2649//2649
f 2657//2657 2654//2654 2653//2653
f 2657//2657 2658//2658 2659//2659
f 2657//2657 2659//2659 2654//2654
f 2660//2660 2655//2655 2656//2656
f 2660//2660 2656//2656 2661//2661
f 2662//2662 2658//2658 2657//2657
f 2663//2663 2660//2660 2661//2661
f 2663//2663 2661//2661 2664//2664
f 2665//2665 2666//2666 2667//2667
f 2665//2665 2667//2667 2658//2658
f 2665//2665 2658//2658 2662//2662
f 2668//2668 2663//2663 2664//2664
f 2668//2668 2664//2664 2669//2669
f 2670//2670 2666//2666 2665//2665
f 2671//2671 2669//2669 2672//2672
f 2671//2671 2668//2668 2669//2669
f 2673//2673 2674//2674 2675//2675
f 2673//2673 2675//2675 2666//2666
f 2673//2673 2666//2666 2670//2670
f 2676//2676 2672//2672 2677//2677
f 2676//2676 2677//2677 2678//2678
f 2676//2676 2671//2671 2672//2672
f 2679//2679 2674//2674 2673//2673
f 2680//2680 2676//2676 2678//2678
f 2681//2681 2674//2674 2679//2679
f 2681//2681 2682//2682 2674//2674
f 2683//2683 2678//2678 2684//2684
f 2683//2683 2684//2684 2685//2685
f 2683//2683 2680//2680 2678//2678
f 2686//2686 2683//2683 2685//2685
f 2687//2687 2682//2682 2681//2681
f 2687//2687 2688//2688 2682//2682
f 2689//2689 2685//2685 2690//2690
f 2689//2689 2690//2690 2691//2691
f 2689//2689 2686//2686 2685//2685
f 2692//2692 2688//2688 2687//2687
f 2692//2692 2693//2693 2688//2688
f 2694//2694 2689//2689 2691//2691
f 2695//2695 2693//2693 2692//2692
f 2695//2695 2696//2696 2697//2697
f 2695//2695 2697//2697 2693//2693
f 2698//2698 2691//2691 2699//2699
f 2698//2698 2694//2694 2691//2691
f 2700//2700 2696//2696 2695//2695
f 2701//2701 2699//2699 2702//2702
f 2701//2701 2698//2698 2699//2699
f 2703//2703 2704//2704 2705//2705
f 2703//2703 2705//2705 2696//2696
f 2703//2703 2696//2696 2700//2700
f 2706//2706 2702//2702 2707//2707
f 2706//2706 2701//2701 2702//2702
f 2708//2708 2704//2704 2703//2703
f 2709//2709 2706//2706 2707//2707
f 2709//2709 2707//2707 2710//2710
f 2711//2711 2712//2712 2704//2704
f 2711//2711 2704//2704 2708//2708
f 2713//2713 2710//2710 2714//2714
f 2713//2713 2709//2709 2710//2710
f 2715//2715 2716//2716 2712//2712
f 2715//2715 2712//2712 2711//2711
f 2717//2717 2713//2713 2714//2714
f 2717//2717 2714//2714 2718//2718
f 2719//2719 2716//2716 2715//2715
f 2719//2719 2718//2718 2720//2720
f 2719//2719 2720//2720 2716//2716
f 2719//2719 2717//2717 2718//2718
f 518//518 594//594 1690//1690
f 518//518 1690//1690 519//519
f 569//569 528//528 527//527
f 569//569 527//527 1665//1665
f 602//602 609//609 1705//1705
f 602//602 1705//1705 1698//1698
f 599//599 1698//1698 1695//1695
f 599//599 602//602 1698//1698
f 594//594 1695//1695 1690//1690
f 594//594 599//599 1695//1695
f 564//564 569//569 1665//1665
f 564//564 1665//1665 1660//1660
f 560//560 1660//1660 1656//1656
f 560//560 564//564 1660//1660
f 557//557 1656//1656 1653//1653
f 557//557 560//560 1656//1656
f 609//609 610//610 1706//1706
f 609//609 1706//1706 1705//1705
f 548//548 557//557 1653//1653
f 548//548 1653//1653 1644//1644
f 619//619 621//621 1717//1717
f 619//619 1717//1717 1716//1716
f 616//616 1716//1716 1712//1712
f 616//616 619//619 1716//1716
f 610//610 1712//1712 1706//1706
f 610//610 616//616 1712//1712
f 548//548 1644//1644 1643//1643
f 546//546 1643//1643 1635//1635
f 546//546 548//548 1643//1643
f 539//539 546//546 1635//1635
f 538//538 1635//1635 1634//1634
f 538//538 539//539 1635//1635
f 621//621 626//626 1722//1722
f 621//621 1722//1722 1717//1717
f 534//534 538//538 1634//1634
f 534//534 1634//1634 1630//1630
f 633//633 635//635 1731//1731
f 633//633 1731//1731 1730//1730
f 627//627 1730//1730 1723//1723
f 627//627 633//633 1730//1730
f 626//626 1723//1723 1722//1722
f 626//626 627//627 1723//1723
f 529//529 534//534 1630//1630
f 529//529 1630//1630 1626//1626
f 532//532 1626//1626 1628//1628
f 532//532 529//529 1626//1626
f 536//536 1628//1628 1632//1632
f 536//536 532//532 1628//1628
f 1731//1731 641//641 1737//1737
f 635//635 641//641 1731//1731
f 541//541 536//536 1632//1632
f 541//541 1632//1632 1637//1637
f 641//641 646//646 1742//1742
f 641//641 1742//1742 1737//1737
f 543//543 541//541 1637//1637
f 543//543 1637//1637 1640//1640
f 545//545 1640//1640 1641//1641
f 545//545 543//543 1640//1640
f 549//549 1641//1641 1646//1646
f 549//549 545//545 1641//1641
f 659//659 1755//1755 1750//1750
f 654//654 659//659 1750//1750
f 647//647 1750//1750 1743//1743
f 647//647 1743//1743 1742//1742
f 647//647 654//654 1750//1750
f 646//646 647//647 1742//1742
f 549//549 1646//1646 1648//1648
f 551//551 549//549 1648//1648
f 659//659 660//660 1756//1756
f 659//659 1756//1756 1755//1755
f 554//554 551//551 1648//1648
f 554//554 1648//1648 1651//1651
f 562//562 1651//1651 1658//1658
f 562//562 554//554 1651//1651
f 567//567 1658//1658 1663//1663
f 567//567 562//562 1658//1658
f 667//667 674//674 1770//1770
f 667//667 1770//1770 1763//1763
f 665//665 1763//1763 1762//1762
f 665//665 667//667 1763//1763
f 660//660 1762//1762 1756//1756
f 660//660 665//665 1762//1762
f 566//566 567//567 1663//1663
f 566//566 1663//1663 1662//1662
f 674//674 681//681 1777//1777
f 674//674 1777//1777 1770//1770
f 574//574 566//566 1662//1662
f 574//574 1662//1662 1670//1670
f 575//575 1670//1670 1672//1672
f 575//575 574//574 1670//1670
f 577//577 1672//1672 1673//1673
f 577//577 575//575 1672//1672
f 690//690 1786//1786 1781//1781
f 685//685 690//690 1781//1781
f 683//683 1781//1781 1780//1780
f 683//683 685//685 1781//1781
f 681//681 1780//1780 1777//1777
f 681//681 683//683 1780//1780
f 581//581 577//577 1673//1673
f 581//581 1673//1673 1678//1678
f 695//695 1791//1791 1786//1786
f 690//690 695//695 1786//1786
f 581//581 1678//1678 1681//1681
f 584//584 581//581 1681//1681
f 586//586 1681//1681 1682//1682
f 586//586 1682//1682 1688//1688
f 586//586 584//584 1681//1681
f 591//591 586//586 1688//1688
f 702//702 707//707 1803//1803
f 702//702 1803//1803 1798//1798
f 698//698 1798//1798 1794//1794
f 698//698 1794//1794 1791//1791
f 698//698 702//702 1798//1798
f 695//695 698//698 1791//1791
f 597//597 591//591 1688//1688
f 597//597 1688//1688 1693//1693
f 707//707 708//708 1804//1804
f 707//707 1804//1804 1803//1803
f 595//595 597//597 1693//1693
f 595//595 1693//1693 1692//1692
f 603//603 1692//1692 1700//1700
f 603//603 1700//1700 1701//1701
f 603//603 595//595 1692//1692
f 605//605 603//603 1701//1701
f 718//718 722//722 1818//1818
f 718//718 1818//1818 1814//1814
f 714//714 1814//1814 1810//1810
f 714//714 718//718 1814//1814
f 708//708 1810//1810 1804//1804
f 708//708 714//714 1810//1810
f 606//606 605//605 1701//1701
f 606//606 1701//1701 1703//1703
f 722//722 726//726 1822//1822
f 722//722 1822//1822 1818//1818
f 613//613 606//606 1703//1703
f 613//613 1703//1703 1710//1710
f 617//617 1710//1710 1714//1714
f 617//617 613//613 1710//1710
f 623//623 1714//1714 1720//1720
f 623//623 617//617 1714//1714
f 736//736 1832//1832 1831//1831
f 735//735 736//736 1831//1831
f 727//727 1831//1831 1823//1823
f 727//727 735//735 1831//1831
f 726//726 1823//1823 1822//1822
f 726//726 727//727 1823//1823
f 628//628 623//623 1720//1720
f 628//628 1720//1720 1725//1725
f 742//742 1838//1838 1832//1832
f 736//736 742//742 1832//1832
f 631//631 628//628 1725//1725
f 631//631 1725//1725 1728//1728
f 637//637 1728//1728 1733//1733
f 637//637 631//631 1728//1728
f 639//639 1733//1733 1736//1736
f 639//639 637//637 1733//1733
f 754//754 1850//1850 1843//1843
f 747//747 1843//1843 1842//1842
f 747//747 754//754 1843//1843
f 746//746 1842//1842 1838//1838
f 746//746 747//747 1842//1842
f 742//742 746//746 1838//1838
f 642//642 639//639 1736//1736
f 642//642 1736//1736 1738//1738
f 754//754 759//759 1855//1855
f 754//754 1855//1855 1850//1850
f 642//642 1738//1738 1745//1745
f 648//648 642//642 1745//1745
f 771//771 1867//1867 1862//1862
f 766//766 771//771 1862//1862
f 760//760 1862//1862 1856//1856
f 760//760 766//766 1862//1862
f 759//759 1856//1856 1855//1855
f 759//759 760//760 1856//1856
f 651//651 648//648 1745//1745
f 651//651 1745//1745 1748//1748
f 655//655 1748//1748 1752//1752
f 655//655 651//651 1748//1748
f 657//657 1752//1752 1753//1753
f 657//657 655//655 1752//1752
f 771//771 774//774 1870//1870
f 771//771 1870//1870 1867//1867
f 662//662 657//657 1753//1753
f 662//662 1753//1753 1758//1758
f 779//779 786//786 1882//1882
f 779//779 1882//1882 1875//1875
f 779//779 1875//1875 1874//1874
f 777//777 779//779 1874//1874
f 774//774 1874//1874 1870//1870
f 774//774 777//777 1874//1874
f 662//662 1758//1758 1765//1765
f 669//669 1765//1765 1768//1768
f 669//669 662//662 1765//1765
f 672//672 669//669 1768//1768
f 676//676 1768//1768 1772//1772
f 676//676 672//672 1768//1768
f 786//786 793//793 1889//1889
f 786//786 1889//1889 1882//1882
f 679//679 676//676 1772//1772
f 679//679 1772//1772 1775//1775
f 798//798 802//802 1898//1898
f 798//798 1898//1898 1894//1894
f 798//798 1894//1894 1891//1891
f 795//795 1891//1891 1889//1889
f 795//795 798//798 1891//1891
f 793//793 795//795 1889//1889
f 678//678 679//679 1775//1775
f 678//678 1775//1775 1774//1774
f 687//687 1774//1774 1783//1783
f 687//687 678//678 1774//1774
f 693//693 1783//1783 1789//1789
f 693//693 687//687 1783//1783
f 802//802 805//805 1901//1901
f 802//802 1901//1901 1898//1898
f 692//692 693//693 1789//1789
f 692//692 1789//1789 1788//1788
f 819//819 1915//1915 1910//1910
f 814//814 819//819 1910//1910
f 810//810 1910//1910 1906//1906
f 810//810 1906//1906 1901//1901
f 810//810 814//814 1910//1910
f 805//805 810//810 1901//1901
f 700//700 692//692 1788//1788
f 700//700 1788//1788 1796//1796
f 700//700 1796//1796 1800//1800
f 704//704 700//700 1800//1800
f 705//705 1800//1800 1801//1801
f 705//705 704//704 1800//1800
f 819//819 822//822 1918//1918
f 819//819 1918//1918 1915//1915
f 712//712 705//705 1801//1801
f 712//712 1801//1801 1808//1808
f 830//830 836//836 1932//1932
f 830//830 1932//1932 1926//1926
f 826//826 1926//1926 1922//1922
f 826//826 830//830 1926//1926
f 822//822 1922//1922 1918//1918
f 822//822 826//826 1922//1922
f 712//712 1808//1808 1812//1812
f 716//716 712//712 1812//1812
f 720//720 1812//1812 1816//1816
f 720//720 716//716 1812//1812
f 724//724 1816//1816 1820//1820
f 724//724 720//720 1816//1816
f 836//836 838//838 1934//1934
f 836//836 1934//1934 1932//1932
f 729//729 724//724 1820//1820
f 729//729 1820//1820 1825//1825
f 846//846 851//851 1947//1947
f 846//846 1947//1947 1942//1942
f 843//843 1942//1942 1939//1939
f 843//843 846//846 1942//1942
f 838//838 1939//1939 1934//1934
f 838//838 843//843 1939//1939
f 732//732 729//729 1825//1825
f 732//732 1825//1825 1828//1828
f 733//733 1828//1828 1829//1829
f 733//733 732//732 1828//1828
f 740//740 1829//1829 1836//1836
f 740//740 733//733 1829//1829
f 851//851 854//854 1950//1950
f 851//851 1950//1950 1947//1947
f 744//744 740//740 1836//1836
f 744//744 1836//1836 1840//1840
f 867//867 1963//1963 1958//1958
f 862//862 867//867 1958//1958
f 858//858 1958//1958 1954//1954
f 858//858 862//862 1958//1958
f 854//854 1954//1954 1950//1950
f 854//854 858//858 1954//1954
f 749//749 744//744 1840//1840
f 749//749 1840//1840 1845//1845
f 750//750 1845//1845 1846//1846
f 750//750 749//749 1845//1845
f 756//756 1846//1846 1852//1852
f 756//756 750//750 1846//1846
f 867//867 869//869 1965//1965
f 867//867 1965//1965 1963//1963
f 757//757 756//756 1852//1852
f 757//757 1852//1852 1853//1853
f 879//879 884//884 1980//1980
f 879//879 1980//1980 1975//1975
f 874//874 1975//1975 1970//1970
f 874//874 879//879 1975//1975
f 869//869 1970//1970 1965//1965
f 869//869 874//874 1970//1970
f 762//762 757//757 1853//1853
f 762//762 1853//1853 1858//1858
f 767//767 1858//1858 1864//1864
f 767//767 762//762 1858//1858
f 769//769 1864//1864 1865//1865
f 769//769 767//767 1864//1864
f 884//884 885//885 1981//1981
f 884//884 1981//1981 1980//1980
f 775//775 769//769 1865//1865
f 775//775 1865//1865 1872//1872
f 900//900 1996//1996 1989//1989
f 893//893 900//900 1989//1989
f 892//892 1989//1989 1988//1988
f 892//892 893//893 1989//1989
f 885//885 1988//1988 1981//1981
f 885//885 892//892 1988//1988
f 781//781 775//775 1872//1872
f 781//781 1872//1872 1877//1877
f 784//784 1877//1877 1880//1880
f 784//784 781//781 1877//1877
f 788//788 1880//1880 1884//1884
f 788//788 784//784 1880//1880
f 903//903 1999//1999 1996//1996
f 900//900 903//903 1996//1996
f 791//791 788//788 1884//1884
f 791//791 1884//1884 1887//1887
f 910//910 914//914 2010//2010
f 910//910 2010//2010 2006//2006
f 906//906 2006//2006 2002//2002
f 906//906 2002//2002 1999//1999
f 906//906 910//910 2006//2006
f 903//903 906//906 1999//1999
f 791//791 1887//1887 1886//1886
f 790//790 1886//1886 1896//1896
f 790//790 791//791 1886//1886
f 800//800 1896//1896 1900//1900
f 800//800 790//790 1896//1896
f 804//804 800//800 1900//1900
f 917//917 2013//2013 2010//2010
f 914//914 917//917 2010//2010
f 804//804 1900//1900 1904//1904
f 808//808 804//804 1904//1904
f 926//926 930//930 2026//2026
f 926//926 2026//2026 2022//2022
f 922//922 2022//2022 2018//2018
f 922//922 926//926 2022//2022
f 917//917 2018//2018 2013//2013
f 917//917 922//922 2018//2018
f 811//811 808//808 1904//1904
f 811//811 1904//1904 1908//1908
f 815//815 1908//1908 1912//1912
f 815//815 811//811 1908//1908
f 817//817 1912//1912 1913//1913
f 817//817 815//815 1912//1912
f 930//930 936//936 2032//2032
f 930//930 2032//2032 2026//2026
f 823//823 817//817 1913//1913
f 823//823 1913//1913 1920//1920
f 944//944 948//948 2044//2044
f 944//944 2044//2044 2040//2040
f 940//940 2040//2040 2036//2036
f 940//940 944//944 2040//2040
f 936//936 2036//2036 2032//2032
f 936//936 940//940 2036//2036
f 828//828 823//823 1920//1920
f 828//828 1920//1920 1924//1924
f 832//832 1924//1924 1928//1928
f 832//832 828//828 1924//1924
f 833//833 1928//1928 1929//1929
f 833//833 832//832 1928//1928
f 948//948 950//950 2046//2046
f 948//948 2046//2046 2044//2044
f 841//841 833//833 1929//1929
f 841//841 1929//1929 1937//1937
f 2046//2046 954//954 2050//2050
f 950//950 954//954 2046//2046
f 840//840 841//841 1937//1937
f 840//840 1937//1937 1936//1936
f 848//848 1936//1936 1944//1944
f 848//848 840//840 1936//1936
f 849//849 1944//1944 1945//1945
f 849//849 848//848 1944//1944
f 965//965 966//966 2062//2062
f 965//965 2062//2062 2061//2061
f 960//960 2061//2061 2056//2056
f 960//960 965//965 2061//2061
f 954//954 2056//2056 2050//2050
f 954//954 960//960 2056//2056
f 855//855 849//849 1945//1945
f 855//855 1945//1945 1952//1952
f 972//972 2068//2068 2062//2062
f 966//966 972//972 2062//2062
f 855//855 1952//1952 1956//1956
f 859//859 1956//1956 1960//1960
f 859//859 855//855 1956//1956
f 863//863 859//859 1960//1960
f 865//865 1960//1960 1961//1961
f 865//865 863//863 1960//1960
f 978//978 982//982 2078//2078
f 978//978 2078//2078 2074//2074
f 976//976 2074//2074 2072//2072
f 976//976 978//978 2074//2074
f 972//972 2072//2072 2068//2068
f 972//972 976//976 2072//2072
f 871//871 865//865 1961//1961
f 871//871 1961//1961 1968//1968
f 982//982 987//987 2083//2083
f 982//982 2083//2083 2078//2078
f 875//875 871//871 1968//1968
f 875//875 1968//1968 1972//1972
f 877//877 1972//1972 1973//1973
f 877//877 875//875 1972//1972
f 882//882 1973//1973 1978//1978
f 882//882 877//877 1973//1973
f 991//991 1000//1000 2096//2096
f 991//991 2096//2096 2087//2087
f 989//989 2087//2087 2086//2086
f 989//989 991//991 2087//2087
f 987//987 2086//2086 2083//2083
f 987//987 989//989 2086//2086
f 886//886 882//882 1978//1978
f 886//886 1978//1978 1983//1983
f 1000//1000 1004//1004 2100//2100
f 1000//1000 2100//2100 2096//2096
f 886//886 1983//1983 1986//1986
f 890//890 1986//1986 1991//1991
f 890//890 886//886 1986//1986
f 895//895 890//890 1991//1991
f 897//897 1991//1991 1994//1994
f 897//897 895//895 1991//1991
f 1012//1012 1014//1014 2110//2110
f 1012//1012 2110//2110 2108//2108
f 1008//1008 2108//2108 2104//2104
f 1008//1008 1012//1012 2108//2108
f 1004//1004 2104//2104 2100//2100
f 1004//1004 1008//1008 2104//2104
f 901//901 897//897 1994//1994
f 901//901 1994//1994 1997//1997
f 1014//1014 1018//1018 2114//2114
f 1014//1014 2114//2114 2110//2110
f 907//907 901//901 1997//1997
f 907//907 1997//1997 2004//2004
f 911//911 2004//2004 2008//2008
f 911//911 907//907 2004//2004
f 916//916 2008//2008 2012//2012
f 916//916 911//911 2008//2008
f 1028//1028 1032//1032 2128//2128
f 1028//1028 2128//2128 2124//2124
f 1028//1028 2124//2124 2118//2118
f 1022//1022 2118//2118 2114//2114
f 1022//1022 1028//1028 2118//2118
f 1018//1018 1022//1022 2114//2114
f 919//919 916//916 2012//2012
f 919//919 2012//2012 2016//2016
f 1033//1033 2129//2129 2128//2128
f 1032//1032 1033//1033 2128//2128
f 919//919 2016//2016 2020//2020
f 923//923 2020//2020 2024//2024
f 923//923 919//919 2020//2020
f 927//927 923//923 2024//2024
f 932//932 2024//2024 2028//2028
f 932//932 927//927 2024//2024
f 1043//1043 1045//1045 2141//2141
f 1043//1043 2141//2141 2140//2140
f 1040//1040 2140//2140 2136//2136
f 1040//1040 1043//1043 2140//2140
f 1033//1033 2136//2136 2129//2129
f 1033//1033 1040//1040 2136//2136
f 934//934 932//932 2028//2028
f 934//934 2028//2028 2030//2030
f 1045//1045 1051//1051 2147//2147
f 1045//1045 2147//2147 2141//2141
f 937//937 934//934 2030//2030
f 937//937 2030//2030 2034//2034
f 942//942 2034//2034 2038//2038
f 942//942 937//937 2034//2034
f 945//945 2038//2038 2042//2042
f 945//945 942//942 2038//2038
f 1058//1058 1063//1063 2159//2159
f 1058//1058 2159//2159 2154//2154
f 1055//1055 2154//2154 2151//2151
f 1055//1055 1058//1058 2154//2154
f 1051//1051 2151//2151 2147//2147
f 1051//1051 1055//1055 2151//2151
f 945//945 2042//2042 2045//2045
f 949//949 945//945 2045//2045
f 1063//1063 1066//1066 2162//2162
f 1063//1063 2162//2162 2159//2159
f 955//955 949//949 2045//2045
f 955//955 2045//2045 2052//2052
f 1076//1076 1080//1080 2175//2175
f 1076//1076 2175//2175 2171//2171
f 1069//1069 2171//2171 2165//2165
f 1069//1069 1076//1076 2171//2171
f 1066//1066 2165//2165 2162//2162
f 1066//1066 1069//1069 2165//2165
f 957//957 955//955 2052//2052
f 957//957 2052//2052 2054//2054
f 961//961 2054//2054 2058//2058
f 961//961 957//957 2054//2054
f 963//963 2058//2058 2059//2059
f 963//963 961//961 2058//2058
f 1084//1084 2179//2179 2175//2175
f 1080//1080 1084//1084 2175//2175
f 969//969 963//963 2059//2059
f 969//969 2059//2059 2066//2066
f 1089//1089 1093//1093 2189//2189
f 1089//1089 2189//2189 2185//2185
f 1088//1088 2185//2185 2184//2184
f 1088//1088 1089//1089 2185//2185
f 1084//1084 2184//2184 2179//2179
f 1084//1084 1088//1088 2184//2184
f 973//973 969//969 2066//2066
f 973//973 2066//2066 2070//2070
f 979//979 2070//2070 2076//2076
f 979//979 2076//2076 2081//2081
f 979//979 973//973 2070//2070
f 985//985 979//979 2081//2081
f 1097//1097 2193//2193 2189//2189
f 1093//1093 1097//1097 2189//2189
f 984//984 985//985 2081//2081
f 984//984 2081//2081 2080//2080
f 1108//1108 1112//1112 2207//2207
f 1108//1108 2207//2207 2204//2204
f 1101//1101 2204//2204 2197//2197
f 1101//1101 1108//1108 2204//2204
f 1097//1097 2197//2197 2193//2193
f 1097//1097 1101//1101 2197//2197
f 992//992 984//984 2080//2080
f 992//992 2080//2080 2089//2089
f 992//992 2089//2089 2091//2091
f 995//995 992//992 2091//2091
f 997//997 2091//2091 2094//2094
f 997//997 995//995 2091//2091
f 1112//1112 1117//1117 2212//2212
f 1112//1112 2212//2212 2207//2207
f 1001//1001 997//997 2094//2094
f 1001//1001 2094//2094 2097//2097
f 1125//1125 1127//1127 2222//2222
f 1125//1125 2222//2222 2220//2220
f 1120//1120 2220//2220 2216//2216
f 1120//1120 1125//1125 2220//2220
f 1117//1117 2216//2216 2212//2212
f 1117//1117 1120//1120 2216//2216
f 1001//1001 2097//2097 2102//2102
f 1005//1005 2102//2102 2106//2106
f 1005//1005 1001//1001 2102//2102
f 1010//1010 1005//1005 2106//2106
f 1015//1015 2106//2106 2112//2112
f 1015//1015 1010//1010 2106//2106
f 1131//1131 2227//2227 2222//2222
f 1127//1127 1131//1131 2222//2222
f 1015//1015 2112//2112 2116//2116
f 1019//1019 1015//1015 2116//2116
f 1143//1143 2239//2239 2236//2236
f 1140//1140 1143//1143 2236//2236
f 1136//1136 2236//2236 2231//2231
f 1136//1136 2231//2231 2227//2227
f 1136//1136 1140//1140 2236//2236
f 1131//1131 1136//1136 2227//2227
f 1023//1023 1019//1019 2116//2116
f 1023//1023 2116//2116 2120//2120
f 1025//1025 2120//2120 2122//2122
f 1025//1025 1023//1023 2120//2120
f 1029//1029 2122//2122 2126//2126
f 1029//1029 1025//1025 2122//2122
f 1143//1143 1148//1148 2244//2244
f 1143//1143 2244//2244 2239//2239
f 1036//1036 1029//1029 2126//2126
f 1036//1036 2126//2126 2132//2132
f 1154//1154 1158//1158 2253//2253
f 1154//1154 2253//2253 2249//2249
f 1151//1151 2249//2249 2247//2247
f 1151//1151 2247//2247 2244//2244
f 1151//1151 1154//1154 2249//2249
f 1148//1148 1151//1151 2244//2244
f 1034//1034 1036//1036 2132//2132
f 1034//1034 2132//2132 2131//2131
f 1041//1041 2131//2131 2138//2138
f 1041//1041 1034//1034 2131//2131
f 1047//1047 2138//2138 2143//2143
f 1047//1047 1041//1041 2138//2138
f 1158//1158 1162//1162 2258//2258
f 1158//1158 2258//2258 2253//2253
f 1049//1049 1047//1047 2143//2143
f 1049//1049 2143//2143 2145//2145
f 1172//1172 1175//1175 2271//2271
f 1172//1172 2271//2271 2268//2268
f 1166//1166 2268//2268 2261//2261
f 1166//1166 1172//1172 2268//2268
f 1162//1162 2261//2261 2258//2258
f 1162//1162 1166//1166 2261//2261
f 1052//1052 1049//1049 2145//2145
f 1052//1052 2145//2145 2149//2149
f 1059//1059 2149//2149 2156//2156
f 1059//1059 1052//1052 2149//2149
f 1061//1061 2156//2156 2157//2157
f 1061//1061 1059//1059 2156//2156
f 1175//1175 1180//1180 2276//2276
f 1175//1175 2276//2276 2271//2271
f 1068//1068 1061//1061 2157//2157
f 1068//1068 2157//2157 2164//2164
f 1188//1188 1191//1191 2287//2287
f 1188//1188 2287//2287 2284//2284
f 1184//1184 2284//2284 2280//2280
f 1184//1184 1188//1188 2284//2284
f 1180//1180 2280//2280 2276//2276
f 1180//1180 1184//1184 2280//2280
f 1072//1072 1068//1068 2164//2164
f 1072//1072 2164//2164 2168//2168
f 1073//1073 2168//2168 2169//2169
f 1073//1073 1072//1072 2168//2168
f 1077//1077 2169//2169 2173//2173
f 1077//1077 1073//1073 2169//2169
f 1191//1191 1193//1193 2289//2289
f 1191//1191 2289//2289 2287//2287
f 1077//1077 2173//2173 2177//2177
f 1081//1081 1077//1077 2177//2177
f 1193//1193 1199//1199 2295//2295
f 1193//1193 2295//2295 2289//2289
f 1081//1081 2177//2177 2182//2182
f 1086//1086 1081//1081 2182//2182
f 1091//1091 2182//2182 2187//2187
f 1091//1091 1086//1086 2182//2182
f 1095//1095 2187//2187 2191//2191
f 1095//1095 1091//1091 2187//2187
f 1207//1207 1210//1210 2305//2305
f 1207//1207 2305//2305 2302//2302
f 1201//1201 2302//2302 2297//2297
f 1201//1201 1207//1207 2302//2302
f 1199//1199 2297//2297 2295//2295
f 1199//1199 1201//1201 2297//2297
f 1099//1099 1095//1095 2191//2191
f 1099//1099 2191//2191 2195//2195
f 1210//1210 1215//1215 2311//2311
f 1210//1210 2311//2311 2305//2305
f 1104//1104 1099//1099 2195//2195
f 1104//1104 2195//2195 2200//2200
f 1106//1106 2200//2200 2202//2202
f 1106//1106 1104//1104 2200//2200
f 1109//1109 2202//2202 2205//2205
f 1109//1109 1106//1106 2202//2202
f 1225//1225 1228//1228 2323//2323
f 1225//1225 2323//2323 2320//2320
f 1220//1220 2320//2320 2315//2315
f 1220//1220 1225//1225 2320//2320
f 1215//1215 2315//2315 2311//2311
f 1215//1215 1220//1220 2315//2315
f 1115//1115 1109//1109 2205//2205
f 1115//1115 2205//2205 2211//2211
f 1228//1228 1233//1233 2329//2329
f 1228//1228 2329//2329 2323//2323
f 1118//1118 1115//1115 2211//2211
f 1118//1118 2211//2211 2214//2214
f 1121//1121 2214//2214 2217//2217
f 1121//1121 2217//2217 2224//2224
f 1121//1121 1118//1118 2214//2214
f 1128//1128 1121//1121 2224//2224
f 1241//1241 1243//1243 2339//2339
f 1241//1241 2339//2339 2337//2337
f 1235//1235 2337//2337 2331//2331
f 1235//1235 2331//2331 2329//2329
f 1235//1235 1241//1241 2337//2337
f 1233//1233 1235//1235 2329//2329
f 1132//1132 1128//1128 2224//2224
f 1132//1132 2224//2224 2228//2228
f 1243//1243 1248//1248 2343//2343
f 1243//1243 2343//2343 2339//2339
f 1134//1134 1132//1132 2228//2228
f 1134//1134 2228//2228 2230//2230
f 1138//1138 2230//2230 2234//2234
f 1138//1138 1134//1134 2230//2230
f 1141//1141 2234//2234 2237//2237
f 1141//1141 1138//1138 2234//2234
f 1256//1256 1260//1260 2356//2356
f 1256//1256 2356//2356 2351//2351
f 1252//1252 2351//2351 2348//2348
f 1252//1252 2348//2348 2343//2343
f 1252//1252 1256//1256 2351//2351
f 1248//1248 1252//1252 2343//2343
f 1146//1146 1141//1141 2237//2237
f 1146//1146 2237//2237 2242//2242
f 1264//1264 2360//2360 2356//2356
f 1260//1260 1264//1264 2356//2356
f 1146//1146 2242//2242 2245//2245
f 1149//1149 2245//2245 2251//2251
f 1149//1149 1146//1146 2245//2245
f 1155//1155 1149//1149 2251//2251
f 1160//1160 2251//2251 2256//2256
f 1160//1160 1155//1155 2251//2251
f 1270//1270 1275//1275 2370//2370
f 1270//1270 2370//2370 2365//2365
f 1268//1268 2365//2365 2363//2363
f 1268//1268 1270//1270 2365//2365
f 1264//1264 2363//2363 2360//2360
f 1264//1264 1268//1268 2363//2363
f 1163//1163 1160//1160 2256//2256
f 1163//1163 2256//2256 2259//2259
f 1275//1275 1278//1278 2373//2373
f 1275//1275 2373//2373 2370//2370
f 1168//1168 1163//1163 2259//2259
f 1168//1168 2259//2259 2264//2264
f 1171//1171 2264//2264 2267//2267
f 1171//1171 1168//1168 2264//2264
f 1173//1173 2267//2267 2269//2269
f 1173//1173 1171//1171 2267//2267
f 1289//1289 1292//1292 2387//2387
f 1289//1289 2387//2387 2385//2385
f 1283//1283 2385//2385 2379//2379
f 1283//1283 1289//1289 2385//2385
f 1278//1278 2379//2379 2373//2373
f 1278//1278 1283//1283 2379//2379
f 1177//1177 1173//1173 2269//2269
f 1177//1177 2269//2269 2273//2273
f 1296//1296 2392//2392 2387//2387
f 1292//1292 1296//1296 2387//2387
f 1182//1182 1177//1177 2273//2273
f 1182//1182 2273//2273 2278//2278
f 1187//1187 2278//2278 2283//2283
f 1187//1187 1182//1182 2278//2278
f 1189//1189 2283//2283 2285//2285
f 1189//1189 1187//1187 2283//2283
f 1304//1304 1308//1308 2403//2403
f 1304//1304 2403//2403 2399//2399
f 1304//1304 2399//2399 2396//2396
f 1301//1301 2396//2396 2392//2392
f 1301//1301 1304//1304 2396//2396
f 1296//1296 1301//1301 2392//2392
f 1195//1195 1189//1189 2285//2285
f 1195//1195 2285//2285 2291//2291
f 1308//1308 1310//1310 2405//2405
f 1308//1308 2405//2405 2403//2403
f 1200//1200 1195//1195 2291//2291
f 1200//1200 2291//2291 2296//2296
f 1322//1322 2417//2417 2414//2414
f 1319//1319 1322//1322 2414//2414
f 1314//1314 2414//2414 2409//2409
f 1314//1314 1319//1319 2414//2414
f 1310//1310 2409//2409 2405//2405
f 1310//1310 1314//1314 2409//2409
f 1203//1203 1200//1200 2296//2296
f 1203//1203 2296//2296 2299//2299
f 1208//1208 2299//2299 2304//2304
f 1208//1208 1203//1203 2299//2299
f 1211//1211 2304//2304 2307//2307
f 1211//1211 1208//1208 2304//2304
f 1322//1322 1328//1328 2423//2423
f 1322//1322 2423//2423 2417//2417
f 1213//1213 1211//1211 2307//2307
f 1213//1213 2307//2307 2309//2309
f 1338//1338 2434//2434 2430//2430
f 1335//1335 1338//1338 2430//2430
f 1332//1332 2430//2430 2427//2427
f 1332//1332 1335//1335 2430//2430
f 1328//1328 2427//2427 2423//2423
f 1328//1328 1332//1332 2427//2427
f 1217//1217 1213//1213 2309//2309
f 1217//1217 2309//2309 2313//2313
f 1221//1221 2313//2313 2317//2317
f 1221//1221 1217//1217 2313//2313
f 1226//1226 2317//2317 2322//2322
f 1226//1226 1221//1221 2317//2317
f 1338//1338 1344//1344 2439//2439
f 1338//1338 2439//2439 2434//2434
f 1230//1230 1226//1226 2322//2322
f 1230//1230 2322//2322 2326//2326
f 1351//1351 1356//1356 2451//2451
f 1351//1351 2451//2451 2447//2447
f 1349//1349 2447//2447 2444//2444
f 1349//1349 1351//1351 2447//2447
f 1344//1344 2444//2444 2439//2439
f 1344//1344 1349//1349 2444//2444
f 1234//1234 1230//1230 2326//2326
f 1234//1234 2326//2326 2330//2330
f 1238//1238 2330//2330 2334//2334
f 1238//1238 1234//1234 2330//2330
f 1242//1242 2334//2334 2338//2338
f 1242//1242 1238//1238 2334//2334
f 1356//1356 1360//1360 2455//2455
f 1356//1356 2455//2455 2451//2451
f 1245//1245 1242//1242 2338//2338
f 1245//1245 2338//2338 2341//2341
f 1372//1372 2467//2467 2463//2463
f 1368//1368 1372//1372 2463//2463
f 1364//1364 2463//2463 2459//2459
f 1364//1364 2459//2459 2455//2455
f 1364//1364 1368//1368 2463//2463
f 1360//1360 1364//1364 2455//2455
f 1249//1249 1245//1245 2341//2341
f 1249//1249 2341//2341 2345//2345
f 1254//1254 2345//2345 2350//2350
f 1254//1254 1249//1249 2345//2345
f 1258//1258 2350//2350 2354//2354
f 1258//1258 1254//1254 2350//2350
f 1372//1372 1376//1376 2472//2472
f 1372//1372 2472//2472 2467//2467
f 1258//1258 2354//2354 2359//2359
f 1263//1263 1258//1258 2359//2359
f 1387//1387 2483//2483 2480//2480
f 1384//1384 1387//1387 2480//2480
f 1381//1381 2480//2480 2477//2477
f 1381//1381 1384//1384 2480//2480
f 1376//1376 2477//2477 2472//2472
f 1376//1376 1381//1381 2477//2477
f 1263//1263 2359//2359 2361//2361
f 1265//1265 2361//2361 2367//2367
f 1265//1265 1263//1263 2361//2361
f 1271//1271 2367//2367 2372//2372
f 1271//1271 1265//1265 2367//2367
f 1276//1276 1271//1271 2372//2372
f 1387//1387 1392//1392 2488//2488
f 1387//1387 2488//2488 2483//2483
f 1279//1279 1276//1276 2372//2372
f 1279//1279 2372//2372 2375//2375
f 1401//1401 1403//1403 2499//2499
f 1401//1401 2499//2499 2497//2497
f 1401//1401 2497//2497 2493//2493
f 1397//1397 2493//2493 2488//2488
f 1397//1397 1401//1401 2493//2493
f 1392//1392 1397//1397 2488//2488
f 1279//1279 2375//2375 2377//2377
f 1281//1281 2377//2377 2382//2382
f 1281//1281 1279//1279 2377//2377
f 1286//1286 2382//2382 2386//2386
f 1286//1286 1281//1281 2382//2382
f 1290//1290 1286//1286 2386//2386
f 1403//1403 1407//1407 2503//2503
f 1403//1403 2503//2503 2499//2499
f 1295//1295 1290//1290 2386//2386
f 1295//1295 2386//2386 2391//2391
f 1416//1416 1420//1420 2515//2515
f 1416//1416 2515//2515 2512//2512
f 1411//1411 2512//2512 2507//2507
f 1411//1411 1416//1416 2512//2512
f 1407//1407 2507//2507 2503//2503
f 1407//1407 1411//1411 2507//2507
f 1295//1295 2391//2391 2393//2393
f 1297//1297 1295//1295 2393//2393
f 1302//1302 2393//2393 2398//2398
f 1302//1302 1297//1297 2393//2393
f 1305//1305 2398//2398 2401//2401
f 1305//1305 1302//1302 2398//2398
f 1420//1420 1424//1424 2520//2520
f 1420//1420 2520//2520 2515//2515
f 1311//1311 1305//1305 2401//2401
f 1311//1311 2401//2401 2407//2407
f 1429//1429 1433//1433 2529//2529
f 1429//1429 2529//2529 2525//2525
f 1427//1427 2525//2525 2523//2523
f 1427//1427 1429//1429 2525//2525
f 1424//1424 2523//2523 2520//2520
f 1424//1424 1427//1427 2523//2523
f 1311//1311 2407//2407 2411//2411
f 1315//1315 2411//2411 2416//2416
f 1315//1315 1311//1311 2411//2411
f 1320//1320 2416//2416 2419//2419
f 1320//1320 1315//1315 2416//2416
f 1323//1323 1320//1320 2419//2419
f 1433//1433 1441//1441 2537//2537
f 1433//1433 2537//2537 2529//2529
f 1325//1325 1323//1323 2419//2419
f 1325//1325 2419//2419 2421//2421
f 1452//1452 2548//2548 2544//2544
f 1448//1448 2544//2544 2539//2539
f 1448//1448 1452//1452 2544//2544
f 1443//1443 1448//1448 2539//2539
f 1441//1441 2539//2539 2537//2537
f 1441//1441 1443//1443 2539//2539
f 1325//1325 2421//2421 2425//2425
f 1329//1329 1325//1325 2425//2425
f 1336//1336 2425//2425 2432//2432
f 1336//1336 1329//1329 2425//2425
f 1339//1339 2432//2432 2435//2435
f 1339//1339 1336//1336 2432//2432
f 1452//1452 1456//1456 2552//2552
f 1452//1452 2552//2552 2548//2548
f 1339//1339 2435//2435 2438//2438
f 1342//1342 1339//1339 2438//2438
f 1464//1464 1469//1469 2564//2564
f 1464//1464 2564//2564 2560//2560
f 1461//1461 2560//2560 2556//2556
f 1461//1461 1464//1464 2560//2560
f 1456//1456 2556//2556 2552//2552
f 1456//1456 1461//1461 2556//2556
f 1345//1345 1342//1342 2438//2438
f 1345//1345 2438//2438 2441//2441
f 1350//1350 2441//2441 2446//2446
f 1350//1350 1345//1345 2441//2441
f 1353//1353 2446//2446 2449//2449
f 1353//1353 1350//1350 2446//2446
f 1469//1469 1471//1471 2567//2567
f 1469//1469 2567//2567 2564//2564
f 1357//1357 1353//1353 2449//2449
f 1357//1357 2449//2449 2453//2453
f 1481//1481 2577//2577 2573//2573
f 1478//1478 2573//2573 2572//2572
f 1478//1478 1481//1481 2573//2573
f 1476//1476 1478//1478 2572//2572
f 1471//1471 2572//2572 2567//2567
f 1471//1471 1476//1476 2572//2572
f 1361//1361 1357//1357 2453//2453
f 1361//1361 2453//2453 2457//2457
f 1365//1365 2457//2457 2461//2461
f 1365//1365 1361//1361 2457//2457
f 1369//1369 2461//2461 2465//2465
f 1369//1369 1365//1365 2461//2461
f 1481//1481 1488//1488 2584//2584
f 1481//1481 2584//2584 2577//2577
f 1369//1369 2465//2465 2470//2470
f 1374//1374 1369//1369 2470//2470
f 1496//1496 1499//1499 2595//2595
f 1496//1496 2595//2595 2592//2592
f 1492//1492 2592//2592 2588//2588
f 1492//1492 1496//1496 2592//2592
f 1488//1488 2588//2588 2584//2584
f 1488//1488 1492//1492 2588//2588
f 1378//1378 1374//1374 2470//2470
f 1378//1378 2470//2470 2474//2474
f 1382//1382 2474//2474 2478//2478
f 1382//1382 1378//1378 2474//2474
f 1386//1386 2478//2478 2482//2482
f 1386//1386 1382//1382 2478//2478
f 1499//1499 1503//1503 2599//2599
f 1499//1499 2599//2599 2595//2595
f 1386//1386 2482//2482 2487//2487
f 1391//1391 1386//1386 2487//2487
f 1503//1503 1507//1507 2603//2603
f 1503//1503 2603//2603 2599//2599
f 1391//1391 2487//2487 2490//2490
f 1394//1394 1391//1391 2490//2490
f 1399//1399 2490//2490 2495//2495
f 1399//1399 1394//1394 2490//2490
f 1402//1402 2495//2495 2498//2498
f 1402//1402 1399//1399 2495//2495
f 1515//1515 1518//1518 2613//2613
f 1515//1515 2613//2613 2611//2611
f 1511//1511 2611//2611 2607//2607
f 1511//1511 1515//1515 2611//2611
f 1507//1507 2607//2607 2603//2603
f 1507//1507 1511//1511 2607//2607
f 1405//1405 1402//1402 2498//2498
f 1405//1405 2498//2498 2501//2501
f 1523//1523 2618//2618 2613//2613
f 1518//1518 1523//1523 2613//2613
f 1405//1405 2501//2501 2505//2505
f 1409//1409 2505//2505 2509//2509
f 1409//1409 1405//1405 2505//2505
f 1413//1413 2509//2509 2514//2514
f 1413//1413 1409//1409 2509//2509
f 1418//1418 1413//1413 2514//2514
f 1533//1533 1537//1537 2632//2632
f 1533//1533 2632//2632 2629//2629
f 1528//1528 2629//2629 2624//2624
f 1528//1528 2624//2624 2618//2618
f 1528//1528 1533//1533 2629//2629
f 1523//1523 1528//1528 2618//2618
f 1422//1422 1418//1418 2514//2514
f 1422//1422 2514//2514 2518//2518
f 1537//1537 1540//1540 2636//2636
f 1537//1537 2636//2636 2632//2632
f 1422//1422 2518//2518 2521//2521
f 1425//1425 2521//2521 2527//2527
f 1425//1425 1422//1422 2521//2521
f 1431//1431 1425//1425 2527//2527
f 1436//1436 2527//2527 2532//2532
f 1436//1436 1431//1431 2527//2527
f 1547//1547 1550//1550 2645//2645
f 1547//1547 2645//2645 2643//2643
f 1547//1547 2643//2643 2640//2640
f 1545//1545 1547//1547 2640//2640
f 1540//1540 2640//2640 2636//2636
f 1540//1540 1545//1545 2640//2640
f 1438//1438 1436//1436 2532//2532
f 1438//1438 2532//2532 2534//2534
f 1550//1550 1554//1554 2650//2650
f 1550//1550 2650//2650 2645//2645
f 1442//1442 1438//1438 2534//2534
f 1442//1442 2534//2534 2538//2538
f 1446//1446 2538//2538 2542//2542
f 1446//1446 1442//1442 2538//2538
f 1450//1450 2542//2542 2546//2546
f 1450//1450 1446//1446 2542//2542
f 1566//1566 2662//2662 2657//2657
f 1561//1561 2657//2657 2653//2653
f 1561//1561 1566//1566 2657//2657
f 1557//1557 1561//1561 2653//2653
f 1554//1554 2653//2653 2650//2650
f 1554//1554 1557//1557 2653//2653
f 1454//1454 1450//1450 2546//2546
f 1454//1454 2546//2546 2550//2550
f 1570//1570 2665//2665 2662//2662
f 1566//1566 1570//1570 2662//2662
f 1458//1458 1454//1454 2550//2550
f 1458//1458 2550//2550 2554//2554
f 1462//1462 2554//2554 2558//2558
f 1462//1462 2558//2558 2561//2561
f 1462//1462 1458//1458 2554//2554
f 1465//1465 1462//1462 2561//2561
f 1578//1578 1583//1583 2679//2679
f 1578//1578 2679//2679 2673//2673
f 1574//1574 2673//2673 2670//2670
f 1574//1574 1578//1578 2673//2673
f 1570//1570 2670//2670 2665//2665
f 1570//1570 1574//1574 2670//2670
f 1470//1470 1465//1465 2561//2561
f 1470//1470 2561//2561 2566//2566
f 1583//1583 1585//1585 2681//2681
f 1583//1583 2681//2681 2679//2679
f 1474//1474 1470//1470 2566//2566
f 1474//1474 2566//2566 2570//2570
f 1479//1479 2570//2570 2575//2575
f 1479//1479 1474//1474 2570//2570
f 1484//1484 2575//2575 2580//2580
f 1484//1484 1479//1479 2575//2575
f 1596//1596 1599//1599 2695//2695
f 1596//1596 2695//2695 2692//2692
f 1591//1591 2692//2692 2687//2687
f 1591//1591 1596//1596 2692//2692
f 1585//1585 2687//2687 2681//2681
f 1585//1585 1591//1591 2687//2687
f 1484//1484 2580//2580 2583//2583
f 1487//1487 1484//1484 2583//2583
f 1599//1599 1604//1604 2700//2700
f 1599//1599 2700//2700 2695//2695
f 1487//1487 2583//2583 2585//2585
f 1489//1489 2585//2585 2591//2591
f 1489//1489 1487//1487 2585//2585
f 1495//1495 2591//2591 2593//2593
f 1495//1495 1489//1489 2591//2591
f 1497//1497 1495//1495 2593//2593
f 1612//1612 1616//1616 2711//2711
f 1612//1612 2711//2711 2708//2708
f 1608//1608 2708//2708 2703//2703
f 1608//1608 1612//1612 2708//2708
f 1604//1604 2703//2703 2700//2700
f 1604//1604 1608//1608 2703//2703
f 1497//1497 2593//2593 2597//2597
f 1501//1501 1497//1497 2597//2597
f 1616//1616 1620//1620 2715//2715
f 1616//1616 2715//2715 2711//2711
f 1509//1509 1501//1501 2597//2597
f 1509//1509 2597//2597 2605//2605
f 1621//1621 1617//1617 2713//2713
f 1621//1621 2713//2713 2717//2717
f 1623//1623 2717//2717 2719//2719
f 1623//1623 1621//1621 2717//2717
f 1620//1620 2719//2719 2715//2715
f 1620//1620 1623//1623 2719//2719
f 1513//1513 1509//1509 2605//2605
f 1513//1513 2605//2605 2609//2609
f 1516//1516 2609//2609 2612//2612
f 1516//1516 1513//1513 2609//2609
f 1519//1519 2612//2612 2615//2615
f 1519//1519 1516//1516 2612//2612
f 1617//1617 1613//1613 2709//2709
f 1617//1617 2709//2709 2713//2713
f 1524//1524 1519//1519 2615//2615
f 1524//1524 2615//2615 2620//2620
f 1602//1602 2698//2698 2701//2701
f 1605//1605 1602//1602 2701//2701
f 1610//1610 2701//2701 2706//2706
f 1610//1610 1605//1605 2701//2701
f 1613//1613 2706//2706 2709//2709
f 1613//1613 1610//1610 2706//2706
f 1525//1525 1524//1524 2620//2620
f 1525//1525 2620//2620 2621//2621
f 1531//1531 2621//2621 2627//2627
f 1531//1531 1525//1525 2621//2621
f 1534//1534 2627//2627 2630//2630
f 1534//1534 1531//1531 2627//2627
f 1602//1602 1598//1598 2694//2694
f 1602//1602 2694//2694 2698//2698
f 1538//1538 1534//1534 2630//2630
f 1538//1538 2630//2630 2634//2634
f 1590//1590 1587//1587 2683//2683
f 1590//1590 2683//2683 2686//2686
f 1593//1593 2686//2686 2689//2689
f 1593//1593 1590//1590 2686//2686
f 1598//1598 2689//2689 2694//2694
f 1598//1598 1593//1593 2689//2689
f 1538//1538 2634//2634 2638//2638
f 1542//1542 2638//2638 2642//2642
f 1542//1542 1538//1538 2638//2638
f 1546//1546 1542//1542 2642//2642
f 1551//1551 2642//2642 2647//2647
f 1551//1551 1546//1546 2642//2642
f 1584//1584 2680//2680 2683//2683
f 1587//1587 1584//1584 2683//2683
f 1556//1556 1551//1551 2647//2647
f 1556//1556 2647//2647 2652//2652
f 1575//1575 1572//1572 2668//2668
f 1575//1575 2668//2668 2671//2671
f 1580//1580 2671//2671 2676//2676
f 1580//1580 2676//2676 2680//2680
f 1580//1580 1575//1575 2671//2671
f 1584//1584 1580//1580 2680//2680
f 1559//1559 1556//1556 2652//2652
f 1559//1559 2652//2652 2655//2655
f 1564//1564 2655//2655 2660//2660
f 1564//1564 1559//1559 2655//2655
f 1567//1567 2660//2660 2663//2663
f 1567//1567 1564//1564 2660//2660
f 1572//1572 1567//1567 2663//2663
f 1572//1572 2663//2663 2668//2668
f 590//590 589//589 1686//1686
f 1686//1686 589//589 1685//1685
f 1685//1685 587//587 1683//1683
f 589//589 587//587 1685//1685
f 1683//1683 583//583 1679//1679
f 587//587 583//583 1683//1683
f 593//593 590//590 1689//1689
f 1689//1689 590//590 1686//1686
f 608//608 601//601 1704//1704
f 1704//1704 601//601 1697//1697
f 1697//1697 598//598 1694//1694
f 601//601 598//598 1697//1697
f 1694//1694 593//593 1689//1689
f 598//598 593//593 1694//1694
f 612//612 608//608 1708//1708
f 1708//1708 608//608 1704//1704
f 622//622 620//620 1718//1718
f 1718//1718 620//620 1715//1715
f 1715//1715 615//615 1711//1711
f 620//620 615//615 1715//1715
f 1711//1711 612//612 1708//1708
f 615//615 612//612 1711//1711
f 625//625 622//622 1721//1721
f 1721//1721 622//622 1718//1718
f 638//638 634//634 1734//1734
f 1734//1734 634//634 1729//1729
f 1729//1729 630//630 1726//1726
f 634//634 630//630 1729//1729
f 1726//1726 625//625 1721//1721
f 630//630 625//625 1726//1726
f 643//643 638//638 1739//1739
f 1739//1739 638//638 1734//1734
f 1741//1741 645//645 1739//1739
f 645//645 643//643 1739//1739
f 1754//1754 658//658 1749//1749
f 658//658 653//653 1749//1749
f 1749//1749 650//650 1746//1746
f 1746//1746 650//650 1741//1741
f 653//653 650//650 1749//1749
f 650//650 645//645 1741//1741
f 663//663 658//658 1759//1759
f 1759//1759 658//658 1754//1754
f 673//673 670//670 1769//1769
f 1769//1769 670//670 1766//1766
f 1766//1766 666//666 1761//1761
f 670//670 666//666 1766//1766
f 1761//1761 663//663 1759//1759
f 666//666 663//663 1761//1761
f 1776//1776 680//680 1769//1769
f 680//680 673//673 1769//1769
f 1785//1785 689//689 1784//1784
f 689//689 688//688 1784//1784
f 1784//1784 684//684 1779//1779
f 688//688 684//684 1784//1784
f 1779//1779 680//680 1776//1776
f 684//684 680//680 1779//1779
f 694//694 689//689 1790//1790
f 1790//1790 689//689 1785//1785
f 706//706 701//701 1802//1802
f 1802//1802 701//701 1797//1797
f 1797//1797 697//697 1793//1793
f 1793//1793 697//697 1790//1790
f 701//701 697//697 1797//1797
f 697//697 694//694 1790//1790
f 710//710 706//706 1806//1806
f 1806//1806 706//706 1802//1802
f 721//721 717//717 1817//1817
f 1817//1817 717//717 1813//1813
f 1813//1813 713//713 1809//1809
f 717//717 713//713 1813//1813
f 1809//1809 710//710 1806//1806
f 713//713 710//710 1809//1809
f 725//725 721//721 1821//1821
f 1821//1821 721//721 1817//1817
f 1834//1834 738//738 1830//1830
f 738//738 734//734 1830//1830
f 1830//1830 730//730 1826//1826
f 734//734 730//730 1830//1830
f 1826//1826 725//725 1821//1821
f 730//730 725//725 1826//1826
f 741//741 738//738 1837//1837
f 1837//1837 738//738 1834//1834
f 1849//1849 753//753 1847//1847
f 1847//1847 751//751 1841//1841
f 753//753 751//751 1847//1847
f 1841//1841 745//745 1837//1837
f 751//751 745//745 1841//1841
f 745//745 741//741 1837//1837
f 758//758 753//753 1854//1854
f 1854//1854 753//753 1849//1849
f 1866//1866 770//770 1861//1861
f 770//770 765//765 1861//1861
f 1861//1861 763//763 1859//1859
f 765//765 763//763 1861//1861
f 1859//1859 758//758 1854//1854
f 763//763 758//758 1859//1859
f 773//773 770//770 1869//1869
f 1869//1869 770//770 1866//1866
f 785//785 782//782 1881//1881
f 1881//1881 782//782 1878//1878
f 1878//1878 782//782 1873//1873
f 782//782 778//778 1873//1873
f 1873//1873 773//773 1869//1869
f 778//778 773//773 1873//1873
f 792//792 785//785 1888//1888
f 1888//1888 785//785 1881//1881
f 801//801 797//797 1897//1897
f 1897//1897 797//797 1893//1893
f 1893//1893 797//797 1890//1890
f 1890//1890 794//794 1888//1888
f 797//797 794//794 1890//1890
f 794//794 792//792 1888//1888
f 806//806 801//801 1902//1902
f 1902//1902 801//801 1897//1897
f 1914//1914 818//818 1909//1909
f 818//818 813//813 1909//1909
f 1909//1909 809//809 1905//1905
f 1905//1905 809//809 1902//1902
f 813//813 809//809 1909//1909
f 809//809 806//806 1902//1902
f 821//821 818//818 1917//1917
f 1917//1917 818//818 1914//1914
f 835//835 829//829 1931//1931
f 1931//1931 829//829 1925//1925
f 1925//1925 825//825 1921//1921
f 829//829 825//825 1925//1925
f 1921//1921 821//821 1917//1917
f 825//825 821//821 1921//1921
f 837//837 835//835 1933//1933
f 1933//1933 835//835 1931//1931
f 850//850 845//845 1946//1946
f 1946//1946 845//845 1941//1941
f 1941//1941 842//842 1938//1938
f 845//845 842//842 1941//1941
f 1938//1938 837//837 1933//1933
f 842//842 837//837 1938//1938
f 853//853 850//850 1949//1949
f 1949//1949 850//850 1946//1946
f 1962//1962 866//866 1957//1957
f 866//866 861//861 1957//1957
f 1957//1957 857//857 1953//1953
f 861//861 857//857 1957//1957
f 1953//1953 853//853 1949//1949
f 857//857 853//853 1953//1953
f 870//870 866//866 1966//1966
f 1966//1966 866//866 1962//1962
f 883//883 878//878 1979//1979
f 1979//1979 878//878 1974//1974
f 1974//1974 873//873 1969//1969
f 878//878 873//873 1974//1974
f 1969//1969 870//870 1966//1966
f 873//873 870//870 1969//1969
f 888//888 883//883 1984//1984
f 1984//1984 883//883 1979//1979
f 1995//1995 899//899 1992//1992
f 899//899 896//896 1992//1992
f 1992//1992 891//891 1987//1987
f 896//896 891//891 1992//1992
f 1987//1987 888//888 1984//1984
f 891//891 888//888 1987//1987
f 1998//1998 902//902 1995//1995
f 902//902 899//899 1995//1995
f 913//913 909//909 2009//2009
f 2009//2009 909//909 2005//2005
f 2005//2005 905//905 2001//2001
f 2001//2001 905//905 1998//1998
f 909//909 905//905 2005//2005
f 905//905 902//902 1998//1998
f 918//918 913//913 2014//2014
f 2014//2014 913//913 2009//2009
f 929//929 925//925 2025//2025
f 2025//2025 925//925 2021//2021
f 2021//2021 921//921 2017//2017
f 925//925 921//921 2021//2021
f 2017//2017 918//918 2014//2014
f 921//921 918//918 2017//2017
f 935//935 929//929 2031//2031
f 2031//2031 929//929 2025//2025
f 947//947 943//943 2043//2043
f 2043//2043 943//943 2039//2039
f 2039//2039 939//939 2035//2035
f 943//943 939//939 2039//2039
f 2035//2035 935//935 2031//2031
f 939//939 935//935 2035//2035
f 952//952 947//947 2048//2048
f 2048//2048 947//947 2043//2043
f 953//953 2048//2048 2049//2049
f 953//953 952//952 2048//2048
f 968//968 964//964 2064//2064
f 2064//2064 964//964 2060//2060
f 2060//2060 959//959 2055//2055
f 964//964 959//959 2060//2060
f 2055//2055 953//953 2049//2049
f 959//959 953//953 2055//2055
f 971//971 968//968 2067//2067
f 2067//2067 968//968 2064//2064
f 981//981 977//977 2077//2077
f 2077//2077 977//977 2073//2073
f 2073//2073 975//975 2071//2071
f 977//977 975//975 2073//2073
f 2071//2071 971//971 2067//2067
f 975//975 971//971 2071//2071
f 986//986 981//981 2082//2082
f 2082//2082 981//981 2077//2077
f 999//999 996//996 2095//2095
f 2095//2095 996//996 2092//2092
f 2092//2092 990//990 2085//2085
f 996//996 990//990 2092//2092
f 2085//2085 986//986 2082//2082
f 990//990 986//986 2085//2085
f 1003//1003 999//999 2099//2099
f 2099//2099 999//999 2095//2095
f 1013//1013 1011//1011 2109//2109
f 2109//2109 1011//1011 2107//2107
f 2107//2107 1007//1007 2103//2103
f 1011//1011 1007//1007 2107//2107
f 2103//2103 1003//1003 2099//2099
f 1007//1007 1003//1003 2103//2103
f 1017//1017 1013//1013 2113//2113
f 2113//2113 1013//1013 2109//2109
f 1031//1031 1027//1027 2127//2127
f 2127//2127 1027//1027 2123//2123
f 2123//2123 1027//1027 2117//2117
f 2117//2117 1021//1021 2113//2113
f 1027//1027 1021//1021 2117//2117
f 1021//1021 1017//1017 2113//2113
f 1037//1037 1031//1031 2133//2133
f 2133//2133 1031//1031 2127//2127
f 1048//1048 1044//1044 2144//2144
f 2144//2144 1044//1044 2139//2139
f 2139//2139 1039//1039 2135//2135
f 1044//1044 1039//1039 2139//2139
f 2135//2135 1037//1037 2133//2133
f 1039//1039 1037//1037 2135//2135
f 1050//1050 1048//1048 2146//2146
f 2146//2146 1048//1048 2144//2144
f 2158//2158 1062//1062 2153//2153
f 2153//2153 1057//1057 2150//2150
f 1062//1062 1057//1057 2153//2153
f 1057//1057 1054//1054 2150//2150
f 2150//2150 1050//1050 2146//2146
f 1054//1054 1050//1050 2150//2150
f 1065//1065 1062//1062 2161//2161
f 2161//2161 1062//1062 2158//2158
f 1079//1079 1075//1075 2176//2176
f 2176//2176 1075//1075 2172//2172
f 2172//2172 1070//1070 2166//2166
f 1075//1075 1070//1070 2172//2172
f 2166//2166 1065//1065 2161//2161
f 1070//1070 1065//1065 2166//2166
f 1085//1085 1079//1079 2181//2181
f 2181//2181 1079//1079 2176//2176
f 1094//1094 1090//1090 2190//2190
f 2190//2190 1090//1090 2186//2186
f 2186//2186 1083//1083 2180//2180
f 1090//1090 1083//1083 2186//2186
f 2180//2180 1085//1085 2181//2181
f 1083//1083 1085//1085 2180//2180
f 2194//2194 1098//1098 2190//2190
f 1098//1098 1094//1094 2190//2190
f 1111//1111 1102//1102 2208//2208
f 2208//2208 1102//1102 2198//2198
f 2198//2198 1103//1103 2199//2199
f 1102//1102 1103//1103 2198//2198
f 2199//2199 1098//1098 2194//2194
f 1103//1103 1098//1098 2199//2199
f 1114//1114 1111//1111 2210//2210
f 2210//2210 1111//1111 2208//2208
f 1126//1126 1124//1124 2223//2223
f 2223//2223 1124//1124 2221//2221
f 2221//2221 1116//1116 2213//2213
f 1124//1124 1116//1116 2221//2221
f 2213//2213 1114//1114 2210//2210
f 1116//1116 1114//1114 2213//2213
f 2225//2225 1129//1129 2223//2223
f 1129//1129 1126//1126 2223//2223
f 2240//2240 1144//1144 2232//2232
f 1144//1144 1135//1135 2232//2232
f 2232//2232 1137//1137 2233//2233
f 2233//2233 1137//1137 2225//2225
f 1135//1135 1137//1137 2232//2232
f 1137//1137 1129//1129 2225//2225
f 1145//1145 1144//1144 2241//2241
f 2241//2241 1144//1144 2240//2240
f 1159//1159 1153//1153 2255//2255
f 2255//2255 1153//1153 2250//2250
f 2250//2250 1152//1152 2248//2248
f 2248//2248 1152//1152 2241//2241
f 1153//1153 1152//1152 2250//2250
f 1152//1152 1145//1145 2241//2241
f 1157//1157 1159//1159 2254//2254
f 2254//2254 1159//1159 2255//2255
f 1176//1176 1165//1165 2272//2272
f 2272//2272 1165//1165 2262//2262
f 2262//2262 1167//1167 2263//2263
f 1165//1165 1167//1167 2262//2262
f 2263//2263 1157//1157 2254//2254
f 1167//1167 1157//1157 2263//2263
f 1181//1181 1176//1176 2277//2277
f 2277//2277 1176//1176 2272//2272
f 1192//1192 1185//1185 2288//2288
f 2288//2288 1185//1185 2281//2281
f 2281//2281 1186//1186 2282//2282
f 1185//1185 1186//1186 2281//2281
f 2282//2282 1181//1181 2277//2277
f 1186//1186 1181//1181 2282//2282
f 1194//1194 1192//1192 2290//2290
f 2290//2290 1192//1192 2288//2288
f 2293//2293 1197//1197 2290//2290
f 1197//1197 1194//1194 2290//2290
f 1209//1209 1206//1206 2306//2306
f 2306//2306 1206//1206 2303//2303
f 2303//2303 1202//1202 2298//2298
f 1206//1206 1202//1202 2303//2303
f 2298//2298 1197//1197 2293//2293
f 1202//1202 1197//1197 2298//2298
f 1216//1216 1209//1209 2312//2312
f 2312//2312 1209//1209 2306//2306
f 1227//1227 1224//1224 2324//2324
f 2324//2324 1224//1224 2321//2321
f 2321//2321 1219//1219 2316//2316
f 1224//1224 1219//1219 2321//2321
f 2316//2316 1216//1216 2312//2312
f 1219//1219 1216//1216 2316//2316
f 1229//1229 1227//1227 2325//2325
f 2325//2325 1227//1227 2324//2324
f 1244//1244 1236//1236 2340//2340
f 2340//2340 1236//1236 2332//2332
f 2332//2332 1237//1237 2333//2333
f 2333//2333 1237//1237 2325//2325
f 1236//1236 1237//1237 2332//2332
f 1237//1237 1229//1229 2325//2325
f 1247//1247 1244//1244 2344//2344
f 2344//2344 1244//1244 2340//2340
f 1255//1255 1257//1257 2352//2352
f 2352//2352 1257//1257 2353//2353
f 2353//2353 1253//1253 2349//2349
f 2349//2349 1253//1253 2344//2344
f 1257//1257 1253//1253 2353//2353
f 1253//1253 1247//1247 2344//2344
f 1262//1262 1255//1255 2358//2358
f 2358//2358 1255//1255 2352//2352
f 1274//1274 1269//1269 2371//2371
f 2371//2371 1269//1269 2366//2366
f 2366//2366 1267//1267 2364//2364
f 1269//1269 1267//1267 2366//2366
f 2364//2364 1262//1262 2358//2358
f 1267//1267 1262//1262 2364//2364
f 1277//1277 1274//1274 2374//2374
f 2374//2374 1274//1274 2371//2371
f 1291//1291 1284//1284 2388//2388
f 2388//2388 1284//1284 2380//2380
f 2380//2380 1285//1285 2381//2381
f 1284//1284 1285//1285 2380//2380
f 2381//2381 1277//1277 2374//2374
f 1285//1285 1277//1277 2381//2381
f 1294//1294 1291//1291 2390//2390
f 2390//2390 1291//1291 2388//2388
f 1307//1307 1303//1303 2404//2404
f 2404//2404 1303//1303 2400//2400
f 2400//2400 1303//1303 2397//2397
f 2397//2397 1300//1300 2390//2390
f 1303//1303 1300//1300 2397//2397
f 1300//1300 1294//1294 2390//2390
f 1309//1309 1307//1307 2406//2406
f 2406//2406 1307//1307 2404//2404
f 2418//2418 1321//1321 2415//2415
f 1321//1321 1318//1318 2415//2415
f 2415//2415 1313//1313 2410//2410
f 1318//1318 1313//1313 2415//2415
f 2410//2410 1309//1309 2406//2406
f 1313//1313 1309//1309 2410//2410
f 1327//1327 1321//1321 2424//2424
f 2424//2424 1321//1321 2418//2418
f 2431//2431 1334//1334 2428//2428
f 1334//1334 1331//1331 2428//2428
f 2428//2428 1333//1333 2429//2429
f 1331//1331 1333//1333 2428//2428
f 2429//2429 1327//1327 2424//2424
f 1333//1333 1327//1327 2429//2429
f 1343//1343 1334//1334 2440//2440
f 2440//2440 1334//1334 2431//2431
f 1355//1355 1352//1352 2452//2452
f 2452//2452 1352//1352 2448//2448
f 2448//2448 1348//1348 2445//2445
f 1352//1352 1348//1348 2448//2448
f 2445//2445 1343//1343 2440//2440
f 1348//1348 1343//1343 2445//2445
f 1359//1359 1355//1355 2456//2456
f 2456//2456 1355//1355 2452//2452
f 2468//2468 1371//1371 2464//2464
f 1371//1371 1367//1367 2464//2464
f 2464//2464 1363//1363 2460//2460
f 1367//1367 1363//1363 2464//2464
f 2460//2460 1359//1359 2456//2456
f 1363//1363 1359//1359 2460//2460
f 1373//1373 1371//1371 2469//2469
f 2469//2469 1371//1371 2468//2468
f 2484//2484 1388//1388 2481//2481
f 1388//1388 1385//1385 2481//2481
f 2481//2481 1377//1377 2473//2473
f 1385//1385 1377//1377 2481//2481
f 2473//2473 1373//1373 2469//2469
f 1377//1377 1373//1373 2473//2473
f 1390//1390 1388//1388 2486//2486
f 2486//2486 1388//1388 2484//2484
f 1404//1404 1398//1398 2500//2500
f 2500//2500 1398//1398 2494//2494
f 2494//2494 1398//1398 2489//2489
f 2489//2489 1393//1393 2486//2486
f 1398//1398 1393//1393 2489//2489
f 1393//1393 1390//1390 2486//2486
f 2504//2504 1408//1408 2500//2500
f 1408//1408 1404//1404 2500//2500
f 2517//2517 1421//1421 2513//2513
f 2513//2513 1417//1417 2508//2508
f 1421//1421 1417//1417 2513//2513
f 1417//1417 1412//1412 2508//2508
f 2508//2508 1408//1408 2504//2504
f 1412//1412 1408//1408 2508//2508
f 1419//1419 1421//1421 2516//2516
f 2516//2516 1421//1421 2517//2517
f 1435//1435 1430//1430 2531//2531
f 2531//2531 1430//1430 2526//2526
f 2526//2526 1428//1428 2524//2524
f 1430//1430 1428//1428 2526//2526
f 2524//2524 1419//1419 2516//2516
f 1428//1428 1419//1419 2524//2524
f 2530//2530 1434//1434 2531//2531
f 1434//1434 1435//1435 2531//2531
f 2545//2545 1449//1449 2540//2540
f 2540//2540 1444//1444 2541//2541
f 1449//1449 1444//1444 2540//2540
f 1444//1444 1445//1445 2541//2541
f 2541//2541 1434//1434 2530//2530
f 1445//1445 1434//1434 2541//2541
f 1453//1453 1449//1449 2549//2549
f 2549//2549 1449//1449 2545//2545
f 1468//1468 1460//1460 2565//2565
f 2565//2565 1460//1460 2557//2557
f 2557//2557 1457//1457 2553//2553
f 1460//1460 1457//1457 2557//2557
f 2553//2553 1453//1453 2549//2549
f 1457//1457 1453//1453 2553//2553
f 1473//1473 1468//1468 2569//2569
f 2569//2569 1468//1468 2565//2565
f 2579//2579 1483//1483 2574//2574
f 2574//2574 1477//1477 2568//2568
f 1483//1483 1477//1477 2574//2574
f 1477//1477 1472//1472 2568//2568
f 2568//2568 1473//1473 2569//2569
f 1472//1472 1473//1473 2568//2568
f 1482//1482 1483//1483 2578//2578
f 2578//2578 1483//1483 2579//2579
f 1500//1500 1493//1493 2596//2596
f 2596//2596 1493//1493 2589//2589
f 2589//2589 1494//1494 2590//2590
f 1493//1493 1494//1494 2589//2589
f 2590//2590 1482//1482 2578//2578
f 1494//1494 1482//1482 2590//2590
f 2600//2600 1504//1504 2596//2596
f 1504//1504 1500//1500 2596//2596
f 1505//1505 1504//1504 2601//2601
f 2601//2601 1504//1504 2600//2600
f 1517//1517 1512//1512 2614//2614
f 2614//2614 1512//1512 2608//2608
f 2608//2608 1508//1508 2604//2604
f 1512//1512 1508//1508 2608//2608
f 2604//2604 1505//1505 2601//2601
f 1508//1508 1505//1505 2604//2604
f 1522//1522 1517//1517 2619//2619
f 2619//2619 1517//1517 2614//2614
f 1536//1536 1529//1529 2633//2633
f 2633//2633 1529//1529 2625//2625
f 2625//2625 1530//1530 2626//2626
f 2626//2626 1530//1530 2619//2619
f 1529//1529 1530//1530 2625//2625
f 1530//1530 1522//1522 2619//2619
f 1541//1541 1536//1536 2637//2637
f 2637//2637 1536//1536 2633//2633
f 1549//1549 1548//1548 2646//2646
f 2646//2646 1548//1548 2644//2644
f 2644//2644 1548//1548 2641//2641
f 1548//1548 1544//1544 2641//2641
f 2641//2641 1541//1541 2637//2637
f 1544//1544 1541//1541 2641//2641
f 1555//1555 1549//1549 2651//2651
f 2651//2651 1549//1549 2646//2646
f 2658//2658 1562//1562 2659//2659
f 2659//2659 1563//1563 2654//2654
f 1562//1562 1563//1563 2659//2659
f 1563//1563 1558//1558 2654//2654
f 2654//2654 1555//1555 2651//2651
f 1558//1558 1555//1555 2654//2654
f 2667//2667 1571//1571 2658//2658
f 1571//1571 1562//1562 2658//2658
f 1577//1577 1579//1579 2674//2674
f 2674//2674 1579//1579 2675//2675
f 2675//2675 1569//1569 2666//2666
f 1579//1579 1569//1569 2675//2675
f 2666//2666 1571//1571 2667//2667
f 1569//1569 1571//1571 2666//2666
f 1586//1586 1577//1577 2682//2682
f 2682//2682 1577//1577 2674//2674
f 1601//1601 1597//1597 2697//2697
f 2697//2697 1597//1597 2693//2693
f 2693//2693 1592//1592 2688//2688
f 1597//1597 1592//1592 2693//2693
f 2688//2688 1586//1586 2682//2682
f 1592//1592 1586//1586 2688//2688
f 1600//1600 1601//1601 2696//2696
f 2696//2696 1601//1601 2697//2697
f 1615//1615 1607//1607 2712//2712
f 2712//2712 1607//1607 2704//2704
f 2704//2704 1609//1609 2705//2705
f 1607//1607 1609//1609 2704//2704
f 2705//2705 1600//1600 2696//2696
f 1609//1609 1600//1600 2705//2705
f 1619//1619 1615//1615 2716//2716
f 2716//2716 1615//1615 2712//2712
f 1618//1618 1622//1622 2714//2714
f 2714//2714 1622//1622 2718//2718
f 2718//2718 1624//1624 2720//2720
f 1622//1622 1624//1624 2718//2718
f 2720//2720 1619//1619 2716//2716
f 1624//1624 1619//1619 2720//2720
f 1614//1614 1618//1618 2710//2710
f 2710//2710 1618//1618 2714//2714
f 2699//2699 1603//1603 2702//2702
f 1603//1603 1606//1606 2702//2702
f 2702//2702 1611//1611 2707//2707
f 1606//1606 1611//1611 2702//2702
f 2707//2707 1614//1614 2710//2710
f 1611//1611 1614//1614 2707//2707
f 1595//1595 1603//1603 2691//2691
f 2691//2691 1603//1603 2699//2699
f 1588//1588 1589//1589 2684//2684
f 2684//2684 1589//1589 2685//2685
f 2685//2685 1594//1594 2690//2690
f 1589//1589 1594//1594 2685//2685
f 2690//2690 1595//1595 2691//2691
f 1594//1594 1595//1595 2690//2690
f 2678//2678 1582//1582 2684//2684
f 1582//1582 1588//1588 2684//2684
f 1573//1573 1576//1576 2669//2669
f 2669//2669 1576//1576 2672//2672
f 2672//2672 1581//1581 2677//2677
f 2677//2677 1581//1581 2678//2678
f 1576//1576 1581//1581 2672//2672
f 1581//1581 1582//1582 2678//2678
f 1568//1568 1573//1573 2664//2664
f 2664//2664 1573//1573 2669//2669
f 1553//1553 1560//1560 2649//2649
f 2649//2649 1560//1560 2656//2656
f 2656//2656 1565//1565 2661//2661
f 1560//1560 1565//1565 2656//2656
f 2661//2661 1568//1568 2664//2664
f 1565//1565 1568//1568 2661//2661
f 1552//1552 1553//1553 2648//2648
f 2648//2648 1553//1553 2649//2649
f 2631//2631 1535//1535 2635//2635
f 2635//2635 1539//1539 2639//2639
f 1535//1535 1539//1539 2635//2635
f 1539//1539 1543//1543 2639//2639
f 2639//2639 1552//1552 2648//2648
f 1543//1543 1552//1552 2639//2639
f 1532//1532 1535//1535 2628//2628
f 2628//2628 1535//1535 2631//2631
f 1521//1521 1526//1526 2617//2617
f 2617//2617 1526//1526 2622//2622
f 2622//2622 1527//1527 2623//2623
f 1526//1526 1527//1527 2622//2622
f 2623//2623 1532//1532 2628//2628
f 1527//1527 1532//1532 2623//2623
f 1520//1520 1521//1521 2616//2616
f 2616//2616 1521//1521 2617//2617
f 1506//1506 1510//1510 2602//2602
f 2602//2602 1510//1510 2606//2606
f 2606//2606 1514//1514 2610//2610
f 1510//1510 1514//1514 2606//2606
f 2610//2610 1520//1520 2616//2616
f 1514//1514 1520//1520 2610//2610
f 1502//1502 1506//1506 2598//2598
f 2598//2598 1506//1506 2602//2602
f 2594//2594 1498//1498 2598//2598
f 1498//1498 1502//1502 2598//2598
f 2582//2582 1486//1486 2586//2586
f 2586//2586 1490//1490 2587//2587
f 1486//1486 1490//1490 2586//2586
f 2587//2587 1491//1491 2594//2594
f 1490//1490 1491//1491 2587//2587
f 1491//1491 1498//1498 2594//2594
f 1485//1485 1486//1486 2581//2581
f 2581//2581 1486//1486 2582//2582
f 1467//1467 1475//1475 2563//2563
f 2563//2563 1475//1475 2571//2571
f 2571//2571 1480//1480 2576//2576
f 1475//1475 1480//1480 2571//2571
f 2576//2576 1485//1485 2581//2581
f 1480//1480 1485//1485 2576//2576
f 1466//1466 1467//1467 2562//2562
f 2562//2562 1467//1467 2563//2563
f 1455//1455 1459//1459 2551//2551
f 2551//2551 1459//1459 2555//2555
f 2555//2555 1463//1463 2559//2559
f 2559//2559 1463//1463 2562//2562
f 1459//1459 1463//1463 2555//2555
f 1463//1463 1466//1466 2562//2562
f 1451//1451 1455//1455 2547//2547
f 2547//2547 1455//1455 2551//2551
f 1439//1439 1440//1440 2535//2535
f 2535//2535 1440//1440 2536//2536
f 2536//2536 1447//1447 2543//2543
f 1440//1440 1447//1447 2536//2536
f 2543//2543 1451//1451 2547//2547
f 1447//1447 1451//1451 2543//2543
f 1437//1437 1439//1439 2533//2533
f 2533//2533 1439//1439 2535//2535
f 2519//2519 1423//1423 2522//2522
f 2522//2522 1426//1426 2528//2528
f 1423//1423 1426//1426 2522//2522
f 1426//1426 1432//1432 2528//2528
f 2528//2528 1437//1437 2533//2533
f 1432//1432 1437//1437 2528//2528
f 1415//1415 1423//1423 2511//2511
f 2511//2511 1423//1423 2519//2519
f 2502//2502 1406//1406 2506//2506
f 2506//2506 1410//1410 2510//2510
f 1406//1406 1410//1410 2506//2506
f 2510//2510 1414//1414 2511//2511
f 1410//1410 1414//1414 2510//2510
f 1414//1414 1415//1415 2511//2511
f 1400//1400 1406//1406 2496//2496
f 2496//2496 1406//1406 2502//2502
f 2485//2485 1389//1389 2491//2491
f 1389//1389 1395//1395 2491//2491
f 2491//2491 1396//1396 2492//2492
f 1395//1395 1396//1396 2491//2491
f 2492//2492 1400//1400 2496//2496
f 1396//1396 1400//1400 2492//2492
f 1383//1383 1389//1389 2479//2479
f 2479//2479 1389//1389 2485//2485
f 1375//1375 1379//1379 2471//2471
f 2471//2471 1379//1379 2475//2475
f 2475//2475 1380//1380 2476//2476
f 1379//1379 1380//1380 2475//2475
f 2476//2476 1383//1383 2479//2479
f 1380//1380 1383//1383 2476//2476
f 1370//1370 1375//1375 2466//2466
f 2466//2466 1375//1375 2471//2471
f 1358//1358 1362//1362 2454//2454
f 2454//2454 1362//1362 2458//2458
f 2458//2458 1366//1366 2462//2462
f 1362//1362 1366//1366 2458//2458
f 2462//2462 1370//1370 2466//2466
f 1366//1366 1370//1370 2462//2462
f 1354//1354 1358//1358 2450//2450
f 2450//2450 1358//1358 2454//2454
f 1341//1341 1346//1346 2437//2437
f 2437//2437 1346//1346 2442//2442
f 2442//2442 1347//1347 2443//2443
f 1346//1346 1347//1347 2442//2442
f 2443//2443 1354//1354 2450//2450
f 1347//1347 1354//1354 2443//2443
f 1340//1340 1341//1341 2436//2436
f 2436//2436 1341//1341 2437//2437
f 2422//2422 1326//1326 2426//2426
f 1326//1326 1330//1330 2426//2426
f 2426//2426 1337//1337 2433//2433
f 1330//1330 1337//1337 2426//2426
f 2433//2433 1340//1340 2436//2436
f 1337//1337 1340//1340 2433//2433
f 1324//1324 1326//1326 2420//2420
f 2420//2420 1326//1326 2422//2422
f 2408//2408 1312//1312 2412//2412
f 2412//2412 1316//1316 2413//2413
f 1312//1312 1316//1316 2412//2412
f 2413//2413 1317//1317 2420//2420
f 1316//1316 1317//1317 2413//2413
f 1317//1317 1324//1324 2420//2420
f 1306//1306 1312//1312 2402//2402
f 2402//2402 1312//1312 2408//2408
f 2389//2389 1293//1293 2394//2394
f 1293//1293 1298//1298 2394//2394
f 2394//2394 1299//1299 2395//2395
f 1298//1298 1299//1299 2394//2394
f 2395//2395 1306//1306 2402//2402
f 1299//1299 1306//1306 2395//2395
f 1288//1288 1293//1293 2384//2384
f 2384//2384 1293//1293 2389//2389
f 2376//2376 1280//1280 2378//2378
f 2378//2378 1282//1282 2383//2383
f 1280//1280 1282//1282 2378//2378
f 2383//2383 1287//1287 2384//2384
f 1282//1282 1287//1287 2383//2383
f 1287//1287 1288//1288 2384//2384
f 1273//1273 1280//1280 2369//2369
f 2369//2369 1280//1280 2376//2376
f 2357//2357 1261//1261 2362//2362
f 2362//2362 1266//1266 2368//2368
f 1261//1261 1266//1266 2362//2362
f 2368//2368 1272//1272 2369//2369
f 1266//1266 1272//1272 2368//2368
f 1272//1272 1273//1273 2369//2369
f 1259//1259 1261//1261 2355//2355
f 2355//2355 1261//1261 2357//2357
f 1246//1246 1250//1250 2342//2342
f 2342//2342 1250//1250 2346//2346
f 2346//2346 1251//1251 2347//2347
f 1250//1250 1251//1251 2346//2346
f 2347//2347 1259//1259 2355//2355
f 1251//1251 1259//1259 2347//2347
f 1240//1240 1246//1246 2336//2336
f 2336//2336 1246//1246 2342//2342
f 1231//1231 1232//1232 2327//2327
f 2327//2327 1232//1232 2328//2328
f 2328//2328 1239//1239 2335//2335
f 1232//1232 1239//1239 2328//2328
f 2335//2335 1240//1240 2336//2336
f 1239//1239 1240//1240 2335//2335
f 1223//1223 1231//1231 2319//2319
f 2319//2319 1231//1231 2327//2327
f 1214//1214 1218//1218 2310//2310
f 2310//2310 1218//1218 2314//2314
f 2314//2314 1222//1222 2318//2318
f 1218//1218 1222//1222 2314//2314
f 2318//2318 1223//1223 2319//2319
f 1222//1222 1223//1223 2318//2318
f 1212//1212 1214//1214 2308//2308
f 2308//2308 1214//1214 2310//2310
f 1198//1198 1204//1204 2294//2294
f 2294//2294 1204//1204 2300//2300
f 2300//2300 1205//1205 2301//2301
f 1204//1204 1205//1205 2300//2300
f 2301//2301 1212//1212 2308//2308
f 1205//1205 1212//1212 2301//2301
f 1196//1196 1198//1198 2292//2292
f 2292//2292 1198//1198 2294//2294
f 1190//1190 2292//2292 2286//2286
f 1190//1190 1196//1196 2292//2292
f 1178//1178 1179//1179 2274//2274
f 2274//2274 1179//1179 2275//2275
f 2275//2275 1183//1183 2279//2279
f 1179//1179 1183//1183 2275//2275
f 2279//2279 1190//1190 2286//2286
f 1183//1183 1190//1190 2279//2279
f 1174//1174 1178//1178 2270//2270
f 2270//2270 1178//1178 2274//2274
f 1164//1164 1169//1169 2260//2260
f 2260//2260 1169//1169 2265//2265
f 2265//2265 1170//1170 2266//2266
f 1169//1169 1170//1170 2265//2265
f 2266//2266 1174//1174 2270//2270
f 1170//1170 1174//1174 2266//2266
f 1161//1161 1164//1164 2257//2257
f 2257//2257 1164//1164 2260//2260
f 2243//2243 1147//1147 2246//2246
f 2246//2246 1150//1150 2252//2252
f 1147//1147 1150//1150 2246//2246
f 1150//1150 1156//1156 2252//2252
f 2252//2252 1161//1161 2257//2257
f 1156//1156 1161//1161 2252//2252
f 1142//1142 1147//1147 2238//2238
f 2238//2238 1147//1147 2243//2243
f 1130//1130 1133//1133 2226//2226
f 2226//2226 1133//1133 2229//2229
f 2229//2229 1139//1139 2235//2235
f 1133//1133 1139//1139 2229//2229
f 2235//2235 1142//1142 2238//2238
f 1139//1139 1142//1142 2235//2235
f 1123//1123 1130//1130 2219//2219
f 2219//2219 1130//1130 2226//2226
f 1113//1113 1119//1119 2209//2209
f 2209//2209 1119//1119 2215//2215
f 2215//2215 1122//1122 2218//2218
f 2218//2218 1122//1122 2219//2219
f 1119//1119 1122//1122 2215//2215
f 1122//1122 1123//1123 2219//2219
f 1110//1110 1113//1113 2206//2206
f 2206//2206 1113//1113 2209//2209
f 1100//1100 1105//1105 2196//2196
f 2196//2196 1105//1105 2201//2201
f 2201//2201 1107//1107 2203//2203
f 1105//1105 1107//1107 2201//2201
f 2203//2203 1110//1110 2206//2206
f 1107//1107 1110//1110 2203//2203
f 1096//1096 1100//1100 2192//2192
f 2192//2192 1100//1100 2196//2196
f 2178//2178 1082//1082 2183//2183
f 1082//1082 1087//1087 2183//2183
f 2183//2183 1092//1092 2188//2188
f 1087//1087 1092//1092 2183//2183
f 2188//2188 1096//1096 2192//2192
f 1092//1092 1096//1096 2188//2188
f 1078//1078 1082//1082 2174//2174
f 2174//2174 1082//1082 2178//2178
f 1067//1067 1071//1071 2163//2163
f 2163//2163 1071//1071 2167//2167
f 2167//2167 1074//1074 2170//2170
f 1071//1071 1074//1074 2167//2167
f 2170//2170 1078//1078 2174//2174
f 1074//1074 1078//1078 2170//2170
f 1064//1064 1067//1067 2160//2160
f 2160//2160 1067//1067 2163//2163
f 1053//1053 1056//1056 2148//2148
f 2148//2148 1056//1056 2152//2152
f 2152//2152 1060//1060 2155//2155
f 1056//1056 1060//1060 2152//2152
f 2155//2155 1064//1064 2160//2160
f 1060//1060 1064//1064 2155//2155
f 1046//1046 1053//1053 2142//2142
f 2142//2142 1053//1053 2148//2148
f 1035//1035 1038//1038 2130//2130
f 2130//2130 1038//1038 2134//2134
f 2134//2134 1042//1042 2137//2137
f 1038//1038 1042//1042 2134//2134
f 2137//2137 1046//1046 2142//2142
f 1042//1042 1046//1046 2137//2137
f 1030//1030 1035//1035 2125//2125
f 2125//2125 1035//1035 2130//2130
f 1020//1020 1024//1024 2115//2115
f 2115//2115 1024//1024 2119//2119
f 2119//2119 1026//1026 2121//2121
f 1024//1024 1026//1026 2119//2119
f 2121//2121 1030//1030 2125//2125
f 1026//1026 1030//1030 2121//2121
f 2111//2111 1016//1016 2115//2115
f 1016//1016 1020//1020 2115//2115
f 2098//2098 1002//1002 2101//2101
f 2101//2101 1006//1006 2105//2105
f 1002//1002 1006//1006 2101//2101
f 1006//1006 1009//1009 2105//2105
f 2105//2105 1016//1016 2111//2111
f 1009//1009 1016//1016 2105//2105
f 998//998 1002//1002 2093//2093
f 2093//2093 1002//1002 2098//2098
f 988//988 993//993 2084//2084
f 2084//2084 993//993 2088//2088
f 2088//2088 993//993 2090//2090
f 993//993 994//994 2090//2090
f 2090//2090 998//998 2093//2093
f 994//994 998//998 2090//2090
f 983//983 988//988 2079//2079
f 2079//2079 988//988 2084//2084
f 970//970 974//974 2065//2065
f 2065//2065 974//974 2069//2069
f 2069//2069 980//980 2075//2075
f 2075//2075 980//980 2079//2079
f 974//974 980//980 2069//2069
f 980//980 983//983 2079//2079
f 2063//2063 967//967 2065//2065
f 967//967 970//970 2065//2065
f 956//956 958//958 2051//2051
f 2051//2051 958//958 2053//2053
f 2053//2053 962//962 2057//2057
f 958//958 962//962 2053//2053
f 2057//2057 967//967 2063//2063
f 962//962 967//967 2057//2057
f 951//951 956//956 2047//2047
f 2047//2047 956//956 2051//2051
f 946//946 951//951 2041//2041
f 2041//2041 951//951 2047//2047
f 933//933 938//938 2029//2029
f 2029//2029 938//938 2033//2033
f 2033//2033 941//941 2037//2037
f 938//938 941//941 2033//2033
f 2037//2037 946//946 2041//2041
f 941//941 946//946 2037//2037
f 931//931 933//933 2027//2027
f 2027//2027 933//933 2029//2029
f 2015//2015 920//920 2019//2019
f 2019//2019 924//924 2023//2023
f 920//920 924//924 2019//2019
f 924//924 928//928 2023//2023
f 2023//2023 931//931 2027//2027
f 928//928 931//931 2023//2023
f 915//915 920//920 2011//2011
f 2011//2011 920//920 2015//2015
f 904//904 908//908 2000//2000
f 2000//2000 908//908 2003//2003
f 2003//2003 912//912 2007//2007
f 908//908 912//912 2003//2003
f 2007//2007 915//915 2011//2011
f 912//912 915//915 2007//2007
f 898//898 904//904 1993//1993
f 1993//1993 904//904 2000//2000
f 1982//1982 887//887 1985//1985
f 1985//1985 889//889 1990//1990
f 887//887 889//889 1985//1985
f 889//889 894//894 1990//1990
f 1990//1990 898//898 1993//1993
f 894//894 898//898 1990//1990
f 881//881 887//887 1977//1977
f 1977//1977 887//887 1982//1982
f 872//872 876//876 1967//1967
f 1967//1967 876//876 1971//1971
f 1971//1971 880//880 1976//1976
f 876//876 880//880 1971//1971
f 1976//1976 881//881 1977//1977
f 880//880 881//881 1976//1976
f 868//868 872//872 1964//1964
f 1964//1964 872//872 1967//1967
f 856//856 860//860 1951//1951
f 1951//1951 860//860 1955//1955
f 1955//1955 864//864 1959//1959
f 860//860 864//864 1955//1955
f 1959//1959 868//868 1964//1964
f 864//864 868//868 1959//1959
f 852//852 856//856 1948//1948
f 1948//1948 856//856 1951//1951
f 839//839 844//844 1935//1935
f 1935//1935 844//844 1940//1940
f 1940//1940 847//847 1943//1943
f 844//844 847//847 1940//1940
f 1943//1943 852//852 1948//1948
f 847//847 852//852 1943//1943
f 834//834 839//839 1930//1930
f 1930//1930 839//839 1935//1935
f 824//824 827//827 1919//1919
f 1919//1919 827//827 1923//1923
f 1923//1923 831//831 1927//1927
f 827//827 831//831 1923//1923
f 1927//1927 834//834 1930//1930
f 831//831 834//834 1927//1927
f 820//820 824//824 1916//1916
f 1916//1916 824//824 1919//1919
f 807//807 812//812 1903//1903
f 1903//1903 812//812 1907//1907
f 1907//1907 816//816 1911//1911
f 812//812 816//816 1907//1907
f 1911//1911 820//820 1916//1916
f 816//816 820//820 1911//1911
f 1899//1899 803//803 1903//1903
f 803//803 807//807 1903//1903
f 789//789 796//796 1885//1885
f 1885//1885 796//796 1892//1892
f 1892//1892 796//796 1895//1895
f 796//796 799//799 1895//1895
f 1895//1895 803//803 1899//1899
f 799//799 803//803 1895//1895
f 1883//1883 787//787 1885//1885
f 787//787 789//789 1885//1885
f 776//776 780//780 1871//1871
f 1871//1871 780//780 1876//1876
f 1876//1876 783//783 1879//1879
f 780//780 783//783 1876//1876
f 1879//1879 787//787 1883//1883
f 783//783 787//787 1879//1879
f 1868//1868 772//772 1871//1871
f 772//772 776//776 1871//1871
f 761//761 764//764 1857//1857
f 1857//1857 764//764 1860//1860
f 1860//1860 768//768 1863//1863
f 764//764 768//768 1860//1860
f 1863//1863 772//772 1868//1868
f 768//768 772//772 1863//1863
f 755//755 761//761 1851//1851
f 1851//1851 761//761 1857//1857
f 743//743 748//748 1839//1839
f 1839//1839 748//748 1844//1844
f 1844//1844 752//752 1848//1848
f 748//748 752//752 1844//1844
f 1848//1848 755//755 1851//1851
f 752//752 755//755 1848//1848
f 739//739 743//743 1835//1835
f 1835//1835 743//743 1839//1839
f 728//728 731//731 1824//1824
f 1824//1824 731//731 1827//1827
f 1827//1827 737//737 1833//1833
f 731//731 737//737 1827//1827
f 1833//1833 739//739 1835//1835
f 737//737 739//739 1833//1833
f 723//723 728//728 1819//1819
f 1819//1819 728//728 1824//1824
f 1807//1807 711//711 1811//1811
f 711//711 715//715 1811//1811
f 1811//1811 719//719 1815//1815
f 715//715 719//719 1811//1811
f 1815//1815 723//723 1819//1819
f 719//719 723//723 1815//1815
f 709//709 711//711 1805//1805
f 1805//1805 711//711 1807//1807
f 696//696 699//699 1792//1792
f 1792//1792 699//699 1795//1795
f 1795//1795 699//699 1799//1799
f 699//699 703//703 1799//1799
f 1799//1799 709//709 1805//1805
f 703//703 709//709 1799//1799
f 691//691 696//696 1787//1787
f 1787//1787 696//696 1792//1792
f 677//677 682//682 1773//1773
f 1773//1773 682//682 1778//1778
f 1778//1778 686//686 1782//1782
f 682//682 686//686 1778//1778
f 1782//1782 691//691 1787//1787
f 686//686 691//691 1782//1782
f 675//675 677//677 1771//1771
f 1771//1771 677//677 1773//1773
f 1760//1760 664//664 1764//1764
f 1764//1764 668//668 1767//1767
f 664//664 668//668 1764//1764
f 668//668 671//671 1767//1767
f 1767//1767 675//675 1771//1771
f 671//671 675//675 1767//1767
f 661//661 664//664 1757//1757
f 1757//1757 664//664 1760//1760
f 649//649 652//652 1744//1744
f 1744//1744 652//652 1747//1747
f 1747//1747 656//656 1751//1751
f 652//652 656//656 1747//1747
f 1751//1751 661//661 1757//1757
f 656//656 661//661 1751//1751
f 644//644 649//649 1740//1740
f 1740//1740 649//649 1744//1744
f 640//640 1740//1740 1735//1735
f 640//640 644//644 1740//1740
f 629//629 632//632 1724//1724
f 1724//1724 632//632 1727//1727
f 1727//1727 636//636 1732//1732
f 632//632 636//636 1727//1727
f 1732//1732 640//640 1735//1735
f 636//636 640//640 1732//1732
f 1719//1719 624//624 1724//1724
f 624//624 629//629 1724//1724
f 611//611 614//614 1707//1707
f 1707//1707 614//614 1709//1709
f 1709//1709 618//618 1713//1713
f 614//614 618//618 1709//1709
f 1713//1713 624//624 1719//1719
f 618//618 624//624 1713//1713
f 607//607 611//611 1702//1702
f 1702//1702 611//611 1707//1707
f 596//596 600//600 1691//1691
f 1691//1691 600//600 1696//1696
f 1696//1696 604//604 1699//1699
f 1699//1699 604//604 1702//1702
f 600//600 604//604 1696//1696
f 604//604 607//607 1702//1702
f 1687//1687 592//592 1691//1691
f 592//592 596//596 1691//1691
f 1677//1677 582//582 1680//1680
f 582//582 585//585 1680//1680
f 1680//1680 588//588 1684//1684
f 1684//1684 588//588 1687//1687
f 585//585 588//588 1680//1680
f 588//588 592//592 1687//1687
f 1675//1675 579//579 1677//1677
f 579//579 582//582 1677//1677
f 571//571 573//573 1667//1667
f 1667//1667 573//573 1669//1669
f 1669//1669 576//576 1671//1671
f 573//573 576//576 1669//1669
f 1671//1671 579//579 1675//1675
f 576//576 579//579 1671//1671
f 1661//1661 565//565 1667//1667
f 565//565 571//571 1667//1667
f 555//555 558//558 1650//1650
f 1650//1650 558//558 1654//1654
f 1654//1654 561//561 1657//1657
f 558//558 561//561 1654//1654
f 1657//1657 565//565 1661//1661
f 561//561 565//565 1657//1657
f 1647//1647 552//552 1650//1650
f 552//552 555//555 1650//1650
f 540//540 544//544 1636//1636
f 1636//1636 544//544 1639//1639
f 1639//1639 550//550 1645//1645
f 544//544 550//550 1639//1639
f 1645//1645 552//552 1647//1647
f 550//550 552//552 1645//1645
f 535//535 540//540 1631//1631
f 1631//1631 540//540 1636//1636
f 533//533 531//531 1629//1629
f 1629//1629 531//531 1627//1627
f 1627//1627 530//530 1625//1625
f 531//531 530//530 1627//1627
f 1625//1625 535//535 1631//1631
f 530//530 535//535 1625//1625
f 537//537 533//533 1633//1633
f 1633//1633 533//533 1629//1629
f 553//553 547//547 1649//1649
f 1649//1649 547//547 1642//1642
f 1642//1642 542//542 1638//1638
f 547//547 542//542 1642//1642
f 1638//1638 537//537 1633//1633
f 542//542 537//537 1638//1638
f 556//556 553//553 1652//1652
f 1652//1652 553//553 1649//1649
f 568//568 563//563 1664//1664
f 1664//1664 563//563 1659//1659
f 1659//1659 559//559 1655//1655
f 563//563 559//559 1659//1659
f 1655//1655 556//556 1652//1652
f 559//559 556//556 1655//1655
f 1666//1666 570//570 1664//1664
f 570//570 568//568 1664//1664
f 580//580 578//578 1676//1676
f 1676//1676 578//578 1674//1674
f 1674//1674 578//578 1668//1668
f 1668//1668 572//572 1666//1666
f 578//578 572//572 1668//1668
f 572//572 570//570 1666//1666
f 583//583 580//580 1679//1679
f 1679//1679 580//580 1676//1676
# 5436 faces, 0 coords texture

# End of File
