# WaveFront *.obj file (generated by Autodesk ATF)

mtllib lid.mtl

g MeshFeature1

v -159.177952 -120.946121 0.000000
v -159.250002 -119.250002 0.000000
v -157.250004 -119.250002 -2.000000
v -159.177952 -117.553883 0.000000
v -157.179565 -117.659159 -2.000000
v -158.962307 -115.869980 0.000000
v -156.968794 -116.080761 -2.000000
v -158.604660 -114.210443 0.000000
v -156.619368 -114.527178 -2.000000
v -158.107548 -112.587204 0.000000
v -156.134005 -113.010550 -2.000000
v -157.474566 -111.011982 0.000000
v -155.516481 -111.542759 -2.000000
v -156.710281 -109.496098 0.000000
v -154.771671 -110.135288 -2.000000
v -155.820189 -108.050508 0.000000
v -153.905363 -108.799152 -2.000000
v -154.810715 -106.685600 0.000000
v -152.924366 -107.544804 -2.000000
v -153.689117 -105.411224 0.000000
v -151.836348 -106.382065 -2.000000
v -152.463503 -104.236555 0.000000
v -150.649824 -105.320034 -2.000000
v -151.142673 -103.170061 0.000000
v -149.374084 -104.367027 -2.000000
v -149.736147 -102.219410 0.000000
v -148.019104 -103.530502 -2.000000
v -148.254070 -101.391478 0.000000
v -146.595507 -102.817001 -2.000000
v -146.707125 -100.692225 0.000000
v -145.114412 -102.232113 -2.000000
v -145.106459 -100.126667 0.000000
v -143.587418 -101.780405 -2.000000
v -143.463593 -99.698896 0.000000
v -142.026472 -101.465425 -2.000000
v -141.790361 -99.411993 0.000000
v -140.443821 -101.289635 -2.000000
v -140.098829 -99.268017 0.000000
v -138.851805 -101.254406 -2.000000
v -138.401165 -99.268017 0.000000
v -137.262907 -101.360016 -2.000000
v -136.709642 -99.411993 0.000000
v -135.689564 -101.605644 -2.000000
v -135.036411 -99.698896 0.000000
v -134.144087 -101.989365 -2.000000
v -133.393536 -100.126667 0.000000
v -132.638569 -102.508163 -2.000000
v -131.792879 -100.692225 0.000000
v -131.184797 -103.157997 -2.000000
v -130.245924 -101.391478 0.000000
v -129.794140 -103.933773 -2.000000
v -128.763857 -102.219410 0.000000
v -127.357340 -103.170061 0.000000
v -128.477497 -104.829416 -2.000000
v -126.036510 -104.236555 0.000000
v -127.245159 -105.837917 -2.000000
v -124.810877 -105.411224 0.000000
v -126.106777 -106.951389 -2.000000
v -123.689289 -106.685600 0.000000
v -125.071259 -108.161116 -2.000000
v -122.679806 -108.050508 0.000000
v -124.146709 -109.457636 -2.000000
v -121.789722 -109.496098 0.000000
v -123.340359 -110.830784 -2.000000
v -121.025429 -111.011982 0.000000
v -122.658520 -112.269821 -2.000000
v -120.392447 -112.587204 0.000000
v -122.106533 -113.763494 -2.000000
v -119.895344 -114.210443 0.000000
v -121.688728 -115.300112 -2.000000
v -119.537678 -115.869980 0.000000
v -121.408358 -116.867628 -2.000000
v -119.322052 -117.553883 0.000000
v -121.267614 -118.453798 -2.000000
v -119.250002 -119.250002 0.000000
v -121.267614 -120.046206 -2.000000
v -119.322052 -120.946121 0.000000
v -121.408358 -121.632366 -2.000000
v -119.537678 -122.630024 0.000000
v -121.688728 -123.199892 -2.000000
v -119.895344 -124.289560 0.000000
v -122.106533 -124.736500 -2.000000
v -120.392447 -125.912800 0.000000
v -122.658520 -126.230183 -2.000000
v -121.025429 -127.488022 0.000000
v -123.340359 -127.669220 -2.000000
v -121.789722 -129.003906 0.000000
v -124.146709 -129.042377 -2.000000
v -122.679806 -130.449495 0.000000
v -125.071259 -130.338879 -2.000000
v -123.689289 -131.814404 0.000000
v -126.106777 -131.548595 -2.000000
v -124.810877 -133.088779 0.000000
v -127.245159 -132.662077 -2.000000
v -126.036510 -134.263439 0.000000
v -128.477497 -133.670578 -2.000000
v -127.357340 -135.329943 0.000000
v -129.794140 -134.566221 -2.000000
v -128.763857 -136.280575 0.000000
v -130.245924 -137.108517 0.000000
v -131.184797 -135.341997 -2.000000
v -131.792879 -137.807789 0.000000
v -132.638569 -135.991840 -2.000000
v -133.393536 -138.373337 0.000000
v -134.144087 -136.510639 -2.000000
v -135.036411 -138.801098 0.000000
v -135.689564 -136.894360 -2.000000
v -136.709642 -139.088011 0.000000
v -137.262907 -137.139988 -2.000000
v -138.401165 -139.231977 0.000000
v -138.851805 -137.245588 -2.000000
v -140.098829 -139.231977 0.000000
v -140.443821 -137.210369 -2.000000
v -141.790361 -139.088011 0.000000
v -142.026472 -137.034578 -2.000000
v -143.463593 -138.801098 0.000000
v -143.587418 -136.719589 -2.000000
v -145.106459 -138.373337 0.000000
v -145.114412 -136.267900 -2.000000
v -146.707125 -137.807789 0.000000
v -146.595507 -135.683002 -2.000000
v -148.254070 -137.108517 0.000000
v -148.019104 -134.969501 -2.000000
v -149.736147 -136.280575 0.000000
v -149.374084 -134.132967 -2.000000
v -151.142673 -135.329943 0.000000
v -150.649824 -133.179960 -2.000000
v -152.463503 -134.263439 0.000000
v -151.836348 -132.117939 -2.000000
v -153.689117 -133.088779 0.000000
v -152.924366 -130.955200 -2.000000
v -154.810715 -131.814404 0.000000
v -153.905363 -129.700851 -2.000000
v -155.820189 -130.449495 0.000000
v -154.771671 -128.364716 -2.000000
v -156.710281 -129.003906 0.000000
v -155.516481 -126.957235 -2.000000
v -157.474566 -127.488022 0.000000
v -156.134005 -125.489445 -2.000000
v -158.107548 -125.912800 0.000000
v -156.619368 -123.972826 -2.000000
v -158.604660 -124.289560 0.000000
v -156.968794 -122.419233 -2.000000
v -158.962307 -122.630024 0.000000
v -157.179565 -120.840845 -2.000000
v -154.179974 -120.697708 -2.000000
v -154.250002 -119.250002 -2.000000
v -153.970547 -122.131901 -2.000000
v -153.623686 -123.539181 -2.000000
v -153.142624 -124.906425 -2.000000
v -152.531843 -126.220846 -2.000000
v -151.797056 -127.470188 -2.000000
v -150.945110 -128.642778 -2.000000
v -149.983978 -129.727678 -2.000000
v -148.922634 -130.714741 -2.000000
v -147.770967 -131.594753 -2.000000
v -146.539745 -132.359524 -2.000000
v -145.240459 -133.001881 -2.000000
v -143.885250 -133.515854 -2.000000
v -142.486753 -133.896618 -2.000000
v -141.058044 -134.140644 -2.000000
v -139.612455 -134.245625 -2.000000
v -138.163481 -134.210606 -2.000000
v -136.724644 -134.035892 -2.000000
v -135.309391 -133.723125 -2.000000
v -133.930922 -133.275242 -2.000000
v -132.602129 -132.696409 -2.000000
v -131.335402 -131.992016 -2.000000
v -130.142565 -131.168671 -2.000000
v -129.034758 -130.234022 -2.000000
v -128.022337 -129.196835 -2.000000
v -127.114744 -128.066769 -2.000000
v -126.320457 -126.854401 -2.000000
v -125.646877 -125.571012 -2.000000
v -125.100327 -124.228611 -2.000000
v -124.685879 -122.839737 -2.000000
v -124.407406 -121.417332 -2.000000
v -124.267521 -119.974699 -2.000000
v -124.267521 -118.525295 -2.000000
v -124.407406 -117.082663 -2.000000
v -124.685879 -115.660267 -2.000000
v -125.100327 -114.271383 -2.000000
v -125.646877 -112.928982 -2.000000
v -126.320457 -111.645603 -2.000000
v -127.114744 -110.433216 -2.000000
v -128.022337 -109.303160 -2.000000
v -129.034758 -108.265972 -2.000000
v -130.142565 -107.331333 -2.000000
v -131.335402 -106.507978 -2.000000
v -132.602129 -105.803595 -2.000000
v -133.930922 -105.224752 -2.000000
v -135.309391 -104.776859 -2.000000
v -136.724644 -104.464111 -2.000000
v -138.163481 -104.289408 -2.000000
v -139.612455 -104.254379 -2.000000
v -141.058044 -104.359369 -2.000000
v -142.486753 -104.603386 -2.000000
v -143.885250 -104.984150 -2.000000
v -145.240459 -105.498114 -2.000000
v -146.539745 -106.140480 -2.000000
v -147.770967 -106.905241 -2.000000
v -148.922634 -107.785263 -2.000000
v -149.983978 -108.772335 -2.000000
v -150.945110 -109.857225 -2.000000
v -151.797056 -111.029816 -2.000000
v -152.531843 -112.279148 -2.000000
v -153.142624 -113.593578 -2.000000
v -153.623686 -114.960814 -2.000000
v -153.970547 -116.368103 -2.000000
v -154.179974 -117.802296 -2.000000
v -154.179974 -117.802296 0.000000
v -154.250002 -119.250002 0.000000
v -154.179974 -120.697708 0.000000
v -153.970547 -122.131901 0.000000
v -153.970547 -116.368103 0.000000
v -153.623686 -114.960814 0.000000
v -153.142624 -113.593578 0.000000
v -152.531843 -112.279148 0.000000
v -151.797056 -111.029816 0.000000
v -150.945110 -109.857225 0.000000
v -149.983978 -108.772335 0.000000
v -148.922634 -107.785263 0.000000
v -147.770967 -106.905241 0.000000
v -146.539745 -106.140480 0.000000
v -145.240459 -105.498114 0.000000
v -143.885250 -104.984150 0.000000
v -142.486753 -104.603386 0.000000
v -141.058044 -104.359369 0.000000
v -139.612455 -104.254379 0.000000
v -138.163481 -104.289408 0.000000
v -136.724644 -104.464111 0.000000
v -135.309391 -104.776859 0.000000
v -133.930922 -105.224752 0.000000
v -132.602129 -105.803595 0.000000
v -131.335402 -106.507978 0.000000
v -130.142565 -107.331333 0.000000
v -129.034758 -108.265972 0.000000
v -128.022337 -109.303160 0.000000
v -127.114744 -110.433216 0.000000
v -126.320457 -111.645603 0.000000
v -125.646877 -112.928982 0.000000
v -125.100327 -114.271383 0.000000
v -124.685879 -115.660267 0.000000
v -124.407406 -117.082663 0.000000
v -124.267521 -118.525295 0.000000
v -124.267521 -119.974699 0.000000
v -124.407406 -121.417332 0.000000
v -124.685879 -122.839737 0.000000
v -125.100327 -124.228611 0.000000
v -125.646877 -125.571012 0.000000
v -126.320457 -126.854401 0.000000
v -127.114744 -128.066769 0.000000
v -128.022337 -129.196835 0.000000
v -129.034758 -130.234022 0.000000
v -130.142565 -131.168671 0.000000
v -131.335402 -131.992016 0.000000
v -132.602129 -132.696409 0.000000
v -133.930922 -133.275242 0.000000
v -135.309391 -133.723125 0.000000
v -136.724644 -134.035892 0.000000
v -138.163481 -134.210606 0.000000
v -139.612455 -134.245625 0.000000
v -141.058044 -134.140644 0.000000
v -142.486753 -133.896618 0.000000
v -143.885250 -133.515854 0.000000
v -145.240459 -133.001881 0.000000
v -146.539745 -132.359524 0.000000
v -147.770967 -131.594753 0.000000
v -148.922634 -130.714741 0.000000
v -149.983978 -129.727678 0.000000
v -150.945110 -128.642778 0.000000
v -151.797056 -127.470188 0.000000
v -152.531843 -126.220846 0.000000
v -153.142624 -124.906425 0.000000
v -153.623686 -123.539181 0.000000
v -154.264345 -118.068342 0.694593
v -154.310780 -119.250002 0.694593
v -154.264345 -120.431652 0.694593
v -154.491224 -119.250002 1.368081
v -154.444246 -120.445814 1.368081
v -154.785900 -119.250002 2.000000
v -154.738007 -120.468931 2.000000
v -155.185823 -119.250002 2.571151
v -155.136700 -120.500317 2.571151
v -155.678844 -119.250002 3.064178
v -155.628204 -120.538998 3.064178
v -156.250000 -119.250002 3.464102
v -156.197605 -120.583801 3.464102
v -156.881914 -119.250002 3.758771
v -156.827564 -120.633383 3.758771
v -157.555408 -119.250002 3.939231
v -157.498980 -120.686226 3.939231
v -158.249998 -119.250002 4.000000
v -158.179674 -120.883331 4.000000
v -154.125347 -116.893978 0.694593
v -153.894634 -115.734129 0.694593
v -153.573637 -114.595966 0.694593
v -153.164339 -113.486500 0.694593
v -152.669249 -112.412548 0.694593
v -152.091417 -111.380768 0.694593
v -152.245283 -111.286478 1.368081
v -151.580410 -110.291424 1.368081
v -151.818800 -110.118227 2.000000
v -151.063585 -109.160242 2.000000
v -151.367693 -108.900509 2.571151
v -150.518322 -107.981672 2.571151
v -150.866947 -107.633047 3.064178
v -149.919682 -106.757412 3.064178
v -150.290623 -106.323099 3.464102
v -149.242353 -105.496712 3.464102
v -149.613781 -104.985485 3.758771
v -148.462648 -104.216318 3.758771
v -148.814545 -103.642073 3.939231
v -147.560482 -102.939768 3.939231
v -148.985062 -102.933483 4.000000
v -147.546368 -102.157011 4.000000
v -146.255169 -102.338009 3.939231
v -146.046267 -101.507092 4.000000
v -144.906673 -101.840525 3.939231
v -144.495850 -100.988531 4.000000
v -143.523312 -101.450367 3.939231
v -142.906590 -100.605183 4.000000
v -142.113600 -101.169958 3.939231
v -141.290255 -100.359859 4.000000
v -140.686216 -101.001024 3.939231
v -139.658813 -100.254402 4.000000
v -139.250002 -100.944595 3.939231
v -138.024340 -100.289574 4.000000
v -137.813778 -101.001024 3.939231
v -136.398945 -100.465126 4.000000
v -136.386395 -101.169958 3.939231
v -134.794664 -100.779753 4.000000
v -134.976683 -101.450367 3.939231
v -133.593321 -101.840525 3.939231
v -135.133915 -102.105255 3.758771
v -133.801441 -102.481050 3.758771
v -135.281429 -102.719707 3.464102
v -133.996706 -103.082037 3.464102
v -135.414762 -103.275080 3.064178
v -134.173203 -103.625240 3.064178
v -135.529861 -103.754482 2.571151
v -134.325562 -104.094133 2.571151
v -135.623217 -104.143353 2.000000
v -134.449139 -104.474478 2.000000
v -135.692005 -104.429884 1.368081
v -134.540205 -104.754734 1.368081
v -135.734129 -104.605360 0.694593
v -134.595966 -104.926357 0.694593
v -151.434422 -110.397501 0.694593
v -150.839520 -109.351616 1.368081
v -150.235538 -108.264456 2.000000
v -149.599485 -107.132311 2.571151
v -148.906631 -105.958776 3.064178
v -148.132477 -104.755116 3.464102
v -147.254734 -103.539848 3.758771
v -150.702305 -109.468813 0.694593
v -150.027180 -108.472824 1.368081
v -149.339752 -107.436409 2.000000
v -148.616838 -106.357651 2.571151
v -147.834044 -105.242100 3.064178
v -146.967831 -104.102888 3.464102
v -145.997438 -102.960224 3.758771
v -149.899569 -108.600426 0.694593
v -149.148388 -107.660475 1.368081
v -148.381777 -106.681194 2.000000
v -147.576447 -105.662479 2.571151
v -146.708546 -104.611788 3.064178
v -145.755615 -103.544044 3.464102
v -144.698563 -102.481050 3.758771
v -149.031191 -107.797699 0.694593
v -148.208570 -106.919584 1.368081
v -147.367477 -106.003475 2.000000
v -146.484709 -105.051079 2.571151
v -145.537052 -104.071722 3.064178
v -144.503298 -103.082037 3.464102
v -143.366089 -102.105255 3.758771
v -148.102493 -107.065582 0.694593
v -147.119236 -106.408587 0.694593
v -146.087446 -105.830755 0.694593
v -145.013504 -105.335665 0.694593
v -143.904037 -104.926357 0.694593
v -142.765865 -104.605360 0.694593
v -142.807999 -104.429884 1.368081
v -141.634245 -104.196415 1.368081
v -141.680346 -103.905373 2.000000
v -140.468931 -103.761997 2.000000
v -140.500307 -103.363304 2.571151
v -139.250002 -103.314180 2.571151
v -139.250002 -102.821150 3.064178
v -137.961016 -102.871799 3.064178
v -137.916203 -102.302408 3.464102
v -136.590605 -102.459297 3.464102
v -136.491756 -101.835155 3.758771
v -141.606016 -104.374657 0.694593
v -140.445814 -104.055758 1.368081
v -139.250002 -103.714104 2.000000
v -137.999697 -103.363304 2.571151
v -136.679964 -103.023415 3.064178
v -140.431652 -104.235659 0.694593
v -139.250002 -104.008770 1.368081
v -138.031063 -103.761997 2.000000
v -136.757097 -103.510380 2.571151
v -139.250002 -104.189234 0.694593
v -138.054180 -104.055758 1.368081
v -136.819658 -103.905373 2.000000
v -138.068342 -104.235659 0.694593
v -136.865749 -104.196415 1.368081
v -136.893978 -104.374657 0.694593
v -133.486500 -105.335665 0.694593
v -132.412548 -105.830755 0.694593
v -131.380768 -106.408587 0.694593
v -130.397511 -107.065582 0.694593
v -130.291424 -106.919584 1.368081
v -129.351606 -107.660475 1.368081
v -129.160252 -107.436409 2.000000
v -128.264465 -108.264456 2.000000
v -127.981672 -107.981672 2.571151
v -127.132311 -108.900509 2.571151
v -126.757412 -108.580313 3.064178
v -125.958776 -109.593363 3.064178
v -125.496712 -109.257650 3.464102
v -124.755116 -110.367527 3.464102
v -124.216318 -110.037346 3.758771
v -123.539848 -111.245279 3.758771
v -122.939768 -110.939522 3.939231
v -122.338009 -112.244825 3.939231
v -122.339478 -110.587778 4.000000
v -121.657429 -112.073545 4.000000
v -121.840525 -113.593311 3.939231
v -121.105633 -113.612461 4.000000
v -121.450367 -114.976683 3.939231
v -120.688171 -115.193100 4.000000
v -121.169958 -116.386404 3.939231
v -120.408134 -116.803789 4.000000
v -121.001024 -117.813778 3.939231
v -120.267591 -118.432579 4.000000
v -120.944595 -119.250002 3.939231
v -120.267591 -120.067425 4.000000
v -121.001024 -120.686226 3.939231
v -120.408134 -121.696215 4.000000
v -121.169958 -122.113590 3.939231
v -120.688171 -123.306904 4.000000
v -121.450367 -123.523312 3.939231
v -121.105633 -124.887543 4.000000
v -121.840525 -124.906683 3.939231
v -121.657429 -126.426449 4.000000
v -122.338009 -126.255169 3.939231
v -122.339478 -127.912226 4.000000
v -122.939768 -127.560482 3.939231
v -123.642073 -128.814545 3.939231
v -123.539848 -127.254725 3.758771
v -124.216318 -128.462648 3.758771
v -124.102888 -126.967840 3.464102
v -124.755116 -128.132477 3.464102
v -124.611788 -126.708546 3.064178
v -125.242100 -127.834053 3.064178
v -125.051079 -126.484709 2.571151
v -125.662479 -127.576447 2.571151
v -125.407410 -126.303158 2.000000
v -126.003475 -127.367487 2.000000
v -125.669966 -126.169376 1.368081
v -126.254711 -127.213526 1.368081
v -125.830755 -126.087446 0.694593
v -126.408587 -127.119236 0.694593
v -129.468813 -107.797699 0.694593
v -128.472824 -108.472824 1.368081
v -127.436409 -109.160242 2.000000
v -126.357651 -109.883156 2.571151
v -125.242100 -110.665951 3.064178
v -124.102888 -111.532154 3.464102
v -122.960224 -112.502556 3.758771
v -128.600435 -108.600426 0.694593
v -127.660475 -109.351616 1.368081
v -126.681194 -110.118227 2.000000
v -125.662479 -110.923557 2.571151
v -124.611788 -111.791458 3.064178
v -123.544044 -112.744389 3.464102
v -122.481050 -113.801441 3.758771
v -127.797699 -109.468813 0.694593
v -126.919584 -110.291424 1.368081
v -126.003475 -111.132517 2.000000
v -125.051079 -112.015285 2.571151
v -124.071722 -112.962952 3.064178
v -123.082037 -113.996716 3.464102
v -122.105255 -115.133915 3.758771
v -127.065582 -110.397501 0.694593
v -126.254711 -111.286478 1.368081
v -125.407410 -112.196846 2.000000
v -124.527225 -113.151627 2.571151
v -123.625240 -114.173203 3.064178
v -122.719707 -115.281429 3.464102
v -121.835155 -116.491756 3.758771
v -126.408587 -111.380768 0.694593
v -125.830755 -112.412548 0.694593
v -125.335665 -113.486500 0.694593
v -124.926357 -114.595966 0.694593
v -124.605360 -115.734129 0.694593
v -124.374657 -116.893978 0.694593
v -124.235659 -118.068342 0.694593
v -124.055758 -118.054180 1.368081
v -124.008770 -119.250002 1.368081
v -123.714104 -119.250002 2.000000
v -123.761997 -120.468931 2.000000
v -123.363304 -120.500317 2.571151
v -123.510380 -121.742916 2.571151
v -123.023415 -121.820040 3.064178
v -123.275080 -123.085232 3.064178
v -122.719707 -123.218575 3.464102
v -123.082037 -124.503288 3.464102
v -122.481050 -124.698563 3.758771
v -122.960224 -125.997448 3.758771
v -124.189234 -119.250002 0.694593
v -124.055758 -120.445814 1.368081
v -123.905373 -121.680355 2.000000
v -123.754482 -122.970142 2.571151
v -123.625240 -124.326801 3.064178
v -123.544044 -125.755615 3.464102
v -124.235659 -120.431652 0.694593
v -124.196415 -121.634254 1.368081
v -124.143353 -122.876787 2.000000
v -124.094133 -124.174442 2.571151
v -124.071722 -125.537052 3.064178
v -124.374657 -121.606026 0.694593
v -124.429884 -122.807989 1.368081
v -124.474478 -124.050856 2.000000
v -124.527225 -125.348377 2.571151
v -124.605360 -122.765865 0.694593
v -124.754734 -123.959799 1.368081
v -124.896698 -125.195332 2.000000
v -124.926357 -123.904028 0.694593
v -125.335665 -125.013504 0.694593
v -127.797699 -129.031191 0.694593
v -127.065582 -128.102493 0.694593
v -126.919584 -128.208570 1.368081
v -126.681194 -128.381777 2.000000
v -126.357651 -128.616838 2.571151
v -125.958776 -128.906631 3.064178
v -125.496712 -129.242353 3.464102
v -124.985485 -129.613781 3.758771
v -124.440613 -130.009642 3.939231
v -123.146725 -129.333878 4.000000
v -128.600435 -129.899569 0.694593
v -129.468813 -130.702305 0.694593
v -130.397511 -131.434422 0.694593
v -131.380768 -132.091417 0.694593
v -132.412548 -132.669249 0.694593
v -133.486500 -133.164339 0.694593
v -133.417435 -133.331051 1.368081
v -134.540205 -133.745270 1.368081
v -134.449139 -134.025517 2.000000
v -135.623217 -134.356642 2.000000
v -135.529861 -134.745512 2.571151
v -136.757097 -134.989624 2.571151
v -136.679964 -135.476580 3.064178
v -137.961016 -135.628204 3.064178
v -137.916203 -136.197605 3.464102
v -139.250002 -136.250000 3.464102
v -139.250002 -136.881914 3.758771
v -140.633373 -136.827564 3.758771
v -140.686216 -137.498980 3.939231
v -142.113600 -137.330036 3.939231
v -141.290255 -138.140135 4.000000
v -142.906590 -137.894821 4.000000
v -143.523312 -137.049618 3.939231
v -144.495850 -137.511463 4.000000
v -144.906673 -136.659470 3.939231
v -146.046267 -136.992903 4.000000
v -146.255169 -136.161985 3.939231
v -147.546368 -136.342983 4.000000
v -147.560482 -135.560246 3.939231
v -148.985062 -135.566511 4.000000
v -148.814545 -134.857922 3.939231
v -150.351667 -134.669237 4.000000
v -150.009642 -134.059391 3.939231
v -151.636076 -133.657808 4.000000
v -151.138411 -133.169537 3.939231
v -152.193880 -132.193880 3.939231
v -150.701017 -132.657413 3.758771
v -151.717653 -131.717653 3.758771
v -150.290623 -132.176895 3.464102
v -151.270809 -131.270809 3.464102
v -149.919682 -131.742601 3.064178
v -150.866947 -130.866947 3.064178
v -149.599485 -131.367693 2.571151
v -150.518322 -130.518322 2.571151
v -149.339752 -131.063585 2.000000
v -150.235538 -130.235538 2.000000
v -149.148388 -130.839520 1.368081
v -150.027180 -130.027180 1.368081
v -149.031191 -130.702305 0.694593
v -149.899569 -129.899569 0.694593
v -150.702305 -129.031191 0.694593
v -151.434422 -128.102493 0.694593
v -152.091417 -127.119236 0.694593
v -152.669249 -126.087446 0.694593
v -153.164339 -125.013504 0.694593
v -153.573637 -123.904028 0.694593
v -153.745270 -123.959799 1.368081
v -154.070110 -122.807989 1.368081
v -154.356642 -122.876787 2.000000
v -154.594622 -121.680355 2.000000
v -154.989624 -121.742916 2.571151
v -134.595966 -133.573637 0.694593
v -135.692005 -134.070110 1.368081
v -136.819658 -134.594622 2.000000
v -137.999697 -135.136700 2.571151
v -139.250002 -135.678844 3.064178
v -140.583801 -136.197605 3.464102
v -142.008238 -136.664839 3.758771
v -135.734129 -133.894634 0.694593
v -136.865749 -134.303589 1.368081
v -138.031063 -134.738007 2.000000
v -139.250002 -135.185823 2.571151
v -140.538988 -135.628204 3.064178
v -141.909389 -136.040697 3.464102
v -143.366089 -136.394749 3.758771
v -136.893978 -134.125347 0.694593
v -138.054180 -134.444246 1.368081
v -139.250002 -134.785900 2.000000
v -140.500307 -135.136700 2.571151
v -141.820040 -135.476580 3.064178
v -143.218565 -135.780287 3.464102
v -144.698563 -136.018953 3.758771
v -138.068342 -134.264345 0.694593
v -139.250002 -134.491224 1.368081
v -140.468931 -134.738007 2.000000
v -141.742907 -134.989624 2.571151
v -143.085232 -135.224915 3.064178
v -144.503298 -135.417957 3.464102
v -145.997438 -135.539761 3.758771
v -139.250002 -134.310780 0.694593
v -140.431652 -134.264345 0.694593
v -141.606016 -134.125347 0.694593
v -142.765865 -133.894634 0.694593
v -143.904037 -133.573637 0.694593
v -145.013504 -133.164339 0.694593
v -145.082569 -133.331051 1.368081
v -146.169376 -132.830029 1.368081
v -146.303148 -133.092594 2.000000
v -147.367477 -132.496538 2.000000
v -147.576447 -132.837524 2.571151
v -148.616838 -132.142353 2.571151
v -148.906631 -132.541218 3.064178
v -146.087446 -132.669249 0.694593
v -147.213516 -132.245283 1.368081
v -148.381777 -131.818800 2.000000
v -147.119236 -132.091417 0.694593
v -148.208570 -131.580410 1.368081
v -148.102493 -131.434422 0.694593
v -153.894634 -122.765865 0.694593
v -154.303589 -121.634254 1.368081
v -154.125347 -121.606026 0.694593
v -157.330036 -122.113590 3.939231
v -157.969179 -122.504568 4.000000
v -157.049618 -123.523312 3.939231
v -157.620106 -124.101715 4.000000
v -156.659470 -124.906683 3.939231
v -157.135029 -125.662937 4.000000
v -156.161985 -126.255169 3.939231
v -156.517534 -127.176685 4.000000
v -155.560246 -127.560482 3.939231
v -155.772200 -128.631725 4.000000
v -154.857922 -128.814545 3.939231
v -154.904537 -130.017338 4.000000
v -154.059391 -130.009642 3.939231
v -153.920975 -131.323214 4.000000
v -153.169537 -131.138411 3.939231
v -152.828798 -132.539701 4.000000
v -139.658813 -138.245602 4.000000
v -139.250002 -137.555408 3.939231
v -137.866621 -136.827564 3.758771
v -136.590605 -136.040697 3.464102
v -135.414762 -135.224915 3.064178
v -134.325562 -134.405870 2.571151
v -133.304672 -133.603306 2.000000
v -132.330627 -132.830029 1.368081
v -138.024340 -138.210421 4.000000
v -137.813778 -137.498980 3.939231
v -136.491756 -136.664839 3.758771
v -135.281429 -135.780287 3.464102
v -134.173203 -134.874773 3.064178
v -133.151627 -133.972778 2.571151
v -132.196856 -133.092594 2.000000
v -131.286488 -132.245283 1.368081
v -136.398945 -138.034878 4.000000
v -136.386395 -137.330036 3.939231
v -135.133915 -136.394749 3.758771
v -133.996706 -135.417957 3.464102
v -132.962952 -134.428282 3.064178
v -132.015285 -133.448925 2.571151
v -131.132526 -132.496538 2.000000
v -130.291424 -131.580410 1.368081
v -134.794664 -137.720242 4.000000
v -134.976683 -137.049618 3.939231
v -133.801441 -136.018953 3.758771
v -132.744389 -134.955950 3.464102
v -131.791458 -133.888216 3.064178
v -130.923557 -132.837524 2.571151
v -130.118227 -131.818800 2.000000
v -129.351606 -130.839520 1.368081
v -133.593321 -136.659470 3.939231
v -133.223362 -137.268877 4.000000
v -132.244825 -136.161985 3.939231
v -131.696682 -136.684084 4.000000
v -130.939512 -135.560246 3.939231
v -130.225935 -135.970230 4.000000
v -129.685459 -134.857922 3.939231
v -128.821993 -135.132580 4.000000
v -128.490353 -134.059391 3.939231
v -127.495251 -134.177351 4.000000
v -127.361584 -133.169537 3.939231
v -126.255531 -133.111591 4.000000
v -126.306124 -132.193880 3.939231
v -125.112019 -131.943207 4.000000
v -125.330458 -131.138411 3.939231
v -124.073191 -130.680866 4.000000
v -123.642073 -109.685450 3.939231
v -123.146725 -109.166126 4.000000
v -124.440613 -108.490353 3.939231
v -124.073191 -107.819147 4.000000
v -125.330458 -107.361584 3.939231
v -125.112019 -106.556787 4.000000
v -126.306124 -106.306124 3.939231
v -126.255531 -105.388403 4.000000
v -127.361584 -105.330458 3.939231
v -127.495251 -104.322653 4.000000
v -128.490353 -104.440613 3.939231
v -128.821993 -103.367414 4.000000
v -129.685459 -103.642073 3.939231
v -130.225935 -102.529774 4.000000
v -130.939512 -102.939768 3.939231
v -131.696682 -101.815910 4.000000
v -132.244825 -102.338009 3.939231
v -133.223362 -101.231136 4.000000
v -150.351667 -103.830757 4.000000
v -150.009642 -104.440613 3.939231
v -150.701017 -105.842581 3.758771
v -151.270809 -107.229185 3.464102
v -151.742601 -108.580313 3.064178
v -152.142353 -109.883156 2.571151
v -152.496538 -111.132517 2.000000
v -152.830029 -112.330627 1.368081
v -151.636076 -104.842186 4.000000
v -151.138411 -105.330458 3.939231
v -151.717653 -106.782351 3.758771
v -152.176895 -108.209381 3.464102
v -152.541218 -109.593363 3.064178
v -152.837524 -110.923557 2.571151
v -153.092594 -112.196846 2.000000
v -153.331051 -113.417435 1.368081
v -152.193880 -106.306124 3.939231
v -152.828798 -105.960293 4.000000
v -153.169537 -107.361584 3.939231
v -153.920975 -107.176790 4.000000
v -154.059391 -108.490353 3.939231
v -154.904537 -108.482666 4.000000
v -154.857922 -109.685450 3.939231
v -155.772200 -109.868259 4.000000
v -155.560246 -110.939522 3.939231
v -156.517534 -111.323318 4.000000
v -156.161985 -112.244825 3.939231
v -157.135029 -112.837067 4.000000
v -156.659470 -113.593311 3.939231
v -157.620106 -114.398289 4.000000
v -157.049618 -114.976683 3.939231
v -157.969179 -115.995426 4.000000
v -157.330036 -116.386404 3.939231
v -158.179674 -117.616673 4.000000
v -157.498980 -117.813778 3.939231
v -123.314180 -119.250002 2.571151
v -123.761997 -118.031063 2.000000
v -123.363304 -117.999687 2.571151
v -123.905373 -116.819649 2.000000
v -123.510380 -116.757088 2.571151
v -124.143353 -115.623217 2.000000
v -123.754482 -115.529852 2.571151
v -124.474478 -114.449139 2.000000
v -124.094133 -114.325562 2.571151
v -124.896698 -113.304672 2.000000
v -122.821150 -119.250002 3.064178
v -122.871799 -117.961006 3.064178
v -123.023415 -116.679964 3.064178
v -123.275080 -115.414762 3.064178
v -122.871799 -120.538998 3.064178
v -122.302408 -120.583801 3.464102
v -122.250004 -119.250002 3.464102
v -121.672430 -120.633383 3.758771
v -121.618080 -119.250002 3.758771
v -122.302408 -117.916203 3.464102
v -122.459297 -116.590614 3.464102
v -121.672430 -117.866611 3.758771
v -154.444246 -118.054180 1.368081
v -154.303589 -116.865749 1.368081
v -154.070110 -115.692005 1.368081
v -153.745270 -114.540195 1.368081
v -154.738007 -118.031063 2.000000
v -154.594622 -116.819649 2.000000
v -154.356642 -115.623217 2.000000
v -154.025517 -114.449139 2.000000
v -153.603306 -113.304672 2.000000
v -155.136700 -117.999687 2.571151
v -154.989624 -116.757088 2.571151
v -154.745512 -115.529852 2.571151
v -154.405870 -114.325562 2.571151
v -153.972778 -113.151627 2.571151
v -153.448925 -112.015285 2.571151
v -155.628204 -117.961006 3.064178
v -155.476580 -116.679964 3.064178
v -155.224915 -115.414762 3.064178
v -154.874773 -114.173203 3.064178
v -154.428282 -112.962952 3.064178
v -153.888216 -111.791458 3.064178
v -153.257904 -110.665951 3.064178
v -156.197605 -117.916203 3.464102
v -156.040697 -116.590614 3.464102
v -155.780287 -115.281429 3.464102
v -155.417957 -113.996716 3.464102
v -154.955950 -112.744389 3.464102
v -154.397106 -111.532154 3.464102
v -153.744888 -110.367527 3.464102
v -153.003292 -109.257650 3.464102
v -156.827564 -117.866611 3.758771
v -156.664839 -116.491756 3.758771
v -156.394749 -115.133915 3.758771
v -156.018953 -113.801441 3.758771
v -155.539761 -112.502556 3.758771
v -154.960155 -111.245279 3.758771
v -154.283676 -110.037346 3.758771
v -153.514528 -108.886213 3.758771
v -152.657413 -107.798977 3.758771
v -147.213516 -106.254711 1.368081
v -146.303148 -105.407410 2.000000
v -145.348377 -104.527225 2.571151
v -144.326801 -103.625240 3.064178
v -143.218565 -102.719707 3.464102
v -142.008238 -101.835155 3.758771
v -146.169376 -105.669966 1.368081
v -145.195332 -104.896698 2.000000
v -144.174442 -104.094133 2.571151
v -143.085232 -103.275080 3.064178
v -141.909389 -102.459297 3.464102
v -140.633373 -101.672430 3.758771
v -145.082569 -105.168934 1.368081
v -144.050856 -104.474478 2.000000
v -142.970142 -103.754482 2.571151
v -141.820040 -103.023415 3.064178
v -140.583801 -102.302408 3.464102
v -139.250002 -101.618080 3.758771
v -143.959789 -104.754734 1.368081
v -142.876787 -104.143353 2.000000
v -141.742907 -103.510380 2.571151
v -140.538988 -102.871799 3.064178
v -139.250002 -102.250004 3.464102
v -137.866621 -101.672430 3.758771
v -133.417435 -105.168934 1.368081
v -132.330627 -105.669966 1.368081
v -131.286488 -106.254711 1.368081
v -133.304672 -104.896698 2.000000
v -132.196856 -105.407410 2.000000
v -131.132526 -106.003475 2.000000
v -130.118227 -106.681194 2.000000
v -133.151627 -104.527225 2.571151
v -132.015285 -105.051079 2.571151
v -130.923557 -105.662479 2.571151
v -129.883165 -106.357651 2.571151
v -128.900509 -107.132311 2.571151
v -132.962952 -104.071722 3.064178
v -131.791458 -104.611788 3.064178
v -130.665951 -105.242100 3.064178
v -129.593372 -105.958776 3.064178
v -128.580322 -106.757412 3.064178
v -127.633047 -107.633047 3.064178
v -132.744389 -103.544044 3.464102
v -131.532164 -104.102888 3.464102
v -130.367527 -104.755116 3.464102
v -129.257641 -105.496712 3.464102
v -128.209381 -106.323099 3.464102
v -127.229185 -107.229185 3.464102
v -126.323099 -108.209381 3.464102
v -132.502565 -102.960224 3.758771
v -131.245270 -103.539848 3.758771
v -130.037355 -104.216318 3.758771
v -128.886213 -104.985485 3.758771
v -127.798977 -105.842581 3.758771
v -126.782351 -106.782351 3.758771
v -125.842581 -107.798977 3.758771
v -124.985485 -108.886213 3.758771
v -125.669966 -112.330627 1.368081
v -125.168934 -113.417435 1.368081
v -124.754734 -114.540195 1.368081
v -124.429884 -115.692005 1.368081
v -124.196415 -116.865749 1.368081
v -122.459297 -121.909389 3.464102
v -121.835155 -122.008238 3.758771
v -122.105255 -123.366089 3.758771
v -125.168934 -125.082569 1.368081
v -127.660475 -129.148388 1.368081
v -128.472824 -130.027180 1.368081
v -127.436409 -129.339752 2.000000
v -128.264465 -130.235538 2.000000
v -129.160252 -131.063585 2.000000
v -127.132311 -129.599485 2.571151
v -127.981672 -130.518322 2.571151
v -128.900509 -131.367693 2.571151
v -129.883165 -132.142353 2.571151
v -126.757412 -129.919682 3.064178
v -127.633047 -130.866947 3.064178
v -128.580322 -131.742601 3.064178
v -129.593372 -132.541218 3.064178
v -130.665951 -133.257904 3.064178
v -126.323099 -130.290623 3.464102
v -127.229185 -131.270809 3.464102
v -128.209381 -132.176895 3.464102
v -129.257641 -133.003292 3.464102
v -130.367527 -133.744888 3.464102
v -131.532164 -134.397106 3.464102
v -125.842581 -130.701017 3.758771
v -126.782351 -131.717653 3.758771
v -127.798977 -132.657413 3.758771
v -128.886213 -133.514528 3.758771
v -130.037355 -134.283676 3.758771
v -131.245270 -134.960155 3.758771
v -132.502565 -135.539761 3.758771
v -140.445814 -134.444246 1.368081
v -141.680346 -134.594622 2.000000
v -142.970142 -134.745512 2.571151
v -144.326801 -134.874773 3.064178
v -145.755615 -134.955950 3.464102
v -147.254734 -134.960155 3.758771
v -141.634245 -134.303589 1.368081
v -142.876787 -134.356642 2.000000
v -144.174442 -134.405870 2.571151
v -145.537052 -134.428282 3.064178
v -146.967831 -134.397106 3.464102
v -148.462648 -134.283676 3.758771
v -142.807999 -134.070110 1.368081
v -144.050856 -134.025517 2.000000
v -145.348377 -133.972778 2.571151
v -146.708546 -133.888216 3.064178
v -148.132477 -133.744888 3.464102
v -149.613781 -133.514528 3.758771
v -143.959789 -133.745270 1.368081
v -145.195332 -133.603306 2.000000
v -146.484709 -133.448925 2.571151
v -147.834044 -133.257904 3.064178
v -149.242353 -133.003292 3.464102
v -150.839520 -129.148388 1.368081
v -151.580410 -128.208570 1.368081
v -152.245283 -127.213526 1.368081
v -152.830029 -126.169376 1.368081
v -153.331051 -125.082569 1.368081
v -151.063585 -129.339752 2.000000
v -151.818800 -128.381777 2.000000
v -152.496538 -127.367487 2.000000
v -153.092594 -126.303158 2.000000
v -153.603306 -125.195332 2.000000
v -154.025517 -124.050856 2.000000
v -151.367693 -129.599485 2.571151
v -152.142353 -128.616838 2.571151
v -152.837524 -127.576447 2.571151
v -153.448925 -126.484709 2.571151
v -153.972778 -125.348377 2.571151
v -154.405870 -124.174442 2.571151
v -154.745512 -122.970142 2.571151
v -151.742601 -129.919682 3.064178
v -152.541218 -128.906631 3.064178
v -153.257904 -127.834053 3.064178
v -153.888216 -126.708546 3.064178
v -154.428282 -125.537052 3.064178
v -154.874773 -124.326801 3.064178
v -155.224915 -123.085232 3.064178
v -155.476580 -121.820040 3.064178
v -152.176895 -130.290623 3.464102
v -153.003292 -129.242353 3.464102
v -153.744888 -128.132477 3.464102
v -154.397106 -126.967840 3.464102
v -154.955950 -125.755615 3.464102
v -155.417957 -124.503288 3.464102
v -155.780287 -123.218575 3.464102
v -156.040697 -121.909389 3.464102
v -152.657413 -130.701017 3.758771
v -153.514528 -129.613781 3.758771
v -154.283676 -128.462648 3.758771
v -154.960155 -127.254725 3.758771
v -155.539761 -125.997448 3.758771
v -156.018953 -124.698563 3.758771
v -156.394749 -123.366089 3.758771
v -156.664839 -122.008238 3.758771
v -180.369644 -69.313135 4.000000
v -181.784401 -73.181562 4.000000
v -179.249992 -69.250250 4.000000
v -181.411285 -73.626227 4.000000
v -181.150780 -74.144950 4.000000
v -181.475201 -69.500976 4.000000
v -182.250004 -72.834940 4.000000
v -182.552795 -69.811416 4.000000
v -182.782993 -72.605028 4.000000
v -183.588829 -70.240564 4.000000
v -183.354645 -72.504225 4.000000
v -184.570332 -70.783014 4.000000
v -183.934135 -72.537980 4.000000
v -184.490204 -72.704458 4.000000
v -185.484886 -71.431937 4.000000
v -184.992886 -72.994690 4.000000
v -186.321068 -72.179184 4.000000
v -185.415115 -73.393030 4.000000
v -187.068310 -73.015351 4.000000
v -185.734081 -73.877997 4.000000
v -185.932617 -74.423461 4.000000
v -187.717247 -73.929930 4.000000
v -186.000004 -75.000000 4.000000
v -188.259697 -74.911413 4.000000
v -185.932617 -75.576539 4.000000
v -188.688831 -75.947466 4.000000
v -185.734081 -76.122003 4.000000
v -188.999290 -77.025042 4.000000
v -185.415115 -76.606970 4.000000
v -189.187126 -78.130608 4.000000
v -184.992886 -77.005310 4.000000
v -189.249992 -79.250250 4.000000
v -184.490204 -77.295542 4.000000
v -183.934135 -77.462020 4.000000
v -189.249992 -91.882133 4.000000
v -183.354645 -77.495775 4.000000
v -182.782993 -77.394972 4.000000
v -182.250004 -77.165060 4.000000
v -181.784401 -76.818438 4.000000
v -190.557365 -94.419460 4.000000
v -191.736050 -97.019062 4.000000
v -192.783127 -99.674397 4.000000
v -193.695965 -102.378826 4.000000
v -194.472275 -105.125551 4.000000
v -195.110111 -107.907705 4.000000
v -195.607872 -110.718298 4.000000
v -195.964317 -113.550282 4.000000
v -196.178532 -116.396570 4.000000
v -196.250000 -119.250002 4.000000
v -196.178532 -122.103434 4.000000
v -195.964317 -124.949713 4.000000
v -195.607872 -127.781696 4.000000
v -195.110111 -130.592299 4.000000
v -194.472275 -133.374453 4.000000
v -193.695965 -136.121187 4.000000
v -192.783127 -138.825607 4.000000
v -191.736050 -141.480942 4.000000
v -190.557365 -144.080534 4.000000
v -189.249992 -146.617861 4.000000
v -181.784401 -161.681557 4.000000
v -181.411285 -162.126217 4.000000
v -166.618328 -169.249744 4.000000
v -181.150780 -162.644939 4.000000
v -181.016903 -163.209763 4.000000
v -189.249992 -159.249744 4.000000
v -183.934135 -161.037979 4.000000
v -183.354645 -161.004219 4.000000
v -182.782993 -161.105022 4.000000
v -189.187126 -160.369396 4.000000
v -184.992886 -161.494694 4.000000
v -184.490204 -161.204453 4.000000
v -185.415115 -161.893044 4.000000
v -188.999290 -161.474953 4.000000
v -185.734081 -162.378006 4.000000
v -188.688831 -162.552528 4.000000
v -185.932617 -162.923470 4.000000
v -188.259697 -163.588600 4.000000
v -186.000004 -163.500004 4.000000
v -187.717247 -164.570065 4.000000
v -185.932617 -164.076538 4.000000
v -187.068310 -165.484657 4.000000
v -185.734081 -164.622002 4.000000
v -185.415115 -165.106964 4.000000
v -186.321068 -166.320820 4.000000
v -184.992886 -165.505314 4.000000
v -184.490204 -165.795555 4.000000
v -183.934135 -165.962029 4.000000
v -183.354645 -165.995770 4.000000
v -185.484886 -167.068062 4.000000
v -184.570332 -167.716999 4.000000
v -183.588829 -168.259430 4.000000
v -182.552795 -168.688583 4.000000
v -181.475201 -168.999023 4.000000
v -180.369644 -169.186878 4.000000
v -179.249992 -169.249744 4.000000
v -164.080963 -170.557137 4.000000
v -161.481342 -171.735878 4.000000
v -158.825960 -172.783012 4.000000
v -156.121473 -173.695869 4.000000
v -153.374691 -174.472218 4.000000
v -150.592499 -175.110073 4.000000
v -147.781858 -175.607853 4.000000
v -144.949818 -175.964298 4.000000
v -142.103481 -176.178532 4.000000
v -139.250002 -176.250000 4.000000
v -136.396513 -176.178532 4.000000
v -133.550186 -175.964298 4.000000
v -130.718136 -175.607853 4.000000
v -127.907505 -175.110073 4.000000
v -125.125294 -174.472218 4.000000
v -122.378521 -173.695869 4.000000
v -119.674053 -172.783012 4.000000
v -117.018671 -171.735878 4.000000
v -114.419041 -170.557137 4.000000
v -111.881676 -169.249744 4.000000
v -97.005301 -162.007103 4.000000
v -96.606960 -161.584892 4.000000
v -99.250002 -169.249744 4.000000
v -97.495766 -163.645363 4.000000
v -97.462015 -163.065891 4.000000
v -97.295542 -162.509804 4.000000
v -98.130360 -169.186878 4.000000
v -96.818438 -165.215607 4.000000
v -97.165060 -164.750004 4.000000
v -97.394972 -164.217014 4.000000
v -96.373768 -165.588722 4.000000
v -97.024784 -168.999023 4.000000
v -95.947208 -168.688583 4.000000
v -94.911165 -168.259430 4.000000
v -95.290232 -165.983086 4.000000
v -95.855045 -165.849228 4.000000
v -94.709768 -165.983086 4.000000
v -93.929682 -167.716999 4.000000
v -94.144955 -165.849228 4.000000
v -93.015099 -167.068062 4.000000
v -93.626232 -165.588722 4.000000
v -92.178936 -166.320820 4.000000
v -93.181562 -165.215607 4.000000
v -92.834940 -164.750004 4.000000
v -91.431684 -165.484657 4.000000
v -92.605028 -164.217014 4.000000
v -90.782757 -164.570065 4.000000
v -92.504234 -163.645363 4.000000
v -90.240307 -163.588600 4.000000
v -92.537985 -163.065891 4.000000
v -89.811163 -162.552528 4.000000
v -92.704458 -162.509804 4.000000
v -89.500713 -161.474953 4.000000
v -92.994699 -162.007103 4.000000
v -89.312878 -160.369396 4.000000
v -93.393040 -161.584892 4.000000
v -89.250002 -159.249744 4.000000
v -93.878002 -161.265907 4.000000
v -94.423466 -161.067390 4.000000
v -95.000000 -161.000004 4.000000
v -89.250002 -146.617861 4.000000
v -95.576534 -161.067390 4.000000
v -96.121998 -161.265907 4.000000
v -87.942648 -144.080534 4.000000
v -86.763954 -141.480942 4.000000
v -85.716877 -138.825607 4.000000
v -84.804029 -136.121187 4.000000
v -84.027729 -133.374453 4.000000
v -83.389883 -130.592299 4.000000
v -82.892132 -127.781696 4.000000
v -82.535686 -124.949713 4.000000
v -82.321463 -122.103434 4.000000
v -82.250004 -119.250002 4.000000
v -82.321463 -116.396570 4.000000
v -82.535686 -113.550282 4.000000
v -82.892132 -110.718298 4.000000
v -83.389883 -107.907705 4.000000
v -84.027729 -105.125551 4.000000
v -84.804029 -102.378826 4.000000
v -85.716877 -99.674397 4.000000
v -86.763954 -97.019062 4.000000
v -87.942648 -94.419460 4.000000
v -89.250002 -91.882133 4.000000
v -96.492901 -77.005310 4.000000
v -96.915112 -76.606970 4.000000
v -89.250002 -79.250250 4.000000
v -94.854641 -77.495775 4.000000
v -95.434122 -77.462020 4.000000
v -95.990200 -77.295542 4.000000
v -89.312878 -78.130608 4.000000
v -93.284397 -76.818438 4.000000
v -93.750000 -77.165060 4.000000
v -94.282990 -77.394972 4.000000
v -92.911282 -76.373773 4.000000
v -89.500713 -77.025042 4.000000
v -89.811163 -75.947466 4.000000
v -90.240307 -74.911413 4.000000
v -92.516909 -75.290232 4.000000
v -92.650776 -75.855050 4.000000
v -92.516909 -74.709768 4.000000
v -90.782757 -73.929930 4.000000
v -92.650776 -74.144950 4.000000
v -91.431684 -73.015351 4.000000
v -92.911282 -73.626227 4.000000
v -92.178936 -72.179184 4.000000
v -93.284397 -73.181562 4.000000
v -93.750000 -72.834940 4.000000
v -93.015099 -71.431937 4.000000
v -94.282990 -72.605028 4.000000
v -93.929682 -70.783014 4.000000
v -94.854641 -72.504225 4.000000
v -94.911165 -70.240564 4.000000
v -95.434122 -72.537980 4.000000
v -95.947208 -69.811416 4.000000
v -95.990200 -72.704458 4.000000
v -97.024784 -69.500976 4.000000
v -96.492901 -72.994690 4.000000
v -98.130360 -69.313135 4.000000
v -96.915112 -73.393030 4.000000
v -99.250002 -69.250250 4.000000
v -97.234087 -73.877997 4.000000
v -97.432613 -74.423461 4.000000
v -97.500000 -75.000000 4.000000
v -111.881676 -69.250250 4.000000
v -97.432613 -75.576539 4.000000
v -97.234087 -76.122003 4.000000
v -114.419041 -67.942858 4.000000
v -117.018671 -66.764116 4.000000
v -119.674053 -65.717001 4.000000
v -122.378521 -64.804125 4.000000
v -125.125294 -64.027786 4.000000
v -127.907505 -63.389926 4.000000
v -130.718136 -62.892146 4.000000
v -133.550186 -62.535696 4.000000
v -136.396513 -62.321467 4.000000
v -139.250002 -62.249999 4.000000
v -142.103481 -62.321467 4.000000
v -144.949818 -62.535696 4.000000
v -147.781858 -62.892146 4.000000
v -150.592499 -63.389926 4.000000
v -153.374691 -64.027786 4.000000
v -156.121473 -64.804125 4.000000
v -158.825960 -65.717001 4.000000
v -161.481342 -66.764116 4.000000
v -164.080963 -67.942858 4.000000
v -166.618328 -69.250250 4.000000
v -181.016903 -74.709768 4.000000
v -181.016903 -75.290232 4.000000
v -181.150780 -75.855050 4.000000
v -181.411285 -76.373773 4.000000
v -182.250004 -161.334934 4.000000
v -181.016903 -163.790245 4.000000
v -181.150780 -164.355049 4.000000
v -181.411285 -164.873772 4.000000
v -181.784401 -165.318432 4.000000
v -182.250004 -165.665073 4.000000
v -182.782993 -165.894966 4.000000
v -194.178257 -116.441669 -6.000000
v -194.178257 -116.441669 0.000000
v -194.249992 -119.250002 -6.000000
v -194.249992 -119.250002 0.000000
v -194.178257 -122.058334 -6.000000
v -194.178257 -122.058334 0.000000
v -193.963203 -124.859333 -6.000000
v -193.963203 -124.859333 0.000000
v -193.605423 -127.645712 -6.000000
v -193.605423 -127.645712 0.000000
v -193.105831 -130.410175 -6.000000
v -193.105831 -130.410175 0.000000
v -192.465725 -133.145542 -6.000000
v -192.465725 -133.145542 0.000000
v -191.686802 -135.844631 -6.000000
v -191.686802 -135.844631 0.000000
v -190.771065 -138.500443 -6.000000
v -190.771065 -138.500443 0.000000
v -189.720917 -141.106014 -6.000000
v -189.720917 -141.106014 0.000000
v -188.539104 -143.654585 -6.000000
v -188.539104 -143.654585 0.000000
v -187.228699 -146.139479 -6.000000
v -187.228699 -146.139479 0.000000
v -185.793114 -148.554230 -6.000000
v -185.793114 -148.554230 0.000000
v -184.236107 -150.892534 -6.000000
v -184.236107 -150.892534 0.000000
v -182.561760 -153.148270 -6.000000
v -182.561760 -153.148270 0.000000
v -180.774384 -155.315571 -6.000000
v -180.774384 -155.315571 0.000000
v -178.878689 -157.388792 -6.000000
v -178.878689 -157.388792 0.000000
v -176.879616 -159.362507 -6.000000
v -176.879616 -159.362507 0.000000
v -174.782352 -161.231575 -6.000000
v -174.782352 -161.231575 0.000000
v -172.592392 -162.991104 -6.000000
v -172.592392 -162.991104 0.000000
v -170.315456 -164.636536 -6.000000
v -170.315456 -164.636536 0.000000
v -167.957478 -166.163540 -6.000000
v -167.957478 -166.163540 0.000000
v -165.524597 -167.568169 -6.000000
v -165.524597 -167.568169 0.000000
v -163.023167 -168.846741 -6.000000
v -163.023167 -168.846741 0.000000
v -160.459709 -169.995918 -6.000000
v -160.459709 -169.995918 0.000000
v -157.840929 -171.012688 -6.000000
v -157.840929 -171.012688 0.000000
v -155.173645 -171.894436 -6.000000
v -155.173645 -171.894436 0.000000
v -152.464809 -172.638836 -6.000000
v -152.464809 -172.638836 0.000000
v -149.721508 -173.243961 -6.000000
v -149.721508 -173.243961 0.000000
v -146.950884 -173.708210 -6.000000
v -146.950884 -173.708210 0.000000
v -144.160175 -174.030380 -6.000000
v -144.160175 -174.030380 0.000000
v -141.356640 -174.209633 -6.000000
v -141.356640 -174.209633 0.000000
v -138.547640 -174.245510 -6.000000
v -138.547640 -174.245510 0.000000
v -135.740452 -174.137917 -6.000000
v -135.740452 -174.137917 0.000000
v -132.942410 -173.887119 -6.000000
v -132.942410 -173.887119 0.000000
v -130.160847 -173.493767 -6.000000
v -130.160847 -173.493767 0.000000
v -127.402973 -172.958927 -6.000000
v -127.402973 -172.958927 0.000000
v -124.676018 -172.283936 -6.000000
v -124.676018 -172.283936 0.000000
v -121.987085 -171.470604 -6.000000
v -121.987085 -171.470604 0.000000
v -119.343185 -170.521030 -6.000000
v -119.343185 -170.521030 0.000000
v -116.751232 -169.437695 -6.000000
v -116.751232 -169.437695 0.000000
v -114.217958 -168.223438 -6.000000
v -114.217958 -168.223438 0.000000
v -111.750002 -166.881390 -6.000000
v -111.750002 -166.881390 0.000000
v -109.353781 -165.415096 -6.000000
v -109.353781 -165.415096 0.000000
v -107.035570 -163.828354 -6.000000
v -107.035570 -163.828354 0.000000
v -104.801388 -162.125320 -6.000000
v -104.801388 -162.125320 0.000000
v -102.657089 -160.310421 -6.000000
v -102.657089 -160.310421 0.000000
v -100.608253 -158.388414 -6.000000
v -100.608253 -158.388414 0.000000
v -98.660221 -156.364288 -6.000000
v -98.660221 -156.364288 0.000000
v -96.818094 -154.243336 -6.000000
v -96.818094 -154.243336 0.000000
v -95.086660 -152.031078 -6.000000
v -95.086660 -152.031078 0.000000
v -93.470449 -149.733324 -6.000000
v -93.470449 -149.733324 0.000000
v -91.973667 -147.356033 -6.000000
v -91.973667 -147.356033 0.000000
v -90.600224 -144.905415 -6.000000
v -90.600224 -144.905415 0.000000
v -89.353714 -142.387848 -6.000000
v -89.353714 -142.387848 0.000000
v -88.237362 -139.809933 -6.000000
v -88.237362 -139.809933 0.000000
v -87.254105 -137.178392 -6.000000
v -87.254105 -137.178392 0.000000
v -86.406498 -134.500065 -6.000000
v -86.406498 -134.500065 0.000000
v -85.696754 -131.781940 -6.000000
v -85.696754 -131.781940 0.000000
v -85.126715 -129.031124 -6.000000
v -85.126715 -129.031124 0.000000
v -84.697895 -126.254807 -6.000000
v -84.697895 -126.254807 0.000000
v -84.411383 -123.460217 -6.000000
v -84.411383 -123.460217 0.000000
v -84.267941 -120.654621 -6.000000
v -84.267941 -120.654621 0.000000
v -84.267941 -117.845373 -6.000000
v -84.267941 -117.845373 0.000000
v -84.411383 -115.039787 -6.000000
v -84.411383 -115.039787 0.000000
v -84.697895 -112.245197 -6.000000
v -84.697895 -112.245197 0.000000
v -85.126715 -109.468861 -6.000000
v -85.126715 -109.468861 0.000000
v -85.696754 -106.718054 -6.000000
v -85.696754 -106.718054 0.000000
v -86.406498 -103.999949 -6.000000
v -86.406498 -103.999949 0.000000
v -87.254105 -101.321621 -6.000000
v -87.254105 -101.321621 0.000000
v -88.237362 -98.690062 -6.000000
v -88.237362 -98.690062 0.000000
v -89.353714 -96.112146 -6.000000
v -89.353714 -96.112146 0.000000
v -90.600224 -93.594589 -6.000000
v -90.600224 -93.594589 0.000000
v -91.973667 -91.143970 -6.000000
v -91.973667 -91.143970 0.000000
v -93.470449 -88.766680 -6.000000
v -93.470449 -88.766680 0.000000
v -95.086660 -86.468906 -6.000000
v -95.086660 -86.468906 0.000000
v -96.818094 -84.256668 -6.000000
v -96.818094 -84.256668 0.000000
v -98.660221 -82.135715 -6.000000
v -98.660221 -82.135715 0.000000
v -100.608253 -80.111589 -6.000000
v -100.608253 -80.111589 0.000000
v -102.657089 -78.189573 -6.000000
v -102.657089 -78.189573 0.000000
v -104.801388 -76.374679 -6.000000
v -104.801388 -76.374679 0.000000
v -107.035570 -74.671640 -6.000000
v -107.035570 -74.671640 0.000000
v -109.353781 -73.084898 -6.000000
v -109.353781 -73.084898 0.000000
v -111.750002 -71.618605 -6.000000
v -111.750002 -71.618605 0.000000
v -114.217958 -70.276566 -6.000000
v -114.217958 -70.276566 0.000000
v -116.751232 -69.062300 -6.000000
v -116.751232 -69.062300 0.000000
v -119.343185 -67.978964 -6.000000
v -119.343185 -67.978964 0.000000
v -121.987085 -67.029395 -6.000000
v -121.987085 -67.029395 0.000000
v -124.676018 -66.216059 -6.000000
v -124.676018 -66.216059 0.000000
v -127.402973 -65.541086 -6.000000
v -127.402973 -65.541086 0.000000
v -130.160847 -65.006227 -6.000000
v -130.160847 -65.006227 0.000000
v -132.942410 -64.612885 -6.000000
v -132.942410 -64.612885 0.000000
v -135.740452 -64.362082 -6.000000
v -135.740452 -64.362082 0.000000
v -138.547640 -64.254484 -6.000000
v -138.547640 -64.254484 0.000000
v -141.356640 -64.290361 -6.000000
v -141.356640 -64.290361 0.000000
v -144.160175 -64.469619 -6.000000
v -144.160175 -64.469619 0.000000
v -146.950884 -64.791794 -6.000000
v -146.950884 -64.791794 0.000000
v -149.721508 -65.256042 -6.000000
v -149.721508 -65.256042 0.000000
v -152.464809 -65.861154 -6.000000
v -152.464809 -65.861154 0.000000
v -155.173645 -66.605554 -6.000000
v -155.173645 -66.605554 0.000000
v -157.840929 -67.487297 -6.000000
v -157.840929 -67.487297 0.000000
v -160.459709 -68.504081 -6.000000
v -160.459709 -68.504081 0.000000
v -163.023167 -69.653258 -6.000000
v -163.023167 -69.653258 0.000000
v -165.524597 -70.931826 -6.000000
v -165.524597 -70.931826 0.000000
v -167.957478 -72.336450 -6.000000
v -167.957478 -72.336450 0.000000
v -170.315456 -73.863463 -6.000000
v -170.315456 -73.863463 0.000000
v -172.592392 -75.508895 -6.000000
v -172.592392 -75.508895 0.000000
v -174.782352 -77.268434 -6.000000
v -174.782352 -77.268434 0.000000
v -176.879616 -79.137497 -6.000000
v -176.879616 -79.137497 0.000000
v -178.878689 -81.111212 -6.000000
v -178.878689 -81.111212 0.000000
v -180.774384 -83.184423 -6.000000
v -180.774384 -83.184423 0.000000
v -182.561760 -85.351734 -6.000000
v -182.561760 -85.351734 0.000000
v -184.236107 -87.607479 -6.000000
v -184.236107 -87.607479 0.000000
v -185.793114 -89.945774 -6.000000
v -185.793114 -89.945774 0.000000
v -187.228699 -92.360516 -6.000000
v -187.228699 -92.360516 0.000000
v -188.539104 -94.845409 -6.000000
v -188.539104 -94.845409 0.000000
v -189.720917 -97.393970 -6.000000
v -189.720917 -97.393970 0.000000
v -190.771065 -99.999561 -6.000000
v -190.771065 -99.999561 0.000000
v -191.686802 -102.655363 -6.000000
v -191.686802 -102.655363 0.000000
v -192.465725 -105.354471 -6.000000
v -192.465725 -105.354471 0.000000
v -193.105831 -108.089819 -6.000000
v -193.105831 -108.089819 0.000000
v -193.605423 -110.854282 -6.000000
v -193.605423 -110.854282 0.000000
v -193.963203 -113.640661 -6.000000
v -193.963203 -113.640661 0.000000
v -185.932617 -164.076538 -6.000000
v -187.717247 -164.570065 -6.000000
v -186.000004 -163.500004 -6.000000
v -188.259697 -163.588600 -6.000000
v -185.932617 -162.923470 -6.000000
v -188.688831 -162.552528 -6.000000
v -185.734081 -162.378006 -6.000000
v -188.999290 -161.474953 -6.000000
v -185.415115 -161.893044 -6.000000
v -189.187126 -160.369396 -6.000000
v -184.992886 -161.494694 -6.000000
v -189.249992 -159.249744 -6.000000
v -184.490204 -161.204453 -6.000000
v -183.934135 -161.037979 -6.000000
v -187.068310 -165.484657 -6.000000
v -185.734081 -164.622002 -6.000000
v -185.415115 -165.106964 -6.000000
v -186.321068 -166.320820 -6.000000
v -184.992886 -165.505314 -6.000000
v -185.484886 -167.068062 -6.000000
v -184.490204 -165.795555 -6.000000
v -184.570332 -167.716999 -6.000000
v -183.934135 -165.962029 -6.000000
v -183.354645 -165.995770 -6.000000
v -183.588829 -168.259430 -6.000000
v -182.782993 -165.894966 -6.000000
v -182.552795 -168.688583 -6.000000
v -182.250004 -165.665073 -6.000000
v -181.475201 -168.999023 -6.000000
v -181.784401 -165.318432 -6.000000
v -180.369644 -169.186878 -6.000000
v -179.249992 -169.249744 -6.000000
v -181.411285 -164.873772 -6.000000
v -181.150780 -164.355049 -6.000000
v -181.016903 -163.790245 -6.000000
v -181.016903 -163.209763 -6.000000
v -181.150780 -162.644939 -6.000000
v -181.411285 -162.126217 -6.000000
v -181.784401 -161.681557 -6.000000
v -182.250004 -161.334934 -6.000000
v -182.782993 -161.105022 -6.000000
v -183.354645 -161.004219 -6.000000
v -97.432613 -75.576539 -6.000000
v -97.500000 -75.000000 -6.000000
v -97.432613 -74.423461 -6.000000
v -99.250002 -69.250250 -6.000000
v -97.234087 -73.877997 -6.000000
v -96.915112 -73.393030 -6.000000
v -98.130360 -69.313135 -6.000000
v -96.492901 -72.994690 -6.000000
v -97.024784 -69.500976 -6.000000
v -95.990200 -72.704458 -6.000000
v -95.947208 -69.811416 -6.000000
v -95.434122 -72.537980 -6.000000
v -94.911165 -70.240564 -6.000000
v -94.854641 -72.504225 -6.000000
v -93.929682 -70.783014 -6.000000
v -94.282990 -72.605028 -6.000000
v -93.015099 -71.431937 -6.000000
v -93.750000 -72.834940 -6.000000
v -92.178936 -72.179184 -6.000000
v -93.284397 -73.181562 -6.000000
v -92.911282 -73.626227 -6.000000
v -91.431684 -73.015351 -6.000000
v -92.650776 -74.144950 -6.000000
v -90.782757 -73.929930 -6.000000
v -92.516909 -74.709768 -6.000000
v -90.240307 -74.911413 -6.000000
v -92.516909 -75.290232 -6.000000
v -89.811163 -75.947466 -6.000000
v -92.650776 -75.855050 -6.000000
v -92.911282 -76.373773 -6.000000
v -89.500713 -77.025042 -6.000000
v -89.312878 -78.130608 -6.000000
v -97.234087 -76.122003 -6.000000
v -96.915112 -76.606970 -6.000000
v -96.492901 -77.005310 -6.000000
v -95.990200 -77.295542 -6.000000
v -95.434122 -77.462020 -6.000000
v -94.854641 -77.495775 -6.000000
v -94.282990 -77.394972 -6.000000
v -89.250002 -79.250250 -6.000000
v -93.750000 -77.165060 -6.000000
v -93.284397 -76.818438 -6.000000
v -97.432613 -164.076538 -6.000000
v -97.500000 -163.500004 -6.000000
v -97.432613 -162.923470 -6.000000
v -97.234077 -162.378006 -6.000000
v -96.915112 -161.893044 -6.000000
v -96.492901 -161.494694 -6.000000
v -95.990200 -161.204472 -6.000000
v -95.434122 -161.037979 -6.000000
v -94.854641 -161.004219 -6.000000
v -94.282990 -161.105022 -6.000000
v -89.250002 -159.249744 -6.000000
v -93.750000 -161.334953 -6.000000
v -93.284397 -161.681557 -6.000000
v -89.312878 -160.369396 -6.000000
v -92.911282 -162.126236 -6.000000
v -89.500713 -161.474953 -6.000000
v -89.811163 -162.552528 -6.000000
v -99.250002 -169.249744 -6.000000
v -97.234077 -164.622002 -6.000000
v -96.915112 -165.106964 -6.000000
v -98.130360 -169.186878 -6.000000
v -96.492901 -165.505314 -6.000000
v -97.024784 -168.999023 -6.000000
v -95.990200 -165.795536 -6.000000
v -95.947208 -168.688583 -6.000000
v -95.434122 -165.962029 -6.000000
v -94.911165 -168.259430 -6.000000
v -94.854641 -165.995770 -6.000000
v -93.929682 -167.716999 -6.000000
v -94.282990 -165.894966 -6.000000
v -93.015099 -167.068062 -6.000000
v -93.750000 -165.665054 -6.000000
v -92.178936 -166.320820 -6.000000
v -93.284397 -165.318432 -6.000000
v -92.911282 -164.873772 -6.000000
v -91.431684 -165.484657 -6.000000
v -92.650776 -164.355049 -6.000000
v -90.782757 -164.570065 -6.000000
v -92.516909 -163.790245 -6.000000
v -90.240307 -163.588600 -6.000000
v -92.516909 -163.209763 -6.000000
v -92.650776 -162.644939 -6.000000
v -185.932617 -75.576539 -6.000000
v -188.259697 -74.911413 -6.000000
v -186.000004 -75.000000 -6.000000
v -187.717247 -73.929930 -6.000000
v -185.932617 -74.423461 -6.000000
v -187.068310 -73.015351 -6.000000
v -185.734081 -73.877997 -6.000000
v -185.415115 -73.393030 -6.000000
v -186.321068 -72.179184 -6.000000
v -184.992886 -72.994690 -6.000000
v -185.484886 -71.431937 -6.000000
v -184.490204 -72.704458 -6.000000
v -184.570332 -70.783014 -6.000000
v -183.934135 -72.537980 -6.000000
v -183.354645 -72.504225 -6.000000
v -183.588829 -70.240564 -6.000000
v -182.782993 -72.605028 -6.000000
v -182.552795 -69.811416 -6.000000
v -182.250004 -72.834940 -6.000000
v -181.475201 -69.500976 -6.000000
v -181.784401 -73.181562 -6.000000
v -180.369644 -69.313135 -6.000000
v -179.249992 -69.250250 -6.000000
v -188.688831 -75.947466 -6.000000
v -185.734081 -76.122003 -6.000000
v -188.999290 -77.025042 -6.000000
v -185.415115 -76.606970 -6.000000
v -189.187126 -78.130608 -6.000000
v -184.992886 -77.005310 -6.000000
v -189.249992 -79.250250 -6.000000
v -184.490204 -77.295542 -6.000000
v -183.934135 -77.462020 -6.000000
v -183.354645 -77.495775 -6.000000
v -182.782993 -77.394972 -6.000000
v -182.250004 -77.165060 -6.000000
v -181.784401 -76.818438 -6.000000
v -181.411285 -76.373773 -6.000000
v -181.150780 -75.855050 -6.000000
v -181.016903 -75.290232 -6.000000
v -181.016903 -74.709768 -6.000000
v -181.150780 -74.144950 -6.000000
v -181.411285 -73.626227 -6.000000
v -196.178532 -122.103434 -6.000000
v -196.250000 -119.250002 -6.000000
v -196.178532 -116.396570 -6.000000
v -195.964317 -124.949713 -6.000000
v -195.607872 -127.781696 -6.000000
v -195.110111 -130.592299 -6.000000
v -194.472275 -133.374453 -6.000000
v -193.695965 -136.121187 -6.000000
v -192.783127 -138.825607 -6.000000
v -191.736050 -141.480942 -6.000000
v -190.557365 -144.080534 -6.000000
v -189.249992 -146.617861 -6.000000
v -166.618328 -169.249744 -6.000000
v -164.080963 -170.557137 -6.000000
v -161.481342 -171.735878 -6.000000
v -158.825960 -172.783012 -6.000000
v -156.121473 -173.695869 -6.000000
v -153.374691 -174.472218 -6.000000
v -150.592499 -175.110073 -6.000000
v -147.781858 -175.607853 -6.000000
v -144.949818 -175.964298 -6.000000
v -142.103481 -176.178532 -6.000000
v -139.250002 -176.250000 -6.000000
v -136.396513 -176.178532 -6.000000
v -133.550186 -175.964298 -6.000000
v -130.718136 -175.607853 -6.000000
v -127.907505 -175.110073 -6.000000
v -125.125294 -174.472218 -6.000000
v -122.378521 -173.695869 -6.000000
v -119.674053 -172.783012 -6.000000
v -117.018671 -171.735878 -6.000000
v -114.419041 -170.557137 -6.000000
v -111.881676 -169.249744 -6.000000
v -89.250002 -146.617861 -6.000000
v -87.942648 -144.080534 -6.000000
v -86.763954 -141.480942 -6.000000
v -85.716877 -138.825607 -6.000000
v -84.804029 -136.121187 -6.000000
v -84.027729 -133.374453 -6.000000
v -83.389883 -130.592299 -6.000000
v -82.892132 -127.781696 -6.000000
v -82.535686 -124.949713 -6.000000
v -82.321463 -122.103434 -6.000000
v -82.250004 -119.250002 -6.000000
v -82.321463 -116.396570 -6.000000
v -82.535686 -113.550282 -6.000000
v -82.892132 -110.718298 -6.000000
v -83.389883 -107.907705 -6.000000
v -84.027729 -105.125551 -6.000000
v -84.804029 -102.378826 -6.000000
v -85.716877 -99.674397 -6.000000
v -86.763954 -97.019062 -6.000000
v -87.942648 -94.419460 -6.000000
v -89.250002 -91.882133 -6.000000
v -111.881676 -69.250250 -6.000000
v -114.419041 -67.942858 -6.000000
v -117.018671 -66.764116 -6.000000
v -119.674053 -65.717001 -6.000000
v -122.378521 -64.804125 -6.000000
v -125.125294 -64.027786 -6.000000
v -127.907505 -63.389926 -6.000000
v -130.718136 -62.892146 -6.000000
v -133.550186 -62.535696 -6.000000
v -136.396513 -62.321467 -6.000000
v -139.250002 -62.249999 -6.000000
v -142.103481 -62.321467 -6.000000
v -144.949818 -62.535696 -6.000000
v -147.781858 -62.892146 -6.000000
v -150.592499 -63.389926 -6.000000
v -153.374691 -64.027786 -6.000000
v -156.121473 -64.804125 -6.000000
v -158.825960 -65.717001 -6.000000
v -161.481342 -66.764116 -6.000000
v -164.080963 -67.942858 -6.000000
v -166.618328 -69.250250 -6.000000
v -189.249992 -91.882133 -6.000000
v -190.557365 -94.419460 -6.000000
v -191.736050 -97.019062 -6.000000
v -192.783127 -99.674397 -6.000000
v -193.695965 -102.378826 -6.000000
v -194.472275 -105.125551 -6.000000
v -195.110111 -107.907705 -6.000000
v -195.607872 -110.718298 -6.000000
v -195.964317 -113.550282 -6.000000
usemtl 156,156,156
f 1 2 3
f 3 2 4
f 3 4 5
f 5 4 6
f 5 6 7
f 7 6 8
f 7 8 9
f 9 8 10
f 9 10 11
f 11 10 12
f 11 12 13
f 13 12 14
f 13 14 15
f 15 14 16
f 15 16 17
f 17 16 18
f 17 18 19
f 19 18 20
f 19 20 21
f 21 20 22
f 21 22 23
f 23 22 24
f 23 24 25
f 25 24 26
f 25 26 27
f 27 26 28
f 27 28 29
f 29 28 30
f 29 30 31
f 31 30 32
f 31 32 33
f 33 32 34
f 33 34 35
f 35 34 36
f 35 36 37
f 37 36 38
f 37 38 39
f 39 38 40
f 39 40 41
f 41 40 42
f 41 42 43
f 43 42 44
f 43 44 45
f 45 44 46
f 45 46 47
f 47 46 48
f 47 48 49
f 49 48 50
f 49 50 51
f 51 50 52
f 51 52 53
f 51 53 54
f 54 53 55
f 54 55 56
f 56 55 57
f 56 57 58
f 58 57 59
f 58 59 60
f 60 59 61
f 60 61 62
f 62 61 63
f 62 63 64
f 64 63 65
f 64 65 66
f 66 65 67
f 66 67 68
f 68 67 69
f 68 69 70
f 70 69 71
f 70 71 72
f 72 71 73
f 72 73 74
f 74 73 75
f 74 75 76
f 76 75 77
f 76 77 78
f 78 77 79
f 78 79 80
f 80 79 81
f 80 81 82
f 82 81 83
f 82 83 84
f 84 83 85
f 84 85 86
f 86 85 87
f 86 87 88
f 88 87 89
f 88 89 90
f 90 89 91
f 90 91 92
f 92 91 93
f 92 93 94
f 94 93 95
f 94 95 96
f 96 95 97
f 96 97 98
f 98 97 99
f 98 99 100
f 98 100 101
f 101 100 102
f 101 102 103
f 103 102 104
f 103 104 105
f 105 104 106
f 105 106 107
f 107 106 108
f 107 108 109
f 109 108 110
f 109 110 111
f 111 110 112
f 111 112 113
f 113 112 114
f 113 114 115
f 115 114 116
f 115 116 117
f 117 116 118
f 117 118 119
f 119 118 120
f 119 120 121
f 121 120 122
f 121 122 123
f 123 122 124
f 123 124 125
f 125 124 126
f 125 126 127
f 127 126 128
f 127 128 129
f 129 128 130
f 129 130 131
f 131 130 132
f 131 132 133
f 133 132 134
f 133 134 135
f 135 134 136
f 135 136 137
f 137 136 138
f 137 138 139
f 139 138 140
f 139 140 141
f 141 140 142
f 141 142 143
f 143 142 144
f 143 144 145
f 145 144 1
f 145 1 3
f 146 145 147
f 147 145 3
f 147 3 5
f 145 146 143
f 143 146 148
f 143 148 141
f 141 148 149
f 141 149 139
f 139 149 150
f 139 150 137
f 137 150 151
f 137 151 135
f 135 151 152
f 135 152 133
f 133 152 153
f 133 153 131
f 131 153 154
f 131 154 129
f 129 154 155
f 129 155 127
f 127 155 156
f 127 156 125
f 125 156 157
f 125 157 123
f 123 157 121
f 121 157 158
f 121 158 119
f 119 158 159
f 119 159 117
f 117 159 160
f 117 160 115
f 115 160 161
f 115 161 113
f 113 161 162
f 113 162 111
f 111 162 163
f 111 163 109
f 109 163 164
f 109 164 107
f 107 164 165
f 107 165 105
f 105 165 166
f 105 166 103
f 103 166 167
f 103 167 101
f 101 167 168
f 101 168 98
f 98 168 96
f 96 168 169
f 96 169 94
f 94 169 170
f 94 170 92
f 92 170 171
f 92 171 90
f 90 171 172
f 90 172 88
f 88 172 173
f 88 173 86
f 86 173 174
f 86 174 84
f 84 174 175
f 84 175 82
f 82 175 176
f 82 176 80
f 80 176 177
f 80 177 78
f 78 177 178
f 78 178 76
f 76 178 179
f 76 179 74
f 74 179 72
f 72 179 180
f 72 180 70
f 70 180 181
f 70 181 68
f 68 181 182
f 68 182 66
f 66 182 183
f 66 183 64
f 64 183 184
f 64 184 62
f 62 184 185
f 62 185 60
f 60 185 186
f 60 186 58
f 58 186 187
f 58 187 56
f 56 187 188
f 56 188 54
f 54 188 189
f 54 189 51
f 51 189 49
f 49 189 190
f 49 190 47
f 47 190 191
f 47 191 45
f 45 191 192
f 45 192 43
f 43 192 193
f 43 193 41
f 41 193 194
f 41 194 39
f 39 194 195
f 39 195 37
f 37 195 196
f 37 196 35
f 35 196 197
f 35 197 33
f 33 197 198
f 33 198 31
f 31 198 199
f 31 199 29
f 29 199 200
f 29 200 27
f 27 200 25
f 25 200 201
f 25 201 23
f 23 201 202
f 23 202 21
f 21 202 203
f 21 203 19
f 19 203 204
f 19 204 17
f 17 204 205
f 17 205 15
f 15 205 206
f 15 206 13
f 13 206 207
f 13 207 11
f 11 207 208
f 11 208 9
f 9 208 209
f 9 209 7
f 7 209 210
f 7 210 5
f 5 210 147
f 210 211 147
f 147 211 212
f 147 212 146
f 146 212 213
f 146 213 214
f 210 209 211
f 211 209 215
f 215 209 208
f 215 208 216
f 216 208 207
f 216 207 217
f 217 207 206
f 217 206 218
f 218 206 205
f 218 205 219
f 219 205 204
f 219 204 220
f 220 204 203
f 220 203 221
f 221 203 202
f 221 202 222
f 222 202 201
f 222 201 223
f 223 201 200
f 223 200 224
f 224 200 199
f 224 199 225
f 225 199 198
f 225 198 226
f 226 198 197
f 226 197 227
f 227 197 196
f 227 196 228
f 228 196 195
f 228 195 229
f 229 195 194
f 229 194 230
f 230 194 193
f 230 193 231
f 231 193 192
f 231 192 232
f 232 192 191
f 232 191 233
f 233 191 190
f 233 190 234
f 234 190 189
f 234 189 235
f 235 189 188
f 235 188 236
f 236 188 187
f 236 187 237
f 237 187 186
f 237 186 238
f 238 186 185
f 238 185 239
f 239 185 184
f 239 184 240
f 240 184 183
f 240 183 241
f 241 183 182
f 241 182 242
f 242 182 181
f 242 181 243
f 243 181 180
f 243 180 244
f 244 180 179
f 244 179 245
f 245 179 178
f 245 178 246
f 246 178 177
f 246 177 247
f 247 177 176
f 247 176 248
f 248 176 175
f 248 175 249
f 249 175 174
f 249 174 250
f 250 174 173
f 250 173 251
f 251 173 172
f 251 172 252
f 252 172 171
f 252 171 253
f 253 171 170
f 253 170 254
f 254 170 169
f 254 169 255
f 255 169 168
f 255 168 256
f 256 168 167
f 256 167 257
f 257 167 166
f 257 166 258
f 258 166 165
f 258 165 259
f 259 165 164
f 259 164 260
f 260 164 163
f 260 163 261
f 261 163 162
f 261 162 262
f 262 162 161
f 262 161 263
f 263 161 160
f 263 160 264
f 264 160 159
f 264 159 265
f 265 159 158
f 265 158 266
f 266 158 157
f 266 157 267
f 267 157 156
f 267 156 268
f 268 156 155
f 268 155 269
f 269 155 154
f 269 154 270
f 270 154 153
f 270 153 271
f 271 153 152
f 271 152 272
f 272 152 151
f 272 151 273
f 273 151 150
f 273 150 274
f 274 150 149
f 274 149 275
f 275 149 148
f 275 148 214
f 214 148 146
f 211 276 212
f 212 276 277
f 212 277 278
f 278 277 279
f 278 279 280
f 280 279 281
f 280 281 282
f 282 281 283
f 282 283 284
f 284 283 285
f 284 285 286
f 286 285 287
f 286 287 288
f 288 287 289
f 288 289 290
f 290 289 291
f 290 291 292
f 292 291 293
f 292 293 294
f 276 211 295
f 295 211 215
f 295 215 296
f 296 215 216
f 296 216 297
f 297 216 217
f 297 217 298
f 298 217 218
f 298 218 299
f 299 218 300
f 299 300 301
f 301 300 302
f 301 302 303
f 303 302 304
f 303 304 305
f 305 304 306
f 305 306 307
f 307 306 308
f 307 308 309
f 309 308 310
f 309 310 311
f 311 310 312
f 311 312 313
f 313 312 314
f 313 314 315
f 315 314 316
f 316 314 317
f 316 317 318
f 318 317 319
f 318 319 320
f 320 319 321
f 320 321 322
f 322 321 323
f 322 323 324
f 324 323 325
f 324 325 326
f 326 325 327
f 326 327 328
f 328 327 329
f 328 329 330
f 330 329 331
f 330 331 332
f 332 331 333
f 332 333 334
f 334 333 335
f 334 335 336
f 336 335 337
f 336 337 338
f 338 337 339
f 338 339 340
f 340 339 341
f 340 341 342
f 342 341 343
f 342 343 344
f 344 343 345
f 344 345 346
f 346 345 347
f 346 347 348
f 348 347 232
f 348 232 233
f 218 219 300
f 300 219 349
f 300 349 302
f 302 349 350
f 302 350 304
f 304 350 351
f 304 351 306
f 306 351 352
f 306 352 308
f 308 352 353
f 308 353 310
f 310 353 354
f 310 354 312
f 312 354 355
f 312 355 314
f 314 355 317
f 219 220 349
f 349 220 356
f 349 356 350
f 350 356 357
f 350 357 351
f 351 357 358
f 351 358 352
f 352 358 359
f 352 359 353
f 353 359 360
f 353 360 354
f 354 360 361
f 354 361 355
f 355 361 362
f 355 362 317
f 317 362 319
f 220 221 356
f 356 221 363
f 356 363 357
f 357 363 364
f 357 364 358
f 358 364 365
f 358 365 359
f 359 365 366
f 359 366 360
f 360 366 367
f 360 367 361
f 361 367 368
f 361 368 362
f 362 368 369
f 362 369 319
f 319 369 321
f 221 222 363
f 363 222 370
f 363 370 364
f 364 370 371
f 364 371 365
f 365 371 372
f 365 372 366
f 366 372 373
f 366 373 367
f 367 373 374
f 367 374 368
f 368 374 375
f 368 375 369
f 369 375 376
f 369 376 321
f 321 376 323
f 370 222 377
f 377 222 223
f 377 223 378
f 378 223 224
f 378 224 379
f 379 224 225
f 379 225 380
f 380 225 226
f 380 226 381
f 381 226 382
f 381 382 383
f 383 382 384
f 383 384 385
f 385 384 386
f 385 386 387
f 387 386 388
f 387 388 389
f 389 388 390
f 389 390 391
f 391 390 392
f 391 392 393
f 393 392 335
f 393 335 333
f 226 227 382
f 382 227 394
f 382 394 384
f 384 394 395
f 384 395 386
f 386 395 396
f 386 396 388
f 388 396 397
f 388 397 390
f 390 397 398
f 390 398 392
f 392 398 337
f 392 337 335
f 227 228 394
f 394 228 399
f 394 399 395
f 395 399 400
f 395 400 396
f 396 400 401
f 396 401 397
f 397 401 402
f 397 402 398
f 398 402 339
f 398 339 337
f 228 229 399
f 399 229 403
f 399 403 400
f 400 403 404
f 400 404 401
f 401 404 405
f 401 405 402
f 402 405 341
f 402 341 339
f 229 230 403
f 403 230 406
f 403 406 404
f 404 406 407
f 404 407 405
f 405 407 343
f 405 343 341
f 230 231 406
f 406 231 408
f 406 408 407
f 407 408 345
f 407 345 343
f 408 231 347
f 347 231 232
f 348 233 409
f 409 233 234
f 409 234 410
f 410 234 235
f 410 235 411
f 411 235 412
f 411 412 413
f 413 412 414
f 413 414 415
f 415 414 416
f 415 416 417
f 417 416 418
f 417 418 419
f 419 418 420
f 419 420 421
f 421 420 422
f 421 422 423
f 423 422 424
f 423 424 425
f 425 424 426
f 425 426 427
f 427 426 428
f 428 426 429
f 428 429 430
f 430 429 431
f 430 431 432
f 432 431 433
f 432 433 434
f 434 433 435
f 434 435 436
f 436 435 437
f 436 437 438
f 438 437 439
f 438 439 440
f 440 439 441
f 440 441 442
f 442 441 443
f 442 443 444
f 444 443 445
f 444 445 446
f 446 445 447
f 446 447 448
f 448 447 449
f 448 449 450
f 450 449 451
f 450 451 452
f 452 451 453
f 452 453 454
f 454 453 455
f 454 455 456
f 456 455 457
f 456 457 458
f 458 457 459
f 458 459 460
f 460 459 461
f 460 461 462
f 462 461 463
f 462 463 464
f 464 463 251
f 464 251 252
f 235 236 412
f 412 236 465
f 412 465 414
f 414 465 466
f 414 466 416
f 416 466 467
f 416 467 418
f 418 467 468
f 418 468 420
f 420 468 469
f 420 469 422
f 422 469 470
f 422 470 424
f 424 470 471
f 424 471 426
f 426 471 429
f 236 237 465
f 465 237 472
f 465 472 466
f 466 472 473
f 466 473 467
f 467 473 474
f 467 474 468
f 468 474 475
f 468 475 469
f 469 475 476
f 469 476 470
f 470 476 477
f 470 477 471
f 471 477 478
f 471 478 429
f 429 478 431
f 237 238 472
f 472 238 479
f 472 479 473
f 473 479 480
f 473 480 474
f 474 480 481
f 474 481 475
f 475 481 482
f 475 482 476
f 476 482 483
f 476 483 477
f 477 483 484
f 477 484 478
f 478 484 485
f 478 485 431
f 431 485 433
f 238 239 479
f 479 239 486
f 479 486 480
f 480 486 487
f 480 487 481
f 481 487 488
f 481 488 482
f 482 488 489
f 482 489 483
f 483 489 490
f 483 490 484
f 484 490 491
f 484 491 485
f 485 491 492
f 485 492 433
f 433 492 435
f 486 239 493
f 493 239 240
f 493 240 494
f 494 240 241
f 494 241 495
f 495 241 242
f 495 242 496
f 496 242 243
f 496 243 497
f 497 243 244
f 497 244 498
f 498 244 499
f 498 499 500
f 500 499 501
f 500 501 502
f 502 501 503
f 502 503 504
f 504 503 505
f 504 505 506
f 506 505 507
f 506 507 508
f 508 507 509
f 508 509 510
f 510 509 511
f 510 511 447
f 447 511 449
f 244 245 499
f 499 245 512
f 499 512 501
f 501 512 513
f 501 513 503
f 503 513 514
f 503 514 505
f 505 514 515
f 505 515 507
f 507 515 516
f 507 516 509
f 509 516 517
f 509 517 511
f 511 517 451
f 511 451 449
f 245 246 512
f 512 246 518
f 512 518 513
f 513 518 519
f 513 519 514
f 514 519 520
f 514 520 515
f 515 520 521
f 515 521 516
f 516 521 522
f 516 522 517
f 517 522 453
f 517 453 451
f 246 247 518
f 518 247 523
f 518 523 519
f 519 523 524
f 519 524 520
f 520 524 525
f 520 525 521
f 521 525 526
f 521 526 522
f 522 526 455
f 522 455 453
f 247 248 523
f 523 248 527
f 523 527 524
f 524 527 528
f 524 528 525
f 525 528 529
f 525 529 526
f 526 529 457
f 526 457 455
f 527 248 530
f 530 248 249
f 530 249 531
f 531 249 250
f 531 250 463
f 463 250 251
f 253 532 252
f 252 532 533
f 252 533 464
f 464 533 534
f 464 534 462
f 462 534 535
f 462 535 460
f 460 535 536
f 460 536 458
f 458 536 537
f 458 537 456
f 456 537 538
f 456 538 454
f 454 538 539
f 454 539 452
f 452 539 540
f 452 540 450
f 450 540 541
f 450 541 448
f 532 253 542
f 542 253 254
f 542 254 543
f 543 254 255
f 543 255 544
f 544 255 256
f 544 256 545
f 545 256 257
f 545 257 546
f 546 257 547
f 546 547 548
f 548 547 549
f 548 549 550
f 550 549 551
f 550 551 552
f 552 551 553
f 552 553 554
f 554 553 555
f 554 555 556
f 556 555 557
f 556 557 558
f 558 557 559
f 558 559 560
f 560 559 561
f 560 561 562
f 562 561 563
f 563 561 564
f 563 564 565
f 565 564 566
f 565 566 567
f 567 566 568
f 567 568 569
f 569 568 570
f 569 570 571
f 571 570 572
f 571 572 573
f 573 572 574
f 573 574 575
f 575 574 576
f 575 576 577
f 577 576 578
f 577 578 579
f 579 578 580
f 579 580 581
f 581 580 582
f 581 582 583
f 583 582 584
f 583 584 585
f 585 584 586
f 585 586 587
f 587 586 588
f 587 588 589
f 589 588 590
f 589 590 591
f 591 590 270
f 591 270 592
f 592 270 271
f 592 271 593
f 593 271 272
f 593 272 594
f 594 272 273
f 594 273 595
f 595 273 274
f 595 274 596
f 596 274 597
f 596 597 598
f 598 597 599
f 598 599 600
f 600 599 601
f 600 601 602
f 602 601 284
f 602 284 286
f 257 258 547
f 547 258 603
f 547 603 549
f 549 603 604
f 549 604 551
f 551 604 605
f 551 605 553
f 553 605 606
f 553 606 555
f 555 606 607
f 555 607 557
f 557 607 608
f 557 608 559
f 559 608 609
f 559 609 561
f 561 609 564
f 258 259 603
f 603 259 610
f 603 610 604
f 604 610 611
f 604 611 605
f 605 611 612
f 605 612 606
f 606 612 613
f 606 613 607
f 607 613 614
f 607 614 608
f 608 614 615
f 608 615 609
f 609 615 616
f 609 616 564
f 564 616 566
f 259 260 610
f 610 260 617
f 610 617 611
f 611 617 618
f 611 618 612
f 612 618 619
f 612 619 613
f 613 619 620
f 613 620 614
f 614 620 621
f 614 621 615
f 615 621 622
f 615 622 616
f 616 622 623
f 616 623 566
f 566 623 568
f 260 261 617
f 617 261 624
f 617 624 618
f 618 624 625
f 618 625 619
f 619 625 626
f 619 626 620
f 620 626 627
f 620 627 621
f 621 627 628
f 621 628 622
f 622 628 629
f 622 629 623
f 623 629 630
f 623 630 568
f 568 630 570
f 624 261 631
f 631 261 262
f 631 262 632
f 632 262 263
f 632 263 633
f 633 263 264
f 633 264 634
f 634 264 265
f 634 265 635
f 635 265 636
f 635 636 637
f 637 636 638
f 637 638 639
f 639 638 640
f 639 640 641
f 641 640 642
f 641 642 643
f 643 642 582
f 643 582 580
f 265 266 636
f 636 266 644
f 636 644 638
f 638 644 645
f 638 645 640
f 640 645 646
f 640 646 642
f 642 646 584
f 642 584 582
f 266 267 644
f 644 267 647
f 644 647 645
f 645 647 648
f 645 648 646
f 646 648 586
f 646 586 584
f 267 268 647
f 647 268 649
f 647 649 648
f 648 649 588
f 648 588 586
f 268 269 649
f 649 269 590
f 649 590 588
f 269 270 590
f 274 275 597
f 597 275 650
f 597 650 599
f 599 650 651
f 599 651 601
f 601 651 282
f 601 282 284
f 275 214 650
f 650 214 652
f 650 652 651
f 651 652 280
f 651 280 282
f 214 213 652
f 652 213 278
f 652 278 280
f 213 212 278
f 292 294 653
f 653 294 654
f 653 654 655
f 655 654 656
f 655 656 657
f 657 656 658
f 657 658 659
f 659 658 660
f 659 660 661
f 661 660 662
f 661 662 663
f 663 662 664
f 663 664 665
f 665 664 666
f 665 666 667
f 667 666 668
f 667 668 577
f 577 668 575
f 562 669 560
f 560 669 670
f 560 670 558
f 558 670 671
f 558 671 556
f 556 671 672
f 556 672 554
f 554 672 673
f 554 673 552
f 552 673 674
f 552 674 550
f 550 674 675
f 550 675 548
f 548 675 676
f 548 676 546
f 546 676 545
f 669 677 670
f 670 677 678
f 670 678 671
f 671 678 679
f 671 679 672
f 672 679 680
f 672 680 673
f 673 680 681
f 673 681 674
f 674 681 682
f 674 682 675
f 675 682 683
f 675 683 676
f 676 683 684
f 676 684 545
f 545 684 544
f 677 685 678
f 678 685 686
f 678 686 679
f 679 686 687
f 679 687 680
f 680 687 688
f 680 688 681
f 681 688 689
f 681 689 682
f 682 689 690
f 682 690 683
f 683 690 691
f 683 691 684
f 684 691 692
f 684 692 544
f 544 692 543
f 685 693 686
f 686 693 694
f 686 694 687
f 687 694 695
f 687 695 688
f 688 695 696
f 688 696 689
f 689 696 697
f 689 697 690
f 690 697 698
f 690 698 691
f 691 698 699
f 691 699 692
f 692 699 700
f 692 700 543
f 543 700 542
f 694 693 701
f 701 693 702
f 701 702 703
f 703 702 704
f 703 704 705
f 705 704 706
f 705 706 707
f 707 706 708
f 707 708 709
f 709 708 710
f 709 710 711
f 711 710 712
f 711 712 713
f 713 712 714
f 713 714 715
f 715 714 716
f 715 716 540
f 540 716 541
f 425 427 717
f 717 427 718
f 717 718 719
f 719 718 720
f 719 720 721
f 721 720 722
f 721 722 723
f 723 722 724
f 723 724 725
f 725 724 726
f 725 726 727
f 727 726 728
f 727 728 729
f 729 728 730
f 729 730 731
f 731 730 732
f 731 732 733
f 733 732 734
f 733 734 334
f 334 734 332
f 315 735 313
f 313 735 736
f 313 736 311
f 311 736 737
f 311 737 309
f 309 737 738
f 309 738 307
f 307 738 739
f 307 739 305
f 305 739 740
f 305 740 303
f 303 740 741
f 303 741 301
f 301 741 742
f 301 742 299
f 299 742 298
f 735 743 736
f 736 743 744
f 736 744 737
f 737 744 745
f 737 745 738
f 738 745 746
f 738 746 739
f 739 746 747
f 739 747 740
f 740 747 748
f 740 748 741
f 741 748 749
f 741 749 742
f 742 749 750
f 742 750 298
f 298 750 297
f 744 743 751
f 751 743 752
f 751 752 753
f 753 752 754
f 753 754 755
f 755 754 756
f 755 756 757
f 757 756 758
f 757 758 759
f 759 758 760
f 759 760 761
f 761 760 762
f 761 762 763
f 763 762 764
f 763 764 765
f 765 764 766
f 765 766 767
f 767 766 768
f 767 768 769
f 769 768 293
f 769 293 291
f 502 770 771
f 771 770 772
f 771 772 773
f 773 772 774
f 773 774 775
f 775 774 776
f 775 776 777
f 777 776 778
f 777 778 779
f 779 778 489
f 779 489 488
f 770 780 772
f 772 780 781
f 772 781 774
f 774 781 782
f 774 782 776
f 776 782 783
f 776 783 778
f 778 783 490
f 778 490 489
f 502 504 770
f 770 504 784
f 770 784 780
f 780 784 785
f 780 785 786
f 786 785 787
f 786 787 788
f 788 787 439
f 788 439 437
f 780 786 781
f 781 786 789
f 781 789 782
f 782 789 790
f 782 790 783
f 783 790 491
f 783 491 490
f 786 788 789
f 789 788 791
f 789 791 790
f 790 791 492
f 790 492 491
f 788 437 791
f 791 437 435
f 791 435 492
f 279 277 792
f 792 277 276
f 792 276 793
f 793 276 295
f 793 295 794
f 794 295 296
f 794 296 795
f 795 296 297
f 795 297 750
f 281 279 796
f 796 279 792
f 796 792 797
f 797 792 793
f 797 793 798
f 798 793 794
f 798 794 799
f 799 794 795
f 799 795 800
f 800 795 750
f 800 750 749
f 283 281 801
f 801 281 796
f 801 796 802
f 802 796 797
f 802 797 803
f 803 797 798
f 803 798 804
f 804 798 799
f 804 799 805
f 805 799 800
f 805 800 806
f 806 800 749
f 806 749 748
f 285 283 807
f 807 283 801
f 807 801 808
f 808 801 802
f 808 802 809
f 809 802 803
f 809 803 810
f 810 803 804
f 810 804 811
f 811 804 805
f 811 805 812
f 812 805 806
f 812 806 813
f 813 806 748
f 813 748 747
f 287 285 814
f 814 285 807
f 814 807 815
f 815 807 808
f 815 808 816
f 816 808 809
f 816 809 817
f 817 809 810
f 817 810 818
f 818 810 811
f 818 811 819
f 819 811 812
f 819 812 820
f 820 812 813
f 820 813 821
f 821 813 747
f 821 747 746
f 289 287 822
f 822 287 814
f 822 814 823
f 823 814 815
f 823 815 824
f 824 815 816
f 824 816 825
f 825 816 817
f 825 817 826
f 826 817 818
f 826 818 827
f 827 818 819
f 827 819 828
f 828 819 820
f 828 820 829
f 829 820 821
f 829 821 830
f 830 821 746
f 830 746 745
f 291 289 769
f 769 289 822
f 769 822 767
f 767 822 823
f 767 823 765
f 765 823 824
f 765 824 763
f 763 824 825
f 763 825 761
f 761 825 826
f 761 826 759
f 759 826 827
f 759 827 757
f 757 827 828
f 757 828 755
f 755 828 829
f 755 829 753
f 753 829 830
f 753 830 751
f 751 830 745
f 751 745 744
f 370 377 371
f 371 377 831
f 371 831 372
f 372 831 832
f 372 832 373
f 373 832 833
f 373 833 374
f 374 833 834
f 374 834 375
f 375 834 835
f 375 835 376
f 376 835 836
f 376 836 323
f 323 836 325
f 377 378 831
f 831 378 837
f 831 837 832
f 832 837 838
f 832 838 833
f 833 838 839
f 833 839 834
f 834 839 840
f 834 840 835
f 835 840 841
f 835 841 836
f 836 841 842
f 836 842 325
f 325 842 327
f 378 379 837
f 837 379 843
f 837 843 838
f 838 843 844
f 838 844 839
f 839 844 845
f 839 845 840
f 840 845 846
f 840 846 841
f 841 846 847
f 841 847 842
f 842 847 848
f 842 848 327
f 327 848 329
f 379 380 843
f 843 380 849
f 843 849 844
f 844 849 850
f 844 850 845
f 845 850 851
f 845 851 846
f 846 851 852
f 846 852 847
f 847 852 853
f 847 853 848
f 848 853 854
f 848 854 329
f 329 854 331
f 381 383 849
f 849 383 850
f 851 850 385
f 385 850 383
f 380 381 849
f 852 851 387
f 387 851 385
f 853 852 389
f 389 852 387
f 854 853 391
f 391 853 389
f 331 854 393
f 393 854 391
f 347 345 408
f 331 393 333
f 346 348 855
f 855 348 409
f 855 409 856
f 856 409 410
f 856 410 857
f 857 410 411
f 857 411 413
f 344 346 858
f 858 346 855
f 858 855 859
f 859 855 856
f 859 856 860
f 860 856 857
f 860 857 861
f 861 857 413
f 861 413 415
f 342 344 862
f 862 344 858
f 862 858 863
f 863 858 859
f 863 859 864
f 864 859 860
f 864 860 865
f 865 860 861
f 865 861 866
f 866 861 415
f 866 415 417
f 340 342 867
f 867 342 862
f 867 862 868
f 868 862 863
f 868 863 869
f 869 863 864
f 869 864 870
f 870 864 865
f 870 865 871
f 871 865 866
f 871 866 872
f 872 866 417
f 872 417 419
f 338 340 873
f 873 340 867
f 873 867 874
f 874 867 868
f 874 868 875
f 875 868 869
f 875 869 876
f 876 869 870
f 876 870 877
f 877 870 871
f 877 871 878
f 878 871 872
f 878 872 879
f 879 872 419
f 879 419 421
f 733 334 336
f 336 338 880
f 880 338 873
f 880 873 881
f 881 873 874
f 881 874 882
f 882 874 875
f 882 875 883
f 883 875 876
f 883 876 884
f 884 876 877
f 884 877 885
f 885 877 878
f 885 878 886
f 886 878 879
f 886 879 887
f 887 879 421
f 887 421 423
f 731 733 880
f 880 733 336
f 731 880 881
f 729 731 881
f 729 881 882
f 729 882 727
f 727 882 883
f 727 883 725
f 725 883 884
f 725 884 723
f 723 884 885
f 723 885 721
f 721 885 886
f 721 886 719
f 719 886 887
f 719 887 717
f 717 887 423
f 717 423 425
f 486 493 487
f 487 493 888
f 487 888 488
f 488 888 779
f 493 494 888
f 888 494 889
f 888 889 779
f 779 889 777
f 494 495 889
f 889 495 890
f 889 890 777
f 777 890 775
f 495 496 890
f 890 496 891
f 890 891 775
f 775 891 773
f 496 497 891
f 891 497 892
f 891 892 773
f 773 892 771
f 498 500 892
f 892 500 771
f 771 500 502
f 497 498 892
f 504 506 784
f 784 506 893
f 784 893 785
f 785 893 894
f 785 894 787
f 787 894 441
f 787 441 439
f 506 508 893
f 893 508 895
f 893 895 894
f 894 895 443
f 894 443 441
f 527 530 528
f 528 530 896
f 528 896 529
f 529 896 459
f 529 459 457
f 895 508 510
f 443 895 445
f 445 895 510
f 445 510 447
f 530 531 896
f 896 531 461
f 896 461 459
f 463 461 531
f 534 533 897
f 897 533 532
f 897 532 898
f 898 532 542
f 898 542 700
f 535 534 899
f 899 534 897
f 899 897 900
f 900 897 898
f 900 898 901
f 901 898 700
f 901 700 699
f 536 535 902
f 902 535 899
f 902 899 903
f 903 899 900
f 903 900 904
f 904 900 901
f 904 901 905
f 905 901 699
f 905 699 698
f 537 536 906
f 906 536 902
f 906 902 907
f 907 902 903
f 907 903 908
f 908 903 904
f 908 904 909
f 909 904 905
f 909 905 910
f 910 905 698
f 910 698 697
f 538 537 911
f 911 537 906
f 911 906 912
f 912 906 907
f 912 907 913
f 913 907 908
f 913 908 914
f 914 908 909
f 914 909 915
f 915 909 910
f 915 910 916
f 916 910 697
f 916 697 696
f 539 538 917
f 917 538 911
f 917 911 918
f 918 911 912
f 918 912 919
f 919 912 913
f 919 913 920
f 920 913 914
f 920 914 921
f 921 914 915
f 921 915 922
f 922 915 916
f 922 916 923
f 923 916 696
f 923 696 695
f 540 539 715
f 715 539 917
f 715 917 713
f 713 917 918
f 713 918 711
f 711 918 919
f 711 919 709
f 709 919 920
f 709 920 707
f 707 920 921
f 707 921 705
f 705 921 922
f 705 922 703
f 703 922 923
f 703 923 701
f 701 923 695
f 701 695 694
f 624 631 625
f 625 631 924
f 625 924 626
f 626 924 925
f 626 925 627
f 627 925 926
f 627 926 628
f 628 926 927
f 628 927 629
f 629 927 928
f 629 928 630
f 630 928 929
f 630 929 570
f 570 929 572
f 631 632 924
f 924 632 930
f 924 930 925
f 925 930 931
f 925 931 926
f 926 931 932
f 926 932 927
f 927 932 933
f 927 933 928
f 928 933 934
f 928 934 929
f 929 934 935
f 929 935 572
f 572 935 574
f 632 633 930
f 930 633 936
f 930 936 931
f 931 936 937
f 931 937 932
f 932 937 938
f 932 938 933
f 933 938 939
f 933 939 934
f 934 939 940
f 934 940 935
f 935 940 941
f 935 941 574
f 574 941 576
f 633 634 936
f 936 634 942
f 936 942 937
f 937 942 943
f 937 943 938
f 938 943 944
f 938 944 939
f 939 944 945
f 939 945 940
f 940 945 946
f 940 946 941
f 941 946 578
f 941 578 576
f 635 637 942
f 942 637 943
f 944 943 639
f 639 943 637
f 634 635 942
f 945 944 641
f 641 944 639
f 946 945 643
f 643 945 641
f 578 946 580
f 580 946 643
f 589 591 947
f 947 591 592
f 947 592 948
f 948 592 593
f 948 593 949
f 949 593 594
f 949 594 950
f 950 594 595
f 950 595 951
f 951 595 596
f 951 596 598
f 587 589 952
f 952 589 947
f 952 947 953
f 953 947 948
f 953 948 954
f 954 948 949
f 954 949 955
f 955 949 950
f 955 950 956
f 956 950 951
f 956 951 957
f 957 951 598
f 957 598 600
f 585 587 958
f 958 587 952
f 958 952 959
f 959 952 953
f 959 953 960
f 960 953 954
f 960 954 961
f 961 954 955
f 961 955 962
f 962 955 956
f 962 956 963
f 963 956 957
f 963 957 964
f 964 957 600
f 964 600 602
f 583 585 965
f 965 585 958
f 965 958 966
f 966 958 959
f 966 959 967
f 967 959 960
f 967 960 968
f 968 960 961
f 968 961 969
f 969 961 962
f 969 962 970
f 970 962 963
f 970 963 971
f 971 963 964
f 971 964 972
f 972 964 602
f 972 602 286
f 581 583 973
f 973 583 965
f 973 965 974
f 974 965 966
f 974 966 975
f 975 966 967
f 975 967 976
f 976 967 968
f 976 968 977
f 977 968 969
f 977 969 978
f 978 969 970
f 978 970 979
f 979 970 971
f 979 971 980
f 980 971 972
f 980 972 288
f 288 972 286
f 579 581 981
f 981 581 973
f 981 973 982
f 982 973 974
f 982 974 983
f 983 974 975
f 983 975 984
f 984 975 976
f 984 976 985
f 985 976 977
f 985 977 986
f 986 977 978
f 986 978 987
f 987 978 979
f 987 979 988
f 988 979 980
f 988 980 290
f 290 980 288
f 577 579 667
f 667 579 981
f 667 981 665
f 665 981 982
f 665 982 663
f 663 982 983
f 663 983 661
f 661 983 984
f 661 984 659
f 659 984 985
f 659 985 657
f 657 985 986
f 657 986 655
f 655 986 987
f 655 987 653
f 653 987 988
f 653 988 292
f 292 988 290
f 989 990 991
f 991 990 992
f 991 992 993
f 989 994 990
f 990 994 995
f 995 994 996
f 995 996 997
f 997 996 998
f 997 998 999
f 999 998 1000
f 999 1000 1001
f 1001 1000 1002
f 1002 1000 1003
f 1002 1003 1004
f 1004 1003 1005
f 1004 1005 1006
f 1006 1005 1007
f 1006 1007 1008
f 1008 1007 1009
f 1009 1007 1010
f 1009 1010 1011
f 1011 1010 1012
f 1011 1012 1013
f 1013 1012 1014
f 1013 1014 1015
f 1015 1014 1016
f 1015 1016 1017
f 1017 1016 1018
f 1017 1018 1019
f 1019 1018 1020
f 1019 1020 1021
f 1021 1020 1022
f 1022 1020 1023
f 1022 1023 1024
f 1024 1023 1025
f 1025 1023 1026
f 1026 1023 1027
f 1027 1023 752
f 1027 752 743
f 1028 758 1023
f 1023 758 756
f 1023 756 754
f 758 1028 760
f 760 1028 1029
f 760 1029 762
f 762 1029 1030
f 762 1030 1031
f 762 1031 764
f 764 1031 1032
f 764 1032 1033
f 764 1033 766
f 766 1033 1034
f 766 1034 768
f 768 1034 1035
f 768 1035 1036
f 768 1036 293
f 293 1036 1037
f 293 1037 1038
f 293 1038 294
f 294 1038 1039
f 294 1039 1040
f 294 1040 654
f 654 1040 1041
f 654 1041 656
f 656 1041 1042
f 656 1042 1043
f 656 1043 658
f 658 1043 1044
f 658 1044 1045
f 658 1045 660
f 660 1045 1046
f 660 1046 662
f 662 1046 1047
f 662 1047 664
f 664 1047 666
f 666 1047 668
f 668 1047 1048
f 668 1048 575
f 575 1048 1049
f 575 1049 1050
f 1050 1049 1051
f 1050 1051 1052
f 1053 1054 1047
f 1047 1054 1055
f 1047 1055 1056
f 1057 1058 1053
f 1053 1058 1059
f 1053 1059 1054
f 1058 1057 1060
f 1060 1057 1061
f 1060 1061 1062
f 1062 1061 1063
f 1062 1063 1064
f 1064 1063 1065
f 1064 1065 1066
f 1066 1065 1067
f 1066 1067 1068
f 1068 1067 1069
f 1068 1069 1070
f 1070 1069 1071
f 1071 1069 1072
f 1071 1072 1073
f 1073 1072 1074
f 1074 1072 1075
f 1075 1072 1076
f 1076 1072 1077
f 1076 1077 1078
f 1078 1079 1076
f 1076 1079 1080
f 1076 1080 1081
f 1081 1082 1076
f 1076 1082 1083
f 1076 1083 1050
f 1084 569 1050
f 1050 569 571
f 1050 571 573
f 1084 1085 569
f 569 1085 567
f 567 1085 1086
f 567 1086 1087
f 567 1087 565
f 565 1087 1088
f 565 1088 563
f 563 1088 1089
f 563 1089 1090
f 563 1090 562
f 562 1090 1091
f 562 1091 1092
f 562 1092 669
f 669 1092 1093
f 669 1093 677
f 677 1093 1094
f 677 1094 1095
f 1095 1096 677
f 677 1096 1097
f 677 1097 1098
f 1098 1099 677
f 677 1099 1100
f 677 1100 685
f 685 1100 1101
f 685 1101 693
f 693 1101 702
f 702 1101 704
f 704 1101 1102
f 704 1102 706
f 706 1102 1103
f 706 1103 708
f 708 1103 710
f 710 1103 712
f 712 1103 1104
f 712 1104 1105
f 1106 1107 1103
f 1103 1107 1108
f 1103 1108 1109
f 1110 1111 1106
f 1106 1111 1112
f 1106 1112 1113
f 1111 1110 1114
f 1114 1110 1115
f 1114 1115 1116
f 1117 1118 1116
f 1116 1118 1119
f 1116 1119 1114
f 1118 1117 1120
f 1120 1117 1121
f 1120 1121 1122
f 1122 1121 1123
f 1122 1123 1124
f 1124 1123 1125
f 1124 1125 1126
f 1126 1125 1127
f 1127 1125 1128
f 1127 1128 1129
f 1129 1128 1130
f 1129 1130 1131
f 1131 1130 1132
f 1131 1132 1133
f 1133 1132 1134
f 1133 1134 1135
f 1135 1134 1136
f 1135 1136 1137
f 1137 1136 1138
f 1137 1138 1139
f 1139 1138 1140
f 1139 1140 1141
f 1141 1140 1142
f 1142 1140 1143
f 1143 1140 1144
f 1143 1144 1145
f 1145 1144 1146
f 1146 1144 1105
f 1105 1144 714
f 1105 714 712
f 1147 448 1144
f 1144 448 541
f 1144 541 716
f 448 1147 446
f 446 1147 1148
f 446 1148 1149
f 446 1149 444
f 444 1149 1150
f 444 1150 1151
f 444 1151 442
f 442 1151 1152
f 442 1152 1153
f 442 1153 440
f 440 1153 1154
f 440 1154 438
f 438 1154 1155
f 438 1155 1156
f 438 1156 436
f 436 1156 1157
f 436 1157 1158
f 436 1158 434
f 434 1158 1159
f 434 1159 432
f 432 1159 1160
f 432 1160 1161
f 432 1161 430
f 430 1161 1162
f 430 1162 1163
f 430 1163 428
f 428 1163 1164
f 428 1164 1165
f 428 1165 427
f 427 1165 1166
f 427 1166 718
f 718 1166 720
f 720 1166 722
f 722 1166 1167
f 722 1167 1168
f 1169 1170 1166
f 1166 1170 1171
f 1166 1171 1172
f 1173 1174 1169
f 1169 1174 1175
f 1169 1175 1176
f 1174 1173 1177
f 1177 1173 1178
f 1177 1178 1179
f 1180 1181 1179
f 1179 1181 1182
f 1179 1182 1177
f 1181 1180 1183
f 1183 1180 1184
f 1183 1184 1185
f 1185 1184 1186
f 1185 1186 1187
f 1187 1186 1188
f 1187 1188 1189
f 1189 1188 1190
f 1190 1188 1191
f 1190 1191 1192
f 1192 1191 1193
f 1192 1193 1194
f 1194 1193 1195
f 1194 1195 1196
f 1196 1195 1197
f 1196 1197 1198
f 1198 1197 1199
f 1198 1199 1200
f 1200 1199 1201
f 1200 1201 1202
f 1202 1201 1203
f 1202 1203 1204
f 1204 1203 1205
f 1205 1203 1206
f 1206 1203 1207
f 1206 1207 1208
f 1208 1207 1209
f 1209 1207 1168
f 1168 1207 724
f 1168 724 722
f 1210 730 1207
f 1207 730 728
f 1207 728 726
f 730 1210 732
f 732 1210 1211
f 732 1211 1212
f 732 1212 734
f 734 1212 1213
f 734 1213 332
f 332 1213 1214
f 332 1214 1215
f 332 1215 330
f 330 1215 1216
f 330 1216 1217
f 330 1217 328
f 328 1217 1218
f 328 1218 1219
f 328 1219 326
f 326 1219 1220
f 326 1220 324
f 324 1220 1221
f 324 1221 1222
f 324 1222 322
f 322 1222 1223
f 322 1223 1224
f 322 1224 320
f 320 1224 1225
f 320 1225 318
f 318 1225 1226
f 318 1226 1227
f 318 1227 316
f 316 1227 1228
f 316 1228 1229
f 991 1230 1229
f 1229 1230 1231
f 1229 1231 1232
f 993 1230 991
f 1232 1233 1229
f 1229 1233 743
f 1229 743 735
f 1233 1027 743
f 1056 1234 1047
f 1047 1234 1048
f 1052 1235 1050
f 1050 1235 1236
f 1050 1236 1237
f 1237 1238 1050
f 1050 1238 1239
f 1050 1239 1240
f 1240 1076 1050
f 1176 1170 1169
f 1172 1167 1166
f 1113 1107 1106
f 1109 1104 1103
f 754 752 1023
f 735 315 1229
f 1229 315 316
f 726 724 1207
f 716 714 1144
f 573 575 1050
f 1241 1242 1243
f 1243 1242 1244
f 1243 1244 1245
f 1245 1244 1246
f 1245 1246 1247
f 1247 1246 1248
f 1247 1248 1249
f 1249 1248 1250
f 1249 1250 1251
f 1251 1250 1252
f 1251 1252 1253
f 1253 1252 1254
f 1253 1254 1255
f 1255 1254 1256
f 1255 1256 1257
f 1257 1256 1258
f 1257 1258 1259
f 1259 1258 1260
f 1259 1260 1261
f 1261 1260 1262
f 1261 1262 1263
f 1263 1262 1264
f 1263 1264 1265
f 1265 1264 1266
f 1265 1266 1267
f 1267 1266 1268
f 1267 1268 1269
f 1269 1268 1270
f 1269 1270 1271
f 1271 1270 1272
f 1271 1272 1273
f 1273 1272 1274
f 1273 1274 1275
f 1275 1274 1276
f 1275 1276 1277
f 1277 1276 1278
f 1277 1278 1279
f 1279 1278 1280
f 1279 1280 1281
f 1281 1280 1282
f 1281 1282 1283
f 1283 1282 1284
f 1283 1284 1285
f 1285 1284 1286
f 1285 1286 1287
f 1287 1286 1288
f 1287 1288 1289
f 1289 1288 1290
f 1289 1290 1291
f 1291 1290 1292
f 1291 1292 1293
f 1293 1292 1294
f 1293 1294 1295
f 1295 1294 1296
f 1295 1296 1297
f 1297 1296 1298
f 1297 1298 1299
f 1299 1298 1300
f 1299 1300 1301
f 1301 1300 1302
f 1301 1302 1303
f 1303 1302 1304
f 1303 1304 1305
f 1305 1304 1306
f 1305 1306 1307
f 1307 1306 1308
f 1307 1308 1309
f 1309 1308 1310
f 1309 1310 1311
f 1311 1310 1312
f 1311 1312 1313
f 1313 1312 1314
f 1313 1314 1315
f 1315 1314 1316
f 1315 1316 1317
f 1317 1316 1318
f 1317 1318 1319
f 1319 1318 1320
f 1319 1320 1321
f 1321 1320 1322
f 1321 1322 1323
f 1323 1322 1324
f 1323 1324 1325
f 1325 1324 1326
f 1325 1326 1327
f 1327 1326 1328
f 1327 1328 1329
f 1329 1328 1330
f 1329 1330 1331
f 1331 1330 1332
f 1331 1332 1333
f 1333 1332 1334
f 1333 1334 1335
f 1335 1334 1336
f 1335 1336 1337
f 1337 1336 1338
f 1337 1338 1339
f 1339 1338 1340
f 1339 1340 1341
f 1341 1340 1342
f 1341 1342 1343
f 1343 1342 1344
f 1343 1344 1345
f 1345 1344 1346
f 1345 1346 1347
f 1347 1346 1348
f 1347 1348 1349
f 1349 1348 1350
f 1349 1350 1351
f 1351 1350 1352
f 1351 1352 1353
f 1353 1352 1354
f 1353 1354 1355
f 1355 1354 1356
f 1355 1356 1357
f 1357 1356 1358
f 1357 1358 1359
f 1359 1358 1360
f 1359 1360 1361
f 1361 1360 1362
f 1361 1362 1363
f 1363 1362 1364
f 1363 1364 1365
f 1365 1364 1366
f 1365 1366 1367
f 1367 1366 1368
f 1367 1368 1369
f 1369 1368 1370
f 1369 1370 1371
f 1371 1370 1372
f 1371 1372 1373
f 1373 1372 1374
f 1373 1374 1375
f 1375 1374 1376
f 1375 1376 1377
f 1377 1376 1378
f 1377 1378 1379
f 1379 1378 1380
f 1379 1380 1381
f 1381 1380 1382
f 1381 1382 1383
f 1383 1382 1384
f 1383 1384 1385
f 1385 1384 1386
f 1385 1386 1387
f 1387 1386 1388
f 1387 1388 1389
f 1389 1388 1390
f 1389 1390 1391
f 1391 1390 1392
f 1391 1392 1393
f 1393 1392 1394
f 1393 1394 1395
f 1395 1394 1396
f 1395 1396 1397
f 1397 1396 1398
f 1397 1398 1399
f 1399 1398 1400
f 1399 1400 1401
f 1401 1400 1402
f 1401 1402 1403
f 1403 1402 1404
f 1403 1404 1405
f 1405 1404 1406
f 1405 1406 1407
f 1407 1406 1408
f 1407 1408 1409
f 1409 1408 1410
f 1409 1410 1411
f 1411 1410 1412
f 1411 1412 1413
f 1413 1412 1414
f 1413 1414 1415
f 1415 1414 1416
f 1415 1416 1417
f 1417 1416 1418
f 1417 1418 1419
f 1419 1418 1420
f 1419 1420 1421
f 1421 1420 1422
f 1421 1422 1423
f 1423 1422 1424
f 1423 1424 1425
f 1425 1424 1426
f 1425 1426 1427
f 1427 1426 1428
f 1427 1428 1429
f 1429 1428 1430
f 1429 1430 1431
f 1431 1430 1432
f 1431 1432 1433
f 1433 1432 1434
f 1433 1434 1435
f 1435 1434 1436
f 1435 1436 1437
f 1437 1436 1438
f 1437 1438 1439
f 1439 1438 1440
f 1439 1440 1441
f 1441 1440 1442
f 1441 1442 1443
f 1443 1442 1444
f 1443 1444 1445
f 1445 1444 1446
f 1445 1446 1447
f 1447 1446 1448
f 1447 1448 1449
f 1449 1448 1450
f 1449 1450 1451
f 1451 1450 1452
f 1451 1452 1453
f 1453 1452 1454
f 1453 1454 1455
f 1455 1454 1456
f 1455 1456 1457
f 1457 1456 1458
f 1457 1458 1459
f 1459 1458 1460
f 1459 1460 1461
f 1461 1460 1462
f 1461 1462 1463
f 1463 1462 1464
f 1463 1464 1465
f 1465 1464 1466
f 1465 1466 1467
f 1467 1466 1468
f 1467 1468 1469
f 1469 1468 1470
f 1469 1470 1471
f 1471 1470 1472
f 1471 1472 1473
f 1473 1472 1474
f 1473 1474 1475
f 1475 1474 1476
f 1475 1476 1477
f 1477 1476 1478
f 1477 1478 1479
f 1479 1478 1480
f 1479 1480 1481
f 1481 1480 1482
f 1481 1482 1483
f 1483 1482 1484
f 1483 1484 1485
f 1485 1484 1486
f 1485 1486 1241
f 1241 1486 1242
f 1487 1488 1489
f 1489 1488 1490
f 1489 1490 1491
f 1491 1490 1492
f 1491 1492 1493
f 1493 1492 1494
f 1493 1494 1495
f 1495 1494 1496
f 1495 1496 1497
f 1497 1496 1498
f 1497 1498 1499
f 1499 1498 1500
f 1500 1498 1269
f 1500 1269 1271
f 1488 1487 1501
f 1501 1487 1502
f 1501 1502 1503
f 1501 1503 1504
f 1504 1503 1505
f 1504 1505 1506
f 1506 1505 1507
f 1506 1507 1508
f 1508 1507 1509
f 1508 1509 1510
f 1508 1510 1511
f 1511 1510 1512
f 1511 1512 1513
f 1513 1512 1514
f 1513 1514 1515
f 1515 1514 1516
f 1515 1516 1517
f 1517 1516 1518
f 1518 1516 1519
f 1518 1519 1520
f 1518 1520 1277
f 1277 1520 1521
f 1277 1521 1522
f 1277 1522 1275
f 1275 1522 1523
f 1275 1523 1524
f 1524 1525 1275
f 1275 1525 1273
f 1273 1525 1526
f 1273 1526 1527
f 1273 1527 1271
f 1271 1527 1528
f 1271 1528 1500
f 1529 1399 1530
f 1530 1399 1401
f 1530 1401 1531
f 1531 1401 1532
f 1531 1532 1533
f 1533 1532 1534
f 1534 1532 1535
f 1534 1535 1536
f 1536 1535 1537
f 1536 1537 1538
f 1538 1537 1539
f 1538 1539 1540
f 1540 1539 1541
f 1540 1541 1542
f 1542 1541 1543
f 1542 1543 1544
f 1544 1543 1545
f 1544 1545 1546
f 1546 1545 1547
f 1546 1547 1548
f 1548 1547 1549
f 1549 1547 1550
f 1549 1550 1551
f 1551 1550 1552
f 1551 1552 1553
f 1553 1552 1554
f 1553 1554 1555
f 1555 1554 1556
f 1555 1556 1557
f 1557 1556 1558
f 1558 1556 1559
f 1558 1559 1560
f 1529 1561 1399
f 1399 1561 1397
f 1397 1561 1562
f 1397 1562 1563
f 1397 1563 1395
f 1395 1563 1564
f 1395 1564 1565
f 1565 1566 1395
f 1395 1566 1393
f 1393 1566 1567
f 1393 1567 1568
f 1568 1567 1569
f 1568 1569 1570
f 1568 1570 1560
f 1560 1570 1558
f 1571 1331 1572
f 1572 1331 1333
f 1572 1333 1573
f 1573 1333 1574
f 1574 1333 1335
f 1574 1335 1575
f 1575 1335 1576
f 1576 1335 1337
f 1576 1337 1577
f 1577 1337 1578
f 1578 1337 1579
f 1579 1337 1339
f 1579 1339 1580
f 1580 1339 1581
f 1580 1581 1582
f 1582 1581 1583
f 1583 1581 1584
f 1583 1584 1585
f 1585 1584 1586
f 1585 1586 1587
f 1331 1571 1588
f 1588 1571 1589
f 1588 1589 1590
f 1588 1590 1591
f 1591 1590 1592
f 1591 1592 1593
f 1593 1592 1594
f 1593 1594 1595
f 1595 1594 1596
f 1595 1596 1597
f 1597 1596 1598
f 1597 1598 1599
f 1599 1598 1600
f 1599 1600 1601
f 1601 1600 1602
f 1601 1602 1603
f 1603 1602 1604
f 1603 1604 1605
f 1603 1605 1606
f 1606 1605 1607
f 1606 1607 1608
f 1608 1607 1609
f 1608 1609 1610
f 1610 1609 1611
f 1610 1611 1587
f 1587 1611 1612
f 1587 1612 1585
f 1613 1614 1615
f 1615 1614 1616
f 1615 1616 1617
f 1617 1616 1618
f 1617 1618 1619
f 1619 1618 1620
f 1620 1618 1621
f 1620 1621 1622
f 1622 1621 1623
f 1622 1623 1624
f 1624 1623 1625
f 1624 1625 1626
f 1626 1625 1627
f 1627 1625 1628
f 1627 1628 1629
f 1629 1628 1630
f 1629 1630 1631
f 1631 1630 1632
f 1631 1632 1633
f 1633 1632 1634
f 1633 1634 1635
f 1614 1613 1636
f 1636 1613 1637
f 1636 1637 1638
f 1638 1637 1639
f 1638 1639 1640
f 1640 1639 1641
f 1640 1641 1642
f 1642 1641 1643
f 1642 1643 1644
f 1645 1461 1644
f 1644 1461 1463
f 1644 1463 1642
f 1642 1463 1465
f 1642 1465 1467
f 1645 1646 1461
f 1461 1646 1459
f 1459 1646 1647
f 1459 1647 1648
f 1459 1648 1457
f 1457 1648 1649
f 1457 1649 1650
f 1650 1651 1457
f 1457 1651 1455
f 1455 1651 1652
f 1455 1652 1653
f 1455 1653 1635
f 1635 1653 1654
f 1635 1654 1633
f 1245 1655 1243
f 1243 1655 1656
f 1243 1656 1657
f 1655 1245 1658
f 1658 1245 1247
f 1658 1247 1659
f 1659 1247 1249
f 1659 1249 1660
f 1660 1249 1251
f 1660 1251 1661
f 1661 1251 1253
f 1661 1253 1662
f 1662 1253 1255
f 1662 1255 1663
f 1663 1255 1257
f 1663 1257 1664
f 1664 1257 1259
f 1664 1259 1665
f 1665 1259 1261
f 1665 1261 1666
f 1666 1261 1263
f 1666 1263 1265
f 1666 1265 1498
f 1498 1265 1267
f 1498 1267 1269
f 1277 1279 1518
f 1518 1279 1281
f 1518 1281 1283
f 1518 1283 1667
f 1667 1283 1285
f 1667 1285 1668
f 1668 1285 1287
f 1668 1287 1669
f 1669 1287 1289
f 1669 1289 1670
f 1670 1289 1291
f 1670 1291 1671
f 1671 1291 1293
f 1671 1293 1672
f 1672 1293 1295
f 1672 1295 1673
f 1673 1295 1297
f 1673 1297 1674
f 1674 1297 1299
f 1674 1299 1675
f 1675 1299 1301
f 1675 1301 1676
f 1676 1301 1303
f 1676 1303 1677
f 1677 1303 1305
f 1677 1305 1678
f 1678 1305 1307
f 1678 1307 1679
f 1679 1307 1309
f 1679 1309 1680
f 1680 1309 1311
f 1680 1311 1681
f 1681 1311 1313
f 1681 1313 1682
f 1682 1313 1315
f 1682 1315 1683
f 1683 1315 1317
f 1683 1317 1684
f 1684 1317 1319
f 1684 1319 1685
f 1685 1319 1321
f 1685 1321 1686
f 1686 1321 1323
f 1686 1323 1687
f 1687 1323 1325
f 1687 1325 1327
f 1687 1327 1588
f 1588 1327 1329
f 1588 1329 1331
f 1339 1341 1581
f 1581 1341 1343
f 1581 1343 1688
f 1688 1343 1345
f 1688 1345 1347
f 1688 1347 1689
f 1689 1347 1349
f 1689 1349 1690
f 1690 1349 1351
f 1690 1351 1691
f 1691 1351 1353
f 1691 1353 1692
f 1692 1353 1355
f 1692 1355 1693
f 1693 1355 1357
f 1693 1357 1694
f 1694 1357 1359
f 1694 1359 1695
f 1695 1359 1361
f 1695 1361 1696
f 1696 1361 1363
f 1696 1363 1697
f 1697 1363 1365
f 1697 1365 1698
f 1698 1365 1367
f 1698 1367 1699
f 1699 1367 1369
f 1699 1369 1700
f 1700 1369 1371
f 1700 1371 1701
f 1701 1371 1373
f 1701 1373 1702
f 1702 1373 1375
f 1702 1375 1703
f 1703 1375 1377
f 1703 1377 1704
f 1704 1377 1379
f 1704 1379 1705
f 1705 1379 1381
f 1705 1381 1706
f 1706 1381 1383
f 1706 1383 1707
f 1707 1383 1385
f 1707 1385 1708
f 1708 1385 1387
f 1708 1387 1389
f 1708 1389 1568
f 1568 1389 1391
f 1568 1391 1393
f 1401 1403 1532
f 1532 1403 1405
f 1532 1405 1709
f 1709 1405 1407
f 1709 1407 1409
f 1709 1409 1710
f 1710 1409 1411
f 1710 1411 1711
f 1711 1411 1413
f 1711 1413 1712
f 1712 1413 1415
f 1712 1415 1713
f 1713 1415 1417
f 1713 1417 1714
f 1714 1417 1419
f 1714 1419 1715
f 1715 1419 1421
f 1715 1421 1716
f 1716 1421 1423
f 1716 1423 1717
f 1717 1423 1425
f 1717 1425 1718
f 1718 1425 1427
f 1718 1427 1719
f 1719 1427 1429
f 1719 1429 1720
f 1720 1429 1431
f 1720 1431 1721
f 1721 1431 1433
f 1721 1433 1722
f 1722 1433 1435
f 1722 1435 1723
f 1723 1435 1437
f 1723 1437 1724
f 1724 1437 1439
f 1724 1439 1725
f 1725 1439 1441
f 1725 1441 1726
f 1726 1441 1443
f 1726 1443 1727
f 1727 1443 1445
f 1727 1445 1728
f 1728 1445 1447
f 1728 1447 1729
f 1729 1447 1449
f 1729 1449 1635
f 1635 1449 1451
f 1635 1451 1453
f 1453 1455 1635
f 1642 1467 1730
f 1730 1467 1469
f 1730 1469 1471
f 1730 1471 1731
f 1731 1471 1473
f 1731 1473 1732
f 1732 1473 1475
f 1732 1475 1733
f 1733 1475 1477
f 1733 1477 1734
f 1734 1477 1479
f 1734 1479 1735
f 1735 1479 1481
f 1735 1481 1736
f 1736 1481 1483
f 1736 1483 1737
f 1737 1483 1485
f 1737 1485 1738
f 1738 1485 1241
f 1738 1241 1657
f 1657 1241 1243
f 1617 1009 1615
f 1615 1009 1011
f 1615 1011 1613
f 1613 1011 1013
f 1613 1013 1637
f 1637 1013 1015
f 1637 1015 1639
f 1639 1015 1017
f 1639 1017 1641
f 1641 1017 1019
f 1641 1019 1643
f 1643 1019 1021
f 1643 1021 1644
f 1644 1021 1022
f 1644 1022 1645
f 1645 1022 1024
f 1645 1024 1646
f 1646 1024 1025
f 1646 1025 1647
f 1647 1025 1026
f 1647 1026 1648
f 1648 1026 1027
f 1648 1027 1649
f 1649 1027 1233
f 1649 1233 1650
f 1650 1233 1232
f 1650 1232 1651
f 1651 1232 1231
f 1651 1231 1652
f 1652 1231 1230
f 1652 1230 1653
f 1653 1230 993
f 1653 993 1654
f 1654 993 992
f 1654 992 1633
f 1633 992 990
f 1633 990 1631
f 1631 990 995
f 1631 995 1629
f 1629 995 997
f 1629 997 1627
f 1627 997 999
f 1627 999 1626
f 1626 999 1001
f 1626 1001 1624
f 1624 1001 1002
f 1624 1002 1622
f 1622 1002 1004
f 1622 1004 1620
f 1620 1004 1006
f 1620 1006 1619
f 1619 1006 1008
f 1619 1008 1617
f 1617 1008 1009
f 1491 1064 1489
f 1489 1064 1066
f 1489 1066 1487
f 1487 1066 1068
f 1487 1068 1502
f 1502 1068 1070
f 1502 1070 1503
f 1503 1070 1071
f 1503 1071 1505
f 1505 1071 1073
f 1505 1073 1507
f 1507 1073 1074
f 1507 1074 1509
f 1509 1074 1075
f 1509 1075 1510
f 1510 1075 1076
f 1510 1076 1512
f 1512 1076 1240
f 1512 1240 1514
f 1514 1240 1239
f 1514 1239 1516
f 1516 1239 1238
f 1516 1238 1519
f 1519 1238 1237
f 1519 1237 1520
f 1520 1237 1236
f 1520 1236 1521
f 1521 1236 1235
f 1521 1235 1522
f 1522 1235 1052
f 1522 1052 1523
f 1523 1052 1051
f 1523 1051 1524
f 1524 1051 1049
f 1524 1049 1525
f 1525 1049 1048
f 1525 1048 1526
f 1526 1048 1234
f 1526 1234 1527
f 1527 1234 1056
f 1527 1056 1528
f 1528 1056 1055
f 1528 1055 1500
f 1500 1055 1054
f 1500 1054 1499
f 1499 1054 1059
f 1499 1059 1497
f 1497 1059 1058
f 1497 1058 1495
f 1495 1058 1060
f 1495 1060 1493
f 1493 1060 1062
f 1493 1062 1491
f 1491 1062 1064
f 1531 1205 1530
f 1530 1205 1206
f 1530 1206 1529
f 1529 1206 1208
f 1529 1208 1561
f 1561 1208 1209
f 1561 1209 1562
f 1562 1209 1168
f 1562 1168 1563
f 1563 1168 1167
f 1563 1167 1564
f 1564 1167 1172
f 1564 1172 1565
f 1565 1172 1171
f 1565 1171 1566
f 1566 1171 1170
f 1566 1170 1567
f 1567 1170 1176
f 1567 1176 1569
f 1569 1176 1175
f 1569 1175 1570
f 1570 1175 1174
f 1570 1174 1558
f 1558 1174 1177
f 1558 1177 1557
f 1557 1177 1182
f 1557 1182 1555
f 1555 1182 1181
f 1555 1181 1553
f 1553 1181 1183
f 1553 1183 1551
f 1551 1183 1185
f 1551 1185 1549
f 1549 1185 1187
f 1549 1187 1548
f 1548 1187 1189
f 1548 1189 1546
f 1546 1189 1190
f 1546 1190 1544
f 1544 1190 1192
f 1544 1192 1542
f 1542 1192 1194
f 1542 1194 1540
f 1540 1194 1196
f 1540 1196 1538
f 1538 1196 1198
f 1538 1198 1536
f 1536 1198 1200
f 1536 1200 1534
f 1534 1200 1202
f 1534 1202 1533
f 1533 1202 1204
f 1533 1204 1531
f 1531 1204 1205
f 1573 1108 1572
f 1572 1108 1107
f 1572 1107 1571
f 1571 1107 1113
f 1571 1113 1589
f 1589 1113 1112
f 1589 1112 1590
f 1590 1112 1111
f 1590 1111 1592
f 1592 1111 1114
f 1592 1114 1594
f 1594 1114 1119
f 1594 1119 1596
f 1596 1119 1118
f 1596 1118 1598
f 1598 1118 1120
f 1598 1120 1600
f 1600 1120 1122
f 1600 1122 1602
f 1602 1122 1124
f 1602 1124 1604
f 1604 1124 1126
f 1604 1126 1605
f 1605 1126 1127
f 1605 1127 1607
f 1607 1127 1129
f 1607 1129 1609
f 1609 1129 1131
f 1609 1131 1611
f 1611 1131 1133
f 1611 1133 1612
f 1612 1133 1135
f 1612 1135 1585
f 1585 1135 1137
f 1585 1137 1583
f 1583 1137 1139
f 1583 1139 1582
f 1582 1139 1141
f 1582 1141 1580
f 1580 1141 1142
f 1580 1142 1579
f 1579 1142 1143
f 1579 1143 1578
f 1578 1143 1145
f 1578 1145 1577
f 1577 1145 1146
f 1577 1146 1576
f 1576 1146 1105
f 1576 1105 1575
f 1575 1105 1104
f 1575 1104 1574
f 1574 1104 1109
f 1574 1109 1573
f 1573 1109 1108
f 991 1229 1635
f 1635 1229 1729
f 1729 1229 1728
f 1728 1229 1228
f 1728 1228 1727
f 1727 1228 1227
f 1727 1227 1726
f 1726 1227 1226
f 1726 1226 1725
f 1725 1226 1225
f 1725 1225 1724
f 1724 1225 1224
f 1724 1224 1723
f 1723 1224 1223
f 1723 1223 1722
f 1722 1223 1222
f 1722 1222 1721
f 1721 1222 1221
f 1721 1221 1720
f 1720 1221 1220
f 1720 1220 1719
f 1719 1220 1219
f 1719 1219 1718
f 1718 1219 1218
f 1718 1218 1717
f 1717 1218 1217
f 1717 1217 1716
f 1716 1217 1216
f 1716 1216 1715
f 1715 1216 1215
f 1715 1215 1714
f 1714 1215 1214
f 1714 1214 1713
f 1713 1214 1213
f 1713 1213 1712
f 1712 1213 1212
f 1712 1212 1711
f 1711 1212 1211
f 1711 1211 1710
f 1710 1211 1210
f 1710 1210 1709
f 1709 1210 1207
f 1207 1203 1709
f 1709 1203 1532
f 1532 1203 1535
f 1535 1203 1201
f 1535 1201 1199
f 1535 1199 1537
f 1537 1199 1197
f 1537 1197 1539
f 1539 1197 1195
f 1539 1195 1541
f 1541 1195 1193
f 1541 1193 1543
f 1543 1193 1191
f 1543 1191 1545
f 1545 1191 1188
f 1545 1188 1547
f 1547 1188 1186
f 1547 1186 1550
f 1550 1186 1184
f 1550 1184 1552
f 1552 1184 1180
f 1552 1180 1554
f 1554 1180 1179
f 1554 1179 1556
f 1556 1179 1178
f 1556 1178 1559
f 1559 1178 1173
f 1559 1173 1560
f 1560 1173 1568
f 1568 1173 1169
f 1169 1166 1568
f 1568 1166 1708
f 1708 1166 1707
f 1707 1166 1165
f 1707 1165 1706
f 1706 1165 1164
f 1706 1164 1705
f 1705 1164 1163
f 1705 1163 1704
f 1704 1163 1162
f 1704 1162 1703
f 1703 1162 1161
f 1703 1161 1702
f 1702 1161 1160
f 1702 1160 1701
f 1701 1160 1159
f 1701 1159 1700
f 1700 1159 1158
f 1700 1158 1699
f 1699 1158 1157
f 1699 1157 1698
f 1698 1157 1156
f 1698 1156 1697
f 1697 1156 1155
f 1697 1155 1696
f 1696 1155 1154
f 1696 1154 1695
f 1695 1154 1153
f 1695 1153 1694
f 1694 1153 1152
f 1694 1152 1693
f 1693 1152 1151
f 1693 1151 1692
f 1692 1151 1150
f 1692 1150 1691
f 1691 1150 1149
f 1691 1149 1690
f 1690 1149 1148
f 1690 1148 1689
f 1689 1148 1147
f 1689 1147 1688
f 1688 1147 1144
f 1144 1140 1688
f 1688 1140 1581
f 1581 1140 1584
f 1584 1140 1138
f 1584 1138 1136
f 1584 1136 1586
f 1586 1136 1134
f 1586 1134 1587
f 1587 1134 1132
f 1587 1132 1610
f 1610 1132 1130
f 1610 1130 1608
f 1608 1130 1128
f 1608 1128 1606
f 1606 1128 1125
f 1606 1125 1603
f 1603 1125 1123
f 1603 1123 1601
f 1601 1123 1121
f 1601 1121 1599
f 1599 1121 1117
f 1599 1117 1597
f 1597 1117 1116
f 1597 1116 1595
f 1595 1116 1115
f 1595 1115 1593
f 1593 1115 1110
f 1593 1110 1591
f 1591 1110 1588
f 1588 1110 1106
f 1106 1103 1588
f 1588 1103 1687
f 1687 1103 1686
f 1686 1103 1102
f 1686 1102 1685
f 1685 1102 1101
f 1685 1101 1684
f 1684 1101 1100
f 1684 1100 1683
f 1683 1100 1099
f 1683 1099 1682
f 1682 1099 1098
f 1682 1098 1681
f 1681 1098 1097
f 1681 1097 1680
f 1680 1097 1096
f 1680 1096 1679
f 1679 1096 1095
f 1679 1095 1678
f 1678 1095 1094
f 1678 1094 1677
f 1677 1094 1093
f 1677 1093 1676
f 1676 1093 1092
f 1676 1092 1675
f 1675 1092 1091
f 1675 1091 1674
f 1674 1091 1090
f 1674 1090 1673
f 1673 1090 1089
f 1673 1089 1672
f 1672 1089 1088
f 1672 1088 1671
f 1671 1088 1087
f 1671 1087 1670
f 1670 1087 1086
f 1670 1086 1669
f 1669 1086 1085
f 1669 1085 1668
f 1668 1085 1084
f 1668 1084 1667
f 1667 1084 1050
f 1050 1083 1667
f 1667 1083 1518
f 1518 1083 1517
f 1517 1083 1082
f 1517 1082 1081
f 1517 1081 1515
f 1515 1081 1080
f 1515 1080 1513
f 1513 1080 1079
f 1513 1079 1511
f 1511 1079 1078
f 1511 1078 1508
f 1508 1078 1077
f 1508 1077 1506
f 1506 1077 1072
f 1506 1072 1504
f 1504 1072 1069
f 1504 1069 1501
f 1501 1069 1067
f 1501 1067 1488
f 1488 1067 1065
f 1488 1065 1490
f 1490 1065 1063
f 1490 1063 1492
f 1492 1063 1061
f 1492 1061 1494
f 1494 1061 1057
f 1494 1057 1496
f 1496 1057 1498
f 1498 1057 1053
f 1053 1047 1498
f 1498 1047 1666
f 1666 1047 1665
f 1665 1047 1046
f 1665 1046 1664
f 1664 1046 1045
f 1664 1045 1663
f 1663 1045 1044
f 1663 1044 1662
f 1662 1044 1043
f 1662 1043 1661
f 1661 1043 1042
f 1661 1042 1660
f 1660 1042 1041
f 1660 1041 1659
f 1659 1041 1040
f 1659 1040 1658
f 1658 1040 1039
f 1658 1039 1655
f 1655 1039 1038
f 1655 1038 1656
f 1656 1038 1037
f 1656 1037 1657
f 1657 1037 1036
f 1657 1036 1738
f 1738 1036 1035
f 1738 1035 1737
f 1737 1035 1034
f 1737 1034 1736
f 1736 1034 1033
f 1736 1033 1735
f 1735 1033 1032
f 1735 1032 1734
f 1734 1032 1031
f 1734 1031 1733
f 1733 1031 1030
f 1733 1030 1732
f 1732 1030 1029
f 1732 1029 1731
f 1731 1029 1028
f 1731 1028 1730
f 1730 1028 1023
f 1023 1020 1730
f 1730 1020 1642
f 1642 1020 1640
f 1640 1020 1018
f 1640 1018 1016
f 1640 1016 1638
f 1638 1016 1014
f 1638 1014 1636
f 1636 1014 1012
f 1636 1012 1614
f 1614 1012 1010
f 1614 1010 1616
f 1616 1010 1007
f 1616 1007 1618
f 1618 1007 1005
f 1618 1005 1621
f 1621 1005 1003
f 1621 1003 1623
f 1623 1003 1000
f 1623 1000 1625
f 1625 1000 998
f 1625 998 1628
f 1628 998 996
f 1628 996 1630
f 1630 996 994
f 1630 994 1632
f 1632 994 989
f 1632 989 1634
f 1634 989 1635
f 1635 989 991
f 1 1246 2
f 2 1246 1244
f 2 1244 4
f 4 1244 1242
f 4 1242 6
f 6 1242 8
f 8 1242 1486
f 8 1486 10
f 10 1486 12
f 12 1486 1484
f 12 1484 14
f 14 1484 1482
f 14 1482 16
f 16 1482 18
f 18 1482 20
f 20 1482 1480
f 20 1480 1478
f 1 144 1246
f 1246 144 1248
f 1248 144 142
f 1248 142 140
f 1248 140 1250
f 1250 140 138
f 1250 138 136
f 1250 136 1252
f 1252 136 134
f 1252 134 1254
f 1254 134 132
f 1254 132 130
f 130 128 1254
f 1254 128 1256
f 1256 128 126
f 1256 126 124
f 1256 124 1258
f 1258 124 122
f 1258 122 120
f 120 118 1258
f 1258 118 116
f 1258 116 1260
f 1260 116 114
f 1260 114 112
f 112 110 1260
f 1260 110 1352
f 1260 1352 1350
f 110 108 1352
f 1352 108 106
f 1352 106 104
f 104 102 1352
f 1352 102 100
f 1352 100 99
f 99 97 1352
f 1352 97 95
f 1352 95 93
f 93 91 1352
f 1352 91 89
f 1352 89 87
f 87 85 1352
f 1352 85 83
f 1352 83 1354
f 1354 83 1356
f 1356 83 81
f 1356 81 1358
f 1358 81 79
f 1358 79 1360
f 1360 79 1362
f 1362 79 77
f 1362 77 1364
f 1364 77 1366
f 1366 77 75
f 1366 75 1368
f 1368 75 73
f 1368 73 1370
f 1370 73 1372
f 1372 73 71
f 1372 71 1374
f 1374 71 1376
f 1376 71 69
f 1376 69 1378
f 1378 69 67
f 1378 67 1380
f 1380 67 1382
f 1382 67 65
f 1382 65 63
f 63 61 1382
f 1382 61 59
f 1382 59 57
f 57 55 1382
f 1382 55 53
f 1382 53 52
f 52 50 1382
f 1382 50 48
f 1382 48 46
f 46 44 1382
f 1382 44 42
f 1382 42 40
f 40 38 1382
f 1382 38 1384
f 1384 38 1386
f 1386 38 1388
f 1388 38 1390
f 1390 38 1392
f 1392 38 1394
f 1394 38 1396
f 1396 38 1398
f 1398 38 1400
f 1400 38 1402
f 1402 38 1404
f 1404 38 1406
f 1406 38 1408
f 1408 38 1410
f 1410 38 1412
f 1412 38 1414
f 1414 38 1416
f 1416 38 1418
f 1418 38 1420
f 1420 38 1422
f 1422 38 1424
f 1424 38 1426
f 1426 38 1428
f 1428 38 1430
f 1430 38 1432
f 1432 38 36
f 1432 36 1434
f 1434 36 1436
f 1436 36 34
f 1436 34 1438
f 1438 34 32
f 1438 32 1440
f 1440 32 1442
f 1442 32 30
f 1442 30 1444
f 1444 30 1446
f 1446 30 28
f 1446 28 1448
f 1448 28 26
f 1448 26 1450
f 1450 26 1452
f 1452 26 24
f 1452 24 1454
f 1454 24 1456
f 1456 24 22
f 1456 22 1458
f 1458 22 20
f 1458 20 1460
f 1460 20 1462
f 1462 20 1464
f 1464 20 1466
f 1466 20 1468
f 1468 20 1470
f 1470 20 1472
f 1472 20 1474
f 1474 20 1476
f 1476 20 1478
f 1260 1350 1262
f 1262 1350 1348
f 1262 1348 1264
f 1264 1348 1346
f 1264 1346 1266
f 1266 1346 1344
f 1266 1344 1268
f 1268 1344 1342
f 1268 1342 1270
f 1270 1342 1340
f 1270 1340 1272
f 1272 1340 1338
f 1272 1338 1274
f 1274 1338 1336
f 1274 1336 1276
f 1276 1336 1334
f 1276 1334 1278
f 1278 1334 1332
f 1278 1332 1280
f 1280 1332 1330
f 1280 1330 1282
f 1282 1330 1328
f 1282 1328 1284
f 1284 1328 1326
f 1284 1326 1286
f 1286 1326 1324
f 1286 1324 1288
f 1288 1324 1322
f 1288 1322 1290
f 1290 1322 1320
f 1290 1320 1292
f 1292 1320 1318
f 1292 1318 1294
f 1294 1318 1316
f 1294 1316 1296
f 1296 1316 1314
f 1296 1314 1298
f 1298 1314 1312
f 1298 1312 1300
f 1300 1312 1310
f 1300 1310 1302
f 1302 1310 1308
f 1302 1308 1304
f 1304 1308 1306
# 1738 vertices
# 0 texture params
# 0 normals
# 3492 facets

# 1 groups
