# Blender 3.3.1
# www.blender.org
mtllib untitled.mtl
o lid
v -159.177948 0.000000 120.946121
v -159.250000 0.000000 119.250000
v -157.250000 -2.000000 119.250000
v -159.177948 0.000000 117.553879
v -157.179565 -2.000000 117.659157
v -158.962311 0.000000 115.869980
v -156.968796 -2.000000 116.080765
v -158.604660 0.000000 114.210442
v -156.619370 -2.000000 114.527176
v -158.107544 0.000000 112.587204
v -156.134003 -2.000000 113.010551
v -157.474564 0.000000 111.011978
v -155.516479 -2.000000 111.542763
v -156.710281 0.000000 109.496101
v -154.771667 -2.000000 110.135284
v -155.820190 0.000000 108.050507
v -153.905365 -2.000000 108.799149
v -154.810715 0.000000 106.685600
v -152.924362 -2.000000 107.544800
v -153.689117 0.000000 105.411224
v -151.836349 -2.000000 106.382065
v -152.463501 0.000000 104.236557
v -150.649826 -2.000000 105.320038
v -151.142670 0.000000 103.170059
v -149.374084 -2.000000 104.367027
v -149.736145 0.000000 102.219414
v -148.019104 -2.000000 103.530502
v -148.254074 0.000000 101.391479
v -146.595505 -2.000000 102.817001
v -146.707123 0.000000 100.692223
v -145.114410 -2.000000 102.232109
v -145.106461 0.000000 100.126663
v -143.587418 -2.000000 101.780403
v -143.463593 0.000000 99.698898
v -142.026474 -2.000000 101.465424
v -141.790359 0.000000 99.411995
v -140.443817 -2.000000 101.289635
v -140.098831 0.000000 99.268021
v -138.851807 -2.000000 101.254402
v -138.401169 0.000000 99.268021
v -137.262909 -2.000000 101.360016
v -136.709641 0.000000 99.411995
v -135.689560 -2.000000 101.605644
v -135.036407 0.000000 99.698898
v -134.144089 -2.000000 101.989365
v -133.393539 0.000000 100.126663
v -132.638565 -2.000000 102.508163
v -131.792877 0.000000 100.692223
v -131.184799 -2.000000 103.157997
v -130.245926 0.000000 101.391479
v -129.794144 -2.000000 103.933769
v -128.763855 0.000000 102.219414
v -127.357338 0.000000 103.170059
v -128.477493 -2.000000 104.829414
v -126.036507 0.000000 104.236557
v -127.245163 -2.000000 105.837921
v -124.810875 0.000000 105.411224
v -126.106773 -2.000000 106.951393
v -123.689285 0.000000 106.685600
v -125.071259 -2.000000 108.161118
v -122.679810 0.000000 108.050507
v -124.146706 -2.000000 109.457634
v -121.789719 0.000000 109.496101
v -123.340355 -2.000000 110.830780
v -121.025429 0.000000 111.011978
v -122.658524 -2.000000 112.269821
v -120.392448 0.000000 112.587204
v -122.106537 -2.000000 113.763496
v -119.895340 0.000000 114.210442
v -121.688728 -2.000000 115.300110
v -119.537682 0.000000 115.869980
v -121.408356 -2.000000 116.867630
v -119.322052 0.000000 117.553879
v -121.267616 -2.000000 118.453796
v -119.250000 0.000000 119.250000
v -121.267616 -2.000000 120.046204
v -119.322052 0.000000 120.946121
v -121.408356 -2.000000 121.632370
v -119.537682 0.000000 122.630020
v -121.688728 -2.000000 123.199890
v -119.895340 0.000000 124.289558
v -122.106537 -2.000000 124.736504
v -120.392448 0.000000 125.912796
v -122.658524 -2.000000 126.230179
v -121.025429 0.000000 127.488022
v -123.340355 -2.000000 127.669220
v -121.789719 0.000000 129.003906
v -124.146706 -2.000000 129.042374
v -122.679810 0.000000 130.449493
v -125.071259 -2.000000 130.338882
v -123.689285 0.000000 131.814407
v -126.106773 -2.000000 131.548599
v -124.810875 0.000000 133.088776
v -127.245163 -2.000000 132.662079
v -126.036507 0.000000 134.263443
v -128.477493 -2.000000 133.670578
v -127.357338 0.000000 135.329941
v -129.794144 -2.000000 134.566223
v -128.763855 0.000000 136.280579
v -130.245926 0.000000 137.108521
v -131.184799 -2.000000 135.341995
v -131.792877 0.000000 137.807785
v -132.638565 -2.000000 135.991837
v -133.393539 0.000000 138.373337
v -134.144089 -2.000000 136.510635
v -135.036407 0.000000 138.801102
v -135.689560 -2.000000 136.894363
v -136.709641 0.000000 139.088013
v -137.262909 -2.000000 137.139984
v -138.401169 0.000000 139.231979
v -138.851807 -2.000000 137.245590
v -140.098831 0.000000 139.231979
v -140.443817 -2.000000 137.210373
v -141.790359 0.000000 139.088013
v -142.026474 -2.000000 137.034576
v -143.463593 0.000000 138.801102
v -143.587418 -2.000000 136.719589
v -145.106461 0.000000 138.373337
v -145.114410 -2.000000 136.267899
v -146.707123 0.000000 137.807785
v -146.595505 -2.000000 135.682999
v -148.254074 0.000000 137.108521
v -148.019104 -2.000000 134.969498
v -149.736145 0.000000 136.280579
v -149.374084 -2.000000 134.132965
v -151.142670 0.000000 135.329941
v -150.649826 -2.000000 133.179962
v -152.463501 0.000000 134.263443
v -151.836349 -2.000000 132.117935
v -153.689117 0.000000 133.088776
v -152.924362 -2.000000 130.955200
v -154.810715 0.000000 131.814407
v -153.905365 -2.000000 129.700851
v -155.820190 0.000000 130.449493
v -154.771667 -2.000000 128.364716
v -156.710281 0.000000 129.003906
v -155.516479 -2.000000 126.957237
v -157.474564 0.000000 127.488022
v -156.134003 -2.000000 125.489449
v -158.107544 0.000000 125.912796
v -156.619370 -2.000000 123.972824
v -158.604660 0.000000 124.289558
v -156.968796 -2.000000 122.419235
v -158.962311 0.000000 122.630020
v -157.179565 -2.000000 120.840843
v -154.179977 -2.000000 120.697708
v -154.250000 -2.000000 119.250000
v -153.970551 -2.000000 122.131897
v -153.623688 -2.000000 123.539185
v -153.142624 -2.000000 124.906425
v -152.531845 -2.000000 126.220848
v -151.797058 -2.000000 127.470184
v -150.945114 -2.000000 128.642776
v -149.983978 -2.000000 129.727676
v -148.922638 -2.000000 130.714737
v -147.770966 -2.000000 131.594757
v -146.539749 -2.000000 132.359528
v -145.240463 -2.000000 133.001877
v -143.885254 -2.000000 133.515854
v -142.486755 -2.000000 133.896622
v -141.058044 -2.000000 134.140640
v -139.612457 -2.000000 134.245621
v -138.163483 -2.000000 134.210602
v -136.724640 -2.000000 134.035889
v -135.309387 -2.000000 133.723129
v -133.930923 -2.000000 133.275238
v -132.602127 -2.000000 132.696411
v -131.335403 -2.000000 131.992020
v -130.142563 -2.000000 131.168671
v -129.034760 -2.000000 130.234024
v -128.022339 -2.000000 129.196838
v -127.114746 -2.000000 128.066772
v -126.320457 -2.000000 126.854401
v -125.646881 -2.000000 125.571014
v -125.100327 -2.000000 124.228615
v -124.685875 -2.000000 122.839737
v -124.407402 -2.000000 121.417336
v -124.267517 -2.000000 119.974701
v -124.267517 -2.000000 118.525299
v -124.407402 -2.000000 117.082664
v -124.685875 -2.000000 115.660263
v -125.100327 -2.000000 114.271385
v -125.646881 -2.000000 112.928986
v -126.320457 -2.000000 111.645599
v -127.114746 -2.000000 110.433220
v -128.022339 -2.000000 109.303162
v -129.034760 -2.000000 108.265968
v -130.142563 -2.000000 107.331337
v -131.335403 -2.000000 106.507980
v -132.602127 -2.000000 105.803596
v -133.930923 -2.000000 105.224754
v -135.309387 -2.000000 104.776863
v -136.724640 -2.000000 104.464111
v -138.163483 -2.000000 104.289406
v -139.612457 -2.000000 104.254379
v -141.058044 -2.000000 104.359367
v -142.486755 -2.000000 104.603386
v -143.885254 -2.000000 104.984154
v -145.240463 -2.000000 105.498116
v -146.539749 -2.000000 106.140480
v -147.770966 -2.000000 106.905243
v -148.922638 -2.000000 107.785263
v -149.983978 -2.000000 108.772331
v -150.945114 -2.000000 109.857224
v -151.797058 -2.000000 111.029816
v -152.531845 -2.000000 112.279152
v -153.142624 -2.000000 113.593575
v -153.623688 -2.000000 114.960815
v -153.970551 -2.000000 116.368103
v -154.179977 -2.000000 117.802292
v -154.179977 0.000000 117.802292
v -154.250000 0.000000 119.250000
v -154.179977 0.000000 120.697708
v -153.970551 0.000000 122.131897
v -153.970551 0.000000 116.368103
v -153.623688 0.000000 114.960815
v -153.142624 0.000000 113.593575
v -152.531845 0.000000 112.279152
v -151.797058 0.000000 111.029816
v -150.945114 0.000000 109.857224
v -149.983978 0.000000 108.772331
v -148.922638 0.000000 107.785263
v -147.770966 0.000000 106.905243
v -146.539749 0.000000 106.140480
v -145.240463 0.000000 105.498116
v -143.885254 0.000000 104.984154
v -142.486755 0.000000 104.603386
v -141.058044 0.000000 104.359367
v -139.612457 0.000000 104.254379
v -138.163483 0.000000 104.289406
v -136.724640 0.000000 104.464111
v -135.309387 0.000000 104.776863
v -133.930923 0.000000 105.224754
v -132.602127 0.000000 105.803596
v -131.335403 0.000000 106.507980
v -130.142563 0.000000 107.331337
v -129.034760 0.000000 108.265968
v -128.022339 0.000000 109.303162
v -127.114746 0.000000 110.433220
v -126.320457 0.000000 111.645599
v -125.646881 0.000000 112.928986
v -125.100327 0.000000 114.271385
v -124.685875 0.000000 115.660263
v -124.407402 0.000000 117.082664
v -124.267517 0.000000 118.525299
v -124.267517 0.000000 119.974701
v -124.407402 0.000000 121.417336
v -124.685875 0.000000 122.839737
v -125.100327 0.000000 124.228615
v -125.646881 0.000000 125.571014
v -126.320457 0.000000 126.854401
v -127.114746 0.000000 128.066772
v -128.022339 0.000000 129.196838
v -129.034760 0.000000 130.234024
v -130.142563 0.000000 131.168671
v -131.335403 0.000000 131.992020
v -132.602127 0.000000 132.696411
v -133.930923 0.000000 133.275238
v -135.309387 0.000000 133.723129
v -136.724640 0.000000 134.035889
v -138.163483 0.000000 134.210602
v -139.612457 0.000000 134.245621
v -141.058044 0.000000 134.140640
v -142.486755 0.000000 133.896622
v -143.885254 0.000000 133.515854
v -145.240463 0.000000 133.001877
v -146.539749 0.000000 132.359528
v -147.770966 0.000000 131.594757
v -148.922638 0.000000 130.714737
v -149.983978 0.000000 129.727676
v -150.945114 0.000000 128.642776
v -151.797058 0.000000 127.470184
v -152.531845 0.000000 126.220848
v -153.142624 0.000000 124.906425
v -153.623688 0.000000 123.539185
v -154.264343 0.694593 118.068344
v -154.310776 0.694593 119.250000
v -154.264343 0.694593 120.431656
v -154.491226 1.368081 119.250000
v -154.444244 1.368081 120.445816
v -154.785904 2.000000 119.250000
v -154.738007 2.000000 120.468933
v -155.185822 2.571151 119.250000
v -155.136703 2.571151 120.500313
v -155.678848 3.064178 119.250000
v -155.628204 3.064178 120.538994
v -156.250000 3.464102 119.250000
v -156.197601 3.464102 120.583801
v -156.881912 3.758770 119.250000
v -156.827560 3.758770 120.633385
v -157.555405 3.939231 119.250000
v -157.498978 3.939231 120.686226
v -158.250000 4.000000 119.250000
v -158.179672 4.000000 120.883331
v -154.125351 0.694593 116.893974
v -153.894638 0.694593 115.734131
v -153.573639 0.694593 114.595970
v -153.164337 0.694593 113.486496
v -152.669250 0.694593 112.412552
v -152.091415 0.694593 111.380768
v -152.245285 1.368081 111.286476
v -151.580414 1.368081 110.291428
v -151.818802 2.000000 110.118225
v -151.063583 2.000000 109.160240
v -151.367691 2.571151 108.900513
v -150.518326 2.571151 107.981674
v -150.866943 3.064178 107.633049
v -149.919678 3.064178 106.757408
v -150.290619 3.464102 106.323097
v -149.242355 3.464102 105.496712
v -149.613785 3.758770 104.985481
v -148.462646 3.758770 104.216316
v -148.814545 3.939231 103.642075
v -147.560486 3.939231 102.939766
v -148.985062 4.000000 102.933487
v -147.546371 4.000000 102.157013
v -146.255173 3.939231 102.338005
v -146.046265 4.000000 101.507095
v -144.906677 3.939231 101.840523
v -144.495850 4.000000 100.988533
v -143.523315 3.939231 101.450371
v -142.906586 4.000000 100.605179
v -142.113602 3.939231 101.169960
v -141.290253 4.000000 100.359863
v -140.686218 3.939231 101.001022
v -139.658813 4.000000 100.254402
v -139.250000 3.939231 100.944595
v -138.024338 4.000000 100.289574
v -137.813782 3.939231 101.001022
v -136.398941 4.000000 100.465126
v -136.386398 3.939231 101.169960
v -134.794662 4.000000 100.779755
v -134.976685 3.939231 101.450371
v -133.593323 3.939231 101.840523
v -135.133911 3.758770 102.105255
v -133.801437 3.758770 102.481049
v -135.281433 3.464102 102.719711
v -133.996704 3.464102 103.082039
v -135.414764 3.064178 103.275078
v -134.173203 3.064178 103.625237
v -135.529861 2.571151 103.754486
v -134.325562 2.571151 104.094131
v -135.623215 2.000000 104.143356
v -134.449142 2.000000 104.474480
v -135.692001 1.368081 104.429886
v -134.540207 1.368081 104.754730
v -135.734131 0.694593 104.605362
v -134.595963 0.694593 104.926361
v -151.434418 0.694593 110.397499
v -150.839523 1.368081 109.351616
v -150.235535 2.000000 108.264458
v -149.599487 2.571151 107.132309
v -148.906631 3.064178 105.958778
v -148.132477 3.464102 104.755119
v -147.254730 3.758770 103.539848
v -150.702301 0.694593 109.468811
v -150.027176 1.368081 108.472824
v -149.339752 2.000000 107.436409
v -148.616837 2.571151 106.357651
v -147.834045 3.064178 105.242104
v -146.967834 3.464102 104.102890
v -145.997437 3.758770 102.960228
v -149.899567 0.694593 108.600426
v -149.148392 1.368081 107.660477
v -148.381775 2.000000 106.681190
v -147.576447 2.571151 105.662476
v -146.708542 3.064178 104.611786
v -145.755615 3.464102 103.544044
v -144.698563 3.758770 102.481049
v -149.031189 0.694593 107.797699
v -148.208572 1.368081 106.919586
v -147.367477 2.000000 106.003471
v -146.484711 2.571151 105.051079
v -145.537048 3.064178 104.071724
v -144.503296 3.464102 103.082039
v -143.366089 3.758770 102.105255
v -148.102493 0.694593 107.065582
v -147.119232 0.694593 106.408585
v -146.087448 0.694593 105.830757
v -145.013504 0.694593 105.335663
v -143.904037 0.694593 104.926361
v -142.765869 0.694593 104.605362
v -142.807999 1.368081 104.429886
v -141.634247 1.368081 104.196419
v -141.680344 2.000000 103.905373
v -140.468933 2.000000 103.761993
v -140.500305 2.571151 103.363304
v -139.250000 2.571151 103.314178
v -139.250000 3.064178 102.821152
v -137.961014 3.064178 102.871796
v -137.916199 3.464102 102.302406
v -136.590607 3.464102 102.459297
v -136.491760 3.758770 101.835159
v -141.606018 0.694593 104.374657
v -140.445816 1.368081 104.055756
v -139.250000 2.000000 103.714104
v -137.999695 2.571151 103.363304
v -136.679962 3.064178 103.023415
v -140.431656 0.694593 104.235657
v -139.250000 1.368081 104.008774
v -138.031067 2.000000 103.761993
v -136.757095 2.571151 103.510376
v -139.250000 0.694593 104.189232
v -138.054184 1.368081 104.055756
v -136.819656 2.000000 103.905373
v -138.068344 0.694593 104.235657
v -136.865753 1.368081 104.196419
v -136.893982 0.694593 104.374657
v -133.486496 0.694593 105.335663
v -132.412552 0.694593 105.830757
v -131.380768 0.694593 106.408585
v -130.397507 0.694593 107.065582
v -130.291428 1.368081 106.919586
v -129.351608 1.368081 107.660477
v -129.160248 2.000000 107.436409
v -128.264465 2.000000 108.264458
v -127.981674 2.571151 107.981674
v -127.132309 2.571151 108.900513
v -126.757408 3.064178 108.580315
v -125.958778 3.064178 109.593361
v -125.496712 3.464102 109.257652
v -124.755119 3.464102 110.367523
v -124.216316 3.758770 110.037346
v -123.539848 3.758770 111.245277
v -122.939766 3.939231 110.939522
v -122.338005 3.939231 112.244827
v -122.339478 4.000000 110.587776
v -121.657433 4.000000 112.073547
v -121.840523 3.939231 113.593315
v -121.105629 4.000000 113.612457
v -121.450371 3.939231 114.976685
v -120.688171 4.000000 115.193100
v -121.169960 3.939231 116.386406
v -120.408134 4.000000 116.803787
v -121.001022 3.939231 117.813774
v -120.267593 4.000000 118.432579
v -120.944595 3.939231 119.250000
v -120.267593 4.000000 120.067421
v -121.001022 3.939231 120.686226
v -120.408134 4.000000 121.696213
v -121.169960 3.939231 122.113594
v -120.688171 4.000000 123.306900
v -121.450371 3.939231 123.523315
v -121.105629 4.000000 124.887543
v -121.840523 3.939231 124.906685
v -121.657433 4.000000 126.426453
v -122.338005 3.939231 126.255173
v -122.339478 4.000000 127.912224
v -122.939766 3.939231 127.560478
v -123.642075 3.939231 128.814545
v -123.539848 3.758770 127.254723
v -124.216316 3.758770 128.462646
v -124.102890 3.464102 126.967842
v -124.755119 3.464102 128.132477
v -124.611786 3.064178 126.708542
v -125.242104 3.064178 127.834053
v -125.051079 2.571151 126.484711
v -125.662476 2.571151 127.576447
v -125.407410 2.000000 126.303154
v -126.003471 2.000000 127.367485
v -125.669968 1.368081 126.169373
v -126.254715 1.368081 127.213524
v -125.830757 0.694593 126.087448
v -126.408585 0.694593 127.119232
v -129.468811 0.694593 107.797699
v -128.472824 1.368081 108.472824
v -127.436409 2.000000 109.160240
v -126.357651 2.571151 109.883156
v -125.242104 3.064178 110.665947
v -124.102890 3.464102 111.532158
v -122.960228 3.758770 112.502556
v -128.600433 0.694593 108.600426
v -127.660477 1.368081 109.351616
v -126.681190 2.000000 110.118225
v -125.662476 2.571151 110.923553
v -124.611786 3.064178 111.791458
v -123.544044 3.464102 112.744385
v -122.481049 3.758770 113.801437
v -127.797699 0.694593 109.468811
v -126.919586 1.368081 110.291428
v -126.003471 2.000000 111.132515
v -125.051079 2.571151 112.015289
v -124.071724 3.064178 112.962952
v -123.082039 3.464102 113.996712
v -122.105255 3.758770 115.133911
v -127.065582 0.694593 110.397499
v -126.254715 1.368081 111.286476
v -125.407410 2.000000 112.196846
v -124.527222 2.571151 113.151627
v -123.625237 3.064178 114.173203
v -122.719711 3.464102 115.281425
v -121.835159 3.758770 116.491760
v -126.408585 0.694593 111.380768
v -125.830757 0.694593 112.412552
v -125.335663 0.694593 113.486496
v -124.926361 0.694593 114.595970
v -124.605362 0.694593 115.734131
v -124.374657 0.694593 116.893974
v -124.235657 0.694593 118.068344
v -124.055756 1.368081 118.054184
v -124.008774 1.368081 119.250000
v -123.714104 2.000000 119.250000
v -123.761993 2.000000 120.468933
v -123.363304 2.571151 120.500313
v -123.510376 2.571151 121.742912
v -123.023415 3.064178 121.820038
v -123.275078 3.064178 123.085236
v -122.719711 3.464102 123.218575
v -123.082039 3.464102 124.503288
v -122.481049 3.758770 124.698563
v -122.960228 3.758770 125.997444
v -124.189232 0.694593 119.250000
v -124.055756 1.368081 120.445816
v -123.905373 2.000000 121.680351
v -123.754486 2.571151 122.970146
v -123.625237 3.064178 124.326797
v -123.544044 3.464102 125.755615
v -124.235657 0.694593 120.431656
v -124.196419 1.368081 121.634254
v -124.143356 2.000000 122.876785
v -124.094131 2.571151 124.174438
v -124.071724 3.064178 125.537048
v -124.374657 0.694593 121.606026
v -124.429886 1.368081 122.807991
v -124.474480 2.000000 124.050858
v -124.527222 2.571151 125.348373
v -124.605362 0.694593 122.765869
v -124.754730 1.368081 123.959801
v -124.896698 2.000000 125.195328
v -124.926361 0.694593 123.904030
v -125.335663 0.694593 125.013504
v -127.797699 0.694593 129.031189
v -127.065582 0.694593 128.102493
v -126.919586 1.368081 128.208572
v -126.681190 2.000000 128.381775
v -126.357651 2.571151 128.616837
v -125.958778 3.064178 128.906631
v -125.496712 3.464102 129.242355
v -124.985481 3.758770 129.613785
v -124.440613 3.939231 130.009644
v -123.146721 4.000000 129.333878
v -128.600433 0.694593 129.899567
v -129.468811 0.694593 130.702301
v -130.397507 0.694593 131.434418
v -131.380768 0.694593 132.091415
v -132.412552 0.694593 132.669250
v -133.486496 0.694593 133.164337
v -133.417435 1.368081 133.331055
v -134.540207 1.368081 133.745270
v -134.449142 2.000000 134.025513
v -135.623215 2.000000 134.356644
v -135.529861 2.571151 134.745514
v -136.757095 2.571151 134.989624
v -136.679962 3.064178 135.476578
v -137.961014 3.064178 135.628204
v -137.916199 3.464102 136.197601
v -139.250000 3.464102 136.250000
v -139.250000 3.758770 136.881912
v -140.633377 3.758770 136.827560
v -140.686218 3.939231 137.498978
v -142.113602 3.939231 137.330032
v -141.290253 4.000000 138.140137
v -142.906586 4.000000 137.894821
v -143.523315 3.939231 137.049622
v -144.495850 4.000000 137.511459
v -144.906677 3.939231 136.659470
v -146.046265 4.000000 136.992905
v -146.255173 3.939231 136.161987
v -147.546371 4.000000 136.342987
v -147.560486 3.939231 135.560242
v -148.985062 4.000000 135.566513
v -148.814545 3.939231 134.857925
v -150.351669 4.000000 134.669235
v -150.009644 3.939231 134.059387
v -151.636078 4.000000 133.657806
v -151.138412 3.939231 133.169540
v -152.193878 3.939231 132.193878
v -150.701019 3.758770 132.657410
v -151.717651 3.758770 131.717651
v -150.290619 3.464102 132.176895
v -151.270813 3.464102 131.270813
v -149.919678 3.064178 131.742599
v -150.866943 3.064178 130.866943
v -149.599487 2.571151 131.367691
v -150.518326 2.571151 130.518326
v -149.339752 2.000000 131.063583
v -150.235535 2.000000 130.235535
v -149.148392 1.368081 130.839523
v -150.027176 1.368081 130.027176
v -149.031189 0.694593 130.702301
v -149.899567 0.694593 129.899567
v -150.702301 0.694593 129.031189
v -151.434418 0.694593 128.102493
v -152.091415 0.694593 127.119232
v -152.669250 0.694593 126.087448
v -153.164337 0.694593 125.013504
v -153.573639 0.694593 123.904030
v -153.745270 1.368081 123.959801
v -154.070114 1.368081 122.807991
v -154.356644 2.000000 122.876785
v -154.594620 2.000000 121.680351
v -154.989624 2.571151 121.742912
v -134.595963 0.694593 133.573639
v -135.692001 1.368081 134.070114
v -136.819656 2.000000 134.594620
v -137.999695 2.571151 135.136703
v -139.250000 3.064178 135.678848
v -140.583801 3.464102 136.197601
v -142.008240 3.758770 136.664841
v -135.734131 0.694593 133.894638
v -136.865753 1.368081 134.303589
v -138.031067 2.000000 134.738007
v -139.250000 2.571151 135.185822
v -140.538986 3.064178 135.628204
v -141.909393 3.464102 136.040695
v -143.366089 3.758770 136.394745
v -136.893982 0.694593 134.125351
v -138.054184 1.368081 134.444244
v -139.250000 2.000000 134.785904
v -140.500305 2.571151 135.136703
v -141.820038 3.064178 135.476578
v -143.218567 3.464102 135.780289
v -144.698563 3.758770 136.018951
v -138.068344 0.694593 134.264343
v -139.250000 1.368081 134.491226
v -140.468933 2.000000 134.738007
v -141.742905 2.571151 134.989624
v -143.085236 3.064178 135.224915
v -144.503296 3.464102 135.417953
v -145.997437 3.758770 135.539764
v -139.250000 0.694593 134.310776
v -140.431656 0.694593 134.264343
v -141.606018 0.694593 134.125351
v -142.765869 0.694593 133.894638
v -143.904037 0.694593 133.573639
v -145.013504 0.694593 133.164337
v -145.082565 1.368081 133.331055
v -146.169373 1.368081 132.830032
v -146.303146 2.000000 133.092590
v -147.367477 2.000000 132.496536
v -147.576447 2.571151 132.837524
v -148.616837 2.571151 132.142349
v -148.906631 3.064178 132.541214
v -146.087448 0.694593 132.669250
v -147.213516 1.368081 132.245285
v -148.381775 2.000000 131.818802
v -147.119232 0.694593 132.091415
v -148.208572 1.368081 131.580414
v -148.102493 0.694593 131.434418
v -153.894638 0.694593 122.765869
v -154.303589 1.368081 121.634254
v -154.125351 0.694593 121.606026
v -157.330032 3.939231 122.113594
v -157.969177 4.000000 122.504570
v -157.049622 3.939231 123.523315
v -157.620102 4.000000 124.101715
v -156.659470 3.939231 124.906685
v -157.135025 4.000000 125.662933
v -156.161987 3.939231 126.255173
v -156.517532 4.000000 127.176682
v -155.560242 3.939231 127.560478
v -155.772202 4.000000 128.631729
v -154.857925 3.939231 128.814545
v -154.904541 4.000000 130.017334
v -154.059387 3.939231 130.009644
v -153.920975 4.000000 131.323212
v -153.169540 3.939231 131.138412
v -152.828796 4.000000 132.539703
v -139.658813 4.000000 138.245605
v -139.250000 3.939231 137.555405
v -137.866623 3.758770 136.827560
v -136.590607 3.464102 136.040695
v -135.414764 3.064178 135.224915
v -134.325562 2.571151 134.405869
v -133.304672 2.000000 133.603302
v -132.330627 1.368081 132.830032
v -138.024338 4.000000 138.210419
v -137.813782 3.939231 137.498978
v -136.491760 3.758770 136.664841
v -135.281433 3.464102 135.780289
v -134.173203 3.064178 134.874771
v -133.151627 2.571151 133.972778
v -132.196854 2.000000 133.092590
v -131.286484 1.368081 132.245285
v -136.398941 4.000000 138.034882
v -136.386398 3.939231 137.330032
v -135.133911 3.758770 136.394745
v -133.996704 3.464102 135.417953
v -132.962952 3.064178 134.428284
v -132.015289 2.571151 133.448929
v -131.132523 2.000000 132.496536
v -130.291428 1.368081 131.580414
v -134.794662 4.000000 137.720245
v -134.976685 3.939231 137.049622
v -133.801437 3.758770 136.018951
v -132.744385 3.464102 134.955948
v -131.791458 3.064178 133.888214
v -130.923553 2.571151 132.837524
v -130.118225 2.000000 131.818802
v -129.351608 1.368081 130.839523
v -133.593323 3.939231 136.659470
v -133.223358 4.000000 137.268875
v -132.244827 3.939231 136.161987
v -131.696686 4.000000 136.684082
v -130.939514 3.939231 135.560242
v -130.225937 4.000000 135.970230
v -129.685455 3.939231 134.857925
v -128.821991 4.000000 135.132584
v -128.490356 3.939231 134.059387
v -127.495247 4.000000 134.177353
v -127.361588 3.939231 133.169540
v -126.255531 4.000000 133.111588
v -126.306122 3.939231 132.193878
v -125.112022 4.000000 131.943207
v -125.330460 3.939231 131.138412
v -124.073189 4.000000 130.680862
v -123.642075 3.939231 109.685448
v -123.146721 4.000000 109.166130
v -124.440613 3.939231 108.490349
v -124.073189 4.000000 107.819145
v -125.330460 3.939231 107.361588
v -125.112022 4.000000 106.556786
v -126.306122 3.939231 106.306122
v -126.255531 4.000000 105.388405
v -127.361588 3.939231 105.330460
v -127.495247 4.000000 104.322655
v -128.490356 3.939231 104.440613
v -128.821991 4.000000 103.367416
v -129.685455 3.939231 103.642075
v -130.225937 4.000000 102.529770
v -130.939514 3.939231 102.939766
v -131.696686 4.000000 101.815910
v -132.244827 3.939231 102.338005
v -133.223358 4.000000 101.231133
v -150.351669 4.000000 103.830757
v -150.009644 3.939231 104.440613
v -150.701019 3.758770 105.842583
v -151.270813 3.464102 107.229187
v -151.742599 3.064178 108.580315
v -152.142349 2.571151 109.883156
v -152.496536 2.000000 111.132515
v -152.830032 1.368081 112.330627
v -151.636078 4.000000 104.842186
v -151.138412 3.939231 105.330460
v -151.717651 3.758770 106.782349
v -152.176895 3.464102 108.209381
v -152.541214 3.064178 109.593361
v -152.837524 2.571151 110.923553
v -153.092590 2.000000 112.196846
v -153.331055 1.368081 113.417435
v -152.193878 3.939231 106.306122
v -152.828796 4.000000 105.960289
v -153.169540 3.939231 107.361588
v -153.920975 4.000000 107.176788
v -154.059387 3.939231 108.490349
v -154.904541 4.000000 108.482666
v -154.857925 3.939231 109.685448
v -155.772202 4.000000 109.868263
v -155.560242 3.939231 110.939522
v -156.517532 4.000000 111.323318
v -156.161987 3.939231 112.244827
v -157.135025 4.000000 112.837067
v -156.659470 3.939231 113.593315
v -157.620102 4.000000 114.398285
v -157.049622 3.939231 114.976685
v -157.969177 4.000000 115.995430
v -157.330032 3.939231 116.386406
v -158.179672 4.000000 117.616669
v -157.498978 3.939231 117.813774
v -123.314178 2.571151 119.250000
v -123.761993 2.000000 118.031067
v -123.363304 2.571151 117.999687
v -123.905373 2.000000 116.819649
v -123.510376 2.571151 116.757088
v -124.143356 2.000000 115.623215
v -123.754486 2.571151 115.529854
v -124.474480 2.000000 114.449142
v -124.094131 2.571151 114.325562
v -124.896698 2.000000 113.304672
v -122.821152 3.064178 119.250000
v -122.871796 3.064178 117.961006
v -123.023415 3.064178 116.679962
v -123.275078 3.064178 115.414764
v -122.871796 3.064178 120.538994
v -122.302406 3.464102 120.583801
v -122.250000 3.464102 119.250000
v -121.672432 3.758770 120.633385
v -121.618080 3.758770 119.250000
v -122.302406 3.464102 117.916199
v -122.459297 3.464102 116.590614
v -121.672432 3.758770 117.866615
v -154.444244 1.368081 118.054184
v -154.303589 1.368081 116.865746
v -154.070114 1.368081 115.692009
v -153.745270 1.368081 114.540199
v -154.738007 2.000000 118.031067
v -154.594620 2.000000 116.819649
v -154.356644 2.000000 115.623215
v -154.025513 2.000000 114.449142
v -153.603302 2.000000 113.304672
v -155.136703 2.571151 117.999687
v -154.989624 2.571151 116.757088
v -154.745514 2.571151 115.529854
v -154.405869 2.571151 114.325562
v -153.972778 2.571151 113.151627
v -153.448929 2.571151 112.015289
v -155.628204 3.064178 117.961006
v -155.476578 3.064178 116.679962
v -155.224915 3.064178 115.414764
v -154.874771 3.064178 114.173203
v -154.428284 3.064178 112.962952
v -153.888214 3.064178 111.791458
v -153.257904 3.064178 110.665947
v -156.197601 3.464102 117.916199
v -156.040695 3.464102 116.590614
v -155.780289 3.464102 115.281425
v -155.417953 3.464102 113.996712
v -154.955948 3.464102 112.744385
v -154.397110 3.464102 111.532158
v -153.744888 3.464102 110.367523
v -153.003296 3.464102 109.257652
v -156.827560 3.758770 117.866615
v -156.664841 3.758770 116.491760
v -156.394745 3.758770 115.133911
v -156.018951 3.758770 113.801437
v -155.539764 3.758770 112.502556
v -154.960159 3.758770 111.245277
v -154.283676 3.758770 110.037346
v -153.514526 3.758770 108.886215
v -152.657410 3.758770 107.798981
v -147.213516 1.368081 106.254715
v -146.303146 2.000000 105.407410
v -145.348373 2.571151 104.527222
v -144.326797 3.064178 103.625237
v -143.218567 3.464102 102.719711
v -142.008240 3.758770 101.835159
v -146.169373 1.368081 105.669968
v -145.195328 2.000000 104.896698
v -144.174438 2.571151 104.094131
v -143.085236 3.064178 103.275078
v -141.909393 3.464102 102.459297
v -140.633377 3.758770 101.672432
v -145.082565 1.368081 105.168938
v -144.050858 2.000000 104.474480
v -142.970139 2.571151 103.754486
v -141.820038 3.064178 103.023415
v -140.583801 3.464102 102.302406
v -139.250000 3.758770 101.618080
v -143.959793 1.368081 104.754730
v -142.876785 2.000000 104.143356
v -141.742905 2.571151 103.510376
v -140.538986 3.064178 102.871796
v -139.250000 3.464102 102.250000
v -137.866623 3.758770 101.672432
v -133.417435 1.368081 105.168938
v -132.330627 1.368081 105.669968
v -131.286484 1.368081 106.254715
v -133.304672 2.000000 104.896698
v -132.196854 2.000000 105.407410
v -131.132523 2.000000 106.003471
v -130.118225 2.000000 106.681190
v -133.151627 2.571151 104.527222
v -132.015289 2.571151 105.051079
v -130.923553 2.571151 105.662476
v -129.883163 2.571151 106.357651
v -128.900513 2.571151 107.132309
v -132.962952 3.064178 104.071724
v -131.791458 3.064178 104.611786
v -130.665955 3.064178 105.242104
v -129.593369 3.064178 105.958778
v -128.580322 3.064178 106.757408
v -127.633049 3.064178 107.633049
v -132.744385 3.464102 103.544044
v -131.532166 3.464102 104.102890
v -130.367523 3.464102 104.755119
v -129.257645 3.464102 105.496712
v -128.209381 3.464102 106.323097
v -127.229187 3.464102 107.229187
v -126.323097 3.464102 108.209381
v -132.502563 3.758770 102.960228
v -131.245270 3.758770 103.539848
v -130.037354 3.758770 104.216316
v -128.886215 3.758770 104.985481
v -127.798981 3.758770 105.842583
v -126.782349 3.758770 106.782349
v -125.842583 3.758770 107.798981
v -124.985481 3.758770 108.886215
v -125.669968 1.368081 112.330627
v -125.168938 1.368081 113.417435
v -124.754730 1.368081 114.540199
v -124.429886 1.368081 115.692009
v -124.196419 1.368081 116.865746
v -122.459297 3.464102 121.909386
v -121.835159 3.758770 122.008240
v -122.105255 3.758770 123.366089
v -125.168938 1.368081 125.082565
v -127.660477 1.368081 129.148392
v -128.472824 1.368081 130.027176
v -127.436409 2.000000 129.339752
v -128.264465 2.000000 130.235535
v -129.160248 2.000000 131.063583
v -127.132309 2.571151 129.599487
v -127.981674 2.571151 130.518326
v -128.900513 2.571151 131.367691
v -129.883163 2.571151 132.142349
v -126.757408 3.064178 129.919678
v -127.633049 3.064178 130.866943
v -128.580322 3.064178 131.742599
v -129.593369 3.064178 132.541214
v -130.665955 3.064178 133.257904
v -126.323097 3.464102 130.290619
v -127.229187 3.464102 131.270813
v -128.209381 3.464102 132.176895
v -129.257645 3.464102 133.003296
v -130.367523 3.464102 133.744888
v -131.532166 3.464102 134.397110
v -125.842583 3.758770 130.701019
v -126.782349 3.758770 131.717651
v -127.798981 3.758770 132.657410
v -128.886215 3.758770 133.514526
v -130.037354 3.758770 134.283676
v -131.245270 3.758770 134.960159
v -132.502563 3.758770 135.539764
v -140.445816 1.368081 134.444244
v -141.680344 2.000000 134.594620
v -142.970139 2.571151 134.745514
v -144.326797 3.064178 134.874771
v -145.755615 3.464102 134.955948
v -147.254730 3.758770 134.960159
v -141.634247 1.368081 134.303589
v -142.876785 2.000000 134.356644
v -144.174438 2.571151 134.405869
v -145.537048 3.064178 134.428284
v -146.967834 3.464102 134.397110
v -148.462646 3.758770 134.283676
v -142.807999 1.368081 134.070114
v -144.050858 2.000000 134.025513
v -145.348373 2.571151 133.972778
v -146.708542 3.064178 133.888214
v -148.132477 3.464102 133.744888
v -149.613785 3.758770 133.514526
v -143.959793 1.368081 133.745270
v -145.195328 2.000000 133.603302
v -146.484711 2.571151 133.448929
v -147.834045 3.064178 133.257904
v -149.242355 3.464102 133.003296
v -150.839523 1.368081 129.148392
v -151.580414 1.368081 128.208572
v -152.245285 1.368081 127.213524
v -152.830032 1.368081 126.169373
v -153.331055 1.368081 125.082565
v -151.063583 2.000000 129.339752
v -151.818802 2.000000 128.381775
v -152.496536 2.000000 127.367485
v -153.092590 2.000000 126.303154
v -153.603302 2.000000 125.195328
v -154.025513 2.000000 124.050858
v -151.367691 2.571151 129.599487
v -152.142349 2.571151 128.616837
v -152.837524 2.571151 127.576447
v -153.448929 2.571151 126.484711
v -153.972778 2.571151 125.348373
v -154.405869 2.571151 124.174438
v -154.745514 2.571151 122.970146
v -151.742599 3.064178 129.919678
v -152.541214 3.064178 128.906631
v -153.257904 3.064178 127.834053
v -153.888214 3.064178 126.708542
v -154.428284 3.064178 125.537048
v -154.874771 3.064178 124.326797
v -155.224915 3.064178 123.085236
v -155.476578 3.064178 121.820038
v -152.176895 3.464102 130.290619
v -153.003296 3.464102 129.242355
v -153.744888 3.464102 128.132477
v -154.397110 3.464102 126.967842
v -154.955948 3.464102 125.755615
v -155.417953 3.464102 124.503288
v -155.780289 3.464102 123.218575
v -156.040695 3.464102 121.909386
v -152.657410 3.758770 130.701019
v -153.514526 3.758770 129.613785
v -154.283676 3.758770 128.462646
v -154.960159 3.758770 127.254723
v -155.539764 3.758770 125.997444
v -156.018951 3.758770 124.698563
v -156.394745 3.758770 123.366089
v -156.664841 3.758770 122.008240
v -180.369644 4.000000 69.313133
v -181.784393 4.000000 73.181564
v -179.250000 4.000000 69.250252
v -181.411285 4.000000 73.626228
v -181.150772 4.000000 74.144951
v -181.475204 4.000000 69.500977
v -182.250000 4.000000 72.834938
v -182.552795 4.000000 69.811417
v -182.782990 4.000000 72.605026
v -183.588837 4.000000 70.240562
v -183.354645 4.000000 72.504227
v -184.570328 4.000000 70.783012
v -183.934128 4.000000 72.537979
v -184.490204 4.000000 72.704460
v -185.484894 4.000000 71.431938
v -184.992889 4.000000 72.994690
v -186.321075 4.000000 72.179184
v -185.415115 4.000000 73.393028
v -187.068314 4.000000 73.015350
v -185.734085 4.000000 73.877998
v -185.932617 4.000000 74.423462
v -187.717239 4.000000 73.929932
v -186.000000 4.000000 75.000000
v -188.259689 4.000000 74.911415
v -185.932617 4.000000 75.576538
v -188.688828 4.000000 75.947464
v -185.734085 4.000000 76.122002
v -188.999283 4.000000 77.025040
v -185.415115 4.000000 76.606972
v -189.187119 4.000000 78.130608
v -184.992889 4.000000 77.005310
v -189.250000 4.000000 79.250252
v -184.490204 4.000000 77.295540
v -183.934128 4.000000 77.462021
v -189.250000 4.000000 91.882133
v -183.354645 4.000000 77.495773
v -182.782990 4.000000 77.394974
v -182.250000 4.000000 77.165062
v -181.784393 4.000000 76.818436
v -190.557358 4.000000 94.419464
v -191.736053 4.000000 97.019058
v -192.783127 4.000000 99.674393
v -193.695969 4.000000 102.378822
v -194.472275 4.000000 105.125549
v -195.110107 4.000000 107.907707
v -195.607880 4.000000 110.718300
v -195.964310 4.000000 113.550285
v -196.178528 4.000000 116.396568
v -196.250000 4.000000 119.250000
v -196.178528 4.000000 122.103432
v -195.964310 4.000000 124.949715
v -195.607880 4.000000 127.781700
v -195.110107 4.000000 130.592300
v -194.472275 4.000000 133.374451
v -193.695969 4.000000 136.121185
v -192.783127 4.000000 138.825607
v -191.736053 4.000000 141.480942
v -190.557358 4.000000 144.080536
v -189.250000 4.000000 146.617859
v -181.784393 4.000000 161.681564
v -181.411285 4.000000 162.126221
v -166.618332 4.000000 169.249741
v -181.150772 4.000000 162.644943
v -181.016907 4.000000 163.209763
v -189.250000 4.000000 159.249741
v -183.934128 4.000000 161.037979
v -183.354645 4.000000 161.004227
v -182.782990 4.000000 161.105026
v -189.187119 4.000000 160.369400
v -184.992889 4.000000 161.494690
v -184.490204 4.000000 161.204453
v -185.415115 4.000000 161.893036
v -188.999283 4.000000 161.474960
v -185.734085 4.000000 162.378006
v -188.688828 4.000000 162.552536
v -185.932617 4.000000 162.923462
v -188.259689 4.000000 163.588593
v -186.000000 4.000000 163.500000
v -187.717239 4.000000 164.570068
v -185.932617 4.000000 164.076538
v -187.068314 4.000000 165.484650
v -185.734085 4.000000 164.621994
v -185.415115 4.000000 165.106964
v -186.321075 4.000000 166.320816
v -184.992889 4.000000 165.505310
v -184.490204 4.000000 165.795547
v -183.934128 4.000000 165.962021
v -183.354645 4.000000 165.995773
v -185.484894 4.000000 167.068069
v -184.570328 4.000000 167.716995
v -183.588837 4.000000 168.259430
v -182.552795 4.000000 168.688583
v -181.475204 4.000000 168.999023
v -180.369644 4.000000 169.186874
v -179.250000 4.000000 169.249741
v -164.080963 4.000000 170.557144
v -161.481339 4.000000 171.735886
v -158.825958 4.000000 172.783005
v -156.121475 4.000000 173.695877
v -153.374695 4.000000 174.472214
v -150.592499 4.000000 175.110077
v -147.781860 4.000000 175.607849
v -144.949814 4.000000 175.964294
v -142.103485 4.000000 176.178528
v -139.250000 4.000000 176.250000
v -136.396515 4.000000 176.178528
v -133.550186 4.000000 175.964294
v -130.718140 4.000000 175.607849
v -127.907501 4.000000 175.110077
v -125.125298 4.000000 174.472214
v -122.378517 4.000000 173.695877
v -119.674049 4.000000 172.783005
v -117.018669 4.000000 171.735886
v -114.419037 4.000000 170.557144
v -111.881676 4.000000 169.249741
v -97.005302 4.000000 162.007111
v -96.606964 4.000000 161.584885
v -99.250000 4.000000 169.249741
v -97.495766 4.000000 163.645355
v -97.462013 4.000000 163.065887
v -97.295540 4.000000 162.509796
v -98.130356 4.000000 169.186874
v -96.818436 4.000000 165.215607
v -97.165062 4.000000 164.750000
v -97.394974 4.000000 164.217010
v -96.373772 4.000000 165.588715
v -97.024788 4.000000 168.999023
v -95.947212 4.000000 168.688583
v -94.911163 4.000000 168.259430
v -95.290230 4.000000 165.983093
v -95.855049 4.000000 165.849228
v -94.709770 4.000000 165.983093
v -93.929680 4.000000 167.716995
v -94.144951 4.000000 165.849228
v -93.015099 4.000000 167.068069
v -93.626228 4.000000 165.588715
v -92.178932 4.000000 166.320816
v -93.181564 4.000000 165.215607
v -92.834938 4.000000 164.750000
v -91.431686 4.000000 165.484650
v -92.605026 4.000000 164.217010
v -90.782761 4.000000 164.570068
v -92.504234 4.000000 163.645355
v -90.240311 4.000000 163.588593
v -92.537987 4.000000 163.065887
v -89.811165 4.000000 162.552536
v -92.704460 4.000000 162.509796
v -89.500717 4.000000 161.474960
v -92.994698 4.000000 162.007111
v -89.312881 4.000000 160.369400
v -93.393036 4.000000 161.584885
v -89.250000 4.000000 159.249741
v -93.878006 4.000000 161.265915
v -94.423462 4.000000 161.067383
v -95.000000 4.000000 161.000000
v -89.250000 4.000000 146.617859
v -95.576538 4.000000 161.067383
v -96.121994 4.000000 161.265915
v -87.942650 4.000000 144.080536
v -86.763954 4.000000 141.480942
v -85.716873 4.000000 138.825607
v -84.804031 4.000000 136.121185
v -84.027725 4.000000 133.374451
v -83.389885 4.000000 130.592300
v -82.892128 4.000000 127.781700
v -82.535690 4.000000 124.949715
v -82.321465 4.000000 122.103432
v -82.250000 4.000000 119.250000
v -82.321465 4.000000 116.396568
v -82.535690 4.000000 113.550285
v -82.892128 4.000000 110.718300
v -83.389885 4.000000 107.907707
v -84.027725 4.000000 105.125549
v -84.804031 4.000000 102.378822
v -85.716873 4.000000 99.674393
v -86.763954 4.000000 97.019058
v -87.942650 4.000000 94.419464
v -89.250000 4.000000 91.882133
v -96.492897 4.000000 77.005310
v -96.915108 4.000000 76.606972
v -89.250000 4.000000 79.250252
v -94.854637 4.000000 77.495773
v -95.434120 4.000000 77.462021
v -95.990196 4.000000 77.295540
v -89.312881 4.000000 78.130608
v -93.284393 4.000000 76.818436
v -93.750000 4.000000 77.165062
v -94.282990 4.000000 77.394974
v -92.911278 4.000000 76.373772
v -89.500717 4.000000 77.025040
v -89.811165 4.000000 75.947464
v -90.240311 4.000000 74.911415
v -92.516907 4.000000 75.290230
v -92.650772 4.000000 75.855049
v -92.516907 4.000000 74.709770
v -90.782761 4.000000 73.929932
v -92.650772 4.000000 74.144951
v -91.431686 4.000000 73.015350
v -92.911278 4.000000 73.626228
v -92.178932 4.000000 72.179184
v -93.284393 4.000000 73.181564
v -93.750000 4.000000 72.834938
v -93.015099 4.000000 71.431938
v -94.282990 4.000000 72.605026
v -93.929680 4.000000 70.783012
v -94.854637 4.000000 72.504227
v -94.911163 4.000000 70.240562
v -95.434120 4.000000 72.537979
v -95.947212 4.000000 69.811417
v -95.990196 4.000000 72.704460
v -97.024788 4.000000 69.500977
v -96.492897 4.000000 72.994690
v -98.130356 4.000000 69.313133
v -96.915108 4.000000 73.393028
v -99.250000 4.000000 69.250252
v -97.234085 4.000000 73.877998
v -97.432610 4.000000 74.423462
v -97.500000 4.000000 75.000000
v -111.881676 4.000000 69.250252
v -97.432610 4.000000 75.576538
v -97.234085 4.000000 76.122002
v -114.419037 4.000000 67.942856
v -117.018669 4.000000 66.764114
v -119.674049 4.000000 65.717003
v -122.378517 4.000000 64.804123
v -125.125298 4.000000 64.027786
v -127.907501 4.000000 63.389927
v -130.718140 4.000000 62.892147
v -133.550186 4.000000 62.535698
v -136.396515 4.000000 62.321468
v -139.250000 4.000000 62.250000
v -142.103485 4.000000 62.321468
v -144.949814 4.000000 62.535698
v -147.781860 4.000000 62.892147
v -150.592499 4.000000 63.389927
v -153.374695 4.000000 64.027786
v -156.121475 4.000000 64.804123
v -158.825958 4.000000 65.717003
v -161.481339 4.000000 66.764114
v -164.080963 4.000000 67.942856
v -166.618332 4.000000 69.250252
v -181.016907 4.000000 74.709770
v -181.016907 4.000000 75.290230
v -181.150772 4.000000 75.855049
v -181.411285 4.000000 76.373772
v -182.250000 4.000000 161.334930
v -181.016907 4.000000 163.790237
v -181.150772 4.000000 164.355057
v -181.411285 4.000000 164.873779
v -181.784393 4.000000 165.318436
v -182.250000 4.000000 165.665070
v -182.782990 4.000000 165.894974
v -194.178253 -6.000000 116.441666
v -194.178253 0.000000 116.441666
v -194.250000 -6.000000 119.250000
v -194.250000 0.000000 119.250000
v -194.178253 -6.000000 122.058334
v -194.178253 0.000000 122.058334
v -193.963211 -6.000000 124.859337
v -193.963211 0.000000 124.859337
v -193.605423 -6.000000 127.645714
v -193.605423 0.000000 127.645714
v -193.105835 -6.000000 130.410172
v -193.105835 0.000000 130.410172
v -192.465729 -6.000000 133.145538
v -192.465729 0.000000 133.145538
v -191.686798 -6.000000 135.844635
v -191.686798 0.000000 135.844635
v -190.771072 -6.000000 138.500443
v -190.771072 0.000000 138.500443
v -189.720917 -6.000000 141.106018
v -189.720917 0.000000 141.106018
v -188.539108 -6.000000 143.654587
v -188.539108 0.000000 143.654587
v -187.228699 -6.000000 146.139481
v -187.228699 0.000000 146.139481
v -185.793121 -6.000000 148.554230
v -185.793121 0.000000 148.554230
v -184.236115 -6.000000 150.892532
v -184.236115 0.000000 150.892532
v -182.561752 -6.000000 153.148270
v -182.561752 0.000000 153.148270
v -180.774384 -6.000000 155.315567
v -180.774384 0.000000 155.315567
v -178.878693 -6.000000 157.388794
v -178.878693 0.000000 157.388794
v -176.879608 -6.000000 159.362503
v -176.879608 0.000000 159.362503
v -174.782349 -6.000000 161.231567
v -174.782349 0.000000 161.231567
v -172.592392 -6.000000 162.991104
v -172.592392 0.000000 162.991104
v -170.315460 -6.000000 164.636536
v -170.315460 0.000000 164.636536
v -167.957474 -6.000000 166.163544
v -167.957474 0.000000 166.163544
v -165.524597 -6.000000 167.568176
v -165.524597 0.000000 167.568176
v -163.023163 -6.000000 168.846741
v -163.023163 0.000000 168.846741
v -160.459717 -6.000000 169.995911
v -160.459717 0.000000 169.995911
v -157.840927 -6.000000 171.012695
v -157.840927 0.000000 171.012695
v -155.173645 -6.000000 171.894440
v -155.173645 0.000000 171.894440
v -152.464813 -6.000000 172.638840
v -152.464813 0.000000 172.638840
v -149.721512 -6.000000 173.243958
v -149.721512 0.000000 173.243958
v -146.950882 -6.000000 173.708206
v -146.950882 0.000000 173.708206
v -144.160172 -6.000000 174.030380
v -144.160172 0.000000 174.030380
v -141.356644 -6.000000 174.209641
v -141.356644 0.000000 174.209641
v -138.547638 -6.000000 174.245514
v -138.547638 0.000000 174.245514
v -135.740448 -6.000000 174.137909
v -135.740448 0.000000 174.137909
v -132.942413 -6.000000 173.887115
v -132.942413 0.000000 173.887115
v -130.160843 -6.000000 173.493774
v -130.160843 0.000000 173.493774
v -127.402969 -6.000000 172.958923
v -127.402969 0.000000 172.958923
v -124.676018 -6.000000 172.283936
v -124.676018 0.000000 172.283936
v -121.987083 -6.000000 171.470612
v -121.987083 0.000000 171.470612
v -119.343185 -6.000000 170.521027
v -119.343185 0.000000 170.521027
v -116.751228 -6.000000 169.437698
v -116.751228 0.000000 169.437698
v -114.217957 -6.000000 168.223434
v -114.217957 0.000000 168.223434
v -111.750000 -6.000000 166.881393
v -111.750000 0.000000 166.881393
v -109.353783 -6.000000 165.415100
v -109.353783 0.000000 165.415100
v -107.035568 -6.000000 163.828354
v -107.035568 0.000000 163.828354
v -104.801392 -6.000000 162.125320
v -104.801392 0.000000 162.125320
v -102.657089 -6.000000 160.310425
v -102.657089 0.000000 160.310425
v -100.608253 -6.000000 158.388412
v -100.608253 0.000000 158.388412
v -98.660225 -6.000000 156.364288
v -98.660225 0.000000 156.364288
v -96.818092 -6.000000 154.243332
v -96.818092 0.000000 154.243332
v -95.086662 -6.000000 152.031082
v -95.086662 0.000000 152.031082
v -93.470451 -6.000000 149.733322
v -93.470451 0.000000 149.733322
v -91.973671 -6.000000 147.356033
v -91.973671 0.000000 147.356033
v -90.600227 -6.000000 144.905411
v -90.600227 0.000000 144.905411
v -89.353714 -6.000000 142.387848
v -89.353714 0.000000 142.387848
v -88.237366 -6.000000 139.809937
v -88.237366 0.000000 139.809937
v -87.254105 -6.000000 137.178391
v -87.254105 0.000000 137.178391
v -86.406494 -6.000000 134.500061
v -86.406494 0.000000 134.500061
v -85.696754 -6.000000 131.781937
v -85.696754 0.000000 131.781937
v -85.126717 -6.000000 129.031128
v -85.126717 0.000000 129.031128
v -84.697891 -6.000000 126.254807
v -84.697891 0.000000 126.254807
v -84.411385 -6.000000 123.460213
v -84.411385 0.000000 123.460213
v -84.267937 -6.000000 120.654625
v -84.267937 0.000000 120.654625
v -84.267937 -6.000000 117.845375
v -84.267937 0.000000 117.845375
v -84.411385 -6.000000 115.039787
v -84.411385 0.000000 115.039787
v -84.697891 -6.000000 112.245193
v -84.697891 0.000000 112.245193
v -85.126717 -6.000000 109.468864
v -85.126717 0.000000 109.468864
v -85.696754 -6.000000 106.718056
v -85.696754 0.000000 106.718056
v -86.406494 -6.000000 103.999947
v -86.406494 0.000000 103.999947
v -87.254105 -6.000000 101.321617
v -87.254105 0.000000 101.321617
v -88.237366 -6.000000 98.690063
v -88.237366 0.000000 98.690063
v -89.353714 -6.000000 96.112144
v -89.353714 0.000000 96.112144
v -90.600227 -6.000000 93.594589
v -90.600227 0.000000 93.594589
v -91.973671 -6.000000 91.143974
v -91.973671 0.000000 91.143974
v -93.470451 -6.000000 88.766678
v -93.470451 0.000000 88.766678
v -95.086662 -6.000000 86.468910
v -95.086662 0.000000 86.468910
v -96.818092 -6.000000 84.256668
v -96.818092 0.000000 84.256668
v -98.660225 -6.000000 82.135712
v -98.660225 0.000000 82.135712
v -100.608253 -6.000000 80.111588
v -100.608253 0.000000 80.111588
v -102.657089 -6.000000 78.189575
v -102.657089 0.000000 78.189575
v -104.801392 -6.000000 76.374680
v -104.801392 0.000000 76.374680
v -107.035568 -6.000000 74.671638
v -107.035568 0.000000 74.671638
v -109.353783 -6.000000 73.084900
v -109.353783 0.000000 73.084900
v -111.750000 -6.000000 71.618607
v -111.750000 0.000000 71.618607
v -114.217957 -6.000000 70.276566
v -114.217957 0.000000 70.276566
v -116.751228 -6.000000 69.062302
v -116.751228 0.000000 69.062302
v -119.343185 -6.000000 67.978966
v -119.343185 0.000000 67.978966
v -121.987083 -6.000000 67.029396
v -121.987083 0.000000 67.029396
v -124.676018 -6.000000 66.216057
v -124.676018 0.000000 66.216057
v -127.402969 -6.000000 65.541084
v -127.402969 0.000000 65.541084
v -130.160843 -6.000000 65.006226
v -130.160843 0.000000 65.006226
v -132.942413 -6.000000 64.612885
v -132.942413 0.000000 64.612885
v -135.740448 -6.000000 64.362083
v -135.740448 0.000000 64.362083
v -138.547638 -6.000000 64.254486
v -138.547638 0.000000 64.254486
v -141.356644 -6.000000 64.290359
v -141.356644 0.000000 64.290359
v -144.160172 -6.000000 64.469620
v -144.160172 0.000000 64.469620
v -146.950882 -6.000000 64.791794
v -146.950882 0.000000 64.791794
v -149.721512 -6.000000 65.256042
v -149.721512 0.000000 65.256042
v -152.464813 -6.000000 65.861153
v -152.464813 0.000000 65.861153
v -155.173645 -6.000000 66.605553
v -155.173645 0.000000 66.605553
v -157.840927 -6.000000 67.487297
v -157.840927 0.000000 67.487297
v -160.459717 -6.000000 68.504082
v -160.459717 0.000000 68.504082
v -163.023163 -6.000000 69.653259
v -163.023163 0.000000 69.653259
v -165.524597 -6.000000 70.931824
v -165.524597 0.000000 70.931824
v -167.957474 -6.000000 72.336449
v -167.957474 0.000000 72.336449
v -170.315460 -6.000000 73.863464
v -170.315460 0.000000 73.863464
v -172.592392 -6.000000 75.508896
v -172.592392 0.000000 75.508896
v -174.782349 -6.000000 77.268433
v -174.782349 0.000000 77.268433
v -176.879608 -6.000000 79.137497
v -176.879608 0.000000 79.137497
v -178.878693 -6.000000 81.111214
v -178.878693 0.000000 81.111214
v -180.774384 -6.000000 83.184425
v -180.774384 0.000000 83.184425
v -182.561752 -6.000000 85.351730
v -182.561752 0.000000 85.351730
v -184.236115 -6.000000 87.607475
v -184.236115 0.000000 87.607475
v -185.793121 -6.000000 89.945770
v -185.793121 0.000000 89.945770
v -187.228699 -6.000000 92.360512
v -187.228699 0.000000 92.360512
v -188.539108 -6.000000 94.845406
v -188.539108 0.000000 94.845406
v -189.720917 -6.000000 97.393974
v -189.720917 0.000000 97.393974
v -190.771072 -6.000000 99.999557
v -190.771072 0.000000 99.999557
v -191.686798 -6.000000 102.655365
v -191.686798 0.000000 102.655365
v -192.465729 -6.000000 105.354469
v -192.465729 0.000000 105.354469
v -193.105835 -6.000000 108.089821
v -193.105835 0.000000 108.089821
v -193.605423 -6.000000 110.854286
v -193.605423 0.000000 110.854286
v -193.963211 -6.000000 113.640663
v -193.963211 0.000000 113.640663
v -185.932617 -6.000000 164.076538
v -187.717239 -6.000000 164.570068
v -186.000000 -6.000000 163.500000
v -188.259689 -6.000000 163.588593
v -185.932617 -6.000000 162.923462
v -188.688828 -6.000000 162.552536
v -185.734085 -6.000000 162.378006
v -188.999283 -6.000000 161.474960
v -185.415115 -6.000000 161.893036
v -189.187119 -6.000000 160.369400
v -184.992889 -6.000000 161.494690
v -189.250000 -6.000000 159.249741
v -184.490204 -6.000000 161.204453
v -183.934128 -6.000000 161.037979
v -187.068314 -6.000000 165.484650
v -185.734085 -6.000000 164.621994
v -185.415115 -6.000000 165.106964
v -186.321075 -6.000000 166.320816
v -184.992889 -6.000000 165.505310
v -185.484894 -6.000000 167.068069
v -184.490204 -6.000000 165.795547
v -184.570328 -6.000000 167.716995
v -183.934128 -6.000000 165.962021
v -183.354645 -6.000000 165.995773
v -183.588837 -6.000000 168.259430
v -182.782990 -6.000000 165.894974
v -182.552795 -6.000000 168.688583
v -182.250000 -6.000000 165.665070
v -181.475204 -6.000000 168.999023
v -181.784393 -6.000000 165.318436
v -180.369644 -6.000000 169.186874
v -179.250000 -6.000000 169.249741
v -181.411285 -6.000000 164.873779
v -181.150772 -6.000000 164.355057
v -181.016907 -6.000000 163.790237
v -181.016907 -6.000000 163.209763
v -181.150772 -6.000000 162.644943
v -181.411285 -6.000000 162.126221
v -181.784393 -6.000000 161.681564
v -182.250000 -6.000000 161.334930
v -182.782990 -6.000000 161.105026
v -183.354645 -6.000000 161.004227
v -97.432610 -6.000000 75.576538
v -97.500000 -6.000000 75.000000
v -97.432610 -6.000000 74.423462
v -99.250000 -6.000000 69.250252
v -97.234085 -6.000000 73.877998
v -96.915108 -6.000000 73.393028
v -98.130356 -6.000000 69.313133
v -96.492897 -6.000000 72.994690
v -97.024788 -6.000000 69.500977
v -95.990196 -6.000000 72.704460
v -95.947212 -6.000000 69.811417
v -95.434120 -6.000000 72.537979
v -94.911163 -6.000000 70.240562
v -94.854637 -6.000000 72.504227
v -93.929680 -6.000000 70.783012
v -94.282990 -6.000000 72.605026
v -93.015099 -6.000000 71.431938
v -93.750000 -6.000000 72.834938
v -92.178932 -6.000000 72.179184
v -93.284393 -6.000000 73.181564
v -92.911278 -6.000000 73.626228
v -91.431686 -6.000000 73.015350
v -92.650772 -6.000000 74.144951
v -90.782761 -6.000000 73.929932
v -92.516907 -6.000000 74.709770
v -90.240311 -6.000000 74.911415
v -92.516907 -6.000000 75.290230
v -89.811165 -6.000000 75.947464
v -92.650772 -6.000000 75.855049
v -92.911278 -6.000000 76.373772
v -89.500717 -6.000000 77.025040
v -89.312881 -6.000000 78.130608
v -97.234085 -6.000000 76.122002
v -96.915108 -6.000000 76.606972
v -96.492897 -6.000000 77.005310
v -95.990196 -6.000000 77.295540
v -95.434120 -6.000000 77.462021
v -94.854637 -6.000000 77.495773
v -94.282990 -6.000000 77.394974
v -89.250000 -6.000000 79.250252
v -93.750000 -6.000000 77.165062
v -93.284393 -6.000000 76.818436
v -97.432610 -6.000000 164.076538
v -97.500000 -6.000000 163.500000
v -97.432610 -6.000000 162.923462
v -97.234077 -6.000000 162.378006
v -96.915108 -6.000000 161.893036
v -96.492897 -6.000000 161.494690
v -95.990196 -6.000000 161.204468
v -95.434120 -6.000000 161.037979
v -94.854637 -6.000000 161.004227
v -94.282990 -6.000000 161.105026
v -89.250000 -6.000000 159.249741
v -93.750000 -6.000000 161.334946
v -93.284401 -6.000000 161.681564
v -89.312881 -6.000000 160.369400
v -92.911285 -6.000000 162.126236
v -89.500717 -6.000000 161.474960
v -89.811165 -6.000000 162.552536
v -99.250000 -6.000000 169.249741
v -97.234077 -6.000000 164.621994
v -96.915108 -6.000000 165.106964
v -98.130356 -6.000000 169.186874
v -96.492897 -6.000000 165.505310
v -97.024788 -6.000000 168.999023
v -95.990196 -6.000000 165.795532
v -95.947212 -6.000000 168.688583
v -95.434120 -6.000000 165.962021
v -94.911163 -6.000000 168.259430
v -94.854637 -6.000000 165.995773
v -93.929680 -6.000000 167.716995
v -94.282990 -6.000000 165.894974
v -93.015099 -6.000000 167.068069
v -93.750000 -6.000000 165.665054
v -92.178932 -6.000000 166.320816
v -93.284401 -6.000000 165.318436
v -92.911285 -6.000000 164.873764
v -91.431686 -6.000000 165.484650
v -92.650772 -6.000000 164.355057
v -90.782761 -6.000000 164.570068
v -92.516907 -6.000000 163.790237
v -90.240311 -6.000000 163.588593
v -92.516907 -6.000000 163.209763
v -92.650772 -6.000000 162.644943
v -185.932617 -6.000000 75.576538
v -188.259689 -6.000000 74.911415
v -186.000000 -6.000000 75.000000
v -187.717239 -6.000000 73.929932
v -185.932617 -6.000000 74.423462
v -187.068314 -6.000000 73.015350
v -185.734085 -6.000000 73.877998
v -185.415115 -6.000000 73.393028
v -186.321075 -6.000000 72.179184
v -184.992889 -6.000000 72.994690
v -185.484894 -6.000000 71.431938
v -184.490204 -6.000000 72.704460
v -184.570328 -6.000000 70.783012
v -183.934128 -6.000000 72.537979
v -183.354645 -6.000000 72.504227
v -183.588837 -6.000000 70.240562
v -182.782990 -6.000000 72.605026
v -182.552795 -6.000000 69.811417
v -182.250000 -6.000000 72.834938
v -181.475204 -6.000000 69.500977
v -181.784393 -6.000000 73.181564
v -180.369644 -6.000000 69.313133
v -179.250000 -6.000000 69.250252
v -188.688828 -6.000000 75.947464
v -185.734085 -6.000000 76.122002
v -188.999283 -6.000000 77.025040
v -185.415115 -6.000000 76.606972
v -189.187119 -6.000000 78.130608
v -184.992889 -6.000000 77.005310
v -189.250000 -6.000000 79.250252
v -184.490204 -6.000000 77.295540
v -183.934128 -6.000000 77.462021
v -183.354645 -6.000000 77.495773
v -182.782990 -6.000000 77.394974
v -182.250000 -6.000000 77.165062
v -181.784393 -6.000000 76.818436
v -181.411285 -6.000000 76.373772
v -181.150772 -6.000000 75.855049
v -181.016907 -6.000000 75.290230
v -181.016907 -6.000000 74.709770
v -181.150772 -6.000000 74.144951
v -181.411285 -6.000000 73.626228
v -196.178528 -6.000000 122.103432
v -196.250000 -6.000000 119.250000
v -196.178528 -6.000000 116.396568
v -195.964310 -6.000000 124.949715
v -195.607880 -6.000000 127.781700
v -195.110107 -6.000000 130.592300
v -194.472275 -6.000000 133.374451
v -193.695969 -6.000000 136.121185
v -192.783127 -6.000000 138.825607
v -191.736053 -6.000000 141.480942
v -190.557358 -6.000000 144.080536
v -189.250000 -6.000000 146.617859
v -166.618332 -6.000000 169.249741
v -164.080963 -6.000000 170.557144
v -161.481339 -6.000000 171.735886
v -158.825958 -6.000000 172.783005
v -156.121475 -6.000000 173.695877
v -153.374695 -6.000000 174.472214
v -150.592499 -6.000000 175.110077
v -147.781860 -6.000000 175.607849
v -144.949814 -6.000000 175.964294
v -142.103485 -6.000000 176.178528
v -139.250000 -6.000000 176.250000
v -136.396515 -6.000000 176.178528
v -133.550186 -6.000000 175.964294
v -130.718140 -6.000000 175.607849
v -127.907501 -6.000000 175.110077
v -125.125298 -6.000000 174.472214
v -122.378517 -6.000000 173.695877
v -119.674049 -6.000000 172.783005
v -117.018669 -6.000000 171.735886
v -114.419037 -6.000000 170.557144
v -111.881676 -6.000000 169.249741
v -89.250000 -6.000000 146.617859
v -87.942650 -6.000000 144.080536
v -86.763954 -6.000000 141.480942
v -85.716873 -6.000000 138.825607
v -84.804031 -6.000000 136.121185
v -84.027725 -6.000000 133.374451
v -83.389885 -6.000000 130.592300
v -82.892128 -6.000000 127.781700
v -82.535690 -6.000000 124.949715
v -82.321465 -6.000000 122.103432
v -82.250000 -6.000000 119.250000
v -82.321465 -6.000000 116.396568
v -82.535690 -6.000000 113.550285
v -82.892128 -6.000000 110.718300
v -83.389885 -6.000000 107.907707
v -84.027725 -6.000000 105.125549
v -84.804031 -6.000000 102.378822
v -85.716873 -6.000000 99.674393
v -86.763954 -6.000000 97.019058
v -87.942650 -6.000000 94.419464
v -89.250000 -6.000000 91.882133
v -111.881676 -6.000000 69.250252
v -114.419037 -6.000000 67.942856
v -117.018669 -6.000000 66.764114
v -119.674049 -6.000000 65.717003
v -122.378517 -6.000000 64.804123
v -125.125298 -6.000000 64.027786
v -127.907501 -6.000000 63.389927
v -130.718140 -6.000000 62.892147
v -133.550186 -6.000000 62.535698
v -136.396515 -6.000000 62.321468
v -139.250000 -6.000000 62.250000
v -142.103485 -6.000000 62.321468
v -144.949814 -6.000000 62.535698
v -147.781860 -6.000000 62.892147
v -150.592499 -6.000000 63.389927
v -153.374695 -6.000000 64.027786
v -156.121475 -6.000000 64.804123
v -158.825958 -6.000000 65.717003
v -161.481339 -6.000000 66.764114
v -164.080963 -6.000000 67.942856
v -166.618332 -6.000000 69.250252
v -189.250000 -6.000000 91.882133
v -190.557358 -6.000000 94.419464
v -191.736053 -6.000000 97.019058
v -192.783127 -6.000000 99.674393
v -193.695969 -6.000000 102.378822
v -194.472275 -6.000000 105.125549
v -195.110107 -6.000000 107.907707
v -195.607880 -6.000000 110.718300
v -195.964310 -6.000000 113.550285
vn -0.7068 -0.7068 0.0300
vn -0.7068 -0.7068 -0.0300
vn -0.7062 -0.7073 -0.0313
vn -0.7022 -0.7063 -0.0899
vn -0.7002 -0.7078 -0.0935
vn -0.6924 -0.7059 -0.1492
vn -0.6888 -0.7082 -0.1549
vn -0.6776 -0.7055 -0.2075
vn -0.6720 -0.7086 -0.2151
vn -0.6579 -0.7052 -0.2644
vn -0.6500 -0.7090 -0.2735
vn -0.6334 -0.7049 -0.3193
vn -0.6230 -0.7093 -0.3297
vn -0.6042 -0.7046 -0.3720
vn -0.5912 -0.7096 -0.3833
vn -0.5707 -0.7044 -0.4221
vn -0.5549 -0.7098 -0.4340
vn -0.5330 -0.7042 -0.4691
vn -0.5142 -0.7100 -0.4812
vn -0.4914 -0.7041 -0.5127
vn -0.4696 -0.7101 -0.5247
vn -0.4462 -0.7040 -0.5526
vn -0.4213 -0.7102 -0.5640
vn -0.3977 -0.7039 -0.5885
vn -0.3698 -0.7102 -0.5990
vn -0.3464 -0.7039 -0.6201
vn -0.3154 -0.7102 -0.6294
vn -0.2926 -0.7039 -0.6472
vn -0.2586 -0.7101 -0.6548
vn -0.2366 -0.7040 -0.6696
vn -0.1997 -0.7100 -0.6752
vn -0.1789 -0.7041 -0.6872
vn -0.1393 -0.7099 -0.6904
vn -0.1200 -0.7043 -0.6997
vn -0.0778 -0.7097 -0.7002
vn -0.0602 -0.7045 -0.7072
vn -0.0156 -0.7095 -0.7046
vn -0.0000 -0.7047 -0.7095
vn 0.0468 -0.7092 -0.7035
vn 0.0601 -0.7050 -0.7067
vn 0.1088 -0.7089 -0.6969
vn 0.1198 -0.7053 -0.6987
vn 0.1701 -0.7085 -0.6849
vn 0.1785 -0.7056 -0.6857
vn 0.2300 -0.7081 -0.6676
vn 0.2359 -0.7060 -0.6677
vn 0.2883 -0.7076 -0.6451
vn 0.2915 -0.7065 -0.6449
vn 0.3445 -0.7071 -0.6175
vn 0.3449 -0.7069 -0.6175
vn 0.3962 -0.7066 -0.5862
vn 0.3975 -0.7075 -0.5844
vn 0.4448 -0.7062 -0.5509
vn 0.4473 -0.7079 -0.5466
vn 0.4902 -0.7058 -0.5115
vn 0.4936 -0.7084 -0.5046
vn 0.5321 -0.7054 -0.4683
vn 0.5359 -0.7088 -0.4587
vn 0.5701 -0.7051 -0.4217
vn 0.5741 -0.7091 -0.4094
vn 0.6041 -0.7048 -0.3720
vn 0.6078 -0.7094 -0.3569
vn 0.6337 -0.7045 -0.3195
vn 0.6367 -0.7096 -0.3017
vn 0.6587 -0.7043 -0.2647
vn 0.6607 -0.7098 -0.2442
vn 0.6789 -0.7042 -0.2079
vn 0.6795 -0.7100 -0.1848
vn 0.6942 -0.7040 -0.1496
vn 0.6931 -0.7101 -0.1240
vn 0.7045 -0.7039 -0.0902
vn 0.7013 -0.7102 -0.0622
vn 0.7097 -0.7039 -0.0301
vn 0.7040 -0.7102 -0.0000
vn 0.7097 -0.7039 0.0301
vn 0.7013 -0.7102 0.0622
vn 0.7045 -0.7039 0.0902
vn 0.6931 -0.7101 0.1240
vn 0.6942 -0.7040 0.1496
vn 0.6795 -0.7100 0.1848
vn 0.6789 -0.7042 0.2079
vn 0.6607 -0.7099 0.2441
vn 0.6587 -0.7043 0.2647
vn 0.6367 -0.7096 0.3017
vn 0.6337 -0.7045 0.3195
vn 0.6078 -0.7094 0.3569
vn 0.6041 -0.7048 0.3720
vn 0.5741 -0.7091 0.4094
vn 0.5701 -0.7051 0.4217
vn 0.5359 -0.7088 0.4587
vn 0.5321 -0.7054 0.4683
vn 0.4936 -0.7084 0.5046
vn 0.4902 -0.7058 0.5115
vn 0.4473 -0.7079 0.5466
vn 0.4448 -0.7062 0.5509
vn 0.3975 -0.7075 0.5844
vn 0.3962 -0.7066 0.5862
vn 0.3449 -0.7070 0.6175
vn 0.3445 -0.7071 0.6175
vn 0.2915 -0.7065 0.6449
vn 0.2883 -0.7076 0.6451
vn 0.2359 -0.7060 0.6677
vn 0.2300 -0.7081 0.6676
vn 0.1785 -0.7056 0.6857
vn 0.1701 -0.7085 0.6849
vn 0.1198 -0.7053 0.6987
vn 0.1088 -0.7089 0.6969
vn 0.0601 -0.7050 0.7067
vn 0.0468 -0.7092 0.7035
vn -0.0000 -0.7047 0.7095
vn -0.0156 -0.7095 0.7046
vn -0.0602 -0.7045 0.7072
vn -0.0778 -0.7097 0.7002
vn -0.1200 -0.7043 0.6997
vn -0.1393 -0.7099 0.6904
vn -0.1789 -0.7041 0.6872
vn -0.1997 -0.7100 0.6752
vn -0.2366 -0.7040 0.6696
vn -0.2586 -0.7101 0.6548
vn -0.2926 -0.7039 0.6472
vn -0.3154 -0.7102 0.6294
vn -0.3464 -0.7039 0.6201
vn -0.3698 -0.7102 0.5990
vn -0.3977 -0.7039 0.5885
vn -0.4213 -0.7102 0.5640
vn -0.4462 -0.7040 0.5526
vn -0.4696 -0.7101 0.5247
vn -0.4914 -0.7041 0.5127
vn -0.5142 -0.7100 0.4812
vn -0.5330 -0.7042 0.4691
vn -0.5549 -0.7098 0.4340
vn -0.5707 -0.7044 0.4221
vn -0.5913 -0.7096 0.3833
vn -0.6042 -0.7046 0.3720
vn -0.6231 -0.7093 0.3297
vn -0.6334 -0.7049 0.3193
vn -0.6500 -0.7090 0.2735
vn -0.6579 -0.7052 0.2644
vn -0.6720 -0.7086 0.2151
vn -0.6776 -0.7055 0.2075
vn -0.6888 -0.7082 0.1549
vn -0.6924 -0.7059 0.1492
vn -0.7002 -0.7078 0.0935
vn -0.7022 -0.7063 0.0899
vn -0.7062 -0.7073 0.0313
vn -0.0000 -1.0000 -0.0000
vn 0.9988 -0.0000 0.0483
vn 0.9988 -0.0000 -0.0483
vn 0.9895 -0.0000 -0.1445
vn 0.9895 -0.0000 0.1445
vn 0.9709 -0.0000 0.2393
vn 0.9433 -0.0000 0.3319
vn 0.9069 -0.0000 0.4214
vn 0.8620 -0.0000 0.5070
vn 0.8090 -0.0000 0.5878
vn 0.7485 -0.0000 0.6631
vn 0.6810 -0.0000 0.7323
vn 0.6072 -0.0000 0.7946
vn 0.5276 -0.0000 0.8495
vn 0.4432 -0.0000 0.8964
vn 0.3546 -0.0000 0.9350
vn 0.2627 -0.0000 0.9649
vn 0.1684 -0.0000 0.9857
vn 0.0724 -0.0000 0.9974
vn -0.0242 -0.0000 0.9997
vn -0.1205 -0.0000 0.9927
vn -0.2158 -0.0000 0.9764
vn -0.3090 -0.0000 0.9511
vn -0.3994 -0.0000 0.9168
vn -0.4860 -0.0000 0.8740
vn -0.5681 -0.0000 0.8230
vn -0.6448 -0.0000 0.7643
vn -0.7156 -0.0000 0.6985
vn -0.7797 -0.0000 0.6262
vn -0.8365 -0.0000 0.5480
vn -0.8855 -0.0000 0.4647
vn -0.9262 -0.0000 0.3771
vn -0.9582 -0.0000 0.2860
vn -0.9582 -0.0000 0.2859
vn -0.9814 -0.0000 0.1921
vn -0.9953 -0.0000 0.0965
vn -1.0000 -0.0000 -0.0000
vn -0.9953 -0.0000 -0.0965
vn -0.9814 -0.0000 -0.1921
vn -0.9582 -0.0000 -0.2859
vn -0.9582 -0.0000 -0.2860
vn -0.9262 -0.0000 -0.3771
vn -0.8855 -0.0000 -0.4647
vn -0.8365 -0.0000 -0.5480
vn -0.7797 -0.0000 -0.6262
vn -0.7156 -0.0000 -0.6985
vn -0.6449 -0.0000 -0.7643
vn -0.6448 -0.0000 -0.7643
vn -0.5681 -0.0000 -0.8230
vn -0.4860 -0.0000 -0.8740
vn -0.3994 -0.0000 -0.9168
vn -0.3090 -0.0000 -0.9511
vn -0.2158 -0.0000 -0.9764
vn -0.1205 -0.0000 -0.9927
vn -0.0242 -0.0000 -0.9997
vn 0.0724 -0.0000 -0.9974
vn 0.1684 -0.0000 -0.9857
vn 0.2627 -0.0000 -0.9649
vn 0.3546 -0.0000 -0.9350
vn 0.4432 -0.0000 -0.8964
vn 0.5276 -0.0000 -0.8495
vn 0.5277 -0.0000 -0.8495
vn 0.6072 -0.0000 -0.7946
vn 0.6810 -0.0000 -0.7323
vn 0.7485 -0.0000 -0.6631
vn 0.8090 -0.0000 -0.5878
vn 0.8620 -0.0000 -0.5070
vn 0.9069 -0.0000 -0.4214
vn 0.9433 -0.0000 -0.3319
vn 0.9709 -0.0000 -0.2393
vn 0.9936 0.1023 0.0480
vn 0.9954 0.0871 0.0391
vn 0.9954 0.0871 -0.0391
vn 0.9652 0.2586 -0.0379
vn 0.9057 0.4224 -0.0356
vn 0.8187 0.5733 -0.0322
vn 0.7068 0.7068 -0.0278
vn 0.5734 0.8189 -0.0225
vn 0.4226 0.9062 -0.0166
vn 0.2588 0.9659 -0.0102
vn 0.0872 0.9962 -0.0034
vn 0.0878 0.9961 -0.0038
vn 0.9902 0.0754 0.1172
vn 0.9835 0.1105 0.1436
vn 0.9783 0.0707 0.1946
vn 0.9649 0.1116 0.2378
vn 0.9599 0.0730 0.2707
vn 0.9380 0.1058 0.3301
vn 0.9350 0.0824 0.3449
vn 0.9030 0.0929 0.4196
vn 0.9037 0.0988 0.4166
vn 0.8698 0.0785 0.4871
vn 0.8428 0.2586 0.4720
vn 0.8032 0.2586 0.5367
vn 0.7537 0.4224 0.5036
vn 0.7118 0.4223 0.5612
vn 0.6434 0.5733 0.5073
vn 0.6017 0.5733 0.5562
vn 0.5194 0.7068 0.4802
vn 0.4802 0.7068 0.5195
vn 0.3895 0.8190 0.4214
vn 0.3553 0.8189 0.4507
vn 0.2618 0.9062 0.3321
vn 0.2349 0.9062 0.3516
vn 0.1439 0.9659 0.2154
vn 0.1266 0.9659 0.2260
vn 0.0422 0.9963 0.0753
vn 0.0421 0.9961 0.0781
vn 0.0360 0.9963 0.0780
vn 0.0354 0.9960 0.0817
vn 0.0296 0.9963 0.0803
vn 0.0283 0.9960 0.0847
vn 0.0232 0.9963 0.0823
vn 0.0210 0.9960 0.0869
vn 0.0167 0.9963 0.0838
vn 0.0134 0.9960 0.0883
vn 0.0101 0.9963 0.0850
vn 0.0058 0.9960 0.0890
vn 0.0034 0.9963 0.0857
vn -0.0019 0.9960 0.0888
vn -0.0034 0.9963 0.0861
vn -0.0095 0.9961 0.0879
vn -0.0102 0.9962 0.0861
vn -0.0169 0.9961 0.0862
vn -0.0170 0.9962 0.0856
vn -0.0236 0.9962 0.0839
vn -0.0703 0.9659 0.2493
vn -0.1148 0.9062 0.4070
vn -0.1558 0.8189 0.5523
vn -0.1558 0.8190 0.5523
vn -0.1920 0.7068 0.6808
vn -0.2224 0.5733 0.7886
vn -0.2460 0.4224 0.8724
vn -0.2622 0.2586 0.9297
vn -0.2707 0.0715 0.9600
vn -0.3071 0.1120 0.9451
vn 0.8569 0.1085 0.5040
vn 0.8293 0.0715 0.5542
vn 0.8032 0.2586 0.5366
vn 0.7586 0.2586 0.5980
vn 0.7118 0.4224 0.5612
vn 0.6656 0.4223 0.6153
vn 0.5562 0.5733 0.6017
vn 0.4802 0.7068 0.5194
vn 0.4379 0.7068 0.5555
vn 0.3188 0.8189 0.4772
vn 0.2066 0.9062 0.3690
vn 0.1084 0.9659 0.2352
vn 0.8039 0.1120 0.5841
vn 0.7833 0.0715 0.6175
vn 0.7093 0.2586 0.6557
vn 0.6153 0.4224 0.6656
vn 0.5073 0.5733 0.6434
vn 0.3930 0.7068 0.5882
vn 0.2804 0.8189 0.5007
vn 0.1770 0.9062 0.3840
vn 0.0896 0.9659 0.2430
vn 0.7441 0.1085 0.6592
vn 0.7321 0.0785 0.6767
vn 0.6557 0.2586 0.7093
vn 0.6153 0.4223 0.6656
vn 0.5612 0.4223 0.7118
vn 0.5073 0.5733 0.6435
vn 0.4552 0.5733 0.6813
vn 0.3456 0.7068 0.6172
vn 0.2403 0.8189 0.5212
vn 0.1464 0.9062 0.3968
vn 0.0703 0.9659 0.2493
vn 0.6777 0.0980 0.7287
vn 0.6759 0.0925 0.7312
vn 0.5980 0.2586 0.7586
vn 0.5036 0.4224 0.7537
vn 0.4004 0.5733 0.7149
vn 0.2961 0.7068 0.6424
vn 0.1986 0.8189 0.5384
vn 0.1464 0.9062 0.3967
vn 0.1148 0.9062 0.4070
vn 0.0505 0.9659 0.2540
vn 0.6170 0.0824 0.7826
vn 0.6038 0.1058 0.7901
vn 0.5541 0.0730 0.8293
vn 0.5244 0.1116 0.8442
vn 0.4874 0.0707 0.8703
vn 0.4405 0.1104 0.8909
vn 0.4175 0.0754 0.9056
vn 0.3527 0.1023 0.9301
vn 0.3448 0.0871 0.9346
vn 0.2704 0.0871 0.9588
vn 0.2622 0.2586 0.9297
vn 0.1885 0.2586 0.9474
vn 0.1768 0.4224 0.8890
vn 0.1065 0.4224 0.9001
vn 0.0963 0.5733 0.8137
vn 0.0322 0.5733 0.8187
vn 0.0278 0.7068 0.7068
vn -0.0278 0.7068 0.7068
vn -0.0225 0.8189 0.5734
vn -0.0675 0.8190 0.5699
vn -0.0497 0.9062 0.4200
vn -0.0825 0.9062 0.4148
vn -0.0505 0.9659 0.2540
vn 0.2613 0.1023 0.9598
vn 0.1945 0.0754 0.9780
vn 0.1135 0.2586 0.9593
vn 0.0356 0.4224 0.9057
vn -0.0322 0.5733 0.8187
vn -0.0278 0.7069 0.7068
vn -0.0831 0.7068 0.7025
vn -0.0674 0.8189 0.5699
vn -0.1120 0.8189 0.5628
vn -0.0825 0.9062 0.4147
vn 0.1673 0.1104 0.9797
vn 0.1172 0.0707 0.9906
vn 0.0379 0.2586 0.9652
vn 0.0356 0.4223 0.9057
vn -0.0356 0.4223 0.9057
vn -0.0963 0.5733 0.8137
vn -0.1380 0.7068 0.6938
vn -0.1120 0.8189 0.5629
vn 0.0720 0.1116 0.9911
vn 0.0392 0.0730 0.9966
vn -0.0379 0.2586 0.9652
vn -0.0356 0.4224 0.9057
vn -0.1065 0.4224 0.9001
vn -0.1598 0.5733 0.8036
vn -0.0240 0.1058 0.9941
vn -0.0391 0.0824 0.9958
vn -0.1135 0.2586 0.9593
vn -0.1768 0.4224 0.8890
vn -0.1200 0.0929 0.9884
vn -0.1170 0.0987 0.9882
vn -0.1885 0.2586 0.9474
vn -0.1945 0.0785 0.9778
vn -0.2145 0.1085 0.9707
vn -0.3452 0.0715 0.9358
vn -0.3970 0.1085 0.9114
vn -0.4174 0.0785 0.9053
vn -0.4836 0.0980 0.8698
vn -0.4865 0.0925 0.8687
vn -0.5537 0.0824 0.8286
vn -0.5367 0.2587 0.8032
vn -0.5980 0.2586 0.7586
vn -0.5612 0.4224 0.7118
vn -0.6153 0.4223 0.6656
vn -0.5562 0.5733 0.6017
vn -0.6017 0.5733 0.5562
vn -0.5194 0.7068 0.4802
vn -0.5555 0.7068 0.4379
vn -0.4507 0.8189 0.3553
vn -0.4772 0.8189 0.3188
vn -0.3516 0.9062 0.2349
vn -0.3690 0.9062 0.2066
vn -0.2260 0.9659 0.1265
vn -0.2352 0.9659 0.1084
vn -0.0794 0.9962 0.0366
vn -0.0797 0.9961 0.0366
vn -0.0814 0.9962 0.0300
vn -0.0831 0.9961 0.0298
vn -0.0830 0.9963 0.0234
vn -0.0859 0.9960 0.0227
vn -0.0842 0.9963 0.0167
vn -0.0878 0.9960 0.0153
vn -0.0850 0.9963 0.0101
vn -0.0890 0.9960 0.0077
vn -0.0854 0.9963 0.0034
vn -0.0894 0.9960 -0.0000
vn -0.0854 0.9963 -0.0034
vn -0.0890 0.9960 -0.0077
vn -0.0850 0.9963 -0.0101
vn -0.0878 0.9960 -0.0153
vn -0.0842 0.9963 -0.0167
vn -0.0859 0.9960 -0.0227
vn -0.0830 0.9963 -0.0234
vn -0.0831 0.9961 -0.0298
vn -0.0814 0.9962 -0.0300
vn -0.0797 0.9961 -0.0366
vn -0.0794 0.9962 -0.0366
vn -0.0759 0.9962 -0.0425
vn -0.2260 0.9659 -0.1266
vn -0.3690 0.9062 -0.2066
vn -0.5007 0.8189 -0.2804
vn -0.6172 0.7068 -0.3456
vn -0.7149 0.5733 -0.4004
vn -0.7909 0.4224 -0.4429
vn -0.7909 0.4223 -0.4429
vn -0.8428 0.2586 -0.4720
vn -0.8700 0.0754 -0.4872
vn -0.8321 0.1023 -0.5451
vn -0.5649 0.1058 0.8184
vn -0.6174 0.0730 0.7832
vn -0.6557 0.2586 0.7093
vn -0.6153 0.4224 0.6656
vn -0.6656 0.4223 0.6153
vn -0.6435 0.5733 0.5073
vn -0.5882 0.7068 0.3930
vn -0.5007 0.8189 0.2804
vn -0.3840 0.9062 0.1770
vn -0.2430 0.9659 0.0896
vn -0.6408 0.1116 0.7595
vn -0.6771 0.0707 0.7325
vn -0.7094 0.2587 0.6557
vn -0.6656 0.4224 0.6153
vn -0.7118 0.4224 0.5612
vn -0.6434 0.5733 0.5073
vn -0.6813 0.5733 0.4552
vn -0.6172 0.7068 0.3456
vn -0.5212 0.8189 0.2403
vn -0.3967 0.9062 0.1464
vn -0.2493 0.9659 0.0703
vn -0.7112 0.1104 0.6942
vn -0.7322 0.0754 0.6769
vn -0.7093 0.2586 0.6557
vn -0.7586 0.2586 0.5980
vn -0.7118 0.4223 0.5612
vn -0.7537 0.4224 0.5036
vn -0.7149 0.5733 0.4004
vn -0.6424 0.7068 0.2962
vn -0.5384 0.8189 0.1986
vn -0.4070 0.9062 0.1148
vn -0.2540 0.9659 0.0505
vn -0.7756 0.1023 0.6229
vn -0.7823 0.0871 0.6167
vn -0.8032 0.2586 0.5367
vn -0.7537 0.4223 0.5036
vn -0.7909 0.4223 0.4429
vn -0.7441 0.5733 0.3430
vn -0.6637 0.7068 0.2448
vn -0.5523 0.8189 0.1558
vn -0.4148 0.9062 0.0825
vn -0.2572 0.9659 0.0304
vn -0.8283 0.0871 0.5535
vn -0.8321 0.1023 0.5451
vn -0.8700 0.0754 0.4872
vn -0.8800 0.1104 0.4619
vn -0.9059 0.0707 0.4176
vn -0.9204 0.1116 0.3747
vn -0.9357 0.0730 0.3452
vn -0.9529 0.1058 0.2843
vn -0.9592 0.0824 0.2705
vn -0.9771 0.0929 0.1913
vn -0.9760 0.0987 0.1941
vn -0.9900 0.0785 0.1172
vn -0.9593 0.2586 0.1135
vn -0.9652 0.2586 0.0379
vn -0.9057 0.4224 0.0356
vn -0.9057 0.4223 -0.0356
vn -0.8187 0.5733 -0.0322
vn -0.8137 0.5733 -0.0963
vn -0.7025 0.7068 -0.0831
vn -0.6938 0.7068 -0.1380
vn -0.5629 0.8189 -0.1120
vn -0.5523 0.8189 -0.1558
vn -0.4070 0.9062 -0.1148
vn -0.3967 0.9062 -0.1464
vn -0.2430 0.9659 -0.0896
vn -0.2352 0.9659 -0.1084
vn -0.9895 0.1085 0.0959
vn -0.9967 0.0715 0.0392
vn -0.9652 0.2586 -0.0379
vn -0.9057 0.4224 -0.0356
vn -0.9002 0.4223 -0.1065
vn -0.8036 0.5733 -0.1599
vn -0.6808 0.7068 -0.1920
vn -0.5384 0.8189 -0.1986
vn -0.3968 0.9062 -0.1464
vn -0.3840 0.9062 -0.1771
vn -0.9937 0.1120 -0.0000
vn -0.9967 0.0715 -0.0392
vn -0.9593 0.2586 -0.1135
vn -0.9001 0.4224 -0.1066
vn -0.8890 0.4224 -0.1768
vn -0.8036 0.5733 -0.1598
vn -0.7886 0.5733 -0.2224
vn -0.6637 0.7068 -0.2448
vn -0.5212 0.8189 -0.2403
vn -0.3840 0.9062 -0.1770
vn -0.9895 0.1085 -0.0959
vn -0.9900 0.0785 -0.1172
vn -0.9474 0.2586 -0.1885
vn -0.8724 0.4224 -0.2460
vn -0.7687 0.5733 -0.2836
vn -0.6424 0.7068 -0.2962
vn -0.9766 0.0980 -0.1912
vn -0.9766 0.0925 -0.1942
vn -0.9297 0.2586 -0.2622
vn -0.8504 0.4224 -0.3137
vn -0.7441 0.5733 -0.3430
vn -0.9592 0.0824 -0.2705
vn -0.9529 0.1058 -0.2843
vn -0.9357 0.0730 -0.3452
vn -0.9204 0.1116 -0.3747
vn -0.9059 0.0707 -0.4176
vn -0.8800 0.1104 -0.4619
vn -0.7756 0.1023 -0.6229
vn -0.7823 0.0871 -0.6167
vn -0.8283 0.0871 -0.5535
vn -0.8032 0.2586 -0.5367
vn -0.7537 0.4224 -0.5036
vn -0.6813 0.5733 -0.4552
vn -0.5882 0.7068 -0.3930
vn -0.4772 0.8189 -0.3188
vn -0.3516 0.9062 -0.2349
vn -0.2154 0.9659 -0.1439
vn -0.0719 0.9963 -0.0480
vn -0.0766 0.9961 -0.0435
vn -0.7322 0.0754 -0.6769
vn -0.7112 0.1104 -0.6942
vn -0.6771 0.0707 -0.7325
vn -0.6408 0.1116 -0.7595
vn -0.6174 0.0730 -0.7832
vn -0.5649 0.1058 -0.8184
vn -0.5537 0.0824 -0.8286
vn -0.4839 0.0930 -0.8702
vn -0.4862 0.0987 -0.8682
vn -0.4174 0.0785 -0.9053
vn -0.4044 0.2586 -0.8772
vn -0.3343 0.2586 -0.9063
vn -0.3137 0.4223 -0.8504
vn -0.2461 0.4223 -0.8724
vn -0.2224 0.5733 -0.7886
vn -0.1598 0.5733 -0.8036
vn -0.1380 0.7068 -0.6938
vn -0.0831 0.7069 -0.7024
vn -0.0675 0.8189 -0.5699
vn -0.0225 0.8189 -0.5734
vn -0.0166 0.9062 -0.4226
vn 0.0166 0.9062 -0.4226
vn 0.0102 0.9659 -0.2588
vn 0.0304 0.9659 -0.2572
vn 0.0101 0.9963 -0.0850
vn 0.0134 0.9960 -0.0883
vn 0.0167 0.9963 -0.0838
vn 0.0210 0.9960 -0.0869
vn 0.0232 0.9963 -0.0823
vn 0.0283 0.9960 -0.0847
vn 0.0296 0.9963 -0.0803
vn 0.0354 0.9960 -0.0817
vn 0.0360 0.9963 -0.0780
vn 0.0421 0.9961 -0.0781
vn 0.0422 0.9963 -0.0753
vn 0.0484 0.9961 -0.0738
vn 0.0482 0.9962 -0.0722
vn 0.0542 0.9962 -0.0689
vn 0.0542 0.9962 -0.0687
vn 0.0590 0.9962 -0.0638
vn 0.1758 0.9659 -0.1902
vn 0.2871 0.9062 -0.3105
vn 0.3896 0.8189 -0.4214
vn 0.3895 0.8189 -0.4214
vn 0.4802 0.7069 -0.5194
vn 0.4802 0.7068 -0.5194
vn 0.5562 0.5733 -0.6017
vn 0.6153 0.4223 -0.6656
vn 0.6153 0.4224 -0.6656
vn 0.6557 0.2586 -0.7093
vn 0.6755 0.0987 -0.7307
vn 0.7321 0.0785 -0.6767
vn 0.7441 0.1085 -0.6592
vn 0.7833 0.0715 -0.6175
vn 0.8039 0.1120 -0.5841
vn 0.8293 0.0715 -0.5542
vn 0.8569 0.1085 -0.5040
vn 0.8698 0.0785 -0.4871
vn 0.9025 0.0980 -0.4194
vn 0.9043 0.0925 -0.4168
vn 0.9350 0.0824 -0.3449
vn 0.9063 0.2586 -0.3343
vn 0.9297 0.2586 -0.2622
vn 0.8724 0.4223 -0.2460
vn 0.8890 0.4224 -0.1768
vn 0.8036 0.5733 -0.1598
vn 0.8137 0.5733 -0.0963
vn 0.7025 0.7068 -0.0831
vn -0.3970 0.1085 -0.9114
vn -0.3452 0.0715 -0.9358
vn -0.2622 0.2586 -0.9297
vn -0.2460 0.4224 -0.8724
vn -0.1768 0.4223 -0.8890
vn -0.0963 0.5733 -0.8137
vn -0.0831 0.7068 -0.7025
vn -0.0278 0.7068 -0.7068
vn 0.0225 0.8189 -0.5734
vn 0.0497 0.9062 -0.4200
vn 0.0505 0.9659 -0.2540
vn -0.3071 0.1120 -0.9451
vn -0.2707 0.0715 -0.9600
vn -0.1885 0.2587 -0.9474
vn -0.1065 0.4224 -0.9001
vn -0.0322 0.5733 -0.8187
vn -0.0278 0.7069 -0.7068
vn 0.0278 0.7068 -0.7068
vn 0.0225 0.8190 -0.5734
vn 0.0675 0.8189 -0.5699
vn 0.0497 0.9062 -0.4199
vn 0.0825 0.9062 -0.4148
vn 0.0703 0.9659 -0.2493
vn -0.2145 0.1085 -0.9707
vn -0.1945 0.0785 -0.9778
vn -0.1885 0.2586 -0.9474
vn -0.1135 0.2586 -0.9593
vn -0.1065 0.4224 -0.9002
vn -0.0356 0.4224 -0.9057
vn 0.0322 0.5733 -0.8187
vn 0.0831 0.7069 -0.7025
vn 0.1120 0.8190 -0.5628
vn 0.1148 0.9062 -0.4070
vn 0.0896 0.9659 -0.2430
vn -0.1200 0.0980 -0.9879
vn -0.1170 0.0926 -0.9888
vn -0.0379 0.2587 -0.9652
vn -0.0356 0.4223 -0.9057
vn 0.0356 0.4224 -0.9057
vn 0.0963 0.5733 -0.8137
vn 0.0831 0.7068 -0.7025
vn 0.1380 0.7068 -0.6938
vn 0.1120 0.8189 -0.5628
vn 0.1558 0.8189 -0.5523
vn 0.1464 0.9062 -0.3967
vn 0.1084 0.9659 -0.2352
vn -0.0391 0.0824 -0.9958
vn -0.0240 0.1057 -0.9941
vn 0.0392 0.0731 -0.9966
vn 0.0720 0.1116 -0.9911
vn 0.1172 0.0707 -0.9906
vn 0.1673 0.1104 -0.9797
vn 0.1945 0.0754 -0.9780
vn 0.2613 0.1023 -0.9598
vn 0.2704 0.0871 -0.9588
vn 0.3448 0.0871 -0.9346
vn 0.3343 0.2586 -0.9063
vn 0.4044 0.2586 -0.8773
vn 0.3795 0.4224 -0.8232
vn 0.4429 0.4224 -0.7909
vn 0.4004 0.5733 -0.7149
vn 0.4552 0.5733 -0.6813
vn 0.3930 0.7068 -0.5882
vn 0.4379 0.7068 -0.5555
vn 0.3553 0.8190 -0.4507
vn 0.3528 0.1023 -0.9301
vn 0.4175 0.0754 -0.9056
vn 0.4720 0.2586 -0.8428
vn 0.5036 0.4224 -0.7537
vn 0.5072 0.5733 -0.6434
vn 0.4405 0.1105 -0.8909
vn 0.4874 0.0707 -0.8703
vn 0.5367 0.2586 -0.8032
vn 0.5612 0.4224 -0.7118
vn 0.5073 0.5733 -0.6435
vn 0.5244 0.1116 -0.8442
vn 0.5541 0.0730 -0.8293
vn 0.5980 0.2587 -0.7586
vn 0.5612 0.4223 -0.7118
vn 0.6038 0.1058 -0.7901
vn 0.6170 0.0824 -0.7826
vn 0.5980 0.2586 -0.7586
vn 0.6781 0.0929 -0.7291
vn 0.9380 0.1058 -0.3301
vn 0.9599 0.0730 -0.2707
vn 0.9474 0.2586 -0.1885
vn 0.8890 0.4223 -0.1768
vn 0.9002 0.4223 -0.1065
vn 0.9649 0.1116 -0.2378
vn 0.9783 0.0707 -0.1946
vn 0.9593 0.2586 -0.1135
vn 0.9834 0.1105 -0.1436
vn 0.9902 0.0754 -0.1172
vn 0.9936 0.1023 -0.0480
vn 0.0860 0.9962 -0.0102
vn 0.0877 0.9961 -0.0114
vn 0.0844 0.9963 -0.0168
vn 0.0869 0.9960 -0.0190
vn 0.0825 0.9963 -0.0233
vn 0.0852 0.9960 -0.0265
vn 0.0802 0.9963 -0.0296
vn 0.0827 0.9960 -0.0338
vn 0.0776 0.9963 -0.0358
vn 0.0796 0.9960 -0.0408
vn 0.0746 0.9963 -0.0418
vn 0.0757 0.9960 -0.0474
vn 0.0712 0.9963 -0.0476
vn 0.0711 0.9960 -0.0536
vn 0.0675 0.9963 -0.0532
vn 0.0660 0.9961 -0.0592
vn 0.0634 0.9963 -0.0586
vn 0.0603 0.9961 -0.0643
vn 0.0058 0.9960 -0.0890
vn 0.0034 0.9963 -0.0857
vn -0.0102 0.9659 -0.2588
vn -0.0497 0.9062 -0.4200
vn -0.1120 0.8190 -0.5628
vn -0.1920 0.7069 -0.6808
vn -0.2836 0.5733 -0.7687
vn -0.3137 0.4224 -0.8504
vn -0.3795 0.4224 -0.8232
vn -0.4044 0.2586 -0.8773
vn -0.4720 0.2586 -0.8428
vn -0.0019 0.9960 -0.0888
vn -0.0034 0.9963 -0.0861
vn -0.0304 0.9659 -0.2572
vn -0.0497 0.9062 -0.4199
vn -0.0825 0.9062 -0.4148
vn -0.1120 0.8189 -0.5629
vn -0.1558 0.8190 -0.5523
vn -0.1920 0.7068 -0.6808
vn -0.2448 0.7068 -0.6637
vn -0.3430 0.5733 -0.7441
vn -0.4429 0.4224 -0.7908
vn -0.5367 0.2586 -0.8032
vn -0.0095 0.9961 -0.0879
vn -0.0102 0.9962 -0.0861
vn -0.0505 0.9659 -0.2540
vn -0.1148 0.9062 -0.4070
vn -0.1558 0.8189 -0.5523
vn -0.1986 0.8190 -0.5384
vn -0.2961 0.7068 -0.6424
vn -0.4004 0.5733 -0.7149
vn -0.4429 0.4223 -0.7909
vn -0.5036 0.4224 -0.7537
vn -0.5980 0.2586 -0.7586
vn -0.0169 0.9961 -0.0862
vn -0.0170 0.9962 -0.0856
vn -0.0703 0.9659 -0.2493
vn -0.1464 0.9062 -0.3967
vn -0.1986 0.8189 -0.5384
vn -0.2403 0.8189 -0.5212
vn -0.2962 0.7069 -0.6424
vn -0.3456 0.7068 -0.6172
vn -0.4552 0.5733 -0.6813
vn -0.5036 0.4223 -0.7537
vn -0.5612 0.4224 -0.7118
vn -0.6557 0.2586 -0.7093
vn -0.0237 0.9962 -0.0839
vn -0.0243 0.9961 -0.0846
vn -0.0299 0.9963 -0.0812
vn -0.0317 0.9961 -0.0827
vn -0.0360 0.9963 -0.0781
vn -0.0388 0.9960 -0.0800
vn -0.0419 0.9963 -0.0748
vn -0.0457 0.9960 -0.0766
vn -0.0475 0.9963 -0.0711
vn -0.0522 0.9960 -0.0725
vn -0.0529 0.9963 -0.0671
vn -0.0583 0.9960 -0.0678
vn -0.0580 0.9963 -0.0628
vn -0.0638 0.9960 -0.0624
vn -0.0629 0.9963 -0.0582
vn -0.0687 0.9960 -0.0566
vn -0.0675 0.9963 -0.0532
vn -0.0730 0.9961 -0.0502
vn -0.0759 0.9962 0.0425
vn -0.0766 0.9961 0.0435
vn -0.0719 0.9963 0.0480
vn -0.0730 0.9961 0.0502
vn -0.0675 0.9963 0.0532
vn -0.0687 0.9960 0.0566
vn -0.0629 0.9963 0.0582
vn -0.0638 0.9960 0.0624
vn -0.0580 0.9963 0.0628
vn -0.0583 0.9960 0.0678
vn -0.0529 0.9963 0.0671
vn -0.0522 0.9960 0.0725
vn -0.0475 0.9963 0.0711
vn -0.0457 0.9960 0.0766
vn -0.0419 0.9963 0.0748
vn -0.0388 0.9960 0.0800
vn -0.0360 0.9963 0.0781
vn -0.0317 0.9961 0.0827
vn -0.0299 0.9963 0.0812
vn -0.0243 0.9961 0.0846
vn 0.0484 0.9961 0.0738
vn 0.0483 0.9962 0.0722
vn 0.1439 0.9659 0.2153
vn 0.1603 0.9659 0.2034
vn 0.2871 0.9062 0.3105
vn 0.4214 0.8189 0.3896
vn 0.5555 0.7068 0.4379
vn 0.6435 0.5733 0.5073
vn 0.6813 0.5733 0.4552
vn 0.7537 0.4223 0.5036
vn 0.7909 0.4223 0.4429
vn 0.8772 0.2586 0.4044
vn 0.0542 0.9962 0.0689
vn 0.0542 0.9962 0.0687
vn 0.1758 0.9659 0.1902
vn 0.3105 0.9062 0.2870
vn 0.4214 0.8189 0.3895
vn 0.4507 0.8189 0.3553
vn 0.5882 0.7068 0.3930
vn 0.7149 0.5733 0.4004
vn 0.7909 0.4224 0.4429
vn 0.8232 0.4224 0.3795
vn 0.9063 0.2586 0.3343
vn 0.0590 0.9962 0.0638
vn 0.0603 0.9961 0.0643
vn 0.0634 0.9963 0.0586
vn 0.0660 0.9961 0.0592
vn 0.0675 0.9963 0.0532
vn 0.0711 0.9960 0.0536
vn 0.0712 0.9963 0.0476
vn 0.0757 0.9960 0.0474
vn 0.0746 0.9963 0.0418
vn 0.0796 0.9960 0.0408
vn 0.0776 0.9963 0.0358
vn 0.0827 0.9960 0.0338
vn 0.0802 0.9963 0.0296
vn 0.0852 0.9960 0.0265
vn 0.0825 0.9963 0.0233
vn 0.0869 0.9960 0.0190
vn 0.0845 0.9963 0.0168
vn 0.0877 0.9961 0.0114
vn 0.0860 0.9962 0.0102
vn 0.0878 0.9961 0.0038
vn 0.0872 0.9962 0.0034
vn -0.8187 0.5733 0.0322
vn -0.8137 0.5733 0.0963
vn -0.8036 0.5733 0.1599
vn -0.8036 0.5733 0.1598
vn -0.7886 0.5733 0.2224
vn -0.7687 0.5733 0.2836
vn -0.7068 0.7068 0.0278
vn -0.7025 0.7068 0.0831
vn -0.6938 0.7068 0.1380
vn -0.6808 0.7068 0.1920
vn -0.7068 0.7068 -0.0278
vn -0.5734 0.8189 -0.0225
vn -0.4226 0.9062 -0.0166
vn -0.2588 0.9659 -0.0102
vn -0.5734 0.8189 0.0225
vn -0.5699 0.8189 0.0675
vn -0.5699 0.8189 0.0674
vn -0.5628 0.8189 0.1120
vn -0.5629 0.8189 0.1120
vn -0.4226 0.9062 0.0166
vn -0.4200 0.9062 0.0497
vn -0.2588 0.9659 0.0102
vn 0.9652 0.2586 0.0379
vn 0.9593 0.2586 0.1135
vn 0.9474 0.2586 0.1885
vn 0.9297 0.2586 0.2622
vn 0.9063 0.2586 0.3344
vn 0.9057 0.4224 0.0356
vn 0.9002 0.4224 0.1065
vn 0.9002 0.4223 0.1066
vn 0.8890 0.4223 0.1768
vn 0.8890 0.4224 0.1768
vn 0.8724 0.4224 0.2460
vn 0.8724 0.4223 0.2460
vn 0.8504 0.4223 0.3137
vn 0.8504 0.4224 0.3137
vn 0.8187 0.5733 0.0322
vn 0.8137 0.5733 0.0963
vn 0.8036 0.5733 0.1598
vn 0.7886 0.5733 0.2224
vn 0.7687 0.5733 0.2836
vn 0.7441 0.5733 0.3430
vn 0.7441 0.5733 0.3431
vn 0.7149 0.5733 0.4003
vn 0.7068 0.7068 0.0278
vn 0.7025 0.7068 0.0831
vn 0.6938 0.7068 0.1380
vn 0.6808 0.7068 0.1920
vn 0.6637 0.7068 0.2448
vn 0.6636 0.7068 0.2448
vn 0.6424 0.7068 0.2961
vn 0.6172 0.7068 0.3456
vn 0.6172 0.7068 0.3457
vn 0.5734 0.8189 0.0225
vn 0.5734 0.8190 0.0225
vn 0.5699 0.8189 0.0675
vn 0.5699 0.8189 0.0674
vn 0.5628 0.8189 0.1120
vn 0.5523 0.8190 0.1558
vn 0.5523 0.8189 0.1558
vn 0.5384 0.8189 0.1986
vn 0.5212 0.8189 0.2403
vn 0.5007 0.8189 0.2804
vn 0.4772 0.8189 0.3188
vn 0.4226 0.9062 0.0166
vn 0.4200 0.9062 0.0497
vn 0.4199 0.9062 0.0497
vn 0.4148 0.9062 0.0825
vn 0.4070 0.9062 0.1148
vn 0.3967 0.9062 0.1464
vn 0.3968 0.9062 0.1464
vn 0.3840 0.9062 0.1771
vn 0.3840 0.9062 0.1770
vn 0.3690 0.9062 0.2066
vn 0.3516 0.9062 0.2349
vn 0.3321 0.9062 0.2618
vn 0.3105 0.9062 0.2871
vn 0.2588 0.9659 0.0102
vn 0.2572 0.9659 0.0304
vn 0.2540 0.9659 0.0505
vn 0.2493 0.9659 0.0703
vn 0.2430 0.9659 0.0896
vn 0.2352 0.9659 0.1084
vn 0.2260 0.9659 0.1265
vn 0.2260 0.9659 0.1266
vn 0.2154 0.9659 0.1439
vn 0.2034 0.9659 0.1603
vn 0.1902 0.9659 0.1758
vn 0.5367 0.2586 0.8032
vn 0.5036 0.4223 0.7537
vn 0.4429 0.4223 0.7909
vn 0.3430 0.5733 0.7441
vn 0.2448 0.7068 0.6637
vn 0.1558 0.8189 0.5523
vn 0.0825 0.9062 0.4148
vn 0.0304 0.9659 0.2572
vn 0.4720 0.2586 0.8428
vn 0.4429 0.4224 0.7909
vn 0.3795 0.4223 0.8232
vn 0.2836 0.5733 0.7687
vn 0.1920 0.7068 0.6808
vn 0.1120 0.8189 0.5629
vn 0.0497 0.9062 0.4200
vn 0.0102 0.9659 0.2588
vn 0.4044 0.2586 0.8772
vn 0.3137 0.4224 0.8504
vn 0.2224 0.5733 0.7886
vn 0.1380 0.7068 0.6938
vn 0.1120 0.8189 0.5628
vn 0.0674 0.8189 0.5699
vn 0.0166 0.9062 0.4226
vn -0.0102 0.9659 0.2588
vn 0.4044 0.2586 0.8773
vn 0.3343 0.2586 0.9063
vn 0.2460 0.4224 0.8724
vn 0.1598 0.5733 0.8036
vn 0.0831 0.7068 0.7025
vn 0.0675 0.8189 0.5699
vn 0.0225 0.8189 0.5734
vn -0.0166 0.9062 0.4226
vn -0.0304 0.9659 0.2572
vn -0.0225 0.8190 0.5734
vn -0.3343 0.2586 0.9063
vn -0.4044 0.2587 0.8772
vn -0.4044 0.2586 0.8773
vn -0.4720 0.2586 0.8428
vn -0.5367 0.2586 0.8032
vn -0.3137 0.4224 0.8504
vn -0.3795 0.4224 0.8232
vn -0.3795 0.4223 0.8232
vn -0.4429 0.4223 0.7909
vn -0.4429 0.4224 0.7909
vn -0.5036 0.4223 0.7537
vn -0.5036 0.4224 0.7537
vn -0.5612 0.4223 0.7119
vn -0.2836 0.5733 0.7687
vn -0.3430 0.5733 0.7441
vn -0.4004 0.5733 0.7149
vn -0.4552 0.5733 0.6813
vn -0.5073 0.5733 0.6435
vn -0.2448 0.7068 0.6636
vn -0.2448 0.7068 0.6637
vn -0.2961 0.7068 0.6424
vn -0.2962 0.7068 0.6424
vn -0.3456 0.7068 0.6172
vn -0.3930 0.7068 0.5882
vn -0.3930 0.7068 0.5881
vn -0.4379 0.7068 0.5555
vn -0.4802 0.7068 0.5195
vn -0.4802 0.7068 0.5194
vn -0.1986 0.8189 0.5384
vn -0.2403 0.8189 0.5212
vn -0.2804 0.8189 0.5007
vn -0.3188 0.8189 0.4772
vn -0.3188 0.8190 0.4771
vn -0.3553 0.8189 0.4507
vn -0.3553 0.8190 0.4507
vn -0.3895 0.8190 0.4214
vn -0.3896 0.8189 0.4214
vn -0.4214 0.8189 0.3895
vn -0.0896 0.9659 0.2430
vn -0.1464 0.9062 0.3967
vn -0.1770 0.9062 0.3840
vn -0.2066 0.9062 0.3690
vn -0.2349 0.9062 0.3516
vn -0.2618 0.9062 0.3321
vn -0.2871 0.9062 0.3105
vn -0.2870 0.9062 0.3105
vn -0.3105 0.9062 0.2870
vn -0.3105 0.9062 0.2871
vn -0.3321 0.9062 0.2618
vn -0.1084 0.9659 0.2352
vn -0.1266 0.9659 0.2260
vn -0.1439 0.9659 0.2154
vn -0.1439 0.9659 0.2153
vn -0.1603 0.9659 0.2034
vn -0.1758 0.9659 0.1902
vn -0.1902 0.9659 0.1758
vn -0.2034 0.9659 0.1603
vn -0.2034 0.9659 0.1604
vn -0.2154 0.9659 0.1439
vn -0.2260 0.9659 0.1266
vn -0.8428 0.2587 0.4720
vn -0.7909 0.4224 0.4429
vn -0.8232 0.4224 0.3795
vn -0.8428 0.2586 0.4720
vn -0.8772 0.2586 0.4044
vn -0.8504 0.4224 0.3137
vn -0.9063 0.2586 0.3343
vn -0.8724 0.4224 0.2460
vn -0.9297 0.2586 0.2622
vn -0.8724 0.4223 0.2460
vn -0.8890 0.4224 0.1768
vn -0.9474 0.2586 0.1885
vn -0.9001 0.4224 0.1065
vn -0.9002 0.4223 0.1065
vn -0.5699 0.8189 -0.0675
vn -0.4200 0.9062 -0.0497
vn -0.2572 0.9659 -0.0304
vn -0.5628 0.8189 -0.1120
vn -0.4148 0.9062 -0.0825
vn -0.2540 0.9659 -0.0505
vn -0.9063 0.2586 -0.3343
vn -0.8232 0.4224 -0.3795
vn -0.2493 0.9659 -0.0703
vn -0.8772 0.2586 -0.4044
vn -0.7586 0.2586 -0.5980
vn -0.7093 0.2586 -0.6557
vn -0.6557 0.2587 -0.7093
vn -0.7118 0.4223 -0.5612
vn -0.7118 0.4224 -0.5612
vn -0.6656 0.4224 -0.6153
vn -0.6656 0.4223 -0.6153
vn -0.6153 0.4224 -0.6656
vn -0.6153 0.4223 -0.6656
vn -0.5612 0.4223 -0.7118
vn -0.6435 0.5733 -0.5073
vn -0.6017 0.5733 -0.5562
vn -0.5562 0.5733 -0.6017
vn -0.5073 0.5733 -0.6434
vn -0.5073 0.5733 -0.6435
vn -0.5555 0.7068 -0.4379
vn -0.5195 0.7068 -0.4802
vn -0.5194 0.7068 -0.4802
vn -0.4802 0.7068 -0.5194
vn -0.4379 0.7068 -0.5555
vn -0.3930 0.7068 -0.5882
vn -0.4507 0.8189 -0.3553
vn -0.4507 0.8190 -0.3553
vn -0.4214 0.8189 -0.3895
vn -0.3896 0.8189 -0.4214
vn -0.3553 0.8189 -0.4507
vn -0.3553 0.8190 -0.4507
vn -0.3188 0.8190 -0.4771
vn -0.3188 0.8189 -0.4772
vn -0.2804 0.8189 -0.5007
vn -0.2804 0.8190 -0.5007
vn -0.3321 0.9062 -0.2618
vn -0.3105 0.9062 -0.2871
vn -0.2871 0.9062 -0.3105
vn -0.2870 0.9062 -0.3105
vn -0.2618 0.9062 -0.3321
vn -0.2349 0.9062 -0.3516
vn -0.2066 0.9062 -0.3690
vn -0.1770 0.9062 -0.3840
vn -0.1464 0.9062 -0.3968
vn -0.2034 0.9659 -0.1604
vn -0.1902 0.9659 -0.1758
vn -0.1758 0.9659 -0.1902
vn -0.1603 0.9659 -0.2034
vn -0.1439 0.9659 -0.2154
vn -0.1266 0.9659 -0.2260
vn -0.1084 0.9659 -0.2352
vn -0.0896 0.9659 -0.2430
vn -0.0897 0.9659 -0.2430
vn -0.0379 0.2586 -0.9652
vn 0.0379 0.2587 -0.9652
vn 0.0356 0.4223 -0.9057
vn 0.1065 0.4224 -0.9001
vn 0.1598 0.5733 -0.8036
vn 0.1920 0.7068 -0.6808
vn 0.1558 0.8190 -0.5523
vn 0.1986 0.8189 -0.5384
vn 0.1464 0.9062 -0.3968
vn 0.1770 0.9062 -0.3840
vn 0.1266 0.9659 -0.2260
vn 0.0379 0.2586 -0.9652
vn 0.1135 0.2586 -0.9593
vn 0.1768 0.4224 -0.8890
vn 0.2224 0.5733 -0.7886
vn 0.1920 0.7069 -0.6808
vn 0.2448 0.7068 -0.6637
vn 0.2403 0.8189 -0.5212
vn 0.2066 0.9062 -0.3690
vn 0.1439 0.9659 -0.2154
vn 0.1885 0.2587 -0.9474
vn 0.1768 0.4223 -0.8890
vn 0.2461 0.4223 -0.8724
vn 0.2836 0.5733 -0.7687
vn 0.2448 0.7069 -0.6636
vn 0.2961 0.7069 -0.6424
vn 0.2804 0.8190 -0.5007
vn 0.2349 0.9062 -0.3516
vn 0.1603 0.9659 -0.2034
vn 0.1885 0.2586 -0.9474
vn 0.2622 0.2586 -0.9297
vn 0.2460 0.4224 -0.8724
vn 0.3137 0.4224 -0.8504
vn 0.3430 0.5732 -0.7441
vn 0.2961 0.7068 -0.6424
vn 0.3456 0.7068 -0.6172
vn 0.2804 0.8189 -0.5007
vn 0.3188 0.8189 -0.4772
vn 0.2618 0.9062 -0.3321
vn 0.3343 0.2587 -0.9063
vn 0.3430 0.5733 -0.7441
vn 0.3456 0.7069 -0.6172
vn 0.3188 0.8190 -0.4771
vn 0.3930 0.7069 -0.5881
vn 0.3553 0.8189 -0.4507
vn 0.7093 0.2586 -0.6557
vn 0.7586 0.2586 -0.5980
vn 0.8032 0.2586 -0.5367
vn 0.8428 0.2587 -0.4720
vn 0.8428 0.2586 -0.4720
vn 0.8772 0.2586 -0.4044
vn 0.6656 0.4223 -0.6153
vn 0.6656 0.4224 -0.6153
vn 0.7118 0.4223 -0.5612
vn 0.7537 0.4224 -0.5036
vn 0.7537 0.4223 -0.5036
vn 0.7909 0.4223 -0.4429
vn 0.7909 0.4224 -0.4429
vn 0.8232 0.4224 -0.3795
vn 0.8504 0.4224 -0.3137
vn 0.8504 0.4223 -0.3137
vn 0.8724 0.4223 -0.2461
vn 0.6017 0.5733 -0.5562
vn 0.6435 0.5733 -0.5073
vn 0.6434 0.5733 -0.5072
vn 0.6813 0.5733 -0.4552
vn 0.7149 0.5733 -0.4004
vn 0.7149 0.5733 -0.4003
vn 0.7441 0.5733 -0.3430
vn 0.7687 0.5733 -0.2836
vn 0.7886 0.5733 -0.2224
vn 0.5194 0.7068 -0.4802
vn 0.5555 0.7068 -0.4379
vn 0.5881 0.7068 -0.3930
vn 0.5882 0.7068 -0.3930
vn 0.6172 0.7068 -0.3456
vn 0.6172 0.7068 -0.3457
vn 0.6424 0.7068 -0.2961
vn 0.6636 0.7068 -0.2448
vn 0.6637 0.7068 -0.2448
vn 0.6808 0.7068 -0.1920
vn 0.6938 0.7068 -0.1380
vn 0.4214 0.8189 -0.3895
vn 0.4214 0.8189 -0.3896
vn 0.4507 0.8189 -0.3553
vn 0.4507 0.8190 -0.3553
vn 0.4772 0.8189 -0.3188
vn 0.5007 0.8189 -0.2804
vn 0.5212 0.8189 -0.2403
vn 0.5212 0.8189 -0.2402
vn 0.5384 0.8189 -0.1986
vn 0.5523 0.8189 -0.1558
vn 0.5523 0.8190 -0.1558
vn 0.5629 0.8189 -0.1120
vn 0.5628 0.8189 -0.1120
vn 0.5699 0.8189 -0.0675
vn 0.5699 0.8189 -0.0674
vn 0.3105 0.9062 -0.2870
vn 0.3105 0.9062 -0.2871
vn 0.3321 0.9062 -0.2618
vn 0.3516 0.9062 -0.2350
vn 0.3516 0.9062 -0.2349
vn 0.3690 0.9062 -0.2066
vn 0.3840 0.9062 -0.1771
vn 0.3840 0.9062 -0.1770
vn 0.3967 0.9062 -0.1464
vn 0.4070 0.9062 -0.1148
vn 0.4148 0.9062 -0.0825
vn 0.4200 0.9062 -0.0497
vn 0.1902 0.9659 -0.1758
vn 0.2034 0.9659 -0.1603
vn 0.2034 0.9659 -0.1604
vn 0.2154 0.9659 -0.1439
vn 0.2153 0.9659 -0.1439
vn 0.2260 0.9659 -0.1266
vn 0.2260 0.9659 -0.1265
vn 0.2352 0.9659 -0.1084
vn 0.2430 0.9659 -0.0896
vn 0.2493 0.9659 -0.0703
vn 0.2540 0.9659 -0.0505
vn 0.2572 0.9659 -0.0304
vn -0.0000 1.0000 -0.0000
vn 0.9997 -0.0000 0.0255
vn 0.9997 -0.0000 -0.0255
vn 0.9971 -0.0000 -0.0765
vn 0.9919 -0.0000 -0.1274
vn 0.9841 -0.0000 -0.1778
vn 0.9737 -0.0000 -0.2279
vn 0.9608 -0.0000 -0.2773
vn 0.9454 -0.0000 -0.3260
vn 0.9275 -0.0000 -0.3738
vn 0.9072 -0.0000 -0.4207
vn 0.8845 -0.0000 -0.4665
vn 0.8596 -0.0000 -0.5110
vn 0.8323 -0.0000 -0.5543
vn 0.8324 -0.0000 -0.5542
vn 0.8030 -0.0000 -0.5960
vn 0.7715 -0.0000 -0.6363
vn 0.7715 -0.0000 -0.6362
vn 0.7380 -0.0000 -0.6748
vn 0.7026 -0.0000 -0.7116
vn 0.6653 -0.0000 -0.7466
vn 0.6263 -0.0000 -0.7796
vn 0.5857 -0.0000 -0.8105
vn 0.5436 -0.0000 -0.8394
vn 0.5000 -0.0000 -0.8660
vn 0.4551 -0.0000 -0.8904
vn 0.4091 -0.0000 -0.9125
vn 0.3619 -0.0000 -0.9322
vn 0.3139 -0.0000 -0.9495
vn 0.2650 -0.0000 -0.9643
vn 0.2154 -0.0000 -0.9765
vn 0.1653 -0.0000 -0.9863
vn 0.1147 -0.0000 -0.9934
vn 0.0638 -0.0000 -0.9980
vn 0.0128 -0.0000 -0.9999
vn -0.0383 -0.0000 -0.9993
vn -0.0893 -0.0000 -0.9960
vn -0.1400 -0.0000 -0.9901
vn -0.1904 -0.0000 -0.9817
vn -0.2403 -0.0000 -0.9707
vn -0.2895 -0.0000 -0.9572
vn -0.3380 -0.0000 -0.9411
vn -0.3856 -0.0000 -0.9227
vn -0.4322 -0.0000 -0.9018
vn -0.4777 -0.0000 -0.8785
vn -0.5220 -0.0000 -0.8530
vn -0.5219 -0.0000 -0.8530
vn -0.5648 -0.0000 -0.8252
vn -0.6062 -0.0000 -0.7953
vn -0.6460 -0.0000 -0.7633
vn -0.6842 -0.0000 -0.7293
vn -0.7205 -0.0000 -0.6934
vn -0.7550 -0.0000 -0.6557
vn -0.7875 -0.0000 -0.6163
vn -0.8179 -0.0000 -0.5753
vn -0.8462 -0.0000 -0.5328
vn -0.8723 -0.0000 -0.4889
vn -0.8962 -0.0000 -0.4437
vn -0.9177 -0.0000 -0.3974
vn -0.9367 -0.0000 -0.3500
vn -0.9534 -0.0000 -0.3017
vn -0.9676 -0.0000 -0.2526
vn -0.9792 -0.0000 -0.2029
vn -0.9883 -0.0000 -0.1526
vn -0.9883 -0.0000 -0.1527
vn -0.9948 -0.0000 -0.1020
vn -0.9987 -0.0000 -0.0511
vn -0.9987 -0.0000 0.0511
vn -0.9948 -0.0000 0.1020
vn -0.9883 -0.0000 0.1527
vn -0.9883 -0.0000 0.1526
vn -0.9792 -0.0000 0.2029
vn -0.9676 -0.0000 0.2526
vn -0.9676 -0.0000 0.2527
vn -0.9534 -0.0000 0.3017
vn -0.9367 -0.0000 0.3500
vn -0.9177 -0.0000 0.3974
vn -0.8962 -0.0000 0.4437
vn -0.8723 -0.0000 0.4889
vn -0.8462 -0.0000 0.5328
vn -0.8179 -0.0000 0.5753
vn -0.7875 -0.0000 0.6163
vn -0.7550 -0.0000 0.6557
vn -0.7205 -0.0000 0.6934
vn -0.6842 -0.0000 0.7293
vn -0.6460 -0.0000 0.7633
vn -0.6062 -0.0000 0.7953
vn -0.5648 -0.0000 0.8252
vn -0.5219 -0.0000 0.8530
vn -0.5220 -0.0000 0.8530
vn -0.4777 -0.0000 0.8785
vn -0.4322 -0.0000 0.9018
vn -0.3856 -0.0000 0.9227
vn -0.3380 -0.0000 0.9411
vn -0.2895 -0.0000 0.9572
vn -0.2403 -0.0000 0.9707
vn -0.1904 -0.0000 0.9817
vn -0.1400 -0.0000 0.9901
vn -0.0893 -0.0000 0.9960
vn -0.0383 -0.0000 0.9993
vn 0.0128 -0.0000 0.9999
vn 0.0638 -0.0000 0.9980
vn 0.1147 -0.0000 0.9934
vn 0.1653 -0.0000 0.9863
vn 0.2154 -0.0000 0.9765
vn 0.2650 -0.0000 0.9643
vn 0.3139 -0.0000 0.9495
vn 0.3619 -0.0000 0.9322
vn 0.4091 -0.0000 0.9125
vn 0.4551 -0.0000 0.8904
vn 0.5000 -0.0000 0.8660
vn 0.5436 -0.0000 0.8394
vn 0.5857 -0.0000 0.8105
vn 0.6263 -0.0000 0.7796
vn 0.6653 -0.0000 0.7466
vn 0.7026 -0.0000 0.7116
vn 0.7380 -0.0000 0.6748
vn 0.7715 -0.0000 0.6362
vn 0.8030 -0.0000 0.5960
vn 0.8324 -0.0000 0.5542
vn 0.8323 -0.0000 0.5543
vn 0.8596 -0.0000 0.5110
vn 0.8845 -0.0000 0.4665
vn 0.9072 -0.0000 0.4207
vn 0.9275 -0.0000 0.3738
vn 0.9454 -0.0000 0.3260
vn 0.9608 -0.0000 0.2773
vn 0.9737 -0.0000 0.2279
vn 0.9841 -0.0000 0.1778
vn 0.9919 -0.0000 0.1274
vn 0.9971 -0.0000 0.0765
vn 0.9932 -0.0000 0.1161
vn 0.9932 -0.0000 -0.1161
vn 0.9397 -0.0000 -0.3420
vn 0.8355 -0.0000 -0.5495
vn 0.6862 -0.0000 -0.7274
vn 0.2868 -0.0000 -0.9580
vn 0.0581 -0.0000 -0.9983
vn -0.1737 -0.0000 -0.9848
vn -0.1736 -0.0000 -0.9848
vn -0.3961 -0.0000 -0.9182
vn -0.5972 -0.0000 -0.8021
vn -0.7660 -0.0000 -0.6428
vn -0.8936 -0.0000 -0.4488
vn -0.9730 -0.0000 -0.2306
vn -0.9730 -0.0000 0.2306
vn -0.8936 -0.0000 0.4488
vn -0.7660 -0.0000 0.6428
vn -0.5972 -0.0000 0.8021
vn -0.3961 -0.0000 0.9182
vn -0.1736 -0.0000 0.9848
vn -0.1737 -0.0000 0.9848
vn 0.0581 -0.0000 0.9983
vn 0.2868 -0.0000 0.9580
vn 0.6862 -0.0000 0.7274
vn 0.8355 -0.0000 0.5495
vn 0.9397 -0.0000 0.3420
vn -0.5971 -0.0000 -0.8021
vn -0.7661 -0.0000 -0.6428
vn -0.7661 -0.0000 0.6428
vn -0.5971 -0.0000 0.8021
vn 0.9932 0.0013 0.1161
vn 0.9983 -0.0013 0.0581
vn 0.9932 0.0013 -0.1161
vn 0.9848 -0.0013 -0.1736
vn 0.9397 0.0013 -0.3420
vn 0.9182 -0.0013 -0.3961
vn 0.8355 0.0013 -0.5495
vn 0.8021 -0.0013 -0.5972
vn 0.6863 0.0013 -0.7274
vn 0.6428 -0.0013 -0.7661
vn 0.5000 0.0013 -0.8660
vn 0.4488 -0.0013 -0.8936
vn 0.2868 0.0013 -0.9580
vn 0.2306 -0.0013 -0.9730
vn 0.0581 0.0013 -0.9983
vn -0.0000 -0.0013 -1.0000
vn -0.1737 0.0013 -0.9848
vn -0.2306 -0.0013 -0.9730
vn -0.3961 0.0013 -0.9182
vn -0.4488 -0.0013 -0.8936
vn -0.5972 0.0013 -0.8021
vn -0.6428 -0.0013 -0.7661
vn -0.7660 0.0013 -0.6428
vn -0.8021 -0.0013 -0.5972
vn -0.8936 0.0013 -0.4488
vn -0.9182 -0.0013 -0.3961
vn -0.9730 0.0013 -0.2306
vn -0.9848 -0.0013 -0.1736
vn -1.0000 0.0013 -0.0000
vn -0.9983 -0.0013 0.0582
vn -0.9731 0.0013 0.2306
vn -0.9580 -0.0013 0.2868
vn -0.8936 0.0013 0.4488
vn -0.8660 -0.0013 0.5000
vn -0.7660 0.0013 0.6428
vn -0.7274 -0.0013 0.6862
vn -0.5971 0.0013 0.8021
vn -0.5495 -0.0013 0.8355
vn -0.3961 0.0013 0.9182
vn -0.3420 -0.0013 0.9397
vn -0.1737 0.0013 0.9848
vn -0.1161 -0.0013 0.9932
vn 0.0581 0.0013 0.9983
vn 0.1161 -0.0013 0.9932
vn 0.2868 0.0013 0.9580
vn 0.3420 -0.0013 0.9397
vn 0.5000 0.0013 0.8660
vn 0.5495 -0.0013 0.8355
vn 0.6862 0.0013 0.7274
vn 0.7274 -0.0013 0.6862
vn 0.8355 0.0013 0.5495
vn 0.8660 -0.0013 0.5000
vn 0.9397 0.0013 0.3420
vn 0.9580 -0.0013 0.2868
vn -0.0000 -0.0000 -1.0000
vn -0.4580 -0.0000 -0.8889
vn -0.4130 -0.0000 -0.9107
vn -0.4130 -0.0000 -0.9108
vn -0.3668 -0.0000 -0.9303
vn -0.3198 -0.0000 -0.9475
vn -0.2720 -0.0000 -0.9623
vn -0.2235 -0.0000 -0.9747
vn -0.1744 -0.0000 -0.9847
vn -0.1249 -0.0000 -0.9922
vn -0.0751 -0.0000 -0.9972
vn -0.0250 -0.0000 -0.9997
vn 0.0250 -0.0000 -0.9997
vn 0.0751 -0.0000 -0.9972
vn 0.1249 -0.0000 -0.9922
vn 0.1744 -0.0000 -0.9847
vn 0.2235 -0.0000 -0.9747
vn 0.2720 -0.0000 -0.9623
vn 0.3198 -0.0000 -0.9475
vn 0.3668 -0.0000 -0.9303
vn 0.4130 -0.0000 -0.9107
vn 0.4130 -0.0000 -0.9108
vn 0.4580 -0.0000 -0.8889
vn 0.0561 -0.0000 -0.9984
vn 0.1675 -0.0000 -0.9859
vn 0.2768 -0.0000 -0.9609
vn 0.3827 -0.0000 -0.9239
vn 0.4837 -0.0000 -0.8752
vn 0.5787 -0.0000 -0.8156
vn 0.6663 -0.0000 -0.7456
vn 0.7456 -0.0000 -0.6663
vn 0.8156 -0.0000 -0.5787
vn 0.8752 -0.0000 -0.4837
vn 0.9239 -0.0000 -0.3827
vn 0.9609 -0.0000 -0.2768
vn 0.9859 -0.0000 -0.1675
vn 0.9984 -0.0000 -0.0561
vn 1.0000 -0.0000 -0.0000
vn 0.8889 -0.0000 -0.4580
vn 0.9108 -0.0000 -0.4130
vn 0.9303 -0.0000 -0.3668
vn 0.9475 -0.0000 -0.3198
vn 0.9623 -0.0000 -0.2720
vn 0.9747 -0.0000 -0.2235
vn 0.9847 -0.0000 -0.1744
vn 0.9922 -0.0000 -0.1249
vn 0.9972 -0.0000 -0.0751
vn 0.9997 -0.0000 -0.0250
vn 0.9997 -0.0000 0.0250
vn 0.9972 -0.0000 0.0751
vn 0.9922 -0.0000 0.1249
vn 0.9847 -0.0000 0.1744
vn 0.9747 -0.0000 0.2235
vn 0.9623 -0.0000 0.2720
vn 0.9475 -0.0000 0.3198
vn 0.9303 -0.0000 0.3668
vn 0.9108 -0.0000 0.4130
vn 0.8889 -0.0000 0.4580
vn 0.9984 -0.0000 0.0561
vn 0.9859 -0.0000 0.1675
vn 0.9609 -0.0000 0.2768
vn 0.9239 -0.0000 0.3827
vn 0.8752 -0.0000 0.4837
vn 0.8156 -0.0000 0.5787
vn 0.7456 -0.0000 0.6663
vn 0.6663 -0.0000 0.7456
vn 0.5787 -0.0000 0.8156
vn 0.4837 -0.0000 0.8752
vn 0.3827 -0.0000 0.9239
vn 0.2768 -0.0000 0.9609
vn 0.1675 -0.0000 0.9859
vn 0.0561 -0.0000 0.9984
vn -0.0000 -0.0000 1.0000
vn 0.4580 -0.0000 0.8889
vn 0.4130 -0.0000 0.9108
vn 0.4130 -0.0000 0.9107
vn 0.3668 -0.0000 0.9303
vn 0.3198 -0.0000 0.9475
vn 0.2720 -0.0000 0.9623
vn 0.2235 -0.0000 0.9747
vn 0.1744 -0.0000 0.9847
vn 0.1249 -0.0000 0.9922
vn 0.0751 -0.0000 0.9972
vn 0.0250 -0.0000 0.9997
vn -0.0250 -0.0000 0.9997
vn -0.0751 -0.0000 0.9972
vn -0.1249 -0.0000 0.9922
vn -0.1744 -0.0000 0.9847
vn -0.2235 -0.0000 0.9747
vn -0.2720 -0.0000 0.9623
vn -0.3198 -0.0000 0.9475
vn -0.3668 -0.0000 0.9303
vn -0.3669 -0.0000 0.9303
vn -0.4130 -0.0000 0.9108
vn -0.4130 -0.0000 0.9107
vn -0.4580 -0.0000 0.8889
vn -0.0561 -0.0000 0.9984
vn -0.1675 -0.0000 0.9859
vn -0.2768 -0.0000 0.9609
vn -0.3827 -0.0000 0.9239
vn -0.4837 -0.0000 0.8752
vn -0.5787 -0.0000 0.8156
vn -0.6663 -0.0000 0.7456
vn -0.7456 -0.0000 0.6664
vn -0.7457 -0.0000 0.6663
vn -0.8156 -0.0000 0.5787
vn -0.8752 -0.0000 0.4837
vn -0.9239 -0.0000 0.3827
vn -0.9609 -0.0000 0.2768
vn -0.9859 -0.0000 0.1675
vn -0.9984 -0.0000 0.0561
vn -0.8889 -0.0000 0.4580
vn -0.9108 -0.0000 0.4129
vn -0.9108 -0.0000 0.4130
vn -0.9303 -0.0000 0.3668
vn -0.9475 -0.0000 0.3198
vn -0.9623 -0.0000 0.2720
vn -0.9747 -0.0000 0.2235
vn -0.9847 -0.0000 0.1744
vn -0.9922 -0.0000 0.1249
vn -0.9972 -0.0000 0.0750
vn -0.9972 -0.0000 0.0751
vn -0.9997 -0.0000 0.0250
vn -0.9997 -0.0000 -0.0250
vn -0.9972 -0.0000 -0.0751
vn -0.9972 -0.0000 -0.0750
vn -0.9922 -0.0000 -0.1249
vn -0.9847 -0.0000 -0.1744
vn -0.9747 -0.0000 -0.2235
vn -0.9623 -0.0000 -0.2720
vn -0.9475 -0.0000 -0.3198
vn -0.9303 -0.0000 -0.3668
vn -0.9108 -0.0000 -0.4130
vn -0.9108 -0.0000 -0.4129
vn -0.8889 -0.0000 -0.4580
vn -0.9984 -0.0000 -0.0561
vn -0.9859 -0.0000 -0.1675
vn -0.9609 -0.0000 -0.2768
vn -0.9239 -0.0000 -0.3827
vn -0.8752 -0.0000 -0.4837
vn -0.8156 -0.0000 -0.5787
vn -0.7457 -0.0000 -0.6663
vn -0.7456 -0.0000 -0.6664
vn -0.6663 -0.0000 -0.7456
vn -0.5787 -0.0000 -0.8156
vn -0.4837 -0.0000 -0.8752
vn -0.3827 -0.0000 -0.9239
vn -0.2768 -0.0000 -0.9609
vn -0.1675 -0.0000 -0.9859
vn -0.0561 -0.0000 -0.9984
s 0
f 1//1 2//1 3//1
f 3//2 2//2 4//2
f 3//3 4//3 5//3
f 5//4 4//4 6//4
f 5//5 6//5 7//5
f 7//6 6//6 8//6
f 7//7 8//7 9//7
f 9//8 8//8 10//8
f 9//9 10//9 11//9
f 11//10 10//10 12//10
f 11//11 12//11 13//11
f 13//12 12//12 14//12
f 13//13 14//13 15//13
f 15//14 14//14 16//14
f 15//15 16//15 17//15
f 17//16 16//16 18//16
f 17//17 18//17 19//17
f 19//18 18//18 20//18
f 19//19 20//19 21//19
f 21//20 20//20 22//20
f 21//21 22//21 23//21
f 23//22 22//22 24//22
f 23//23 24//23 25//23
f 25//24 24//24 26//24
f 25//25 26//25 27//25
f 27//26 26//26 28//26
f 27//27 28//27 29//27
f 29//28 28//28 30//28
f 29//29 30//29 31//29
f 31//30 30//30 32//30
f 31//31 32//31 33//31
f 33//32 32//32 34//32
f 33//33 34//33 35//33
f 35//34 34//34 36//34
f 35//35 36//35 37//35
f 37//36 36//36 38//36
f 37//37 38//37 39//37
f 39//38 38//38 40//38
f 39//39 40//39 41//39
f 41//40 40//40 42//40
f 41//41 42//41 43//41
f 43//42 42//42 44//42
f 43//43 44//43 45//43
f 45//44 44//44 46//44
f 45//45 46//45 47//45
f 47//46 46//46 48//46
f 47//47 48//47 49//47
f 49//48 48//48 50//48
f 49//49 50//49 51//49
f 51//50 50//50 52//50
f 51//51 52//51 53//51
f 51//52 53//52 54//52
f 54//53 53//53 55//53
f 54//54 55//54 56//54
f 56//55 55//55 57//55
f 56//56 57//56 58//56
f 58//57 57//57 59//57
f 58//58 59//58 60//58
f 60//59 59//59 61//59
f 60//60 61//60 62//60
f 62//61 61//61 63//61
f 62//62 63//62 64//62
f 64//63 63//63 65//63
f 64//64 65//64 66//64
f 66//65 65//65 67//65
f 66//66 67//66 68//66
f 68//67 67//67 69//67
f 68//68 69//68 70//68
f 70//69 69//69 71//69
f 70//70 71//70 72//70
f 72//71 71//71 73//71
f 72//72 73//72 74//72
f 74//73 73//73 75//73
f 74//74 75//74 76//74
f 76//75 75//75 77//75
f 76//76 77//76 78//76
f 78//77 77//77 79//77
f 78//78 79//78 80//78
f 80//79 79//79 81//79
f 80//80 81//80 82//80
f 82//81 81//81 83//81
f 82//82 83//82 84//82
f 84//83 83//83 85//83
f 84//84 85//84 86//84
f 86//85 85//85 87//85
f 86//86 87//86 88//86
f 88//87 87//87 89//87
f 88//88 89//88 90//88
f 90//89 89//89 91//89
f 90//90 91//90 92//90
f 92//91 91//91 93//91
f 92//92 93//92 94//92
f 94//93 93//93 95//93
f 94//94 95//94 96//94
f 96//95 95//95 97//95
f 96//96 97//96 98//96
f 98//97 97//97 99//97
f 98//98 99//98 100//98
f 98//99 100//99 101//99
f 101//100 100//100 102//100
f 101//101 102//101 103//101
f 103//102 102//102 104//102
f 103//103 104//103 105//103
f 105//104 104//104 106//104
f 105//105 106//105 107//105
f 107//106 106//106 108//106
f 107//107 108//107 109//107
f 109//108 108//108 110//108
f 109//109 110//109 111//109
f 111//110 110//110 112//110
f 111//111 112//111 113//111
f 113//112 112//112 114//112
f 113//113 114//113 115//113
f 115//114 114//114 116//114
f 115//115 116//115 117//115
f 117//116 116//116 118//116
f 117//117 118//117 119//117
f 119//118 118//118 120//118
f 119//119 120//119 121//119
f 121//120 120//120 122//120
f 121//121 122//121 123//121
f 123//122 122//122 124//122
f 123//123 124//123 125//123
f 125//124 124//124 126//124
f 125//125 126//125 127//125
f 127//126 126//126 128//126
f 127//127 128//127 129//127
f 129//128 128//128 130//128
f 129//129 130//129 131//129
f 131//130 130//130 132//130
f 131//131 132//131 133//131
f 133//132 132//132 134//132
f 133//133 134//133 135//133
f 135//134 134//134 136//134
f 135//135 136//135 137//135
f 137//136 136//136 138//136
f 137//137 138//137 139//137
f 139//138 138//138 140//138
f 139//139 140//139 141//139
f 141//140 140//140 142//140
f 141//141 142//141 143//141
f 143//142 142//142 144//142
f 143//143 144//143 145//143
f 145//144 144//144 1//144
f 145//145 1//145 3//145
f 146//146 145//146 147//146
f 147//146 145//146 3//146
f 147//146 3//146 5//146
f 145//146 146//146 143//146
f 143//146 146//146 148//146
f 143//146 148//146 141//146
f 141//146 148//146 149//146
f 141//146 149//146 139//146
f 139//146 149//146 150//146
f 139//146 150//146 137//146
f 137//146 150//146 151//146
f 137//146 151//146 135//146
f 135//146 151//146 152//146
f 135//146 152//146 133//146
f 133//146 152//146 153//146
f 133//146 153//146 131//146
f 131//146 153//146 154//146
f 131//146 154//146 129//146
f 129//146 154//146 155//146
f 129//146 155//146 127//146
f 127//146 155//146 156//146
f 127//146 156//146 125//146
f 125//146 156//146 157//146
f 125//146 157//146 123//146
f 123//146 157//146 121//146
f 121//146 157//146 158//146
f 121//146 158//146 119//146
f 119//146 158//146 159//146
f 119//146 159//146 117//146
f 117//146 159//146 160//146
f 117//146 160//146 115//146
f 115//146 160//146 161//146
f 115//146 161//146 113//146
f 113//146 161//146 162//146
f 113//146 162//146 111//146
f 111//146 162//146 163//146
f 111//146 163//146 109//146
f 109//146 163//146 164//146
f 109//146 164//146 107//146
f 107//146 164//146 165//146
f 107//146 165//146 105//146
f 105//146 165//146 166//146
f 105//146 166//146 103//146
f 103//146 166//146 167//146
f 103//146 167//146 101//146
f 101//146 167//146 168//146
f 101//146 168//146 98//146
f 98//146 168//146 96//146
f 96//146 168//146 169//146
f 96//146 169//146 94//146
f 94//146 169//146 170//146
f 94//146 170//146 92//146
f 92//146 170//146 171//146
f 92//146 171//146 90//146
f 90//146 171//146 172//146
f 90//146 172//146 88//146
f 88//146 172//146 173//146
f 88//146 173//146 86//146
f 86//146 173//146 174//146
f 86//146 174//146 84//146
f 84//146 174//146 175//146
f 84//146 175//146 82//146
f 82//146 175//146 176//146
f 82//146 176//146 80//146
f 80//146 176//146 177//146
f 80//146 177//146 78//146
f 78//146 177//146 178//146
f 78//146 178//146 76//146
f 76//146 178//146 179//146
f 76//146 179//146 74//146
f 74//146 179//146 72//146
f 72//146 179//146 180//146
f 72//146 180//146 70//146
f 70//146 180//146 181//146
f 70//146 181//146 68//146
f 68//146 181//146 182//146
f 68//146 182//146 66//146
f 66//146 182//146 183//146
f 66//146 183//146 64//146
f 64//146 183//146 184//146
f 64//146 184//146 62//146
f 62//146 184//146 185//146
f 62//146 185//146 60//146
f 60//146 185//146 186//146
f 60//146 186//146 58//146
f 58//146 186//146 187//146
f 58//146 187//146 56//146
f 56//146 187//146 188//146
f 56//146 188//146 54//146
f 54//146 188//146 189//146
f 54//146 189//146 51//146
f 51//146 189//146 49//146
f 49//146 189//146 190//146
f 49//146 190//146 47//146
f 47//146 190//146 191//146
f 47//146 191//146 45//146
f 45//146 191//146 192//146
f 45//146 192//146 43//146
f 43//146 192//146 193//146
f 43//146 193//146 41//146
f 41//146 193//146 194//146
f 41//146 194//146 39//146
f 39//146 194//146 195//146
f 39//146 195//146 37//146
f 37//146 195//146 196//146
f 37//146 196//146 35//146
f 35//146 196//146 197//146
f 35//146 197//146 33//146
f 33//146 197//146 198//146
f 33//146 198//146 31//146
f 31//146 198//146 199//146
f 31//146 199//146 29//146
f 29//146 199//146 200//146
f 29//146 200//146 27//146
f 27//146 200//146 25//146
f 25//146 200//146 201//146
f 25//146 201//146 23//146
f 23//146 201//146 202//146
f 23//146 202//146 21//146
f 21//146 202//146 203//146
f 21//146 203//146 19//146
f 19//146 203//146 204//146
f 19//146 204//146 17//146
f 17//146 204//146 205//146
f 17//146 205//146 15//146
f 15//146 205//146 206//146
f 15//146 206//146 13//146
f 13//146 206//146 207//146
f 13//146 207//146 11//146
f 11//146 207//146 208//146
f 11//146 208//146 9//146
f 9//146 208//146 209//146
f 9//146 209//146 7//146
f 7//146 209//146 210//146
f 7//146 210//146 5//146
f 5//146 210//146 147//146
f 210//147 211//147 147//147
f 147//147 211//147 212//147
f 147//148 212//148 146//148
f 146//148 212//148 213//148
f 146//149 213//149 214//149
f 210//150 209//150 211//150
f 211//150 209//150 215//150
f 215//151 209//151 208//151
f 215//151 208//151 216//151
f 216//152 208//152 207//152
f 216//152 207//152 217//152
f 217//153 207//153 206//153
f 217//153 206//153 218//153
f 218//154 206//154 205//154
f 218//154 205//154 219//154
f 219//155 205//155 204//155
f 219//155 204//155 220//155
f 220//156 204//156 203//156
f 220//156 203//156 221//156
f 221//157 203//157 202//157
f 221//157 202//157 222//157
f 222//158 202//158 201//158
f 222//158 201//158 223//158
f 223//159 201//159 200//159
f 223//159 200//159 224//159
f 224//160 200//160 199//160
f 224//160 199//160 225//160
f 225//161 199//161 198//161
f 225//161 198//161 226//161
f 226//162 198//162 197//162
f 226//162 197//162 227//162
f 227//163 197//163 196//163
f 227//163 196//163 228//163
f 228//164 196//164 195//164
f 228//164 195//164 229//164
f 229//165 195//165 194//165
f 229//165 194//165 230//165
f 230//166 194//166 193//166
f 230//166 193//166 231//166
f 231//167 193//167 192//167
f 231//167 192//167 232//167
f 232//168 192//168 191//168
f 232//168 191//168 233//168
f 233//169 191//169 190//169
f 233//169 190//169 234//169
f 234//170 190//170 189//170
f 234//170 189//170 235//170
f 235//171 189//171 188//171
f 235//171 188//171 236//171
f 236//172 188//172 187//172
f 236//172 187//172 237//172
f 237//173 187//173 186//173
f 237//173 186//173 238//173
f 238//174 186//174 185//174
f 238//174 185//174 239//174
f 239//175 185//175 184//175
f 239//175 184//175 240//175
f 240//176 184//176 183//176
f 240//176 183//176 241//176
f 241//177 183//177 182//177
f 241//177 182//177 242//177
f 242//178 182//178 181//178
f 242//179 181//179 243//179
f 243//180 181//180 180//180
f 243//180 180//180 244//180
f 244//181 180//181 179//181
f 244//181 179//181 245//181
f 245//182 179//182 178//182
f 245//182 178//182 246//182
f 246//183 178//183 177//183
f 246//183 177//183 247//183
f 247//184 177//184 176//184
f 247//184 176//184 248//184
f 248//185 176//185 175//185
f 248//186 175//186 249//186
f 249//187 175//187 174//187
f 249//187 174//187 250//187
f 250//188 174//188 173//188
f 250//188 173//188 251//188
f 251//189 173//189 172//189
f 251//189 172//189 252//189
f 252//190 172//190 171//190
f 252//190 171//190 253//190
f 253//191 171//191 170//191
f 253//191 170//191 254//191
f 254//192 170//192 169//192
f 254//193 169//193 255//193
f 255//194 169//194 168//194
f 255//194 168//194 256//194
f 256//195 168//195 167//195
f 256//195 167//195 257//195
f 257//196 167//196 166//196
f 257//196 166//196 258//196
f 258//197 166//197 165//197
f 258//197 165//197 259//197
f 259//198 165//198 164//198
f 259//198 164//198 260//198
f 260//199 164//199 163//199
f 260//199 163//199 261//199
f 261//200 163//200 162//200
f 261//200 162//200 262//200
f 262//201 162//201 161//201
f 262//201 161//201 263//201
f 263//202 161//202 160//202
f 263//202 160//202 264//202
f 264//203 160//203 159//203
f 264//203 159//203 265//203
f 265//204 159//204 158//204
f 265//204 158//204 266//204
f 266//205 158//205 157//205
f 266//205 157//205 267//205
f 267//206 157//206 156//206
f 267//207 156//207 268//207
f 268//208 156//208 155//208
f 268//208 155//208 269//208
f 269//209 155//209 154//209
f 269//209 154//209 270//209
f 270//210 154//210 153//210
f 270//210 153//210 271//210
f 271//211 153//211 152//211
f 271//211 152//211 272//211
f 272//212 152//212 151//212
f 272//212 151//212 273//212
f 273//213 151//213 150//213
f 273//213 150//213 274//213
f 274//214 150//214 149//214
f 274//214 149//214 275//214
f 275//215 149//215 148//215
f 275//215 148//215 214//215
f 214//149 148//149 146//149
f 211//216 276//216 212//216
f 212//217 276//217 277//217
f 212//218 277//218 278//218
f 278//219 277//219 279//219
f 278//219 279//219 280//219
f 280//220 279//220 281//220
f 280//220 281//220 282//220
f 282//221 281//221 283//221
f 282//221 283//221 284//221
f 284//222 283//222 285//222
f 284//222 285//222 286//222
f 286//223 285//223 287//223
f 286//223 287//223 288//223
f 288//224 287//224 289//224
f 288//224 289//224 290//224
f 290//225 289//225 291//225
f 290//225 291//225 292//225
f 292//226 291//226 293//226
f 292//227 293//227 294//227
f 276//228 211//228 295//228
f 295//229 211//229 215//229
f 295//230 215//230 296//230
f 296//231 215//231 216//231
f 296//232 216//232 297//232
f 297//233 216//233 217//233
f 297//234 217//234 298//234
f 298//235 217//235 218//235
f 298//236 218//236 299//236
f 299//237 218//237 300//237
f 299//238 300//238 301//238
f 301//239 300//239 302//239
f 301//240 302//240 303//240
f 303//241 302//241 304//241
f 303//242 304//242 305//242
f 305//243 304//243 306//243
f 305//244 306//244 307//244
f 307//245 306//245 308//245
f 307//246 308//246 309//246
f 309//247 308//247 310//247
f 309//248 310//248 311//248
f 311//249 310//249 312//249
f 311//250 312//250 313//250
f 313//251 312//251 314//251
f 313//252 314//252 315//252
f 315//253 314//253 316//253
f 316//254 314//254 317//254
f 316//255 317//255 318//255
f 318//256 317//256 319//256
f 318//257 319//257 320//257
f 320//258 319//258 321//258
f 320//259 321//259 322//259
f 322//260 321//260 323//260
f 322//261 323//261 324//261
f 324//262 323//262 325//262
f 324//263 325//263 326//263
f 326//264 325//264 327//264
f 326//265 327//265 328//265
f 328//266 327//266 329//266
f 328//267 329//267 330//267
f 330//268 329//268 331//268
f 330//269 331//269 332//269
f 332//270 331//270 333//270
f 332//271 333//271 334//271
f 334//272 333//272 335//272
f 334//272 335//272 336//272
f 336//273 335//273 337//273
f 336//273 337//273 338//273
f 338//274 337//274 339//274
f 338//275 339//275 340//275
f 340//276 339//276 341//276
f 340//276 341//276 342//276
f 342//277 341//277 343//277
f 342//277 343//277 344//277
f 344//278 343//278 345//278
f 344//278 345//278 346//278
f 346//279 345//279 347//279
f 346//279 347//279 348//279
f 348//280 347//280 232//280
f 348//281 232//281 233//281
f 218//282 219//282 300//282
f 300//283 219//283 349//283
f 300//284 349//284 302//284
f 302//285 349//285 350//285
f 302//286 350//286 304//286
f 304//287 350//287 351//287
f 304//243 351//243 306//243
f 306//288 351//288 352//288
f 306//289 352//289 308//289
f 308//290 352//290 353//290
f 308//247 353//247 310//247
f 310//291 353//291 354//291
f 310//249 354//249 312//249
f 312//292 354//292 355//292
f 312//251 355//251 314//251
f 314//293 355//293 317//293
f 219//294 220//294 349//294
f 349//295 220//295 356//295
f 349//285 356//285 350//285
f 350//296 356//296 357//296
f 350//287 357//287 351//287
f 351//297 357//297 358//297
f 351//288 358//288 352//288
f 352//298 358//298 359//298
f 352//290 359//290 353//290
f 353//299 359//299 360//299
f 353//291 360//291 354//291
f 354//300 360//300 361//300
f 354//292 361//292 355//292
f 355//301 361//301 362//301
f 355//293 362//293 317//293
f 317//302 362//302 319//302
f 220//303 221//303 356//303
f 356//304 221//304 363//304
f 356//296 363//296 357//296
f 357//305 363//305 364//305
f 357//306 364//306 358//306
f 358//307 364//307 365//307
f 358//308 365//308 359//308
f 359//309 365//309 366//309
f 359//299 366//299 360//299
f 360//310 366//310 367//310
f 360//300 367//300 361//300
f 361//311 367//311 368//311
f 361//301 368//301 362//301
f 362//312 368//312 369//312
f 362//302 369//302 319//302
f 319//313 369//313 321//313
f 221//314 222//314 363//314
f 363//315 222//315 370//315
f 363//305 370//305 364//305
f 364//316 370//316 371//316
f 364//307 371//307 365//307
f 365//317 371//317 372//317
f 365//309 372//309 366//309
f 366//318 372//318 373//318
f 366//310 373//310 367//310
f 367//319 373//319 374//319
f 367//311 374//311 368//311
f 368//320 374//320 375//320
f 368//321 375//321 369//321
f 369//322 375//322 376//322
f 369//313 376//313 321//313
f 321//323 376//323 323//323
f 370//324 222//324 377//324
f 377//325 222//325 223//325
f 377//326 223//326 378//326
f 378//327 223//327 224//327
f 378//328 224//328 379//328
f 379//329 224//329 225//329
f 379//330 225//330 380//330
f 380//331 225//331 226//331
f 380//332 226//332 381//332
f 381//333 226//333 382//333
f 381//334 382//334 383//334
f 383//335 382//335 384//335
f 383//336 384//336 385//336
f 385//337 384//337 386//337
f 385//338 386//338 387//338
f 387//339 386//339 388//339
f 387//340 388//340 389//340
f 389//341 388//341 390//341
f 389//342 390//342 391//342
f 391//343 390//343 392//343
f 391//344 392//344 393//344
f 393//345 392//345 335//345
f 393//346 335//346 333//346
f 226//347 227//347 382//347
f 382//348 227//348 394//348
f 382//335 394//335 384//335
f 384//349 394//349 395//349
f 384//337 395//337 386//337
f 386//350 395//350 396//350
f 386//339 396//339 388//339
f 388//351 396//351 397//351
f 388//352 397//352 390//352
f 390//353 397//353 398//353
f 390//354 398//354 392//354
f 392//355 398//355 337//355
f 392//356 337//356 335//356
f 227//357 228//357 394//357
f 394//358 228//358 399//358
f 394//349 399//349 395//349
f 395//359 399//359 400//359
f 395//360 400//360 396//360
f 396//361 400//361 401//361
f 396//351 401//351 397//351
f 397//362 401//362 402//362
f 397//353 402//353 398//353
f 398//363 402//363 339//363
f 398//364 339//364 337//364
f 228//365 229//365 399//365
f 399//366 229//366 403//366
f 399//359 403//359 400//359
f 400//367 403//367 404//367
f 400//368 404//368 401//368
f 401//369 404//369 405//369
f 401//362 405//362 402//362
f 402//370 405//370 341//370
f 402//363 341//363 339//363
f 229//371 230//371 403//371
f 403//372 230//372 406//372
f 403//367 406//367 404//367
f 404//373 406//373 407//373
f 404//369 407//369 405//369
f 405//374 407//374 343//374
f 405//370 343//370 341//370
f 230//375 231//375 406//375
f 406//376 231//376 408//376
f 406//373 408//373 407//373
f 407//377 408//377 345//377
f 407//374 345//374 343//374
f 408//378 231//378 347//378
f 347//379 231//379 232//379
f 348//380 233//380 409//380
f 409//381 233//381 234//381
f 409//382 234//382 410//382
f 410//383 234//383 235//383
f 410//384 235//384 411//384
f 411//385 235//385 412//385
f 411//386 412//386 413//386
f 413//387 412//387 414//387
f 413//388 414//388 415//388
f 415//389 414//389 416//389
f 415//390 416//390 417//390
f 417//391 416//391 418//391
f 417//392 418//392 419//392
f 419//393 418//393 420//393
f 419//394 420//394 421//394
f 421//395 420//395 422//395
f 421//396 422//396 423//396
f 423//397 422//397 424//397
f 423//398 424//398 425//398
f 425//399 424//399 426//399
f 425//400 426//400 427//400
f 427//401 426//401 428//401
f 428//402 426//402 429//402
f 428//403 429//403 430//403
f 430//404 429//404 431//404
f 430//405 431//405 432//405
f 432//406 431//406 433//406
f 432//407 433//407 434//407
f 434//408 433//408 435//408
f 434//409 435//409 436//409
f 436//410 435//410 437//410
f 436//411 437//411 438//411
f 438//412 437//412 439//412
f 438//413 439//413 440//413
f 440//414 439//414 441//414
f 440//415 441//415 442//415
f 442//416 441//416 443//416
f 442//417 443//417 444//417
f 444//418 443//418 445//418
f 444//419 445//419 446//419
f 446//420 445//420 447//420
f 446//421 447//421 448//421
f 448//422 447//422 449//422
f 448//423 449//423 450//423
f 450//424 449//424 451//424
f 450//424 451//424 452//424
f 452//425 451//425 453//425
f 452//425 453//425 454//425
f 454//426 453//426 455//426
f 454//426 455//426 456//426
f 456//427 455//427 457//427
f 456//427 457//427 458//427
f 458//428 457//428 459//428
f 458//428 459//428 460//428
f 460//429 459//429 461//429
f 460//430 461//430 462//430
f 462//431 461//431 463//431
f 462//431 463//431 464//431
f 464//432 463//432 251//432
f 464//433 251//433 252//433
f 235//434 236//434 412//434
f 412//435 236//435 465//435
f 412//387 465//387 414//387
f 414//436 465//436 466//436
f 414//437 466//437 416//437
f 416//438 466//438 467//438
f 416//391 467//391 418//391
f 418//439 467//439 468//439
f 418//393 468//393 420//393
f 420//440 468//440 469//440
f 420//395 469//395 422//395
f 422//441 469//441 470//441
f 422//397 470//397 424//397
f 424//442 470//442 471//442
f 424//399 471//399 426//399
f 426//443 471//443 429//443
f 236//444 237//444 465//444
f 465//445 237//445 472//445
f 465//436 472//436 466//436
f 466//446 472//446 473//446
f 466//447 473//447 467//447
f 467//448 473//448 474//448
f 467//449 474//449 468//449
f 468//450 474//450 475//450
f 468//440 475//440 469//440
f 469//451 475//451 476//451
f 469//441 476//441 470//441
f 470//452 476//452 477//452
f 470//442 477//442 471//442
f 471//453 477//453 478//453
f 471//443 478//443 429//443
f 429//454 478//454 431//454
f 237//455 238//455 472//455
f 472//456 238//456 479//456
f 472//457 479//457 473//457
f 473//458 479//458 480//458
f 473//459 480//459 474//459
f 474//460 480//460 481//460
f 474//450 481//450 475//450
f 475//461 481//461 482//461
f 475//451 482//451 476//451
f 476//462 482//462 483//462
f 476//452 483//452 477//452
f 477//463 483//463 484//463
f 477//453 484//453 478//453
f 478//464 484//464 485//464
f 478//454 485//454 431//454
f 431//465 485//465 433//465
f 238//466 239//466 479//466
f 479//467 239//467 486//467
f 479//458 486//458 480//458
f 480//468 486//468 487//468
f 480//469 487//469 481//469
f 481//470 487//470 488//470
f 481//461 488//461 482//461
f 482//471 488//471 489//471
f 482//462 489//462 483//462
f 483//472 489//472 490//472
f 483//463 490//463 484//463
f 484//473 490//473 491//473
f 484//464 491//464 485//464
f 485//474 491//474 492//474
f 485//465 492//465 433//465
f 433//475 492//475 435//475
f 486//476 239//476 493//476
f 493//477 239//477 240//477
f 493//478 240//478 494//478
f 494//479 240//479 241//479
f 494//480 241//480 495//480
f 495//481 241//481 242//481
f 495//482 242//482 496//482
f 496//483 242//483 243//483
f 496//484 243//484 497//484
f 497//485 243//485 244//485
f 497//486 244//486 498//486
f 498//487 244//487 499//487
f 498//488 499//488 500//488
f 500//489 499//489 501//489
f 500//490 501//490 502//490
f 502//491 501//491 503//491
f 502//492 503//492 504//492
f 504//493 503//493 505//493
f 504//494 505//494 506//494
f 506//495 505//495 507//495
f 506//496 507//496 508//496
f 508//497 507//497 509//497
f 508//498 509//498 510//498
f 510//499 509//499 511//499
f 510//500 511//500 447//500
f 447//501 511//501 449//501
f 244//502 245//502 499//502
f 499//503 245//503 512//503
f 499//489 512//489 501//489
f 501//504 512//504 513//504
f 501//505 513//505 503//505
f 503//506 513//506 514//506
f 503//493 514//493 505//493
f 505//507 514//507 515//507
f 505//495 515//495 507//495
f 507//508 515//508 516//508
f 507//497 516//497 509//497
f 509//509 516//509 517//509
f 509//510 517//510 511//510
f 511//511 517//511 451//511
f 511//501 451//501 449//501
f 245//512 246//512 512//512
f 512//513 246//513 518//513
f 512//504 518//504 513//504
f 513//514 518//514 519//514
f 513//515 519//515 514//515
f 514//516 519//516 520//516
f 514//517 520//517 515//517
f 515//518 520//518 521//518
f 515//508 521//508 516//508
f 516//519 521//519 522//519
f 516//509 522//509 517//509
f 517//520 522//520 453//520
f 517//521 453//521 451//521
f 246//522 247//522 518//522
f 518//523 247//523 523//523
f 518//514 523//514 519//514
f 519//524 523//524 524//524
f 519//516 524//516 520//516
f 520//525 524//525 525//525
f 520//518 525//518 521//518
f 521//526 525//526 526//526
f 521//519 526//519 522//519
f 522//527 526//527 455//527
f 522//520 455//520 453//520
f 247//528 248//528 523//528
f 523//529 248//529 527//529
f 523//524 527//524 524//524
f 524//530 527//530 528//530
f 524//525 528//525 525//525
f 525//531 528//531 529//531
f 525//526 529//526 526//526
f 526//532 529//532 457//532
f 526//527 457//527 455//527
f 527//533 248//533 530//533
f 530//534 248//534 249//534
f 530//535 249//535 531//535
f 531//536 249//536 250//536
f 531//537 250//537 463//537
f 463//538 250//538 251//538
f 253//539 532//539 252//539
f 252//540 532//540 533//540
f 252//541 533//541 464//541
f 464//542 533//542 534//542
f 464//542 534//542 462//542
f 462//543 534//543 535//543
f 462//543 535//543 460//543
f 460//544 535//544 536//544
f 460//544 536//544 458//544
f 458//545 536//545 537//545
f 458//545 537//545 456//545
f 456//546 537//546 538//546
f 456//546 538//546 454//546
f 454//547 538//547 539//547
f 454//547 539//547 452//547
f 452//548 539//548 540//548
f 452//548 540//548 450//548
f 450//549 540//549 541//549
f 450//550 541//550 448//550
f 532//551 253//551 542//551
f 542//552 253//552 254//552
f 542//553 254//553 543//553
f 543//554 254//554 255//554
f 543//555 255//555 544//555
f 544//556 255//556 256//556
f 544//557 256//557 545//557
f 545//558 256//558 257//558
f 545//559 257//559 546//559
f 546//560 257//560 547//560
f 546//561 547//561 548//561
f 548//562 547//562 549//562
f 548//563 549//563 550//563
f 550//564 549//564 551//564
f 550//565 551//565 552//565
f 552//566 551//566 553//566
f 552//567 553//567 554//567
f 554//568 553//568 555//568
f 554//569 555//569 556//569
f 556//570 555//570 557//570
f 556//571 557//571 558//571
f 558//572 557//572 559//572
f 558//573 559//573 560//573
f 560//574 559//574 561//574
f 560//575 561//575 562//575
f 562//576 561//576 563//576
f 563//577 561//577 564//577
f 563//578 564//578 565//578
f 565//579 564//579 566//579
f 565//580 566//580 567//580
f 567//581 566//581 568//581
f 567//582 568//582 569//582
f 569//583 568//583 570//583
f 569//584 570//584 571//584
f 571//585 570//585 572//585
f 571//586 572//586 573//586
f 573//587 572//587 574//587
f 573//588 574//588 575//588
f 575//589 574//589 576//589
f 575//590 576//590 577//590
f 577//591 576//591 578//591
f 577//591 578//591 579//591
f 579//592 578//592 580//592
f 579//592 580//592 581//592
f 581//593 580//593 582//593
f 581//594 582//594 583//594
f 583//595 582//595 584//595
f 583//596 584//596 585//596
f 585//597 584//597 586//597
f 585//597 586//597 587//597
f 587//598 586//598 588//598
f 587//599 588//599 589//599
f 589//600 588//600 590//600
f 589//600 590//600 591//600
f 591//601 590//601 270//601
f 591//602 270//602 592//602
f 592//603 270//603 271//603
f 592//604 271//604 593//604
f 593//605 271//605 272//605
f 593//606 272//606 594//606
f 594//607 272//607 273//607
f 594//608 273//608 595//608
f 595//609 273//609 274//609
f 595//610 274//610 596//610
f 596//611 274//611 597//611
f 596//612 597//612 598//612
f 598//613 597//613 599//613
f 598//614 599//614 600//614
f 600//615 599//615 601//615
f 600//616 601//616 602//616
f 602//617 601//617 284//617
f 602//618 284//618 286//618
f 257//619 258//619 547//619
f 547//620 258//620 603//620
f 547//562 603//562 549//562
f 549//621 603//621 604//621
f 549//622 604//622 551//622
f 551//623 604//623 605//623
f 551//566 605//566 553//566
f 553//624 605//624 606//624
f 553//625 606//625 555//625
f 555//626 606//626 607//626
f 555//570 607//570 557//570
f 557//627 607//627 608//627
f 557//572 608//572 559//572
f 559//628 608//628 609//628
f 559//574 609//574 561//574
f 561//629 609//629 564//629
f 258//630 259//630 603//630
f 603//631 259//631 610//631
f 603//621 610//621 604//621
f 604//632 610//632 611//632
f 604//623 611//623 605//623
f 605//633 611//633 612//633
f 605//624 612//624 606//624
f 606//634 612//634 613//634
f 606//635 613//635 607//635
f 607//636 613//636 614//636
f 607//637 614//637 608//637
f 608//638 614//638 615//638
f 608//639 615//639 609//639
f 609//640 615//640 616//640
f 609//629 616//629 564//629
f 564//641 616//641 566//641
f 259//642 260//642 610//642
f 610//643 260//643 617//643
f 610//644 617//644 611//644
f 611//645 617//645 618//645
f 611//646 618//646 612//646
f 612//647 618//647 619//647
f 612//634 619//634 613//634
f 613//648 619//648 620//648
f 613//636 620//636 614//636
f 614//649 620//649 621//649
f 614//638 621//638 615//638
f 615//650 621//650 622//650
f 615//640 622//640 616//640
f 616//651 622//651 623//651
f 616//641 623//641 566//641
f 566//652 623//652 568//652
f 260//653 261//653 617//653
f 617//654 261//654 624//654
f 617//645 624//645 618//645
f 618//655 624//655 625//655
f 618//656 625//656 619//656
f 619//657 625//657 626//657
f 619//648 626//648 620//648
f 620//658 626//658 627//658
f 620//659 627//659 621//659
f 621//660 627//660 628//660
f 621//661 628//661 622//661
f 622//662 628//662 629//662
f 622//651 629//651 623//651
f 623//663 629//663 630//663
f 623//652 630//652 568//652
f 568//664 630//664 570//664
f 624//665 261//665 631//665
f 631//666 261//666 262//666
f 631//667 262//667 632//667
f 632//668 262//668 263//668
f 632//669 263//669 633//669
f 633//670 263//670 264//670
f 633//671 264//671 634//671
f 634//672 264//672 265//672
f 634//673 265//673 635//673
f 635//674 265//674 636//674
f 635//675 636//675 637//675
f 637//676 636//676 638//676
f 637//677 638//677 639//677
f 639//678 638//678 640//678
f 639//679 640//679 641//679
f 641//680 640//680 642//680
f 641//681 642//681 643//681
f 643//682 642//682 582//682
f 643//683 582//683 580//683
f 265//684 266//684 636//684
f 636//685 266//685 644//685
f 636//676 644//676 638//676
f 638//686 644//686 645//686
f 638//678 645//678 640//678
f 640//687 645//687 646//687
f 640//680 646//680 642//680
f 642//688 646//688 584//688
f 642//682 584//682 582//682
f 266//689 267//689 644//689
f 644//690 267//690 647//690
f 644//686 647//686 645//686
f 645//691 647//691 648//691
f 645//687 648//687 646//687
f 646//692 648//692 586//692
f 646//693 586//693 584//693
f 267//694 268//694 647//694
f 647//695 268//695 649//695
f 647//691 649//691 648//691
f 648//696 649//696 588//696
f 648//697 588//697 586//697
f 268//698 269//698 649//698
f 649//699 269//699 590//699
f 649//700 590//700 588//700
f 269//701 270//701 590//701
f 274//702 275//702 597//702
f 597//703 275//703 650//703
f 597//613 650//613 599//613
f 599//704 650//704 651//704
f 599//705 651//705 601//705
f 601//706 651//706 282//706
f 601//617 282//617 284//617
f 275//707 214//707 650//707
f 650//708 214//708 652//708
f 650//704 652//704 651//704
f 651//709 652//709 280//709
f 651//706 280//706 282//706
f 214//710 213//710 652//710
f 652//711 213//711 278//711
f 652//709 278//709 280//709
f 213//712 212//712 278//712
f 292//713 294//713 653//713
f 653//714 294//714 654//714
f 653//715 654//715 655//715
f 655//716 654//716 656//716
f 655//717 656//717 657//717
f 657//718 656//718 658//718
f 657//719 658//719 659//719
f 659//720 658//720 660//720
f 659//721 660//721 661//721
f 661//722 660//722 662//722
f 661//723 662//723 663//723
f 663//724 662//724 664//724
f 663//725 664//725 665//725
f 665//726 664//726 666//726
f 665//727 666//727 667//727
f 667//728 666//728 668//728
f 667//729 668//729 577//729
f 577//730 668//730 575//730
f 562//731 669//731 560//731
f 560//732 669//732 670//732
f 560//573 670//573 558//573
f 558//733 670//733 671//733
f 558//571 671//571 556//571
f 556//734 671//734 672//734
f 556//569 672//569 554//569
f 554//735 672//735 673//735
f 554//567 673//567 552//567
f 552//736 673//736 674//736
f 552//565 674//565 550//565
f 550//737 674//737 675//737
f 550//738 675//738 548//738
f 548//739 675//739 676//739
f 548//740 676//740 546//740
f 546//741 676//741 545//741
f 669//742 677//742 670//742
f 670//743 677//743 678//743
f 670//733 678//733 671//733
f 671//744 678//744 679//744
f 671//745 679//745 672//745
f 672//746 679//746 680//746
f 672//747 680//747 673//747
f 673//748 680//748 681//748
f 673//749 681//749 674//749
f 674//750 681//750 682//750
f 674//737 682//737 675//737
f 675//751 682//751 683//751
f 675//739 683//739 676//739
f 676//752 683//752 684//752
f 676//741 684//741 545//741
f 545//753 684//753 544//753
f 677//754 685//754 678//754
f 678//755 685//755 686//755
f 678//744 686//744 679//744
f 679//756 686//756 687//756
f 679//746 687//746 680//746
f 680//757 687//757 688//757
f 680//758 688//758 681//758
f 681//759 688//759 689//759
f 681//750 689//750 682//750
f 682//760 689//760 690//760
f 682//751 690//751 683//751
f 683//761 690//761 691//761
f 683//762 691//762 684//762
f 684//763 691//763 692//763
f 684//753 692//753 544//753
f 544//764 692//764 543//764
f 685//765 693//765 686//765
f 686//766 693//766 694//766
f 686//756 694//756 687//756
f 687//767 694//767 695//767
f 687//757 695//757 688//757
f 688//768 695//768 696//768
f 688//769 696//769 689//769
f 689//770 696//770 697//770
f 689//771 697//771 690//771
f 690//772 697//772 698//772
f 690//761 698//761 691//761
f 691//773 698//773 699//773
f 691//774 699//774 692//774
f 692//775 699//775 700//775
f 692//764 700//764 543//764
f 543//776 700//776 542//776
f 694//777 693//777 701//777
f 701//778 693//778 702//778
f 701//779 702//779 703//779
f 703//780 702//780 704//780
f 703//781 704//781 705//781
f 705//782 704//782 706//782
f 705//783 706//783 707//783
f 707//784 706//784 708//784
f 707//785 708//785 709//785
f 709//786 708//786 710//786
f 709//787 710//787 711//787
f 711//788 710//788 712//788
f 711//789 712//789 713//789
f 713//790 712//790 714//790
f 713//791 714//791 715//791
f 715//792 714//792 716//792
f 715//793 716//793 540//793
f 540//794 716//794 541//794
f 425//795 427//795 717//795
f 717//796 427//796 718//796
f 717//797 718//797 719//797
f 719//798 718//798 720//798
f 719//799 720//799 721//799
f 721//800 720//800 722//800
f 721//801 722//801 723//801
f 723//802 722//802 724//802
f 723//803 724//803 725//803
f 725//804 724//804 726//804
f 725//805 726//805 727//805
f 727//806 726//806 728//806
f 727//807 728//807 729//807
f 729//808 728//808 730//808
f 729//809 730//809 731//809
f 731//810 730//810 732//810
f 731//811 732//811 733//811
f 733//812 732//812 734//812
f 733//813 734//813 334//813
f 334//814 734//814 332//814
f 315//815 735//815 313//815
f 313//816 735//816 736//816
f 313//817 736//817 311//817
f 311//818 736//818 737//818
f 311//248 737//248 309//248
f 309//819 737//819 738//819
f 309//246 738//246 307//246
f 307//820 738//820 739//820
f 307//244 739//244 305//244
f 305//821 739//821 740//821
f 305//822 740//822 303//822
f 303//823 740//823 741//823
f 303//824 741//824 301//824
f 301//825 741//825 742//825
f 301//238 742//238 299//238
f 299//826 742//826 298//826
f 735//827 743//827 736//827
f 736//828 743//828 744//828
f 736//818 744//818 737//818
f 737//829 744//829 745//829
f 737//819 745//819 738//819
f 738//830 745//830 746//830
f 738//831 746//831 739//831
f 739//832 746//832 747//832
f 739//821 747//821 740//821
f 740//833 747//833 748//833
f 740//823 748//823 741//823
f 741//834 748//834 749//834
f 741//835 749//835 742//835
f 742//836 749//836 750//836
f 742//826 750//826 298//826
f 298//837 750//837 297//837
f 744//838 743//838 751//838
f 751//839 743//839 752//839
f 751//840 752//840 753//840
f 753//841 752//841 754//841
f 753//842 754//842 755//842
f 755//843 754//843 756//843
f 755//844 756//844 757//844
f 757//845 756//845 758//845
f 757//846 758//846 759//846
f 759//847 758//847 760//847
f 759//848 760//848 761//848
f 761//849 760//849 762//849
f 761//850 762//850 763//850
f 763//851 762//851 764//851
f 763//852 764//852 765//852
f 765//853 764//853 766//853
f 765//854 766//854 767//854
f 767//855 766//855 768//855
f 767//856 768//856 769//856
f 769//857 768//857 293//857
f 769//858 293//858 291//858
f 502//859 770//859 771//859
f 771//859 770//859 772//859
f 771//860 772//860 773//860
f 773//860 772//860 774//860
f 773//861 774//861 775//861
f 775//862 774//862 776//862
f 775//863 776//863 777//863
f 777//863 776//863 778//863
f 777//864 778//864 779//864
f 779//864 778//864 489//864
f 779//471 489//471 488//471
f 770//865 780//865 772//865
f 772//865 780//865 781//865
f 772//866 781//866 774//866
f 774//866 781//866 782//866
f 774//867 782//867 776//867
f 776//867 782//867 783//867
f 776//868 783//868 778//868
f 778//868 783//868 490//868
f 778//472 490//472 489//472
f 502//492 504//492 770//492
f 770//869 504//869 784//869
f 770//869 784//869 780//869
f 780//870 784//870 785//870
f 780//870 785//870 786//870
f 786//871 785//871 787//871
f 786//871 787//871 788//871
f 788//872 787//872 439//872
f 788//872 439//872 437//872
f 780//873 786//873 781//873
f 781//873 786//873 789//873
f 781//874 789//874 782//874
f 782//875 789//875 790//875
f 782//876 790//876 783//876
f 783//877 790//877 491//877
f 783//473 491//473 490//473
f 786//878 788//878 789//878
f 789//878 788//878 791//878
f 789//879 791//879 790//879
f 790//879 791//879 492//879
f 790//474 492//474 491//474
f 788//880 437//880 791//880
f 791//880 437//880 435//880
f 791//475 435//475 492//475
f 279//881 277//881 792//881
f 792//881 277//881 276//881
f 792//882 276//882 793//882
f 793//882 276//882 295//882
f 793//883 295//883 794//883
f 794//883 295//883 296//883
f 794//884 296//884 795//884
f 795//884 296//884 297//884
f 795//885 297//885 750//885
f 281//886 279//886 796//886
f 796//886 279//886 792//886
f 796//887 792//887 797//887
f 797//888 792//888 793//888
f 797//889 793//889 798//889
f 798//890 793//890 794//890
f 798//891 794//891 799//891
f 799//892 794//892 795//892
f 799//893 795//893 800//893
f 800//894 795//894 750//894
f 800//836 750//836 749//836
f 283//895 281//895 801//895
f 801//895 281//895 796//895
f 801//896 796//896 802//896
f 802//896 796//896 797//896
f 802//897 797//897 803//897
f 803//897 797//897 798//897
f 803//898 798//898 804//898
f 804//898 798//898 799//898
f 804//899 799//899 805//899
f 805//899 799//899 800//899
f 805//900 800//900 806//900
f 806//901 800//901 749//901
f 806//902 749//902 748//902
f 285//903 283//903 807//903
f 807//903 283//903 801//903
f 807//904 801//904 808//904
f 808//904 801//904 802//904
f 808//905 802//905 809//905
f 809//905 802//905 803//905
f 809//906 803//906 810//906
f 810//906 803//906 804//906
f 810//907 804//907 811//907
f 811//908 804//908 805//908
f 811//909 805//909 812//909
f 812//909 805//909 806//909
f 812//910 806//910 813//910
f 813//911 806//911 748//911
f 813//833 748//833 747//833
f 287//912 285//912 814//912
f 814//913 285//913 807//913
f 814//914 807//914 815//914
f 815//915 807//915 808//915
f 815//916 808//916 816//916
f 816//916 808//916 809//916
f 816//917 809//917 817//917
f 817//918 809//918 810//918
f 817//919 810//919 818//919
f 818//919 810//919 811//919
f 818//920 811//920 819//920
f 819//920 811//920 812//920
f 819//921 812//921 820//921
f 820//921 812//921 813//921
f 820//922 813//922 821//922
f 821//922 813//922 747//922
f 821//832 747//832 746//832
f 289//923 287//923 822//923
f 822//923 287//923 814//923
f 822//924 814//924 823//924
f 823//925 814//925 815//925
f 823//926 815//926 824//926
f 824//926 815//926 816//926
f 824//927 816//927 825//927
f 825//927 816//927 817//927
f 825//928 817//928 826//928
f 826//929 817//929 818//929
f 826//930 818//930 827//930
f 827//931 818//931 819//931
f 827//932 819//932 828//932
f 828//932 819//932 820//932
f 828//933 820//933 829//933
f 829//933 820//933 821//933
f 829//934 821//934 830//934
f 830//934 821//934 746//934
f 830//935 746//935 745//935
f 291//936 289//936 769//936
f 769//936 289//936 822//936
f 769//937 822//937 767//937
f 767//937 822//937 823//937
f 767//938 823//938 765//938
f 765//938 823//938 824//938
f 765//939 824//939 763//939
f 763//939 824//939 825//939
f 763//940 825//940 761//940
f 761//940 825//940 826//940
f 761//941 826//941 759//941
f 759//941 826//941 827//941
f 759//942 827//942 757//942
f 757//943 827//943 828//943
f 757//944 828//944 755//944
f 755//944 828//944 829//944
f 755//945 829//945 753//945
f 753//945 829//945 830//945
f 753//946 830//946 751//946
f 751//946 830//946 745//946
f 751//829 745//829 744//829
f 370//316 377//316 371//316
f 371//947 377//947 831//947
f 371//948 831//948 372//948
f 372//949 831//949 832//949
f 372//318 832//318 373//318
f 373//950 832//950 833//950
f 373//319 833//319 374//319
f 374//951 833//951 834//951
f 374//320 834//320 375//320
f 375//952 834//952 835//952
f 375//322 835//322 376//322
f 376//953 835//953 836//953
f 376//323 836//323 323//323
f 323//954 836//954 325//954
f 377//947 378//947 831//947
f 831//955 378//955 837//955
f 831//956 837//956 832//956
f 832//957 837//957 838//957
f 832//950 838//950 833//950
f 833//958 838//958 839//958
f 833//951 839//951 834//951
f 834//959 839//959 840//959
f 834//952 840//952 835//952
f 835//960 840//960 841//960
f 835//953 841//953 836//953
f 836//961 841//961 842//961
f 836//954 842//954 325//954
f 325//962 842//962 327//962
f 378//955 379//955 837//955
f 837//963 379//963 843//963
f 837//957 843//957 838//957
f 838//964 843//964 844//964
f 838//958 844//958 839//958
f 839//965 844//965 845//965
f 839//959 845//959 840//959
f 840//966 845//966 846//966
f 840//967 846//967 841//967
f 841//968 846//968 847//968
f 841//961 847//961 842//961
f 842//969 847//969 848//969
f 842//962 848//962 327//962
f 327//970 848//970 329//970
f 379//971 380//971 843//971
f 843//972 380//972 849//972
f 843//964 849//964 844//964
f 844//973 849//973 850//973
f 844//965 850//965 845//965
f 845//974 850//974 851//974
f 845//966 851//966 846//966
f 846//975 851//975 852//975
f 846//976 852//976 847//976
f 847//977 852//977 853//977
f 847//969 853//969 848//969
f 848//978 853//978 854//978
f 848//970 854//970 329//970
f 329//979 854//979 331//979
f 381//334 383//334 849//334
f 849//973 383//973 850//973
f 851//974 850//974 385//974
f 385//336 850//336 383//336
f 380//972 381//972 849//972
f 852//975 851//975 387//975
f 387//338 851//338 385//338
f 853//977 852//977 389//977
f 389//340 852//340 387//340
f 854//978 853//978 391//978
f 391//980 853//980 389//980
f 331//979 854//979 393//979
f 393//344 854//344 391//344
f 347//377 345//377 408//377
f 331//346 393//346 333//346
f 346//981 348//981 855//981
f 855//981 348//981 409//981
f 855//982 409//982 856//982
f 856//983 409//983 410//983
f 856//984 410//984 857//984
f 857//984 410//984 411//984
f 857//985 411//985 413//985
f 344//986 346//986 858//986
f 858//986 346//986 855//986
f 858//987 855//987 859//987
f 859//988 855//988 856//988
f 859//989 856//989 860//989
f 860//990 856//990 857//990
f 860//991 857//991 861//991
f 861//992 857//992 413//992
f 861//993 413//993 415//993
f 342//994 344//994 862//994
f 862//994 344//994 858//994
f 862//995 858//995 863//995
f 863//995 858//995 859//995
f 863//996 859//996 864//996
f 864//996 859//996 860//996
f 864//997 860//997 865//997
f 865//997 860//997 861//997
f 865//998 861//998 866//998
f 866//998 861//998 415//998
f 866//390 415//390 417//390
f 340//999 342//999 867//999
f 867//1000 342//1000 862//1000
f 867//1001 862//1001 868//1001
f 868//1002 862//1002 863//1002
f 868//1003 863//1003 869//1003
f 869//1003 863//1003 864//1003
f 869//1004 864//1004 870//1004
f 870//1005 864//1005 865//1005
f 870//1006 865//1006 871//1006
f 871//1006 865//1006 866//1006
f 871//1007 866//1007 872//1007
f 872//1008 866//1008 417//1008
f 872//392 417//392 419//392
f 338//1009 340//1009 873//1009
f 873//1009 340//1009 867//1009
f 873//1010 867//1010 874//1010
f 874//1010 867//1010 868//1010
f 874//1011 868//1011 875//1011
f 875//1011 868//1011 869//1011
f 875//1012 869//1012 876//1012
f 876//1013 869//1013 870//1013
f 876//1014 870//1014 877//1014
f 877//1015 870//1015 871//1015
f 877//1016 871//1016 878//1016
f 878//1017 871//1017 872//1017
f 878//1018 872//1018 879//1018
f 879//1018 872//1018 419//1018
f 879//394 419//394 421//394
f 733//1019 334//1019 336//1019
f 336//1020 338//1020 880//1020
f 880//1020 338//1020 873//1020
f 880//1021 873//1021 881//1021
f 881//1021 873//1021 874//1021
f 881//1022 874//1022 882//1022
f 882//1022 874//1022 875//1022
f 882//1023 875//1023 883//1023
f 883//1023 875//1023 876//1023
f 883//1024 876//1024 884//1024
f 884//1024 876//1024 877//1024
f 884//1025 877//1025 885//1025
f 885//1026 877//1026 878//1026
f 885//1027 878//1027 886//1027
f 886//1028 878//1028 879//1028
f 886//1029 879//1029 887//1029
f 887//1029 879//1029 421//1029
f 887//396 421//396 423//396
f 731//1030 733//1030 880//1030
f 880//1019 733//1019 336//1019
f 731//1030 880//1030 881//1030
f 729//1031 731//1031 881//1031
f 729//1031 881//1031 882//1031
f 729//1032 882//1032 727//1032
f 727//1033 882//1033 883//1033
f 727//1034 883//1034 725//1034
f 725//1034 883//1034 884//1034
f 725//1035 884//1035 723//1035
f 723//1035 884//1035 885//1035
f 723//1036 885//1036 721//1036
f 721//1036 885//1036 886//1036
f 721//1037 886//1037 719//1037
f 719//1038 886//1038 887//1038
f 719//1039 887//1039 717//1039
f 717//1039 887//1039 423//1039
f 717//1040 423//1040 425//1040
f 486//468 493//468 487//468
f 487//1041 493//1041 888//1041
f 487//1042 888//1042 488//1042
f 488//1043 888//1043 779//1043
f 493//1044 494//1044 888//1044
f 888//1045 494//1045 889//1045
f 888//1043 889//1043 779//1043
f 779//1046 889//1046 777//1046
f 494//1045 495//1045 889//1045
f 889//1047 495//1047 890//1047
f 889//1046 890//1046 777//1046
f 777//1048 890//1048 775//1048
f 495//1047 496//1047 890//1047
f 890//1049 496//1049 891//1049
f 890//1050 891//1050 775//1050
f 775//1051 891//1051 773//1051
f 496//1049 497//1049 891//1049
f 891//1052 497//1052 892//1052
f 891//1051 892//1051 773//1051
f 773//1053 892//1053 771//1053
f 498//488 500//488 892//488
f 892//1054 500//1054 771//1054
f 771//490 500//490 502//490
f 497//1052 498//1052 892//1052
f 504//494 506//494 784//494
f 784//1055 506//1055 893//1055
f 784//1055 893//1055 785//1055
f 785//1056 893//1056 894//1056
f 785//1056 894//1056 787//1056
f 787//1057 894//1057 441//1057
f 787//1057 441//1057 439//1057
f 506//1058 508//1058 893//1058
f 893//1059 508//1059 895//1059
f 893//1059 895//1059 894//1059
f 894//1060 895//1060 443//1060
f 894//1060 443//1060 441//1060
f 527//530 530//530 528//530
f 528//1061 530//1061 896//1061
f 528//531 896//531 529//531
f 529//1062 896//1062 459//1062
f 529//532 459//532 457//532
f 895//498 508//498 510//498
f 443//1063 895//1063 445//1063
f 445//1063 895//1063 510//1063
f 445//500 510//500 447//500
f 530//1061 531//1061 896//1061
f 896//1064 531//1064 461//1064
f 896//1062 461//1062 459//1062
f 463//1064 461//1064 531//1064
f 534//1065 533//1065 897//1065
f 897//1065 533//1065 532//1065
f 897//1066 532//1066 898//1066
f 898//1066 532//1066 542//1066
f 898//1067 542//1067 700//1067
f 535//1068 534//1068 899//1068
f 899//1069 534//1069 897//1069
f 899//1070 897//1070 900//1070
f 900//1071 897//1071 898//1071
f 900//1072 898//1072 901//1072
f 901//1073 898//1073 700//1073
f 901//1074 700//1074 699//1074
f 536//1075 535//1075 902//1075
f 902//1075 535//1075 899//1075
f 902//1076 899//1076 903//1076
f 903//1076 899//1076 900//1076
f 903//1077 900//1077 904//1077
f 904//1077 900//1077 901//1077
f 904//1078 901//1078 905//1078
f 905//1079 901//1079 699//1079
f 905//773 699//773 698//773
f 537//1080 536//1080 906//1080
f 906//1080 536//1080 902//1080
f 906//1081 902//1081 907//1081
f 907//1082 902//1082 903//1082
f 907//1083 903//1083 908//1083
f 908//1083 903//1083 904//1083
f 908//1084 904//1084 909//1084
f 909//1084 904//1084 905//1084
f 909//1085 905//1085 910//1085
f 910//1085 905//1085 698//1085
f 910//772 698//772 697//772
f 538//1086 537//1086 911//1086
f 911//1087 537//1087 906//1087
f 911//1088 906//1088 912//1088
f 912//1088 906//1088 907//1088
f 912//1089 907//1089 913//1089
f 913//1089 907//1089 908//1089
f 913//1090 908//1090 914//1090
f 914//1091 908//1091 909//1091
f 914//1092 909//1092 915//1092
f 915//1093 909//1093 910//1093
f 915//1094 910//1094 916//1094
f 916//1095 910//1095 697//1095
f 916//770 697//770 696//770
f 539//1096 538//1096 917//1096
f 917//1096 538//1096 911//1096
f 917//1097 911//1097 918//1097
f 918//1097 911//1097 912//1097
f 918//1098 912//1098 919//1098
f 919//1099 912//1099 913//1099
f 919//1100 913//1100 920//1100
f 920//1100 913//1100 914//1100
f 920//1101 914//1101 921//1101
f 921//1101 914//1101 915//1101
f 921//1102 915//1102 922//1102
f 922//1102 915//1102 916//1102
f 922//1103 916//1103 923//1103
f 923//1103 916//1103 696//1103
f 923//1104 696//1104 695//1104
f 540//1105 539//1105 715//1105
f 715//1105 539//1105 917//1105
f 715//1106 917//1106 713//1106
f 713//1106 917//1106 918//1106
f 713//1107 918//1107 711//1107
f 711//1107 918//1107 919//1107
f 711//1108 919//1108 709//1108
f 709//1108 919//1108 920//1108
f 709//1109 920//1109 707//1109
f 707//1109 920//1109 921//1109
f 707//1110 921//1110 705//1110
f 705//1110 921//1110 922//1110
f 705//1111 922//1111 703//1111
f 703//1111 922//1111 923//1111
f 703//1112 923//1112 701//1112
f 701//1113 923//1113 695//1113
f 701//767 695//767 694//767
f 624//1114 631//1114 625//1114
f 625//1115 631//1115 924//1115
f 625//1116 924//1116 626//1116
f 626//1117 924//1117 925//1117
f 626//658 925//658 627//658
f 627//1118 925//1118 926//1118
f 627//660 926//660 628//660
f 628//1119 926//1119 927//1119
f 628//1120 927//1120 629//1120
f 629//1121 927//1121 928//1121
f 629//1122 928//1122 630//1122
f 630//1123 928//1123 929//1123
f 630//664 929//664 570//664
f 570//1124 929//1124 572//1124
f 631//1125 632//1125 924//1125
f 924//1126 632//1126 930//1126
f 924//1117 930//1117 925//1117
f 925//1127 930//1127 931//1127
f 925//1118 931//1118 926//1118
f 926//1128 931//1128 932//1128
f 926//1129 932//1129 927//1129
f 927//1130 932//1130 933//1130
f 927//1121 933//1121 928//1121
f 928//1131 933//1131 934//1131
f 928//1123 934//1123 929//1123
f 929//1132 934//1132 935//1132
f 929//1124 935//1124 572//1124
f 572//1133 935//1133 574//1133
f 632//1126 633//1126 930//1126
f 930//1134 633//1134 936//1134
f 930//1135 936//1135 931//1135
f 931//1136 936//1136 937//1136
f 931//1128 937//1128 932//1128
f 932//1137 937//1137 938//1137
f 932//1138 938//1138 933//1138
f 933//1139 938//1139 939//1139
f 933//1131 939//1131 934//1131
f 934//1140 939//1140 940//1140
f 934//1132 940//1132 935//1132
f 935//1141 940//1141 941//1141
f 935//1133 941//1133 574//1133
f 574//1142 941//1142 576//1142
f 633//1143 634//1143 936//1143
f 936//1144 634//1144 942//1144
f 936//1145 942//1145 937//1145
f 937//1146 942//1146 943//1146
f 937//1137 943//1137 938//1137
f 938//1147 943//1147 944//1147
f 938//1148 944//1148 939//1148
f 939//1149 944//1149 945//1149
f 939//1150 945//1150 940//1150
f 940//1151 945//1151 946//1151
f 940//1141 946//1141 941//1141
f 941//1152 946//1152 578//1152
f 941//1142 578//1142 576//1142
f 635//1153 637//1153 942//1153
f 942//1146 637//1146 943//1146
f 944//1154 943//1154 639//1154
f 639//677 943//677 637//677
f 634//1144 635//1144 942//1144
f 945//1155 944//1155 641//1155
f 641//679 944//679 639//679
f 946//1156 945//1156 643//1156
f 643//1157 945//1157 641//1157
f 578//1152 946//1152 580//1152
f 580//1158 946//1158 643//1158
f 589//1159 591//1159 947//1159
f 947//1159 591//1159 592//1159
f 947//1160 592//1160 948//1160
f 948//1160 592//1160 593//1160
f 948//1161 593//1161 949//1161
f 949//1161 593//1161 594//1161
f 949//1162 594//1162 950//1162
f 950//1163 594//1163 595//1163
f 950//1164 595//1164 951//1164
f 951//1164 595//1164 596//1164
f 951//612 596//612 598//612
f 587//1165 589//1165 952//1165
f 952//1166 589//1166 947//1166
f 952//1167 947//1167 953//1167
f 953//1167 947//1167 948//1167
f 953//1168 948//1168 954//1168
f 954//1169 948//1169 949//1169
f 954//1170 949//1170 955//1170
f 955//1171 949//1171 950//1171
f 955//1172 950//1172 956//1172
f 956//1172 950//1172 951//1172
f 956//1173 951//1173 957//1173
f 957//1174 951//1174 598//1174
f 957//1175 598//1175 600//1175
f 585//1176 587//1176 958//1176
f 958//1176 587//1176 952//1176
f 958//1177 952//1177 959//1177
f 959//1178 952//1178 953//1178
f 959//1179 953//1179 960//1179
f 960//1179 953//1179 954//1179
f 960//1180 954//1180 961//1180
f 961//1181 954//1181 955//1181
f 961//1182 955//1182 962//1182
f 962//1182 955//1182 956//1182
f 962//1183 956//1183 963//1183
f 963//1183 956//1183 957//1183
f 963//1184 957//1184 964//1184
f 964//1184 957//1184 600//1184
f 964//616 600//616 602//616
f 583//1185 585//1185 965//1185
f 965//1185 585//1185 958//1185
f 965//1186 958//1186 966//1186
f 966//1186 958//1186 959//1186
f 966//1187 959//1187 967//1187
f 967//1188 959//1188 960//1188
f 967//1189 960//1189 968//1189
f 968//1190 960//1190 961//1190
f 968//1191 961//1191 969//1191
f 969//1191 961//1191 962//1191
f 969//1192 962//1192 970//1192
f 970//1193 962//1193 963//1193
f 970//1194 963//1194 971//1194
f 971//1194 963//1194 964//1194
f 971//1195 964//1195 972//1195
f 972//1195 964//1195 602//1195
f 972//618 602//618 286//618
f 581//1196 583//1196 973//1196
f 973//1197 583//1197 965//1197
f 973//1198 965//1198 974//1198
f 974//1199 965//1199 966//1199
f 974//1200 966//1200 975//1200
f 975//1200 966//1200 967//1200
f 975//1201 967//1201 976//1201
f 976//1201 967//1201 968//1201
f 976//1202 968//1202 977//1202
f 977//1203 968//1203 969//1203
f 977//1204 969//1204 978//1204
f 978//1204 969//1204 970//1204
f 978//1205 970//1205 979//1205
f 979//1206 970//1206 971//1206
f 979//1207 971//1207 980//1207
f 980//1208 971//1208 972//1208
f 980//1209 972//1209 288//1209
f 288//1210 972//1210 286//1210
f 579//1211 581//1211 981//1211
f 981//1212 581//1212 973//1212
f 981//1213 973//1213 982//1213
f 982//1213 973//1213 974//1213
f 982//1214 974//1214 983//1214
f 983//1215 974//1215 975//1215
f 983//1216 975//1216 984//1216
f 984//1216 975//1216 976//1216
f 984//1217 976//1217 985//1217
f 985//1218 976//1218 977//1218
f 985//1219 977//1219 986//1219
f 986//1219 977//1219 978//1219
f 986//1220 978//1220 987//1220
f 987//1220 978//1220 979//1220
f 987//1221 979//1221 988//1221
f 988//1221 979//1221 980//1221
f 988//1222 980//1222 290//1222
f 290//1222 980//1222 288//1222
f 577//1223 579//1223 667//1223
f 667//1223 579//1223 981//1223
f 667//1224 981//1224 665//1224
f 665//1225 981//1225 982//1225
f 665//1226 982//1226 663//1226
f 663//1227 982//1227 983//1227
f 663//1228 983//1228 661//1228
f 661//1229 983//1229 984//1229
f 661//1230 984//1230 659//1230
f 659//1230 984//1230 985//1230
f 659//1231 985//1231 657//1231
f 657//1231 985//1231 986//1231
f 657//1232 986//1232 655//1232
f 655//1232 986//1232 987//1232
f 655//1233 987//1233 653//1233
f 653//1233 987//1233 988//1233
f 653//1234 988//1234 292//1234
f 292//1234 988//1234 290//1234
f 989//1235 990//1235 991//1235
f 991//1235 990//1235 992//1235
f 991//1235 992//1235 993//1235
f 989//1235 994//1235 990//1235
f 990//1235 994//1235 995//1235
f 995//1235 994//1235 996//1235
f 995//1235 996//1235 997//1235
f 997//1235 996//1235 998//1235
f 997//1235 998//1235 999//1235
f 999//1235 998//1235 1000//1235
f 999//1235 1000//1235 1001//1235
f 1001//1235 1000//1235 1002//1235
f 1002//1235 1000//1235 1003//1235
f 1002//1235 1003//1235 1004//1235
f 1004//1235 1003//1235 1005//1235
f 1004//1235 1005//1235 1006//1235
f 1006//1235 1005//1235 1007//1235
f 1006//1235 1007//1235 1008//1235
f 1008//1235 1007//1235 1009//1235
f 1009//1235 1007//1235 1010//1235
f 1009//1235 1010//1235 1011//1235
f 1011//1235 1010//1235 1012//1235
f 1011//1235 1012//1235 1013//1235
f 1013//1235 1012//1235 1014//1235
f 1013//1235 1014//1235 1015//1235
f 1015//1235 1014//1235 1016//1235
f 1015//1235 1016//1235 1017//1235
f 1017//1235 1016//1235 1018//1235
f 1017//1235 1018//1235 1019//1235
f 1019//1235 1018//1235 1020//1235
f 1019//1235 1020//1235 1021//1235
f 1021//1235 1020//1235 1022//1235
f 1022//1235 1020//1235 1023//1235
f 1022//1235 1023//1235 1024//1235
f 1024//1235 1023//1235 1025//1235
f 1025//1235 1023//1235 1026//1235
f 1026//1235 1023//1235 1027//1235
f 1027//1235 1023//1235 752//1235
f 1027//1235 752//1235 743//1235
f 1028//1235 758//1235 1023//1235
f 1023//1235 758//1235 756//1235
f 1023//1235 756//1235 754//1235
f 758//1235 1028//1235 760//1235
f 760//1235 1028//1235 1029//1235
f 760//1235 1029//1235 762//1235
f 762//1235 1029//1235 1030//1235
f 762//1235 1030//1235 1031//1235
f 762//1235 1031//1235 764//1235
f 764//1235 1031//1235 1032//1235
f 764//1235 1032//1235 1033//1235
f 764//1235 1033//1235 766//1235
f 766//1235 1033//1235 1034//1235
f 766//1235 1034//1235 768//1235
f 768//1235 1034//1235 1035//1235
f 768//1235 1035//1235 1036//1235
f 768//1235 1036//1235 293//1235
f 293//1235 1036//1235 1037//1235
f 293//1235 1037//1235 1038//1235
f 293//1235 1038//1235 294//1235
f 294//1235 1038//1235 1039//1235
f 294//1235 1039//1235 1040//1235
f 294//1235 1040//1235 654//1235
f 654//1235 1040//1235 1041//1235
f 654//1235 1041//1235 656//1235
f 656//1235 1041//1235 1042//1235
f 656//1235 1042//1235 1043//1235
f 656//1235 1043//1235 658//1235
f 658//1235 1043//1235 1044//1235
f 658//1235 1044//1235 1045//1235
f 658//1235 1045//1235 660//1235
f 660//1235 1045//1235 1046//1235
f 660//1235 1046//1235 662//1235
f 662//1235 1046//1235 1047//1235
f 662//1235 1047//1235 664//1235
f 664//1235 1047//1235 666//1235
f 666//1235 1047//1235 668//1235
f 668//1235 1047//1235 1048//1235
f 668//1235 1048//1235 575//1235
f 575//1235 1048//1235 1049//1235
f 575//1235 1049//1235 1050//1235
f 1050//1235 1049//1235 1051//1235
f 1050//1235 1051//1235 1052//1235
f 1053//1235 1054//1235 1047//1235
f 1047//1235 1054//1235 1055//1235
f 1047//1235 1055//1235 1056//1235
f 1057//1235 1058//1235 1053//1235
f 1053//1235 1058//1235 1059//1235
f 1053//1235 1059//1235 1054//1235
f 1058//1235 1057//1235 1060//1235
f 1060//1235 1057//1235 1061//1235
f 1060//1235 1061//1235 1062//1235
f 1062//1235 1061//1235 1063//1235
f 1062//1235 1063//1235 1064//1235
f 1064//1235 1063//1235 1065//1235
f 1064//1235 1065//1235 1066//1235
f 1066//1235 1065//1235 1067//1235
f 1066//1235 1067//1235 1068//1235
f 1068//1235 1067//1235 1069//1235
f 1068//1235 1069//1235 1070//1235
f 1070//1235 1069//1235 1071//1235
f 1071//1235 1069//1235 1072//1235
f 1071//1235 1072//1235 1073//1235
f 1073//1235 1072//1235 1074//1235
f 1074//1235 1072//1235 1075//1235
f 1075//1235 1072//1235 1076//1235
f 1076//1235 1072//1235 1077//1235
f 1076//1235 1077//1235 1078//1235
f 1078//1235 1079//1235 1076//1235
f 1076//1235 1079//1235 1080//1235
f 1076//1235 1080//1235 1081//1235
f 1081//1235 1082//1235 1076//1235
f 1076//1235 1082//1235 1083//1235
f 1076//1235 1083//1235 1050//1235
f 1084//1235 569//1235 1050//1235
f 1050//1235 569//1235 571//1235
f 1050//1235 571//1235 573//1235
f 1084//1235 1085//1235 569//1235
f 569//1235 1085//1235 567//1235
f 567//1235 1085//1235 1086//1235
f 567//1235 1086//1235 1087//1235
f 567//1235 1087//1235 565//1235
f 565//1235 1087//1235 1088//1235
f 565//1235 1088//1235 563//1235
f 563//1235 1088//1235 1089//1235
f 563//1235 1089//1235 1090//1235
f 563//1235 1090//1235 562//1235
f 562//1235 1090//1235 1091//1235
f 562//1235 1091//1235 1092//1235
f 562//1235 1092//1235 669//1235
f 669//1235 1092//1235 1093//1235
f 669//1235 1093//1235 677//1235
f 677//1235 1093//1235 1094//1235
f 677//1235 1094//1235 1095//1235
f 1095//1235 1096//1235 677//1235
f 677//1235 1096//1235 1097//1235
f 677//1235 1097//1235 1098//1235
f 1098//1235 1099//1235 677//1235
f 677//1235 1099//1235 1100//1235
f 677//1235 1100//1235 685//1235
f 685//1235 1100//1235 1101//1235
f 685//1235 1101//1235 693//1235
f 693//1235 1101//1235 702//1235
f 702//1235 1101//1235 704//1235
f 704//1235 1101//1235 1102//1235
f 704//1235 1102//1235 706//1235
f 706//1235 1102//1235 1103//1235
f 706//1235 1103//1235 708//1235
f 708//1235 1103//1235 710//1235
f 710//1235 1103//1235 712//1235
f 712//1235 1103//1235 1104//1235
f 712//1235 1104//1235 1105//1235
f 1106//1235 1107//1235 1103//1235
f 1103//1235 1107//1235 1108//1235
f 1103//1235 1108//1235 1109//1235
f 1110//1235 1111//1235 1106//1235
f 1106//1235 1111//1235 1112//1235
f 1106//1235 1112//1235 1113//1235
f 1111//1235 1110//1235 1114//1235
f 1114//1235 1110//1235 1115//1235
f 1114//1235 1115//1235 1116//1235
f 1117//1235 1118//1235 1116//1235
f 1116//1235 1118//1235 1119//1235
f 1116//1235 1119//1235 1114//1235
f 1118//1235 1117//1235 1120//1235
f 1120//1235 1117//1235 1121//1235
f 1120//1235 1121//1235 1122//1235
f 1122//1235 1121//1235 1123//1235
f 1122//1235 1123//1235 1124//1235
f 1124//1235 1123//1235 1125//1235
f 1124//1235 1125//1235 1126//1235
f 1126//1235 1125//1235 1127//1235
f 1127//1235 1125//1235 1128//1235
f 1127//1235 1128//1235 1129//1235
f 1129//1235 1128//1235 1130//1235
f 1129//1235 1130//1235 1131//1235
f 1131//1235 1130//1235 1132//1235
f 1131//1235 1132//1235 1133//1235
f 1133//1235 1132//1235 1134//1235
f 1133//1235 1134//1235 1135//1235
f 1135//1235 1134//1235 1136//1235
f 1135//1235 1136//1235 1137//1235
f 1137//1235 1136//1235 1138//1235
f 1137//1235 1138//1235 1139//1235
f 1139//1235 1138//1235 1140//1235
f 1139//1235 1140//1235 1141//1235
f 1141//1235 1140//1235 1142//1235
f 1142//1235 1140//1235 1143//1235
f 1143//1235 1140//1235 1144//1235
f 1143//1235 1144//1235 1145//1235
f 1145//1235 1144//1235 1146//1235
f 1146//1235 1144//1235 1105//1235
f 1105//1235 1144//1235 714//1235
f 1105//1235 714//1235 712//1235
f 1147//1235 448//1235 1144//1235
f 1144//1235 448//1235 541//1235
f 1144//1235 541//1235 716//1235
f 448//1235 1147//1235 446//1235
f 446//1235 1147//1235 1148//1235
f 446//1235 1148//1235 1149//1235
f 446//1235 1149//1235 444//1235
f 444//1235 1149//1235 1150//1235
f 444//1235 1150//1235 1151//1235
f 444//1235 1151//1235 442//1235
f 442//1235 1151//1235 1152//1235
f 442//1235 1152//1235 1153//1235
f 442//1235 1153//1235 440//1235
f 440//1235 1153//1235 1154//1235
f 440//1235 1154//1235 438//1235
f 438//1235 1154//1235 1155//1235
f 438//1235 1155//1235 1156//1235
f 438//1235 1156//1235 436//1235
f 436//1235 1156//1235 1157//1235
f 436//1235 1157//1235 1158//1235
f 436//1235 1158//1235 434//1235
f 434//1235 1158//1235 1159//1235
f 434//1235 1159//1235 432//1235
f 432//1235 1159//1235 1160//1235
f 432//1235 1160//1235 1161//1235
f 432//1235 1161//1235 430//1235
f 430//1235 1161//1235 1162//1235
f 430//1235 1162//1235 1163//1235
f 430//1235 1163//1235 428//1235
f 428//1235 1163//1235 1164//1235
f 428//1235 1164//1235 1165//1235
f 428//1235 1165//1235 427//1235
f 427//1235 1165//1235 1166//1235
f 427//1235 1166//1235 718//1235
f 718//1235 1166//1235 720//1235
f 720//1235 1166//1235 722//1235
f 722//1235 1166//1235 1167//1235
f 722//1235 1167//1235 1168//1235
f 1169//1235 1170//1235 1166//1235
f 1166//1235 1170//1235 1171//1235
f 1166//1235 1171//1235 1172//1235
f 1173//1235 1174//1235 1169//1235
f 1169//1235 1174//1235 1175//1235
f 1169//1235 1175//1235 1176//1235
f 1174//1235 1173//1235 1177//1235
f 1177//1235 1173//1235 1178//1235
f 1177//1235 1178//1235 1179//1235
f 1180//1235 1181//1235 1179//1235
f 1179//1235 1181//1235 1182//1235
f 1179//1235 1182//1235 1177//1235
f 1181//1235 1180//1235 1183//1235
f 1183//1235 1180//1235 1184//1235
f 1183//1235 1184//1235 1185//1235
f 1185//1235 1184//1235 1186//1235
f 1185//1235 1186//1235 1187//1235
f 1187//1235 1186//1235 1188//1235
f 1187//1235 1188//1235 1189//1235
f 1189//1235 1188//1235 1190//1235
f 1190//1235 1188//1235 1191//1235
f 1190//1235 1191//1235 1192//1235
f 1192//1235 1191//1235 1193//1235
f 1192//1235 1193//1235 1194//1235
f 1194//1235 1193//1235 1195//1235
f 1194//1235 1195//1235 1196//1235
f 1196//1235 1195//1235 1197//1235
f 1196//1235 1197//1235 1198//1235
f 1198//1235 1197//1235 1199//1235
f 1198//1235 1199//1235 1200//1235
f 1200//1235 1199//1235 1201//1235
f 1200//1235 1201//1235 1202//1235
f 1202//1235 1201//1235 1203//1235
f 1202//1235 1203//1235 1204//1235
f 1204//1235 1203//1235 1205//1235
f 1205//1235 1203//1235 1206//1235
f 1206//1235 1203//1235 1207//1235
f 1206//1235 1207//1235 1208//1235
f 1208//1235 1207//1235 1209//1235
f 1209//1235 1207//1235 1168//1235
f 1168//1235 1207//1235 724//1235
f 1168//1235 724//1235 722//1235
f 1210//1235 730//1235 1207//1235
f 1207//1235 730//1235 728//1235
f 1207//1235 728//1235 726//1235
f 730//1235 1210//1235 732//1235
f 732//1235 1210//1235 1211//1235
f 732//1235 1211//1235 1212//1235
f 732//1235 1212//1235 734//1235
f 734//1235 1212//1235 1213//1235
f 734//1235 1213//1235 332//1235
f 332//1235 1213//1235 1214//1235
f 332//1235 1214//1235 1215//1235
f 332//1235 1215//1235 330//1235
f 330//1235 1215//1235 1216//1235
f 330//1235 1216//1235 1217//1235
f 330//1235 1217//1235 328//1235
f 328//1235 1217//1235 1218//1235
f 328//1235 1218//1235 1219//1235
f 328//1235 1219//1235 326//1235
f 326//1235 1219//1235 1220//1235
f 326//1235 1220//1235 324//1235
f 324//1235 1220//1235 1221//1235
f 324//1235 1221//1235 1222//1235
f 324//1235 1222//1235 322//1235
f 322//1235 1222//1235 1223//1235
f 322//1235 1223//1235 1224//1235
f 322//1235 1224//1235 320//1235
f 320//1235 1224//1235 1225//1235
f 320//1235 1225//1235 318//1235
f 318//1235 1225//1235 1226//1235
f 318//1235 1226//1235 1227//1235
f 318//1235 1227//1235 316//1235
f 316//1235 1227//1235 1228//1235
f 316//1235 1228//1235 1229//1235
f 991//1235 1230//1235 1229//1235
f 1229//1235 1230//1235 1231//1235
f 1229//1235 1231//1235 1232//1235
f 993//1235 1230//1235 991//1235
f 1232//1235 1233//1235 1229//1235
f 1229//1235 1233//1235 743//1235
f 1229//1235 743//1235 735//1235
f 1233//1235 1027//1235 743//1235
f 1056//1235 1234//1235 1047//1235
f 1047//1235 1234//1235 1048//1235
f 1052//1235 1235//1235 1050//1235
f 1050//1235 1235//1235 1236//1235
f 1050//1235 1236//1235 1237//1235
f 1237//1235 1238//1235 1050//1235
f 1050//1235 1238//1235 1239//1235
f 1050//1235 1239//1235 1240//1235
f 1240//1235 1076//1235 1050//1235
f 1176//1235 1170//1235 1169//1235
f 1172//1235 1167//1235 1166//1235
f 1113//1235 1107//1235 1106//1235
f 1109//1235 1104//1235 1103//1235
f 754//1235 752//1235 1023//1235
f 735//1235 315//1235 1229//1235
f 1229//1235 315//1235 316//1235
f 726//1235 724//1235 1207//1235
f 716//1235 714//1235 1144//1235
f 573//1235 575//1235 1050//1235
f 1241//1236 1242//1236 1243//1236
f 1243//1236 1242//1236 1244//1236
f 1243//1237 1244//1237 1245//1237
f 1245//1237 1244//1237 1246//1237
f 1245//1238 1246//1238 1247//1238
f 1247//1238 1246//1238 1248//1238
f 1247//1239 1248//1239 1249//1239
f 1249//1239 1248//1239 1250//1239
f 1249//1240 1250//1240 1251//1240
f 1251//1240 1250//1240 1252//1240
f 1251//1241 1252//1241 1253//1241
f 1253//1241 1252//1241 1254//1241
f 1253//1242 1254//1242 1255//1242
f 1255//1242 1254//1242 1256//1242
f 1255//1243 1256//1243 1257//1243
f 1257//1243 1256//1243 1258//1243
f 1257//1244 1258//1244 1259//1244
f 1259//1244 1258//1244 1260//1244
f 1259//1245 1260//1245 1261//1245
f 1261//1245 1260//1245 1262//1245
f 1261//1246 1262//1246 1263//1246
f 1263//1246 1262//1246 1264//1246
f 1263//1247 1264//1247 1265//1247
f 1265//1247 1264//1247 1266//1247
f 1265//1248 1266//1248 1267//1248
f 1267//1249 1266//1249 1268//1249
f 1267//1250 1268//1250 1269//1250
f 1269//1250 1268//1250 1270//1250
f 1269//1251 1270//1251 1271//1251
f 1271//1252 1270//1252 1272//1252
f 1271//1253 1272//1253 1273//1253
f 1273//1253 1272//1253 1274//1253
f 1273//1254 1274//1254 1275//1254
f 1275//1254 1274//1254 1276//1254
f 1275//1255 1276//1255 1277//1255
f 1277//1255 1276//1255 1278//1255
f 1277//1256 1278//1256 1279//1256
f 1279//1256 1278//1256 1280//1256
f 1279//1257 1280//1257 1281//1257
f 1281//1257 1280//1257 1282//1257
f 1281//1258 1282//1258 1283//1258
f 1283//1258 1282//1258 1284//1258
f 1283//1259 1284//1259 1285//1259
f 1285//1259 1284//1259 1286//1259
f 1285//1260 1286//1260 1287//1260
f 1287//1260 1286//1260 1288//1260
f 1287//1261 1288//1261 1289//1261
f 1289//1261 1288//1261 1290//1261
f 1289//1262 1290//1262 1291//1262
f 1291//1262 1290//1262 1292//1262
f 1291//1263 1292//1263 1293//1263
f 1293//1263 1292//1263 1294//1263
f 1293//1264 1294//1264 1295//1264
f 1295//1264 1294//1264 1296//1264
f 1295//1265 1296//1265 1297//1265
f 1297//1265 1296//1265 1298//1265
f 1297//1266 1298//1266 1299//1266
f 1299//1266 1298//1266 1300//1266
f 1299//1267 1300//1267 1301//1267
f 1301//1267 1300//1267 1302//1267
f 1301//1268 1302//1268 1303//1268
f 1303//1268 1302//1268 1304//1268
f 1303//1269 1304//1269 1305//1269
f 1305//1269 1304//1269 1306//1269
f 1305//1270 1306//1270 1307//1270
f 1307//1270 1306//1270 1308//1270
f 1307//1271 1308//1271 1309//1271
f 1309//1271 1308//1271 1310//1271
f 1309//1272 1310//1272 1311//1272
f 1311//1272 1310//1272 1312//1272
f 1311//1273 1312//1273 1313//1273
f 1313//1273 1312//1273 1314//1273
f 1313//1274 1314//1274 1315//1274
f 1315//1274 1314//1274 1316//1274
f 1315//1275 1316//1275 1317//1275
f 1317//1275 1316//1275 1318//1275
f 1317//1276 1318//1276 1319//1276
f 1319//1276 1318//1276 1320//1276
f 1319//1277 1320//1277 1321//1277
f 1321//1277 1320//1277 1322//1277
f 1321//1278 1322//1278 1323//1278
f 1323//1278 1322//1278 1324//1278
f 1323//1279 1324//1279 1325//1279
f 1325//1279 1324//1279 1326//1279
f 1325//1280 1326//1280 1327//1280
f 1327//1281 1326//1281 1328//1281
f 1327//1282 1328//1282 1329//1282
f 1329//1282 1328//1282 1330//1282
f 1329//1283 1330//1283 1331//1283
f 1331//1283 1330//1283 1332//1283
f 1331//1284 1332//1284 1333//1284
f 1333//1284 1332//1284 1334//1284
f 1333//1285 1334//1285 1335//1285
f 1335//1285 1334//1285 1336//1285
f 1335//1286 1336//1286 1337//1286
f 1337//1286 1336//1286 1338//1286
f 1337//1287 1338//1287 1339//1287
f 1339//1287 1338//1287 1340//1287
f 1339//1288 1340//1288 1341//1288
f 1341//1288 1340//1288 1342//1288
f 1341//1289 1342//1289 1343//1289
f 1343//1289 1342//1289 1344//1289
f 1343//1290 1344//1290 1345//1290
f 1345//1290 1344//1290 1346//1290
f 1345//1291 1346//1291 1347//1291
f 1347//1291 1346//1291 1348//1291
f 1347//1292 1348//1292 1349//1292
f 1349//1292 1348//1292 1350//1292
f 1349//1293 1350//1293 1351//1293
f 1351//1293 1350//1293 1352//1293
f 1351//1294 1352//1294 1353//1294
f 1353//1294 1352//1294 1354//1294
f 1353//1295 1354//1295 1355//1295
f 1355//1295 1354//1295 1356//1295
f 1355//1296 1356//1296 1357//1296
f 1357//1296 1356//1296 1358//1296
f 1357//1297 1358//1297 1359//1297
f 1359//1297 1358//1297 1360//1297
f 1359//1298 1360//1298 1361//1298
f 1361//1299 1360//1299 1362//1299
f 1361//1300 1362//1300 1363//1300
f 1363//1300 1362//1300 1364//1300
f 1363//1301 1364//1301 1365//1301
f 1365//1301 1364//1301 1366//1301
f 1365//182 1366//182 1367//182
f 1367//182 1366//182 1368//182
f 1367//1302 1368//1302 1369//1302
f 1369//1302 1368//1302 1370//1302
f 1369//1303 1370//1303 1371//1303
f 1371//1303 1370//1303 1372//1303
f 1371//1304 1372//1304 1373//1304
f 1373//1305 1372//1305 1374//1305
f 1373//1306 1374//1306 1375//1306
f 1375//1306 1374//1306 1376//1306
f 1375//1307 1376//1307 1377//1307
f 1377//1308 1376//1308 1378//1308
f 1377//1309 1378//1309 1379//1309
f 1379//1309 1378//1309 1380//1309
f 1379//1310 1380//1310 1381//1310
f 1381//1310 1380//1310 1382//1310
f 1381//1311 1382//1311 1383//1311
f 1383//1311 1382//1311 1384//1311
f 1383//1312 1384//1312 1385//1312
f 1385//1312 1384//1312 1386//1312
f 1385//1313 1386//1313 1387//1313
f 1387//1313 1386//1313 1388//1313
f 1387//1314 1388//1314 1389//1314
f 1389//1314 1388//1314 1390//1314
f 1389//1315 1390//1315 1391//1315
f 1391//1315 1390//1315 1392//1315
f 1391//1316 1392//1316 1393//1316
f 1393//1316 1392//1316 1394//1316
f 1393//1317 1394//1317 1395//1317
f 1395//1317 1394//1317 1396//1317
f 1395//1318 1396//1318 1397//1318
f 1397//1318 1396//1318 1398//1318
f 1397//1319 1398//1319 1399//1319
f 1399//1319 1398//1319 1400//1319
f 1399//1320 1400//1320 1401//1320
f 1401//1320 1400//1320 1402//1320
f 1401//1321 1402//1321 1403//1321
f 1403//1321 1402//1321 1404//1321
f 1403//1322 1404//1322 1405//1322
f 1405//1322 1404//1322 1406//1322
f 1405//1323 1406//1323 1407//1323
f 1407//1324 1406//1324 1408//1324
f 1407//1325 1408//1325 1409//1325
f 1409//1325 1408//1325 1410//1325
f 1409//1326 1410//1326 1411//1326
f 1411//1326 1410//1326 1412//1326
f 1411//1327 1412//1327 1413//1327
f 1413//1327 1412//1327 1414//1327
f 1413//1328 1414//1328 1415//1328
f 1415//1328 1414//1328 1416//1328
f 1415//1329 1416//1329 1417//1329
f 1417//1329 1416//1329 1418//1329
f 1417//1330 1418//1330 1419//1330
f 1419//1330 1418//1330 1420//1330
f 1419//1331 1420//1331 1421//1331
f 1421//1331 1420//1331 1422//1331
f 1421//1332 1422//1332 1423//1332
f 1423//1332 1422//1332 1424//1332
f 1423//1333 1424//1333 1425//1333
f 1425//1333 1424//1333 1426//1333
f 1425//1334 1426//1334 1427//1334
f 1427//1334 1426//1334 1428//1334
f 1427//1335 1428//1335 1429//1335
f 1429//1335 1428//1335 1430//1335
f 1429//1336 1430//1336 1431//1336
f 1431//1336 1430//1336 1432//1336
f 1431//1337 1432//1337 1433//1337
f 1433//1337 1432//1337 1434//1337
f 1433//1338 1434//1338 1435//1338
f 1435//1338 1434//1338 1436//1338
f 1435//1339 1436//1339 1437//1339
f 1437//1339 1436//1339 1438//1339
f 1437//1340 1438//1340 1439//1340
f 1439//1340 1438//1340 1440//1340
f 1439//1341 1440//1341 1441//1341
f 1441//1341 1440//1341 1442//1341
f 1441//1342 1442//1342 1443//1342
f 1443//1342 1442//1342 1444//1342
f 1443//1343 1444//1343 1445//1343
f 1445//1343 1444//1343 1446//1343
f 1445//1344 1446//1344 1447//1344
f 1447//1344 1446//1344 1448//1344
f 1447//1345 1448//1345 1449//1345
f 1449//1345 1448//1345 1450//1345
f 1449//1346 1450//1346 1451//1346
f 1451//1346 1450//1346 1452//1346
f 1451//1347 1452//1347 1453//1347
f 1453//1347 1452//1347 1454//1347
f 1453//1348 1454//1348 1455//1348
f 1455//1348 1454//1348 1456//1348
f 1455//1349 1456//1349 1457//1349
f 1457//1349 1456//1349 1458//1349
f 1457//1350 1458//1350 1459//1350
f 1459//1350 1458//1350 1460//1350
f 1459//1351 1460//1351 1461//1351
f 1461//1351 1460//1351 1462//1351
f 1461//1352 1462//1352 1463//1352
f 1463//1352 1462//1352 1464//1352
f 1463//1353 1464//1353 1465//1353
f 1465//1353 1464//1353 1466//1353
f 1465//1354 1466//1354 1467//1354
f 1467//1355 1466//1355 1468//1355
f 1467//1356 1468//1356 1469//1356
f 1469//1356 1468//1356 1470//1356
f 1469//1357 1470//1357 1471//1357
f 1471//1357 1470//1357 1472//1357
f 1471//1358 1472//1358 1473//1358
f 1473//1358 1472//1358 1474//1358
f 1473//1359 1474//1359 1475//1359
f 1475//1359 1474//1359 1476//1359
f 1475//1360 1476//1360 1477//1360
f 1477//1360 1476//1360 1478//1360
f 1477//1361 1478//1361 1479//1361
f 1479//1361 1478//1361 1480//1361
f 1479//1362 1480//1362 1481//1362
f 1481//1362 1480//1362 1482//1362
f 1481//1363 1482//1363 1483//1363
f 1483//1363 1482//1363 1484//1363
f 1483//1364 1484//1364 1485//1364
f 1485//1364 1484//1364 1486//1364
f 1485//1365 1486//1365 1241//1365
f 1241//1365 1486//1365 1242//1365
f 1487//146 1488//146 1489//146
f 1489//146 1488//146 1490//146
f 1489//146 1490//146 1491//146
f 1491//146 1490//146 1492//146
f 1491//146 1492//146 1493//146
f 1493//146 1492//146 1494//146
f 1493//146 1494//146 1495//146
f 1495//146 1494//146 1496//146
f 1495//146 1496//146 1497//146
f 1497//146 1496//146 1498//146
f 1497//146 1498//146 1499//146
f 1499//146 1498//146 1500//146
f 1500//146 1498//146 1269//146
f 1500//146 1269//146 1271//146
f 1488//146 1487//146 1501//146
f 1501//146 1487//146 1502//146
f 1501//146 1502//146 1503//146
f 1501//146 1503//146 1504//146
f 1504//146 1503//146 1505//146
f 1504//146 1505//146 1506//146
f 1506//146 1505//146 1507//146
f 1506//146 1507//146 1508//146
f 1508//146 1507//146 1509//146
f 1508//146 1509//146 1510//146
f 1508//146 1510//146 1511//146
f 1511//146 1510//146 1512//146
f 1511//146 1512//146 1513//146
f 1513//146 1512//146 1514//146
f 1513//146 1514//146 1515//146
f 1515//146 1514//146 1516//146
f 1515//146 1516//146 1517//146
f 1517//146 1516//146 1518//146
f 1518//146 1516//146 1519//146
f 1518//146 1519//146 1520//146
f 1518//146 1520//146 1277//146
f 1277//146 1520//146 1521//146
f 1277//146 1521//146 1522//146
f 1277//146 1522//146 1275//146
f 1275//146 1522//146 1523//146
f 1275//146 1523//146 1524//146
f 1524//146 1525//146 1275//146
f 1275//146 1525//146 1273//146
f 1273//146 1525//146 1526//146
f 1273//146 1526//146 1527//146
f 1273//146 1527//146 1271//146
f 1271//146 1527//146 1528//146
f 1271//146 1528//146 1500//146
f 1529//146 1399//146 1530//146
f 1530//146 1399//146 1401//146
f 1530//146 1401//146 1531//146
f 1531//146 1401//146 1532//146
f 1531//146 1532//146 1533//146
f 1533//146 1532//146 1534//146
f 1534//146 1532//146 1535//146
f 1534//146 1535//146 1536//146
f 1536//146 1535//146 1537//146
f 1536//146 1537//146 1538//146
f 1538//146 1537//146 1539//146
f 1538//146 1539//146 1540//146
f 1540//146 1539//146 1541//146
f 1540//146 1541//146 1542//146
f 1542//146 1541//146 1543//146
f 1542//146 1543//146 1544//146
f 1544//146 1543//146 1545//146
f 1544//146 1545//146 1546//146
f 1546//146 1545//146 1547//146
f 1546//146 1547//146 1548//146
f 1548//146 1547//146 1549//146
f 1549//146 1547//146 1550//146
f 1549//146 1550//146 1551//146
f 1551//146 1550//146 1552//146
f 1551//146 1552//146 1553//146
f 1553//146 1552//146 1554//146
f 1553//146 1554//146 1555//146
f 1555//146 1554//146 1556//146
f 1555//146 1556//146 1557//146
f 1557//146 1556//146 1558//146
f 1558//146 1556//146 1559//146
f 1558//146 1559//146 1560//146
f 1529//146 1561//146 1399//146
f 1399//146 1561//146 1397//146
f 1397//146 1561//146 1562//146
f 1397//146 1562//146 1563//146
f 1397//146 1563//146 1395//146
f 1395//146 1563//146 1564//146
f 1395//146 1564//146 1565//146
f 1565//146 1566//146 1395//146
f 1395//146 1566//146 1393//146
f 1393//146 1566//146 1567//146
f 1393//146 1567//146 1568//146
f 1568//146 1567//146 1569//146
f 1568//146 1569//146 1570//146
f 1568//146 1570//146 1560//146
f 1560//146 1570//146 1558//146
f 1571//146 1331//146 1572//146
f 1572//146 1331//146 1333//146
f 1572//146 1333//146 1573//146
f 1573//146 1333//146 1574//146
f 1574//146 1333//146 1335//146
f 1574//146 1335//146 1575//146
f 1575//146 1335//146 1576//146
f 1576//146 1335//146 1337//146
f 1576//146 1337//146 1577//146
f 1577//146 1337//146 1578//146
f 1578//146 1337//146 1579//146
f 1579//146 1337//146 1339//146
f 1579//146 1339//146 1580//146
f 1580//146 1339//146 1581//146
f 1580//146 1581//146 1582//146
f 1582//146 1581//146 1583//146
f 1583//146 1581//146 1584//146
f 1583//146 1584//146 1585//146
f 1585//146 1584//146 1586//146
f 1585//146 1586//146 1587//146
f 1331//146 1571//146 1588//146
f 1588//146 1571//146 1589//146
f 1588//146 1589//146 1590//146
f 1588//146 1590//146 1591//146
f 1591//146 1590//146 1592//146
f 1591//146 1592//146 1593//146
f 1593//146 1592//146 1594//146
f 1593//146 1594//146 1595//146
f 1595//146 1594//146 1596//146
f 1595//146 1596//146 1597//146
f 1597//146 1596//146 1598//146
f 1597//146 1598//146 1599//146
f 1599//146 1598//146 1600//146
f 1599//146 1600//146 1601//146
f 1601//146 1600//146 1602//146
f 1601//146 1602//146 1603//146
f 1603//146 1602//146 1604//146
f 1603//146 1604//146 1605//146
f 1603//146 1605//146 1606//146
f 1606//146 1605//146 1607//146
f 1606//146 1607//146 1608//146
f 1608//146 1607//146 1609//146
f 1608//146 1609//146 1610//146
f 1610//146 1609//146 1611//146
f 1610//146 1611//146 1587//146
f 1587//146 1611//146 1612//146
f 1587//146 1612//146 1585//146
f 1613//146 1614//146 1615//146
f 1615//146 1614//146 1616//146
f 1615//146 1616//146 1617//146
f 1617//146 1616//146 1618//146
f 1617//146 1618//146 1619//146
f 1619//146 1618//146 1620//146
f 1620//146 1618//146 1621//146
f 1620//146 1621//146 1622//146
f 1622//146 1621//146 1623//146
f 1622//146 1623//146 1624//146
f 1624//146 1623//146 1625//146
f 1624//146 1625//146 1626//146
f 1626//146 1625//146 1627//146
f 1627//146 1625//146 1628//146
f 1627//146 1628//146 1629//146
f 1629//146 1628//146 1630//146
f 1629//146 1630//146 1631//146
f 1631//146 1630//146 1632//146
f 1631//146 1632//146 1633//146
f 1633//146 1632//146 1634//146
f 1633//146 1634//146 1635//146
f 1614//146 1613//146 1636//146
f 1636//146 1613//146 1637//146
f 1636//146 1637//146 1638//146
f 1638//146 1637//146 1639//146
f 1638//146 1639//146 1640//146
f 1640//146 1639//146 1641//146
f 1640//146 1641//146 1642//146
f 1642//146 1641//146 1643//146
f 1642//146 1643//146 1644//146
f 1645//146 1461//146 1644//146
f 1644//146 1461//146 1463//146
f 1644//146 1463//146 1642//146
f 1642//146 1463//146 1465//146
f 1642//146 1465//146 1467//146
f 1645//146 1646//146 1461//146
f 1461//146 1646//146 1459//146
f 1459//146 1646//146 1647//146
f 1459//146 1647//146 1648//146
f 1459//146 1648//146 1457//146
f 1457//146 1648//146 1649//146
f 1457//146 1649//146 1650//146
f 1650//146 1651//146 1457//146
f 1457//146 1651//146 1455//146
f 1455//146 1651//146 1652//146
f 1455//146 1652//146 1653//146
f 1455//146 1653//146 1635//146
f 1635//146 1653//146 1654//146
f 1635//146 1654//146 1633//146
f 1245//146 1655//146 1243//146
f 1243//146 1655//146 1656//146
f 1243//146 1656//146 1657//146
f 1655//146 1245//146 1658//146
f 1658//146 1245//146 1247//146
f 1658//146 1247//146 1659//146
f 1659//146 1247//146 1249//146
f 1659//146 1249//146 1660//146
f 1660//146 1249//146 1251//146
f 1660//146 1251//146 1661//146
f 1661//146 1251//146 1253//146
f 1661//146 1253//146 1662//146
f 1662//146 1253//146 1255//146
f 1662//146 1255//146 1663//146
f 1663//146 1255//146 1257//146
f 1663//146 1257//146 1664//146
f 1664//146 1257//146 1259//146
f 1664//146 1259//146 1665//146
f 1665//146 1259//146 1261//146
f 1665//146 1261//146 1666//146
f 1666//146 1261//146 1263//146
f 1666//146 1263//146 1265//146
f 1666//146 1265//146 1498//146
f 1498//146 1265//146 1267//146
f 1498//146 1267//146 1269//146
f 1277//146 1279//146 1518//146
f 1518//146 1279//146 1281//146
f 1518//146 1281//146 1283//146
f 1518//146 1283//146 1667//146
f 1667//146 1283//146 1285//146
f 1667//146 1285//146 1668//146
f 1668//146 1285//146 1287//146
f 1668//146 1287//146 1669//146
f 1669//146 1287//146 1289//146
f 1669//146 1289//146 1670//146
f 1670//146 1289//146 1291//146
f 1670//146 1291//146 1671//146
f 1671//146 1291//146 1293//146
f 1671//146 1293//146 1672//146
f 1672//146 1293//146 1295//146
f 1672//146 1295//146 1673//146
f 1673//146 1295//146 1297//146
f 1673//146 1297//146 1674//146
f 1674//146 1297//146 1299//146
f 1674//146 1299//146 1675//146
f 1675//146 1299//146 1301//146
f 1675//146 1301//146 1676//146
f 1676//146 1301//146 1303//146
f 1676//146 1303//146 1677//146
f 1677//146 1303//146 1305//146
f 1677//146 1305//146 1678//146
f 1678//146 1305//146 1307//146
f 1678//146 1307//146 1679//146
f 1679//146 1307//146 1309//146
f 1679//146 1309//146 1680//146
f 1680//146 1309//146 1311//146
f 1680//146 1311//146 1681//146
f 1681//146 1311//146 1313//146
f 1681//146 1313//146 1682//146
f 1682//146 1313//146 1315//146
f 1682//146 1315//146 1683//146
f 1683//146 1315//146 1317//146
f 1683//146 1317//146 1684//146
f 1684//146 1317//146 1319//146
f 1684//146 1319//146 1685//146
f 1685//146 1319//146 1321//146
f 1685//146 1321//146 1686//146
f 1686//146 1321//146 1323//146
f 1686//146 1323//146 1687//146
f 1687//146 1323//146 1325//146
f 1687//146 1325//146 1327//146
f 1687//146 1327//146 1588//146
f 1588//146 1327//146 1329//146
f 1588//146 1329//146 1331//146
f 1339//146 1341//146 1581//146
f 1581//146 1341//146 1343//146
f 1581//146 1343//146 1688//146
f 1688//146 1343//146 1345//146
f 1688//146 1345//146 1347//146
f 1688//146 1347//146 1689//146
f 1689//146 1347//146 1349//146
f 1689//146 1349//146 1690//146
f 1690//146 1349//146 1351//146
f 1690//146 1351//146 1691//146
f 1691//146 1351//146 1353//146
f 1691//146 1353//146 1692//146
f 1692//146 1353//146 1355//146
f 1692//146 1355//146 1693//146
f 1693//146 1355//146 1357//146
f 1693//146 1357//146 1694//146
f 1694//146 1357//146 1359//146
f 1694//146 1359//146 1695//146
f 1695//146 1359//146 1361//146
f 1695//146 1361//146 1696//146
f 1696//146 1361//146 1363//146
f 1696//146 1363//146 1697//146
f 1697//146 1363//146 1365//146
f 1697//146 1365//146 1698//146
f 1698//146 1365//146 1367//146
f 1698//146 1367//146 1699//146
f 1699//146 1367//146 1369//146
f 1699//146 1369//146 1700//146
f 1700//146 1369//146 1371//146
f 1700//146 1371//146 1701//146
f 1701//146 1371//146 1373//146
f 1701//146 1373//146 1702//146
f 1702//146 1373//146 1375//146
f 1702//146 1375//146 1703//146
f 1703//146 1375//146 1377//146
f 1703//146 1377//146 1704//146
f 1704//146 1377//146 1379//146
f 1704//146 1379//146 1705//146
f 1705//146 1379//146 1381//146
f 1705//146 1381//146 1706//146
f 1706//146 1381//146 1383//146
f 1706//146 1383//146 1707//146
f 1707//146 1383//146 1385//146
f 1707//146 1385//146 1708//146
f 1708//146 1385//146 1387//146
f 1708//146 1387//146 1389//146
f 1708//146 1389//146 1568//146
f 1568//146 1389//146 1391//146
f 1568//146 1391//146 1393//146
f 1401//146 1403//146 1532//146
f 1532//146 1403//146 1405//146
f 1532//146 1405//146 1709//146
f 1709//146 1405//146 1407//146
f 1709//146 1407//146 1409//146
f 1709//146 1409//146 1710//146
f 1710//146 1409//146 1411//146
f 1710//146 1411//146 1711//146
f 1711//146 1411//146 1413//146
f 1711//146 1413//146 1712//146
f 1712//146 1413//146 1415//146
f 1712//146 1415//146 1713//146
f 1713//146 1415//146 1417//146
f 1713//146 1417//146 1714//146
f 1714//146 1417//146 1419//146
f 1714//146 1419//146 1715//146
f 1715//146 1419//146 1421//146
f 1715//146 1421//146 1716//146
f 1716//146 1421//146 1423//146
f 1716//146 1423//146 1717//146
f 1717//146 1423//146 1425//146
f 1717//146 1425//146 1718//146
f 1718//146 1425//146 1427//146
f 1718//146 1427//146 1719//146
f 1719//146 1427//146 1429//146
f 1719//146 1429//146 1720//146
f 1720//146 1429//146 1431//146
f 1720//146 1431//146 1721//146
f 1721//146 1431//146 1433//146
f 1721//146 1433//146 1722//146
f 1722//146 1433//146 1435//146
f 1722//146 1435//146 1723//146
f 1723//146 1435//146 1437//146
f 1723//146 1437//146 1724//146
f 1724//146 1437//146 1439//146
f 1724//146 1439//146 1725//146
f 1725//146 1439//146 1441//146
f 1725//146 1441//146 1726//146
f 1726//146 1441//146 1443//146
f 1726//146 1443//146 1727//146
f 1727//146 1443//146 1445//146
f 1727//146 1445//146 1728//146
f 1728//146 1445//146 1447//146
f 1728//146 1447//146 1729//146
f 1729//146 1447//146 1449//146
f 1729//146 1449//146 1635//146
f 1635//146 1449//146 1451//146
f 1635//146 1451//146 1453//146
f 1453//146 1455//146 1635//146
f 1642//146 1467//146 1730//146
f 1730//146 1467//146 1469//146
f 1730//146 1469//146 1471//146
f 1730//146 1471//146 1731//146
f 1731//146 1471//146 1473//146
f 1731//146 1473//146 1732//146
f 1732//146 1473//146 1475//146
f 1732//146 1475//146 1733//146
f 1733//146 1475//146 1477//146
f 1733//146 1477//146 1734//146
f 1734//146 1477//146 1479//146
f 1734//146 1479//146 1735//146
f 1735//146 1479//146 1481//146
f 1735//146 1481//146 1736//146
f 1736//146 1481//146 1483//146
f 1736//146 1483//146 1737//146
f 1737//146 1483//146 1485//146
f 1737//146 1485//146 1738//146
f 1738//146 1485//146 1241//146
f 1738//146 1241//146 1657//146
f 1657//146 1241//146 1243//146
f 1617//1366 1009//1366 1615//1366
f 1615//1366 1009//1366 1011//1366
f 1615//1367 1011//1367 1613//1367
f 1613//1367 1011//1367 1013//1367
f 1613//1368 1013//1368 1637//1368
f 1637//1368 1013//1368 1015//1368
f 1637//1369 1015//1369 1639//1369
f 1639//1369 1015//1369 1017//1369
f 1639//1370 1017//1370 1641//1370
f 1641//1370 1017//1370 1019//1370
f 1641//1259 1019//1259 1643//1259
f 1643//1259 1019//1259 1021//1259
f 1643//1371 1021//1371 1644//1371
f 1644//1371 1021//1371 1022//1371
f 1644//1372 1022//1372 1645//1372
f 1645//1372 1022//1372 1024//1372
f 1645//1373 1024//1373 1646//1373
f 1646//1374 1024//1374 1025//1374
f 1646//1375 1025//1375 1647//1375
f 1647//1375 1025//1375 1026//1375
f 1647//1376 1026//1376 1648//1376
f 1648//1376 1026//1376 1027//1376
f 1648//1377 1027//1377 1649//1377
f 1649//1377 1027//1377 1233//1377
f 1649//1378 1233//1378 1650//1378
f 1650//1378 1233//1378 1232//1378
f 1650//1379 1232//1379 1651//1379
f 1651//1379 1232//1379 1231//1379
f 1651//182 1231//182 1652//182
f 1652//182 1231//182 1230//182
f 1652//1380 1230//1380 1653//1380
f 1653//1380 1230//1380 993//1380
f 1653//1381 993//1381 1654//1381
f 1654//1381 993//1381 992//1381
f 1654//1382 992//1382 1633//1382
f 1633//1382 992//1382 990//1382
f 1633//1383 990//1383 1631//1383
f 1631//1383 990//1383 995//1383
f 1631//1384 995//1384 1629//1384
f 1629//1384 995//1384 997//1384
f 1629//1385 997//1385 1627//1385
f 1627//1386 997//1386 999//1386
f 1627//1387 999//1387 1626//1387
f 1626//1387 999//1387 1001//1387
f 1626//1388 1001//1388 1624//1388
f 1624//1388 1001//1388 1002//1388
f 1624//1345 1002//1345 1622//1345
f 1622//1345 1002//1345 1004//1345
f 1622//1389 1004//1389 1620//1389
f 1620//1389 1004//1389 1006//1389
f 1620//1390 1006//1390 1619//1390
f 1619//1390 1006//1390 1008//1390
f 1619//1391 1008//1391 1617//1391
f 1617//1391 1008//1391 1009//1391
f 1491//1366 1064//1366 1489//1366
f 1489//1366 1064//1366 1066//1366
f 1489//1367 1066//1367 1487//1367
f 1487//1367 1066//1367 1068//1367
f 1487//1368 1068//1368 1502//1368
f 1502//1368 1068//1368 1070//1368
f 1502//1369 1070//1369 1503//1369
f 1503//1369 1070//1369 1071//1369
f 1503//1370 1071//1370 1505//1370
f 1505//1370 1071//1370 1073//1370
f 1505//1259 1073//1259 1507//1259
f 1507//1259 1073//1259 1074//1259
f 1507//1371 1074//1371 1509//1371
f 1509//1371 1074//1371 1075//1371
f 1509//1372 1075//1372 1510//1372
f 1510//1372 1075//1372 1076//1372
f 1510//1373 1076//1373 1512//1373
f 1512//1374 1076//1374 1240//1374
f 1512//1375 1240//1375 1514//1375
f 1514//1375 1240//1375 1239//1375
f 1514//1376 1239//1376 1516//1376
f 1516//1376 1239//1376 1238//1376
f 1516//1377 1238//1377 1519//1377
f 1519//1377 1238//1377 1237//1377
f 1519//1378 1237//1378 1520//1378
f 1520//1378 1237//1378 1236//1378
f 1520//1379 1236//1379 1521//1379
f 1521//1379 1236//1379 1235//1379
f 1521//182 1235//182 1522//182
f 1522//182 1235//182 1052//182
f 1522//1380 1052//1380 1523//1380
f 1523//1380 1052//1380 1051//1380
f 1523//1381 1051//1381 1524//1381
f 1524//1381 1051//1381 1049//1381
f 1524//1382 1049//1382 1525//1382
f 1525//1382 1049//1382 1048//1382
f 1525//1383 1048//1383 1526//1383
f 1526//1383 1048//1383 1234//1383
f 1526//1384 1234//1384 1527//1384
f 1527//1384 1234//1384 1056//1384
f 1527//1385 1056//1385 1528//1385
f 1528//1386 1056//1386 1055//1386
f 1528//1387 1055//1387 1500//1387
f 1500//1387 1055//1387 1054//1387
f 1500//1388 1054//1388 1499//1388
f 1499//1388 1054//1388 1059//1388
f 1499//1345 1059//1345 1497//1345
f 1497//1345 1059//1345 1058//1345
f 1497//1389 1058//1389 1495//1389
f 1495//1389 1058//1389 1060//1389
f 1495//1390 1060//1390 1493//1390
f 1493//1390 1060//1390 1062//1390
f 1493//1391 1062//1391 1491//1391
f 1491//1391 1062//1391 1064//1391
f 1531//1366 1205//1366 1530//1366
f 1530//1366 1205//1366 1206//1366
f 1530//1367 1206//1367 1529//1367
f 1529//1367 1206//1367 1208//1367
f 1529//1368 1208//1368 1561//1368
f 1561//1368 1208//1368 1209//1368
f 1561//1369 1209//1369 1562//1369
f 1562//1369 1209//1369 1168//1369
f 1562//1370 1168//1370 1563//1370
f 1563//1370 1168//1370 1167//1370
f 1563//1259 1167//1259 1564//1259
f 1564//1259 1167//1259 1172//1259
f 1564//1371 1172//1371 1565//1371
f 1565//1371 1172//1371 1171//1371
f 1565//1372 1171//1372 1566//1372
f 1566//1372 1171//1372 1170//1372
f 1566//1373 1170//1373 1567//1373
f 1567//1373 1170//1373 1176//1373
f 1567//1375 1176//1375 1569//1375
f 1569//1375 1176//1375 1175//1375
f 1569//1376 1175//1376 1570//1376
f 1570//1392 1175//1392 1174//1392
f 1570//1393 1174//1393 1558//1393
f 1558//1377 1174//1377 1177//1377
f 1558//1378 1177//1378 1557//1378
f 1557//1378 1177//1378 1182//1378
f 1557//1379 1182//1379 1555//1379
f 1555//1379 1182//1379 1181//1379
f 1555//182 1181//182 1553//182
f 1553//182 1181//182 1183//182
f 1553//1380 1183//1380 1551//1380
f 1551//1380 1183//1380 1185//1380
f 1551//1381 1185//1381 1549//1381
f 1549//1381 1185//1381 1187//1381
f 1549//1382 1187//1382 1548//1382
f 1548//1394 1187//1394 1189//1394
f 1548//1395 1189//1395 1546//1395
f 1546//1383 1189//1383 1190//1383
f 1546//1384 1190//1384 1544//1384
f 1544//1384 1190//1384 1192//1384
f 1544//1386 1192//1386 1542//1386
f 1542//1386 1192//1386 1194//1386
f 1542//1387 1194//1387 1540//1387
f 1540//1387 1194//1387 1196//1387
f 1540//1388 1196//1388 1538//1388
f 1538//1388 1196//1388 1198//1388
f 1538//1345 1198//1345 1536//1345
f 1536//1345 1198//1345 1200//1345
f 1536//1389 1200//1389 1534//1389
f 1534//1389 1200//1389 1202//1389
f 1534//1390 1202//1390 1533//1390
f 1533//1390 1202//1390 1204//1390
f 1533//1391 1204//1391 1531//1391
f 1531//1391 1204//1391 1205//1391
f 1573//1396 1108//1396 1572//1396
f 1572//1397 1108//1397 1107//1397
f 1572//1398 1107//1398 1571//1398
f 1571//1399 1107//1399 1113//1399
f 1571//1400 1113//1400 1589//1400
f 1589//1401 1113//1401 1112//1401
f 1589//1402 1112//1402 1590//1402
f 1590//1403 1112//1403 1111//1403
f 1590//1404 1111//1404 1592//1404
f 1592//1405 1111//1405 1114//1405
f 1592//1406 1114//1406 1594//1406
f 1594//1407 1114//1407 1119//1407
f 1594//1408 1119//1408 1596//1408
f 1596//1409 1119//1409 1118//1409
f 1596//1410 1118//1410 1598//1410
f 1598//1411 1118//1411 1120//1411
f 1598//1412 1120//1412 1600//1412
f 1600//1413 1120//1413 1122//1413
f 1600//1414 1122//1414 1602//1414
f 1602//1415 1122//1415 1124//1415
f 1602//1416 1124//1416 1604//1416
f 1604//1417 1124//1417 1126//1417
f 1604//1418 1126//1418 1605//1418
f 1605//1419 1126//1419 1127//1419
f 1605//1420 1127//1420 1607//1420
f 1607//1421 1127//1421 1129//1421
f 1607//1422 1129//1422 1609//1422
f 1609//1423 1129//1423 1131//1423
f 1609//1424 1131//1424 1611//1424
f 1611//1425 1131//1425 1133//1425
f 1611//1426 1133//1426 1612//1426
f 1612//1427 1133//1427 1135//1427
f 1612//1428 1135//1428 1585//1428
f 1585//1429 1135//1429 1137//1429
f 1585//1430 1137//1430 1583//1430
f 1583//1431 1137//1431 1139//1431
f 1583//1432 1139//1432 1582//1432
f 1582//1433 1139//1433 1141//1433
f 1582//1434 1141//1434 1580//1434
f 1580//1435 1141//1435 1142//1435
f 1580//1436 1142//1436 1579//1436
f 1579//1437 1142//1437 1143//1437
f 1579//1438 1143//1438 1578//1438
f 1578//1439 1143//1439 1145//1439
f 1578//1440 1145//1440 1577//1440
f 1577//1441 1145//1441 1146//1441
f 1577//1442 1146//1442 1576//1442
f 1576//1443 1146//1443 1105//1443
f 1576//1444 1105//1444 1575//1444
f 1575//1445 1105//1445 1104//1445
f 1575//1446 1104//1446 1574//1446
f 1574//1447 1104//1447 1109//1447
f 1574//1448 1109//1448 1573//1448
f 1573//1449 1109//1449 1108//1449
f 991//1450 1229//1450 1635//1450
f 1635//1450 1229//1450 1729//1450
f 1729//1451 1229//1451 1728//1451
f 1728//1451 1229//1451 1228//1451
f 1728//1452 1228//1452 1727//1452
f 1727//1453 1228//1453 1227//1453
f 1727//1454 1227//1454 1726//1454
f 1726//1454 1227//1454 1226//1454
f 1726//1455 1226//1455 1725//1455
f 1725//1455 1226//1455 1225//1455
f 1725//1456 1225//1456 1724//1456
f 1724//1456 1225//1456 1224//1456
f 1724//1457 1224//1457 1723//1457
f 1723//1457 1224//1457 1223//1457
f 1723//1458 1223//1458 1722//1458
f 1722//1458 1223//1458 1222//1458
f 1722//1459 1222//1459 1721//1459
f 1721//1459 1222//1459 1221//1459
f 1721//1460 1221//1460 1720//1460
f 1720//1460 1221//1460 1220//1460
f 1720//1461 1220//1461 1719//1461
f 1719//1461 1220//1461 1219//1461
f 1719//1462 1219//1462 1718//1462
f 1718//1462 1219//1462 1218//1462
f 1718//1463 1218//1463 1717//1463
f 1717//1463 1218//1463 1217//1463
f 1717//1464 1217//1464 1716//1464
f 1716//1464 1217//1464 1216//1464
f 1716//1465 1216//1465 1715//1465
f 1715//1465 1216//1465 1215//1465
f 1715//1466 1215//1466 1714//1466
f 1714//1466 1215//1466 1214//1466
f 1714//1467 1214//1467 1713//1467
f 1713//1467 1214//1467 1213//1467
f 1713//1468 1213//1468 1712//1468
f 1712//1468 1213//1468 1212//1468
f 1712//1469 1212//1469 1711//1469
f 1711//1469 1212//1469 1211//1469
f 1711//1470 1211//1470 1710//1470
f 1710//1471 1211//1471 1210//1471
f 1710//1472 1210//1472 1709//1472
f 1709//1472 1210//1472 1207//1472
f 1207//1450 1203//1450 1709//1450
f 1709//1450 1203//1450 1532//1450
f 1532//1473 1203//1473 1535//1473
f 1535//1473 1203//1473 1201//1473
f 1535//1474 1201//1474 1199//1474
f 1535//1474 1199//1474 1537//1474
f 1537//1475 1199//1475 1197//1475
f 1537//1475 1197//1475 1539//1475
f 1539//1476 1197//1476 1195//1476
f 1539//1476 1195//1476 1541//1476
f 1541//1477 1195//1477 1193//1477
f 1541//1477 1193//1477 1543//1477
f 1543//1478 1193//1478 1191//1478
f 1543//1478 1191//1478 1545//1478
f 1545//1479 1191//1479 1188//1479
f 1545//1479 1188//1479 1547//1479
f 1547//1480 1188//1480 1186//1480
f 1547//1480 1186//1480 1550//1480
f 1550//1481 1186//1481 1184//1481
f 1550//1481 1184//1481 1552//1481
f 1552//1482 1184//1482 1180//1482
f 1552//1482 1180//1482 1554//1482
f 1554//1483 1180//1483 1179//1483
f 1554//1483 1179//1483 1556//1483
f 1556//1484 1179//1484 1178//1484
f 1556//1484 1178//1484 1559//1484
f 1559//1485 1178//1485 1173//1485
f 1559//1485 1173//1485 1560//1485
f 1560//1486 1173//1486 1568//1486
f 1568//1486 1173//1486 1169//1486
f 1169//1487 1166//1487 1568//1487
f 1568//1487 1166//1487 1708//1487
f 1708//1488 1166//1488 1707//1488
f 1707//1488 1166//1488 1165//1488
f 1707//1489 1165//1489 1706//1489
f 1706//1489 1165//1489 1164//1489
f 1706//1490 1164//1490 1705//1490
f 1705//1490 1164//1490 1163//1490
f 1705//1491 1163//1491 1704//1491
f 1704//1491 1163//1491 1162//1491
f 1704//1492 1162//1492 1703//1492
f 1703//1492 1162//1492 1161//1492
f 1703//1493 1161//1493 1702//1493
f 1702//1493 1161//1493 1160//1493
f 1702//1494 1160//1494 1701//1494
f 1701//1494 1160//1494 1159//1494
f 1701//1495 1159//1495 1700//1495
f 1700//1495 1159//1495 1158//1495
f 1700//1496 1158//1496 1699//1496
f 1699//1496 1158//1496 1157//1496
f 1699//1497 1157//1497 1698//1497
f 1698//1497 1157//1497 1156//1497
f 1698//1498 1156//1498 1697//1498
f 1697//1498 1156//1498 1155//1498
f 1697//1499 1155//1499 1696//1499
f 1696//1499 1155//1499 1154//1499
f 1696//1500 1154//1500 1695//1500
f 1695//1500 1154//1500 1153//1500
f 1695//1501 1153//1501 1694//1501
f 1694//1501 1153//1501 1152//1501
f 1694//1502 1152//1502 1693//1502
f 1693//1502 1152//1502 1151//1502
f 1693//1503 1151//1503 1692//1503
f 1692//1503 1151//1503 1150//1503
f 1692//1504 1150//1504 1691//1504
f 1691//1504 1150//1504 1149//1504
f 1691//1505 1149//1505 1690//1505
f 1690//1505 1149//1505 1148//1505
f 1690//1506 1148//1506 1689//1506
f 1689//1506 1148//1506 1147//1506
f 1689//1507 1147//1507 1688//1507
f 1688//1507 1147//1507 1144//1507
f 1144//1487 1140//1487 1688//1487
f 1688//1487 1140//1487 1581//1487
f 1581//1508 1140//1508 1584//1508
f 1584//1508 1140//1508 1138//1508
f 1584//1509 1138//1509 1136//1509
f 1584//1509 1136//1509 1586//1509
f 1586//1510 1136//1510 1134//1510
f 1586//1510 1134//1510 1587//1510
f 1587//1511 1134//1511 1132//1511
f 1587//1511 1132//1511 1610//1511
f 1610//1512 1132//1512 1130//1512
f 1610//1512 1130//1512 1608//1512
f 1608//1513 1130//1513 1128//1513
f 1608//1513 1128//1513 1606//1513
f 1606//1514 1128//1514 1125//1514
f 1606//1514 1125//1514 1603//1514
f 1603//1515 1125//1515 1123//1515
f 1603//1515 1123//1515 1601//1515
f 1601//1516 1123//1516 1121//1516
f 1601//1516 1121//1516 1599//1516
f 1599//1517 1121//1517 1117//1517
f 1599//1517 1117//1517 1597//1517
f 1597//1518 1117//1518 1116//1518
f 1597//1518 1116//1518 1595//1518
f 1595//1519 1116//1519 1115//1519
f 1595//1519 1115//1519 1593//1519
f 1593//1520 1115//1520 1110//1520
f 1593//1520 1110//1520 1591//1520
f 1591//1521 1110//1521 1588//1521
f 1588//1521 1110//1521 1106//1521
f 1106//1522 1103//1522 1588//1522
f 1588//1522 1103//1522 1687//1522
f 1687//1523 1103//1523 1686//1523
f 1686//1523 1103//1523 1102//1523
f 1686//1524 1102//1524 1685//1524
f 1685//1525 1102//1525 1101//1525
f 1685//1526 1101//1526 1684//1526
f 1684//1526 1101//1526 1100//1526
f 1684//1527 1100//1527 1683//1527
f 1683//1527 1100//1527 1099//1527
f 1683//1528 1099//1528 1682//1528
f 1682//1528 1099//1528 1098//1528
f 1682//1529 1098//1529 1681//1529
f 1681//1529 1098//1529 1097//1529
f 1681//1530 1097//1530 1680//1530
f 1680//1530 1097//1530 1096//1530
f 1680//1531 1096//1531 1679//1531
f 1679//1531 1096//1531 1095//1531
f 1679//1532 1095//1532 1678//1532
f 1678//1532 1095//1532 1094//1532
f 1678//1533 1094//1533 1677//1533
f 1677//1533 1094//1533 1093//1533
f 1677//1534 1093//1534 1676//1534
f 1676//1534 1093//1534 1092//1534
f 1676//1535 1092//1535 1675//1535
f 1675//1535 1092//1535 1091//1535
f 1675//1536 1091//1536 1674//1536
f 1674//1536 1091//1536 1090//1536
f 1674//1537 1090//1537 1673//1537
f 1673//1537 1090//1537 1089//1537
f 1673//1538 1089//1538 1672//1538
f 1672//1538 1089//1538 1088//1538
f 1672//1539 1088//1539 1671//1539
f 1671//1539 1088//1539 1087//1539
f 1671//1540 1087//1540 1670//1540
f 1670//1540 1087//1540 1086//1540
f 1670//1541 1086//1541 1669//1541
f 1669//1542 1086//1542 1085//1542
f 1669//1543 1085//1543 1668//1543
f 1668//1544 1085//1544 1084//1544
f 1668//1545 1084//1545 1667//1545
f 1667//1545 1084//1545 1050//1545
f 1050//1522 1083//1522 1667//1522
f 1667//1522 1083//1522 1518//1522
f 1518//1546 1083//1546 1517//1546
f 1517//1546 1083//1546 1082//1546
f 1517//1547 1082//1547 1081//1547
f 1517//1547 1081//1547 1515//1547
f 1515//1548 1081//1548 1080//1548
f 1515//1548 1080//1548 1513//1548
f 1513//1549 1080//1549 1079//1549
f 1513//1549 1079//1549 1511//1549
f 1511//1550 1079//1550 1078//1550
f 1511//1550 1078//1550 1508//1550
f 1508//1551 1078//1551 1077//1551
f 1508//1551 1077//1551 1506//1551
f 1506//1552 1077//1552 1072//1552
f 1506//1552 1072//1552 1504//1552
f 1504//1553 1072//1553 1069//1553
f 1504//1554 1069//1554 1501//1554
f 1501//1555 1069//1555 1067//1555
f 1501//1555 1067//1555 1488//1555
f 1488//1556 1067//1556 1065//1556
f 1488//1556 1065//1556 1490//1556
f 1490//1557 1065//1557 1063//1557
f 1490//1557 1063//1557 1492//1557
f 1492//1558 1063//1558 1061//1558
f 1492//1558 1061//1558 1494//1558
f 1494//1559 1061//1559 1057//1559
f 1494//1559 1057//1559 1496//1559
f 1496//1560 1057//1560 1498//1560
f 1498//1560 1057//1560 1053//1560
f 1053//182 1047//182 1498//182
f 1498//182 1047//182 1666//182
f 1666//1561 1047//1561 1665//1561
f 1665//1561 1047//1561 1046//1561
f 1665//1562 1046//1562 1664//1562
f 1664//1563 1046//1563 1045//1563
f 1664//1564 1045//1564 1663//1564
f 1663//1564 1045//1564 1044//1564
f 1663//1565 1044//1565 1662//1565
f 1662//1565 1044//1565 1043//1565
f 1662//1566 1043//1566 1661//1566
f 1661//1566 1043//1566 1042//1566
f 1661//1567 1042//1567 1660//1567
f 1660//1567 1042//1567 1041//1567
f 1660//1568 1041//1568 1659//1568
f 1659//1568 1041//1568 1040//1568
f 1659//1569 1040//1569 1658//1569
f 1658//1569 1040//1569 1039//1569
f 1658//1570 1039//1570 1655//1570
f 1655//1571 1039//1571 1038//1571
f 1655//1572 1038//1572 1656//1572
f 1656//1572 1038//1572 1037//1572
f 1656//1573 1037//1573 1657//1573
f 1657//1573 1037//1573 1036//1573
f 1657//1574 1036//1574 1738//1574
f 1738//1575 1036//1575 1035//1575
f 1738//1576 1035//1576 1737//1576
f 1737//1576 1035//1576 1034//1576
f 1737//1577 1034//1577 1736//1577
f 1736//1577 1034//1577 1033//1577
f 1736//1578 1033//1578 1735//1578
f 1735//1578 1033//1578 1032//1578
f 1735//1579 1032//1579 1734//1579
f 1734//1579 1032//1579 1031//1579
f 1734//1580 1031//1580 1733//1580
f 1733//1580 1031//1580 1030//1580
f 1733//1581 1030//1581 1732//1581
f 1732//1581 1030//1581 1029//1581
f 1732//1582 1029//1582 1731//1582
f 1731//1583 1029//1583 1028//1583
f 1731//1584 1028//1584 1730//1584
f 1730//1584 1028//1584 1023//1584
f 1023//182 1020//182 1730//182
f 1730//182 1020//182 1642//182
f 1642//1585 1020//1585 1640//1585
f 1640//1585 1020//1585 1018//1585
f 1640//1586 1018//1586 1016//1586
f 1640//1586 1016//1586 1638//1586
f 1638//1587 1016//1587 1014//1587
f 1638//1587 1014//1587 1636//1587
f 1636//1588 1014//1588 1012//1588
f 1636//1588 1012//1588 1614//1588
f 1614//1589 1012//1589 1010//1589
f 1614//1589 1010//1589 1616//1589
f 1616//1590 1010//1590 1007//1590
f 1616//1590 1007//1590 1618//1590
f 1618//1591 1007//1591 1005//1591
f 1618//1592 1005//1592 1621//1592
f 1621//1593 1005//1593 1003//1593
f 1621//1593 1003//1593 1623//1593
f 1623//1594 1003//1594 1000//1594
f 1623//1594 1000//1594 1625//1594
f 1625//1595 1000//1595 998//1595
f 1625//1595 998//1595 1628//1595
f 1628//1596 998//1596 996//1596
f 1628//1596 996//1596 1630//1596
f 1630//1597 996//1597 994//1597
f 1630//1597 994//1597 1632//1597
f 1632//1598 994//1598 989//1598
f 1632//1598 989//1598 1634//1598
f 1634//1599 989//1599 1635//1599
f 1635//1599 989//1599 991//1599
f 1//146 1246//146 2//146
f 2//146 1246//146 1244//146
f 2//146 1244//146 4//146
f 4//146 1244//146 1242//146
f 4//146 1242//146 6//146
f 6//146 1242//146 8//146
f 8//146 1242//146 1486//146
f 8//146 1486//146 10//146
f 10//146 1486//146 12//146
f 12//146 1486//146 1484//146
f 12//146 1484//146 14//146
f 14//146 1484//146 1482//146
f 14//146 1482//146 16//146
f 16//146 1482//146 18//146
f 18//146 1482//146 20//146
f 20//146 1482//146 1480//146
f 20//146 1480//146 1478//146
f 1//146 144//146 1246//146
f 1246//146 144//146 1248//146
f 1248//146 144//146 142//146
f 1248//146 142//146 140//146
f 1248//146 140//146 1250//146
f 1250//146 140//146 138//146
f 1250//146 138//146 136//146
f 1250//146 136//146 1252//146
f 1252//146 136//146 134//146
f 1252//146 134//146 1254//146
f 1254//146 134//146 132//146
f 1254//146 132//146 130//146
f 130//146 128//146 1254//146
f 1254//146 128//146 1256//146
f 1256//146 128//146 126//146
f 1256//146 126//146 124//146
f 1256//146 124//146 1258//146
f 1258//146 124//146 122//146
f 1258//146 122//146 120//146
f 120//146 118//146 1258//146
f 1258//146 118//146 116//146
f 1258//146 116//146 1260//146
f 1260//146 116//146 114//146
f 1260//146 114//146 112//146
f 112//146 110//146 1260//146
f 1260//146 110//146 1352//146
f 1260//146 1352//146 1350//146
f 110//146 108//146 1352//146
f 1352//146 108//146 106//146
f 1352//146 106//146 104//146
f 104//146 102//146 1352//146
f 1352//146 102//146 100//146
f 1352//146 100//146 99//146
f 99//146 97//146 1352//146
f 1352//146 97//146 95//146
f 1352//146 95//146 93//146
f 93//146 91//146 1352//146
f 1352//146 91//146 89//146
f 1352//146 89//146 87//146
f 87//146 85//146 1352//146
f 1352//146 85//146 83//146
f 1352//146 83//146 1354//146
f 1354//146 83//146 1356//146
f 1356//146 83//146 81//146
f 1356//146 81//146 1358//146
f 1358//146 81//146 79//146
f 1358//146 79//146 1360//146
f 1360//146 79//146 1362//146
f 1362//146 79//146 77//146
f 1362//146 77//146 1364//146
f 1364//146 77//146 1366//146
f 1366//146 77//146 75//146
f 1366//146 75//146 1368//146
f 1368//146 75//146 73//146
f 1368//146 73//146 1370//146
f 1370//146 73//146 1372//146
f 1372//146 73//146 71//146
f 1372//146 71//146 1374//146
f 1374//146 71//146 1376//146
f 1376//146 71//146 69//146
f 1376//146 69//146 1378//146
f 1378//146 69//146 67//146
f 1378//146 67//146 1380//146
f 1380//146 67//146 1382//146
f 1382//146 67//146 65//146
f 1382//146 65//146 63//146
f 63//146 61//146 1382//146
f 1382//146 61//146 59//146
f 1382//146 59//146 57//146
f 57//146 55//146 1382//146
f 1382//146 55//146 53//146
f 1382//146 53//146 52//146
f 52//146 50//146 1382//146
f 1382//146 50//146 48//146
f 1382//146 48//146 46//146
f 46//146 44//146 1382//146
f 1382//146 44//146 42//146
f 1382//146 42//146 40//146
f 40//146 38//146 1382//146
f 1382//146 38//146 1384//146
f 1384//146 38//146 1386//146
f 1386//146 38//146 1388//146
f 1388//146 38//146 1390//146
f 1390//146 38//146 1392//146
f 1392//146 38//146 1394//146
f 1394//146 38//146 1396//146
f 1396//146 38//146 1398//146
f 1398//146 38//146 1400//146
f 1400//146 38//146 1402//146
f 1402//146 38//146 1404//146
f 1404//146 38//146 1406//146
f 1406//146 38//146 1408//146
f 1408//146 38//146 1410//146
f 1410//146 38//146 1412//146
f 1412//146 38//146 1414//146
f 1414//146 38//146 1416//146
f 1416//146 38//146 1418//146
f 1418//146 38//146 1420//146
f 1420//146 38//146 1422//146
f 1422//146 38//146 1424//146
f 1424//146 38//146 1426//146
f 1426//146 38//146 1428//146
f 1428//146 38//146 1430//146
f 1430//146 38//146 1432//146
f 1432//146 38//146 36//146
f 1432//146 36//146 1434//146
f 1434//146 36//146 1436//146
f 1436//146 36//146 34//146
f 1436//146 34//146 1438//146
f 1438//146 34//146 32//146
f 1438//146 32//146 1440//146
f 1440//146 32//146 1442//146
f 1442//146 32//146 30//146
f 1442//146 30//146 1444//146
f 1444//146 30//146 1446//146
f 1446//146 30//146 28//146
f 1446//146 28//146 1448//146
f 1448//146 28//146 26//146
f 1448//146 26//146 1450//146
f 1450//146 26//146 1452//146
f 1452//146 26//146 24//146
f 1452//146 24//146 1454//146
f 1454//146 24//146 1456//146
f 1456//146 24//146 22//146
f 1456//146 22//146 1458//146
f 1458//146 22//146 20//146
f 1458//146 20//146 1460//146
f 1460//146 20//146 1462//146
f 1462//146 20//146 1464//146
f 1464//146 20//146 1466//146
f 1466//146 20//146 1468//146
f 1468//146 20//146 1470//146
f 1470//146 20//146 1472//146
f 1472//146 20//146 1474//146
f 1474//146 20//146 1476//146
f 1476//146 20//146 1478//146
f 1260//146 1350//146 1262//146
f 1262//146 1350//146 1348//146
f 1262//146 1348//146 1264//146
f 1264//146 1348//146 1346//146
f 1264//146 1346//146 1266//146
f 1266//146 1346//146 1344//146
f 1266//146 1344//146 1268//146
f 1268//146 1344//146 1342//146
f 1268//146 1342//146 1270//146
f 1270//146 1342//146 1340//146
f 1270//146 1340//146 1272//146
f 1272//146 1340//146 1338//146
f 1272//146 1338//146 1274//146
f 1274//146 1338//146 1336//146
f 1274//146 1336//146 1276//146
f 1276//146 1336//146 1334//146
f 1276//146 1334//146 1278//146
f 1278//146 1334//146 1332//146
f 1278//146 1332//146 1280//146
f 1280//146 1332//146 1330//146
f 1280//146 1330//146 1282//146
f 1282//146 1330//146 1328//146
f 1282//146 1328//146 1284//146
f 1284//146 1328//146 1326//146
f 1284//146 1326//146 1286//146
f 1286//146 1326//146 1324//146
f 1286//146 1324//146 1288//146
f 1288//146 1324//146 1322//146
f 1288//146 1322//146 1290//146
f 1290//146 1322//146 1320//146
f 1290//146 1320//146 1292//146
f 1292//146 1320//146 1318//146
f 1292//146 1318//146 1294//146
f 1294//146 1318//146 1316//146
f 1294//146 1316//146 1296//146
f 1296//146 1316//146 1314//146
f 1296//146 1314//146 1298//146
f 1298//146 1314//146 1312//146
f 1298//146 1312//146 1300//146
f 1300//146 1312//146 1310//146
f 1300//146 1310//146 1302//146
f 1302//146 1310//146 1308//146
f 1302//146 1308//146 1304//146
f 1304//146 1308//146 1306//146
