# WaveFront *.obj file (generated by Autodesk ATF)

mtllib ring.mtl

g MeshFeature1

v -90.000000 27.367864 -2.000000
v -90.000000 27.367857 10.000000
v -88.692646 24.830537 -2.000000
v -88.692646 24.830530 10.000000
v -87.513952 22.230945 -2.000000
v -87.513952 22.230940 10.000000
v -86.466885 19.575605 -2.000000
v -86.466875 19.575602 10.000000
v -85.554037 16.871178 -2.000000
v -85.554037 16.871176 10.000000
v -84.777727 14.124446 -2.000000
v -84.777727 14.124444 10.000000
v -84.139891 11.342294 -2.000000
v -84.139891 11.342294 10.000000
v -83.642130 8.531702 -2.000000
v -83.642130 8.531702 10.000000
v -83.285694 5.699716 10.000000
v -83.285694 5.699715 -2.000000
v -83.071470 2.853437 10.000000
v -83.071470 2.853435 -2.000000
v -83.000011 0.000003 10.000000
v -83.000011 0.000000 -2.000000
v -83.071470 -2.853431 10.000000
v -83.071470 -2.853435 -2.000000
v -83.285694 -5.699710 10.000000
v -83.285694 -5.699714 -2.000000
v -83.642130 -8.531696 10.000000
v -83.642130 -8.531701 -2.000000
v -84.139891 -11.342288 10.000000
v -84.139891 -11.342294 -2.000000
v -84.777727 -14.124439 10.000000
v -84.777727 -14.124445 -2.000000
v -85.554037 -16.871170 10.000000
v -85.554037 -16.871178 -2.000000
v -86.466875 -19.575596 10.000000
v -86.466885 -19.575603 -2.000000
v -87.513952 -22.230935 10.000000
v -87.513962 -22.230942 -2.000000
v -88.692646 -24.830525 10.000000
v -88.692646 -24.830534 -2.000000
v -90.000000 -27.367852 10.000000
v -90.000000 -27.367864 -2.000000
v -167.367878 50.000000 10.000000
v -164.830551 51.307354 10.000000
v -167.367859 50.000000 -2.000000
v -164.830532 51.307359 -2.000000
v -162.230949 52.486048 10.000000
v -162.230949 52.486053 -2.000000
v -159.575624 53.533125 10.000000
v -159.575605 53.533130 -2.000000
v -156.871185 54.445968 10.000000
v -156.871185 54.445972 -2.000000
v -154.124451 55.222282 10.000000
v -154.124451 55.222282 -2.000000
v -151.342297 55.860119 10.000000
v -151.342297 55.860119 -2.000000
v -148.531704 56.357880 10.000000
v -148.531704 56.357880 -2.000000
v -145.699720 56.714315 10.000000
v -145.699720 56.714315 -2.000000
v -142.853441 56.928535 10.000000
v -142.853441 56.928535 -2.000000
v -140.000000 57.000003 10.000000
v -140.000000 57.000003 -2.000000
v -137.146578 56.928535 10.000000
v -137.146559 56.928535 -2.000000
v -134.300289 56.714315 10.000000
v -134.300289 56.714315 -2.000000
v -131.468306 56.357880 10.000000
v -131.468296 56.357875 -2.000000
v -128.657713 55.860119 10.000000
v -128.657703 55.860114 -2.000000
v -125.875559 55.222282 10.000000
v -125.875559 55.222278 -2.000000
v -123.128824 54.445968 10.000000
v -123.128824 54.445968 -2.000000
v -120.424395 53.533125 10.000000
v -120.424395 53.533125 -2.000000
v -117.769060 52.486048 10.000000
v -117.769060 52.486048 -2.000000
v -115.169468 51.307354 10.000000
v -115.169468 51.307354 -2.000000
v -112.632132 50.000000 10.000000
v -112.632132 50.000000 -2.000000
v -190.000000 -27.367876 10.000000
v -191.307354 -24.830546 10.000000
v -190.000000 -27.367864 -2.000000
v -191.307354 -24.830539 -2.000000
v -192.486057 -22.230954 10.000000
v -192.486057 -22.230947 -2.000000
v -193.533134 -19.575613 10.000000
v -193.533134 -19.575608 -2.000000
v -194.445972 -16.871185 10.000000
v -194.445972 -16.871182 -2.000000
v -195.222282 -14.124452 10.000000
v -195.222282 -14.124448 -2.000000
v -195.860119 -11.342299 10.000000
v -195.860119 -11.342297 -2.000000
v -196.357880 -8.531704 10.000000
v -196.357880 -8.531703 -2.000000
v -196.714325 -5.699716 10.000000
v -196.714325 -5.699716 -2.000000
v -196.928539 -2.853435 -2.000000
v -196.928539 -2.853434 10.000000
v -197.000008 0.000000 -2.000000
v -197.000008 0.000003 10.000000
v -196.928539 2.853436 -2.000000
v -196.928539 2.853439 10.000000
v -196.714325 5.699716 -2.000000
v -196.714325 5.699722 10.000000
v -196.357880 8.531704 -2.000000
v -196.357880 8.531710 10.000000
v -195.860119 11.342298 -2.000000
v -195.860119 11.342305 10.000000
v -195.222282 14.124448 -2.000000
v -195.222282 14.124458 10.000000
v -194.445972 16.871182 -2.000000
v -194.445972 16.871191 10.000000
v -193.533134 19.575609 -2.000000
v -193.533134 19.575619 10.000000
v -192.486057 22.230947 -2.000000
v -192.486057 22.230959 10.000000
v -191.307354 24.830542 -2.000000
v -191.307354 24.830554 10.000000
v -190.000000 27.367864 -2.000000
v -190.000000 27.367883 10.000000
v -186.932621 -43.423462 -2.000000
v -186.932621 -43.423462 10.000000
v -187.000008 -44.000001 -2.000000
v -187.000008 -44.000001 10.000000
v -186.932621 -44.576540 -2.000000
v -186.932621 -44.576540 10.000000
v -186.734085 -45.121999 -2.000000
v -186.734085 -45.121999 10.000000
v -186.415119 -45.606966 -2.000000
v -186.415119 -45.606966 10.000000
v -185.992908 -46.005311 -2.000000
v -185.992908 -46.005311 10.000000
v -185.490208 -46.295538 -2.000000
v -185.490208 -46.295538 10.000000
v -184.934120 -46.462021 -2.000000
v -184.934120 -46.462021 10.000000
v -184.354649 -46.495771 -2.000000
v -184.354649 -46.495771 10.000000
v -183.782997 -46.394973 -2.000000
v -183.782997 -46.394973 10.000000
v -183.250008 -46.165066 -2.000000
v -183.250008 -46.165066 10.000000
v -182.784386 -45.818434 -2.000000
v -182.784386 -45.818434 10.000000
v -182.411289 -45.373774 -2.000000
v -182.411289 -45.373774 10.000000
v -182.150764 -44.855051 -2.000000
v -182.150764 -44.855051 10.000000
v -182.016907 -44.290233 -2.000000
v -182.016907 -44.290233 10.000000
v -182.016907 -43.709769 -2.000000
v -182.016907 -43.709769 10.000000
v -182.150764 -43.144951 -2.000000
v -182.150764 -43.144951 10.000000
v -182.411289 -42.626228 -2.000000
v -182.411289 -42.626228 10.000000
v -182.784386 -42.181568 -2.000000
v -182.784386 -42.181568 10.000000
v -183.250008 -41.834936 -2.000000
v -183.250008 -41.834936 10.000000
v -183.782997 -41.605024 -2.000000
v -183.782997 -41.605024 10.000000
v -184.354649 -41.504230 -2.000000
v -184.354649 -41.504230 10.000000
v -184.934120 -41.537981 -2.000000
v -184.934120 -41.537981 10.000000
v -185.490208 -41.704459 -2.000000
v -185.490208 -41.704459 10.000000
v -185.992908 -41.994696 -2.000000
v -185.992908 -41.994696 10.000000
v -186.415119 -42.393031 -2.000000
v -186.415119 -42.393031 10.000000
v -186.734085 -42.878003 -2.000000
v -186.734085 -42.878003 10.000000
v -180.000000 -50.000000 -2.000000
v -180.000000 -50.000000 10.000000
v -181.119652 -49.937124 -2.000000
v -181.119652 -49.937124 10.000000
v -182.225208 -49.749279 10.000000
v -182.225208 -49.749279 -2.000000
v -183.302803 -49.438834 10.000000
v -183.302803 -49.438834 -2.000000
v -184.338837 -49.009690 10.000000
v -184.338837 -49.009690 -2.000000
v -185.320320 -48.467245 10.000000
v -185.320320 -48.467245 -2.000000
v -186.234894 -47.818313 10.000000
v -186.234894 -47.818313 -2.000000
v -187.071075 -47.071066 10.000000
v -187.071075 -47.071066 -2.000000
v -187.818317 -46.234899 10.000000
v -187.818317 -46.234899 -2.000000
v -188.467236 -45.320320 10.000000
v -188.467236 -45.320320 -2.000000
v -189.009686 -44.338837 10.000000
v -189.009686 -44.338837 -2.000000
v -189.438820 -43.302794 10.000000
v -189.438820 -43.302794 -2.000000
v -189.749279 -42.225208 10.000000
v -189.749279 -42.225208 -2.000000
v -189.937115 -41.119642 10.000000
v -189.937115 -41.119642 -2.000000
v -190.000000 -40.000000 -2.000000
v -190.000000 -40.000000 10.000000
v -167.367859 -50.000000 10.000000
v -167.367859 -50.000000 -2.000000
v -112.632132 -50.000000 -2.000000
v -112.632151 -50.000000 10.000000
v -115.169468 -51.307349 -2.000000
v -115.169468 -51.307354 10.000000
v -117.769060 -52.486043 -2.000000
v -117.769070 -52.486048 10.000000
v -120.424395 -53.533125 -2.000000
v -120.424404 -53.533125 10.000000
v -123.128824 -54.445963 -2.000000
v -123.128834 -54.445963 10.000000
v -125.875559 -55.222273 -2.000000
v -125.875568 -55.222273 10.000000
v -128.657703 -55.860109 -2.000000
v -128.657713 -55.860109 10.000000
v -131.468296 -56.357870 -2.000000
v -131.468306 -56.357870 10.000000
v -134.300289 -56.714311 -2.000000
v -134.300289 -56.714311 10.000000
v -137.146559 -56.928530 -2.000000
v -137.146578 -56.928530 10.000000
v -140.000000 -56.999998 -2.000000
v -140.000000 -56.999998 10.000000
v -142.853441 -56.928530 -2.000000
v -142.853441 -56.928530 10.000000
v -145.699720 -56.714311 -2.000000
v -145.699720 -56.714311 10.000000
v -148.531704 -56.357870 -2.000000
v -148.531704 -56.357870 10.000000
v -151.342297 -55.860114 -2.000000
v -151.342297 -55.860109 10.000000
v -154.124451 -55.222278 -2.000000
v -154.124451 -55.222278 10.000000
v -156.871185 -54.445963 -2.000000
v -156.871185 -54.445963 10.000000
v -159.575605 -53.533125 -2.000000
v -159.575605 -53.533125 10.000000
v -162.230949 -52.486048 -2.000000
v -162.230949 -52.486048 10.000000
v -164.830532 -51.307354 -2.000000
v -164.830532 -51.307354 10.000000
v -98.432608 45.076542 -2.000000
v -98.432608 45.076542 10.000000
v -98.500004 44.499998 -2.000000
v -98.500004 44.499998 10.000000
v -98.432608 43.923464 -2.000000
v -98.432608 43.923464 10.000000
v -98.234081 43.378000 -2.000000
v -98.234081 43.378000 10.000000
v -97.915106 42.893033 -2.000000
v -97.915106 42.893033 10.000000
v -97.492895 42.494693 -2.000000
v -97.492895 42.494693 10.000000
v -96.990194 42.204461 -2.000000
v -96.990194 42.204461 10.000000
v -96.434116 42.037983 -2.000000
v -96.434116 42.037983 10.000000
v -95.854635 42.004232 -2.000000
v -95.854635 42.004232 10.000000
v -95.282993 42.105026 -2.000000
v -95.282993 42.105026 10.000000
v -94.750004 42.334938 -2.000000
v -94.750004 42.334938 10.000000
v -94.284391 42.681570 -2.000000
v -94.284391 42.681570 10.000000
v -93.911276 43.126230 -2.000000
v -93.911276 43.126230 10.000000
v -93.650761 43.644953 -2.000000
v -93.650761 43.644953 10.000000
v -93.516903 44.209771 -2.000000
v -93.516903 44.209771 10.000000
v -93.516903 44.790235 -2.000000
v -93.516903 44.790235 10.000000
v -93.650761 45.355048 -2.000000
v -93.650761 45.355048 10.000000
v -93.911276 45.873771 -2.000000
v -93.911276 45.873771 10.000000
v -94.284391 46.318436 -2.000000
v -94.284391 46.318436 10.000000
v -94.750004 46.665068 -2.000000
v -94.750004 46.665068 10.000000
v -95.282993 46.894975 -2.000000
v -95.282993 46.894975 10.000000
v -95.854635 46.995769 -2.000000
v -95.854635 46.995769 10.000000
v -96.434116 46.962023 -2.000000
v -96.434116 46.962023 10.000000
v -96.990194 46.795540 -2.000000
v -96.990194 46.795540 10.000000
v -97.492895 46.505308 -2.000000
v -97.492895 46.505308 10.000000
v -97.915106 46.106968 -2.000000
v -97.915106 46.106968 10.000000
v -98.234081 45.621996 -2.000000
v -98.234081 45.621996 10.000000
v -100.000000 50.000000 -2.000000
v -100.000000 50.000000 10.000000
v -98.880358 49.937124 -2.000000
v -98.880358 49.937124 10.000000
v -97.774792 49.749279 10.000000
v -97.774792 49.749279 -2.000000
v -96.697216 49.438834 10.000000
v -96.697216 49.438834 -2.000000
v -95.661163 49.009690 10.000000
v -95.661163 49.009690 -2.000000
v -94.679680 48.467245 10.000000
v -94.679680 48.467245 -2.000000
v -93.765097 47.818313 10.000000
v -93.765097 47.818313 -2.000000
v -92.928934 47.071066 10.000000
v -92.928934 47.071066 -2.000000
v -92.181683 46.234899 10.000000
v -92.181683 46.234899 -2.000000
v -91.532764 45.320320 10.000000
v -91.532764 45.320320 -2.000000
v -90.990314 44.338837 10.000000
v -90.990314 44.338837 -2.000000
v -90.561161 43.302794 10.000000
v -90.561161 43.302794 -2.000000
v -90.250721 42.225208 10.000000
v -90.250721 42.225208 -2.000000
v -90.062885 41.119642 10.000000
v -90.062885 41.119642 -2.000000
v -90.000000 40.000000 -2.000000
v -90.000000 40.000000 10.000000
v -98.432608 -43.423462 -2.000000
v -98.432608 -43.423462 10.000000
v -98.500004 -44.000001 -2.000000
v -98.500004 -44.000001 10.000000
v -98.432608 -44.576540 -2.000000
v -98.432608 -44.576540 10.000000
v -98.234081 -45.121999 -2.000000
v -98.234081 -45.121999 10.000000
v -97.915106 -45.606966 -2.000000
v -97.915106 -45.606966 10.000000
v -97.492895 -46.005311 -2.000000
v -97.492895 -46.005311 10.000000
v -96.990194 -46.295538 -2.000000
v -96.990194 -46.295538 10.000000
v -96.434116 -46.462021 -2.000000
v -96.434116 -46.462021 10.000000
v -95.854635 -46.495771 -2.000000
v -95.854635 -46.495771 10.000000
v -95.282993 -46.394973 -2.000000
v -95.282993 -46.394973 10.000000
v -94.750004 -46.165066 -2.000000
v -94.750004 -46.165066 10.000000
v -94.284391 -45.818434 -2.000000
v -94.284391 -45.818434 10.000000
v -93.911276 -45.373774 -2.000000
v -93.911276 -45.373774 10.000000
v -93.650761 -44.855051 -2.000000
v -93.650761 -44.855051 10.000000
v -93.516903 -44.290233 -2.000000
v -93.516903 -44.290233 10.000000
v -93.516903 -43.709769 -2.000000
v -93.516903 -43.709769 10.000000
v -93.650761 -43.144951 -2.000000
v -93.650761 -43.144951 10.000000
v -93.911276 -42.626228 -2.000000
v -93.911276 -42.626228 10.000000
v -94.284391 -42.181568 -2.000000
v -94.284391 -42.181568 10.000000
v -94.750004 -41.834936 -2.000000
v -94.750004 -41.834936 10.000000
v -95.282993 -41.605024 -2.000000
v -95.282993 -41.605024 10.000000
v -95.854635 -41.504230 -2.000000
v -95.854635 -41.504230 10.000000
v -96.434116 -41.537981 -2.000000
v -96.434116 -41.537981 10.000000
v -96.990194 -41.704459 -2.000000
v -96.990194 -41.704459 10.000000
v -97.492895 -41.994696 -2.000000
v -97.492895 -41.994696 10.000000
v -97.915106 -42.393031 -2.000000
v -97.915106 -42.393031 10.000000
v -98.234081 -42.878003 -2.000000
v -98.234081 -42.878003 10.000000
v -90.000000 -40.000000 -2.000000
v -90.000000 -40.000000 10.000000
v -90.062885 -41.119642 -2.000000
v -90.062885 -41.119642 10.000000
v -90.250721 -42.225208 10.000000
v -90.250721 -42.225208 -2.000000
v -90.561161 -43.302794 10.000000
v -90.561161 -43.302794 -2.000000
v -90.990314 -44.338837 10.000000
v -90.990314 -44.338837 -2.000000
v -91.532764 -45.320320 10.000000
v -91.532764 -45.320320 -2.000000
v -92.181683 -46.234899 10.000000
v -92.181683 -46.234899 -2.000000
v -92.928934 -47.071066 10.000000
v -92.928934 -47.071066 -2.000000
v -93.765097 -47.818313 10.000000
v -93.765097 -47.818313 -2.000000
v -94.679680 -48.467245 10.000000
v -94.679680 -48.467245 -2.000000
v -95.661163 -49.009690 10.000000
v -95.661163 -49.009690 -2.000000
v -96.697216 -49.438834 10.000000
v -96.697216 -49.438834 -2.000000
v -97.774792 -49.749279 10.000000
v -97.774792 -49.749279 -2.000000
v -98.880358 -49.937124 10.000000
v -98.880358 -49.937124 -2.000000
v -100.000000 -50.000000 -2.000000
v -100.000000 -50.000000 10.000000
v -180.150185 -36.913762 10.000000
v -185.689030 -29.785423 10.000000
v -186.249352 -28.907702 10.000000
v -185.494003 -27.255940 10.000000
v -179.438133 -37.673576 10.000000
v -177.650948 -37.349746 10.000000
v -172.576103 -41.849694 10.000000
v -172.358398 -40.078249 10.000000
v -172.683754 -43.662782 10.000000
v -107.316647 43.661828 10.000000
v -99.850225 36.912808 10.000000
v -94.311390 29.784472 10.000000
v -93.751059 28.906748 10.000000
v -94.506407 27.254987 10.000000
v -100.562296 37.672627 10.000000
v -102.349472 37.348793 10.000000
v -107.424316 41.848745 10.000000
v -107.642021 40.077295 10.000000
v -106.000271 36.711235 10.000000
v -105.107279 36.607051 10.000000
v -106.250782 36.891606 10.000000
v -104.082146 36.920693 10.000000
v -106.634102 37.238650 10.000000
v -107.020998 37.581716 10.000000
v -107.411404 37.920756 10.000000
v -107.830753 39.022012 10.000000
v -107.620382 38.147793 10.000000
v -107.769213 38.417649 10.000000
v -107.816715 38.564258 10.000000
v -107.843904 38.715940 10.000000
v -107.849045 38.869507 10.000000
v -105.256433 36.570644 10.000000
v -105.714436 36.595769 10.000000
v -105.563231 36.566193 10.000000
v -105.409403 36.557369 10.000000
v -100.289211 35.150375 10.000000
v -96.127644 29.794545 10.000000
v -100.828714 33.449092 10.000000
v -97.909470 29.692113 10.000000
v -100.676842 30.881865 10.000000
v -100.359592 30.473561 10.000000
v -100.998306 31.286864 10.000000
v -101.208143 32.446418 10.000000
v -101.162004 31.548433 10.000000
v -101.258707 31.841037 10.000000
v -101.278458 31.993880 10.000000
v -101.277323 32.147975 10.000000
v -101.254158 32.299874 10.000000
v -100.046577 30.062001 10.000000
v -98.974819 29.572172 10.000000
v -99.833469 29.838672 10.000000
v -99.573717 29.672647 10.000000
v -99.430523 29.615791 10.000000
v -99.280930 29.578850 10.000000
v -99.128132 29.563794 10.000000
v -95.349331 25.681806 10.000000
v -93.170147 21.452389 10.000000
v -95.671825 23.130355 10.000000
v -95.435009 22.670724 10.000000
v -95.913382 23.587508 10.000000
v -95.906582 24.765878 10.000000
v -96.026239 23.874702 10.000000
v -96.067524 24.180095 10.000000
v -96.058855 24.333963 10.000000
v -96.029415 24.485228 10.000000
v -95.978737 24.630282 10.000000
v -95.202961 22.208672 10.000000
v -94.239454 21.530252 10.000000
v -94.391689 21.550183 10.000000
v -94.539127 21.593060 10.000000
v -94.679394 21.656861 10.000000
v -94.809694 21.739061 10.000000
v -95.034513 21.949985 10.000000
v -91.399832 21.225667 10.000000
v -89.616356 20.882027 10.000000
v -89.226856 19.916289 10.000000
v -90.272846 18.431450 10.000000
v -91.390495 17.039940 10.000000
v -92.106609 16.241949 10.000000
v -92.329817 15.084894 10.000000
v -92.176380 14.591160 10.000000
v -90.025568 12.482111 10.000000
v -92.028065 14.095865 10.000000
v -91.884871 13.599064 10.000000
v -92.202444 16.121918 10.000000
v -92.278919 15.988648 10.000000
v -92.335644 15.845369 10.000000
v -92.372446 15.695714 10.000000
v -92.387981 15.387933 10.000000
v -91.766834 13.313830 10.000000
v -91.584597 13.065187 10.000000
v -91.471615 12.960441 10.000000
v -91.345463 12.871954 10.000000
v -91.208420 12.802718 10.000000
v -91.062431 12.755151 10.000000
v -88.327045 11.933955 10.000000
v -86.637087 11.268454 10.000000
v -86.431665 10.247587 10.000000
v -87.732697 8.980233 10.000000
v -89.087000 7.817784 10.000000
v -88.582811 3.086754 10.000000
v -90.309544 5.555083 10.000000
v -90.254765 5.040998 10.000000
v -90.369644 6.068575 10.000000
v -89.937611 7.164913 10.000000
v -90.371122 6.377142 10.000000
v -90.299301 6.676828 10.000000
v -90.235634 6.817173 10.000000
v -90.153542 6.947588 10.000000
v -90.053883 7.064539 10.000000
v -90.205297 4.526373 10.000000
v -89.551935 3.545705 10.000000
v -89.686689 3.619287 10.000000
v -89.808674 3.712527 10.000000
v -89.916420 3.822685 10.000000
v -90.008240 3.946409 10.000000
v -90.141678 4.224304 10.000000
v -87.013941 2.235831 10.000000
v -85.475035 1.271131 10.000000
v -85.460691 0.229901 10.000000
v -86.972446 -0.776811 10.000000
v -88.517284 -1.670615 10.000000
v -88.891010 -6.413735 10.000000
v -90.134878 -3.670154 10.000000
v -90.175495 -4.185520 10.000000
v -90.099602 -3.154395 10.000000
v -89.473476 -2.156110 10.000000
v -90.044355 -2.850810 10.000000
v -89.918690 -2.569425 10.000000
v -89.830313 -2.443168 10.000000
v -89.725657 -2.330058 10.000000
v -89.606209 -2.233412 10.000000
v -90.221424 -4.700439 10.000000
v -89.759388 -5.784467 10.000000
v -89.878330 -5.687376 10.000000
v -89.981098 -5.573308 10.000000
v -90.066776 -5.445229 10.000000
v -90.134287 -5.306740 10.000000
v -90.214396 -5.009056 10.000000
v -87.505207 -7.538449 10.000000
v -86.169767 -8.769495 10.000000
v -86.346998 -9.795631 10.000000
v -88.017998 -10.507418 10.000000
v -89.700775 -11.102139 10.000000
v -90.729980 -11.403697 10.000000
v -91.528883 -12.269932 10.000000
v -91.658335 -12.770393 10.000000
v -90.939674 -15.695827 10.000000
v -91.792936 -13.269488 10.000000
v -91.932697 -13.767164 10.000000
v -90.874653 -11.455292 10.000000
v -91.009836 -11.528342 10.000000
v -91.133499 -11.620295 10.000000
v -91.243572 -11.728164 10.000000
v -91.418800 -11.981667 10.000000
v -91.982489 -14.071821 10.000000
v -91.958447 -14.379156 10.000000
v -91.917524 -14.527694 10.000000
v -91.856861 -14.669334 10.000000
v -91.776791 -14.800345 10.000000
v -91.677704 -14.917638 10.000000
v -89.784136 -17.056030 10.000000
v -88.697643 -18.511503 10.000000
v -89.060402 -19.487600 10.000000
v -90.833740 -19.880222 10.000000
v -92.597141 -20.155609 10.000000
v -94.659033 -24.443433 10.000000
v -94.828005 -21.435733 10.000000
v -95.052013 -21.901562 10.000000
v -94.608822 -20.967612 10.000000
v -93.664341 -20.262923 10.000000
v -94.447632 -20.704482 10.000000
v -94.228802 -20.487494 10.000000
v -94.100780 -20.401688 10.000000
v -93.962336 -20.334022 10.000000
v -93.816042 -20.287056 10.000000
v -95.280819 -22.365053 10.000000
v -95.241566 -23.542793 10.000000
v -95.317402 -23.409293 10.000000
v -95.372038 -23.265798 10.000000
v -95.405655 -23.115420 10.000000
v -95.418587 -22.961893 10.000000
v -95.385752 -22.655373 10.000000
v -93.773108 -25.992806 10.000000
v -92.972555 -27.623138 10.000000
v -93.508501 -28.515959 10.000000
v -95.323782 -28.576045 10.000000
v -99.336300 -34.044445 10.000000
v -98.848944 -35.794120 10.000000
v -99.922438 -32.358665 10.000000
v -97.107763 -28.522720 10.000000
v -99.535952 -29.371085 10.000000
v -99.234505 -28.951240 10.000000
v -98.176622 -28.432097 10.000000
v -99.027710 -28.722208 10.000000
v -98.772736 -28.549123 10.000000
v -98.631134 -28.488302 10.000000
v -98.482609 -28.447230 10.000000
v -98.330164 -28.427944 10.000000
v -99.841719 -29.787793 10.000000
v -100.151787 -30.201318 10.000000
v -100.329599 -31.366224 10.000000
v -100.379620 -31.221061 10.000000
v -100.406961 -31.069970 10.000000
v -100.412369 -30.915978 10.000000
v -100.396862 -30.762687 10.000000
v -100.308266 -30.467417 10.000000
v -99.539814 -36.573257 10.000000
v -101.335239 -36.298764 10.000000
v -103.079042 -35.918541 10.000000
v -106.550636 -39.171975 10.000000
v -106.284237 -40.936756 10.000000
v -106.126690 -42.746191 10.000000
v -104.113140 -35.633030 10.000000
v -105.248404 -35.948944 10.000000
v -105.621843 -36.306229 10.000000
v -105.998955 -36.659634 10.000000
v -106.379690 -37.009120 10.000000
v -104.263306 -35.600734 10.000000
v -104.416695 -35.591679 10.000000
v -104.570246 -35.604758 10.000000
v -104.720612 -35.638528 10.000000
v -105.003052 -35.761809 10.000000
v -106.582413 -37.241936 10.000000
v -106.723757 -37.515895 10.000000
v -106.767159 -37.663732 10.000000
v -106.790142 -37.816098 10.000000
v -106.791019 -37.969639 10.000000
v -106.768532 -38.121521 10.000000
v -106.948967 -43.385115 10.000000
v -108.663378 -42.785387 10.000000
v -114.380331 -46.435032 10.000000
v -114.317923 -44.651346 10.000000
v -110.307617 -42.091212 10.000000
v -112.878428 -42.005000 10.000000
v -112.445717 -41.722436 10.000000
v -111.271734 -41.620507 10.000000
v -112.170162 -41.583571 10.000000
v -111.413403 -41.561165 10.000000
v -111.562519 -41.524081 10.000000
v -111.715860 -41.508722 10.000000
v -111.869869 -41.514287 10.000000
v -113.314028 -42.283077 10.000000
v -113.752470 -42.556639 10.000000
v -114.339085 -43.578653 10.000000
v -114.333286 -43.425221 10.000000
v -114.304209 -43.274455 10.000000
v -114.253626 -43.128905 10.000000
v -114.183798 -42.991567 10.000000
v -113.994513 -42.748241 10.000000
v -114.557953 -48.242607 10.000000
v -115.483627 -48.719559 10.000000
v -117.058649 -47.815022 10.000000
v -118.547344 -46.830540 10.000000
v -119.408617 -46.190639 10.000000
v -120.581341 -46.075110 10.000000
v -121.058578 -46.273346 10.000000
v -122.959795 -48.610191 10.000000
v -121.537828 -46.466637 10.000000
v -122.019062 -46.654963 10.000000
v -119.536982 -46.106277 10.000000
v -119.676733 -46.042423 10.000000
v -119.824638 -45.999150 10.000000
v -119.977055 -45.976319 10.000000
v -120.284958 -45.989246 10.000000
v -122.292185 -46.798830 10.000000
v -122.522945 -47.003231 10.000000
v -122.616825 -47.125406 10.000000
v -122.693291 -47.259183 10.000000
v -122.749586 -47.402034 10.000000
v -122.783480 -47.551789 10.000000
v -123.348894 -50.352035 10.000000
v -123.855619 -52.096195 10.000000
v -124.853182 -52.394934 10.000000
v -126.235180 -51.216388 10.000000
v -127.517624 -49.975119 10.000000
v -132.181950 -50.913687 10.000000
v -129.883747 -48.965921 10.000000
v -130.390320 -49.067850 10.000000
v -129.378233 -48.858757 10.000000
v -128.246689 -49.187803 10.000000
v -128.357363 -49.081292 10.000000
v -128.483019 -48.992844 10.000000
v -128.620453 -48.923135 10.000000
v -128.766069 -48.872681 10.000000
v -129.071102 -48.828812 10.000000
v -130.897932 -49.164548 10.000000
v -131.814137 -49.905639 10.000000
v -131.753292 -49.764662 10.000000
v -131.671724 -49.634585 10.000000
v -131.571980 -49.517140 10.000000
v -131.457243 -49.414296 10.000000
v -131.192856 -49.255776 10.000000
v -132.884493 -52.554374 10.000000
v -133.703079 -54.175730 10.000000
v -134.738541 -54.286075 10.000000
v -135.880451 -52.873659 10.000000
v -136.912975 -51.417875 10.000000
v -141.670351 -51.483393 10.000000
v -139.053373 -49.991040 10.000000
v -139.570055 -49.998155 10.000000
v -138.536806 -49.978590 10.000000
v -137.484999 -50.509958 10.000000
v -137.574215 -50.384917 10.000000
v -137.681475 -50.274887 10.000000
v -137.803755 -50.181112 10.000000
v -137.937622 -50.104761 10.000000
v -138.229418 -50.005584 10.000000
v -140.086775 -49.999924 10.000000
v -141.123533 -50.560050 10.000000
v -141.037846 -50.432653 10.000000
v -140.933743 -50.319781 10.000000
v -140.814114 -50.222659 10.000000
v -140.682449 -50.142651 10.000000
v -140.393429 -50.035410 10.000000
v -142.662401 -52.967057 10.000000
v -143.764973 -54.410386 10.000000
v -144.803085 -54.328589 10.000000
v -145.666018 -52.730398 10.000000
v -146.413469 -51.109676 10.000000
v -146.808929 -50.112066 10.000000
v -147.745190 -49.396482 10.000000
v -148.255253 -49.313803 10.000000
v -151.101866 -50.299911 10.000000
v -148.764420 -49.225855 10.000000
v -149.272661 -49.132657 10.000000
v -146.873655 -49.972768 10.000000
v -146.958866 -49.844904 10.000000
v -147.061825 -49.730253 10.000000
v -147.179394 -49.630604 10.000000
v -147.447987 -49.479504 10.000000
v -149.580612 -49.111190 10.000000
v -149.884415 -49.163499 10.000000
v -150.028553 -49.217954 10.000000
v -150.163984 -49.291439 10.000000
v -150.287046 -49.383259 10.000000
v -150.394697 -49.492741 10.000000
v -152.349653 -51.576023 10.000000
v -153.698673 -52.792177 10.000000
v -154.704075 -52.521024 10.000000
v -155.258636 -50.791483 10.000000
v -155.695553 -49.061012 10.000000
v -160.155334 -47.403541 10.000000
v -157.175980 -46.957273 10.000000
v -157.660322 -46.777272 10.000000
v -156.689806 -47.132263 10.000000
v -155.900984 -48.007708 10.000000
v -155.939007 -47.858887 10.000000
v -155.999269 -47.717543 10.000000
v -156.079426 -47.585917 10.000000
v -156.176662 -47.466364 10.000000
v -156.412935 -47.268481 10.000000
v -158.142776 -46.592269 10.000000
v -159.311876 -46.740050 10.000000
v -159.185944 -46.652212 10.000000
v -159.048100 -46.584573 10.000000
v -158.901472 -46.537218 10.000000
v -158.749790 -46.510172 10.000000
v -158.441544 -46.514583 10.000000
v -161.616364 -48.428645 10.000000
v -163.165874 -49.376211 10.000000
v -164.104347 -48.924932 10.000000
v -164.331665 -47.122936 10.000000
v -170.146961 -43.632107 10.000000
v -164.443169 -45.341649 10.000000
v -168.522453 -42.892923 10.000000
v -165.511818 -43.001704 10.000000
v -165.954857 -42.735772 10.000000
v -165.066090 -43.263049 10.000000
v -164.451542 -44.268537 10.000000
v -164.461575 -44.115262 10.000000
v -164.494839 -43.965249 10.000000
v -164.549446 -43.821139 10.000000
v -164.623070 -43.685751 10.000000
v -164.818935 -43.447828 10.000000
v -166.395092 -42.465272 10.000000
v -167.571449 -42.395716 10.000000
v -166.674500 -42.334013 10.000000
v -167.431507 -42.332516 10.000000
v -167.283592 -42.291346 10.000000
v -167.130756 -42.271752 10.000000
v -166.976681 -42.273035 10.000000
v -171.844215 -44.278822 10.000000
v -172.169456 -39.021888 10.000000
v -172.588768 -37.920601 10.000000
v -172.978916 -37.581799 10.000000
v -175.918274 -36.921647 10.000000
v -173.365517 -37.238979 10.000000
v -173.748589 -36.892185 10.000000
v -172.151146 -38.869376 10.000000
v -172.156277 -38.715808 10.000000
v -172.183475 -38.564122 10.000000
v -172.230968 -38.417506 10.000000
v -172.379799 -38.147645 10.000000
v -174.892120 -36.607661 10.000000
v -173.999119 -36.711822 10.000000
v -174.284935 -36.596360 10.000000
v -174.436150 -36.566787 10.000000
v -174.589977 -36.557968 10.000000
v -174.742947 -36.571250 10.000000
v -179.711208 -35.151329 10.000000
v -183.872776 -29.795499 10.000000
v -179.171715 -33.450046 10.000000
v -182.090950 -29.693065 10.000000
v -179.640007 -30.474079 10.000000
v -179.952831 -30.062795 10.000000
v -178.791885 -32.446427 10.000000
v -179.001713 -31.286843 10.000000
v -179.322968 -30.882108 10.000000
v -178.745880 -32.299876 10.000000
v -178.722706 -32.147980 10.000000
v -178.721561 -31.993880 10.000000
v -178.741322 -31.841035 10.000000
v -178.838005 -31.548419 10.000000
v -181.024609 -29.572992 10.000000
v -180.165958 -29.839463 10.000000
v -180.425701 -29.673448 10.000000
v -180.568886 -29.616594 10.000000
v -180.718498 -29.579656 10.000000
v -180.871296 -29.564607 10.000000
v -184.651070 -25.682759 10.000000
v -186.830273 -21.453340 10.000000
v -188.600578 -21.226618 10.000000
v -184.093361 -24.766068 10.000000
v -184.086533 -23.587673 10.000000
v -184.327946 -23.130784 10.000000
v -184.564629 -22.671428 10.000000
v -184.021187 -24.630470 10.000000
v -183.970509 -24.485414 10.000000
v -183.941059 -24.334149 10.000000
v -183.932381 -24.180276 10.000000
v -183.973675 -23.874874 10.000000
v -184.796562 -22.209647 10.000000
v -185.760078 -21.531246 10.000000
v -184.965019 -21.950963 10.000000
v -185.189838 -21.740041 10.000000
v -185.320148 -21.657844 10.000000
v -185.460415 -21.594048 10.000000
v -185.607853 -21.551175 10.000000
v -190.384064 -20.882978 10.000000
v -190.773582 -19.917240 10.000000
v -189.727573 -18.432401 10.000000
v -188.609924 -17.040894 10.000000
v -187.893295 -16.242346 10.000000
v -187.670059 -15.085269 10.000000
v -187.823429 -14.591776 10.000000
v -187.971687 -14.096725 10.000000
v -187.797432 -16.122316 10.000000
v -187.720966 -15.989044 10.000000
v -187.664223 -15.845764 10.000000
v -187.627449 -15.696104 10.000000
v -187.611904 -15.388317 10.000000
v -189.974861 -12.483063 10.000000
v -188.114815 -13.600167 10.000000
v -188.937283 -12.756271 10.000000
v -188.232861 -13.314934 10.000000
v -188.415108 -13.066294 10.000000
v -188.528099 -12.961551 10.000000
v -188.654251 -12.873069 10.000000
v -188.791294 -12.803836 10.000000
v -191.673374 -11.934907 10.000000
v -193.363323 -11.269406 10.000000
v -193.568764 -10.248539 10.000000
v -192.267723 -8.981185 10.000000
v -190.913429 -7.818736 10.000000
v -191.417599 -3.087706 10.000000
v -189.745140 -5.041966 10.000000
v -189.794579 -4.527534 10.000000
v -190.062332 -7.165517 10.000000
v -189.630280 -6.069160 10.000000
v -189.690361 -5.555860 10.000000
v -189.946060 -7.065142 10.000000
v -189.846382 -6.948192 10.000000
v -189.764290 -6.817775 10.000000
v -189.700623 -6.677426 10.000000
v -189.628792 -6.377734 10.000000
v -190.447979 -3.546881 10.000000
v -189.858227 -4.225466 10.000000
v -189.991665 -3.947574 10.000000
v -190.083504 -3.823853 10.000000
v -190.191231 -3.713697 10.000000
v -190.313225 -3.620460 10.000000
v -192.986488 -2.236783 10.000000
v -194.525375 -1.272083 10.000000
v -194.539719 -0.230853 10.000000
v -193.027973 0.775859 10.000000
v -191.483116 1.669662 10.000000
v -191.109409 6.412782 10.000000
v -189.844322 3.942641 10.000000
v -189.778671 4.699299 10.000000
v -189.941063 2.426770 10.000000
v -189.898453 3.185073 10.000000
v -190.240746 5.783313 10.000000
v -189.785728 5.007914 10.000000
v -189.865837 5.305595 10.000000
v -189.933357 5.444082 10.000000
v -190.019016 5.572160 10.000000
v -190.121803 5.686225 10.000000
v -192.495213 7.537496 10.000000
v -193.830643 8.768542 10.000000
v -193.653412 9.794679 10.000000
v -191.982422 10.506465 10.000000
v -190.299644 11.101186 10.000000
v -188.644829 11.562028 10.000000
v -188.463593 12.299620 10.000000
v -188.271160 13.034375 10.000000
v -189.060745 15.694875 10.000000
v -188.067589 13.766121 10.000000
v -188.322601 14.916580 10.000000
v -188.017807 14.070776 10.000000
v -188.041859 14.378107 10.000000
v -188.082771 14.526641 10.000000
v -188.143463 14.668281 10.000000
v -188.223534 14.799289 10.000000
v -190.216274 17.055079 10.000000
v -191.302776 18.510549 10.000000
v -190.940018 19.486649 10.000000
v -189.166679 19.879271 10.000000
v -187.403278 20.154657 10.000000
v -185.341377 24.442482 10.000000
v -185.054188 21.682255 10.000000
v -184.719620 22.364168 10.000000
v -185.692062 20.303574 10.000000
v -185.378361 20.995336 10.000000
v -184.758873 23.541894 10.000000
v -184.614697 22.654486 10.000000
v -184.581871 22.961001 10.000000
v -184.594803 23.114529 10.000000
v -184.628410 23.264904 10.000000
v -184.683037 23.408394 10.000000
v -186.227303 25.991855 10.000000
v -187.027855 27.622187 10.000000
v -186.491909 28.515007 10.000000
v -184.676628 28.575094 10.000000
v -180.664120 34.043491 10.000000
v -181.151466 35.793166 10.000000
v -190.000000 40.000000 10.000000
v -184.934120 42.037983 10.000000
v -185.490208 42.204461 10.000000
v -180.077972 32.357712 10.000000
v -182.892647 28.521769 10.000000
v -180.302925 29.591782 10.000000
v -180.747833 28.976102 10.000000
v -181.183319 28.353732 10.000000
v -179.848747 30.200634 10.000000
v -179.670925 31.365523 10.000000
v -179.692268 30.466731 10.000000
v -179.603672 30.761993 10.000000
v -179.588165 30.915282 10.000000
v -179.593563 31.069274 10.000000
v -179.620914 31.220360 10.000000
v -180.460606 36.572309 10.000000
v -183.782997 42.105026 10.000000
v -184.354649 42.004232 10.000000
v -178.665180 36.297812 10.000000
v -182.411289 43.126230 10.000000
v -182.784386 42.681570 10.000000
v -183.250008 42.334938 10.000000
v -176.921368 35.917587 10.000000
v -173.449783 39.171023 10.000000
v -173.716183 40.935802 10.000000
v -182.150764 43.644953 10.000000
v -173.873730 42.745237 10.000000
v -182.016907 44.209771 10.000000
v -182.016907 44.790235 10.000000
v -180.000000 50.000000 10.000000
v -182.150764 45.355048 10.000000
v -182.411289 45.873771 10.000000
v -181.119652 49.937124 10.000000
v -182.784386 46.318436 10.000000
v -182.225208 49.749279 10.000000
v -183.250008 46.665068 10.000000
v -183.302803 49.438834 10.000000
v -183.782997 46.894975 10.000000
v -184.338837 49.009690 10.000000
v -184.354649 46.995769 10.000000
v -185.320320 48.467245 10.000000
v -184.934120 46.962023 10.000000
v -185.490208 46.795540 10.000000
v -186.234894 47.818313 10.000000
v -185.992908 46.505308 10.000000
v -187.071075 47.071066 10.000000
v -186.415119 46.106968 10.000000
v -187.818317 46.234899 10.000000
v -186.734085 45.621996 10.000000
v -186.932621 45.076542 10.000000
v -188.467236 45.320320 10.000000
v -187.000008 44.499998 10.000000
v -189.009686 44.338837 10.000000
v -186.932621 43.923464 10.000000
v -189.438820 43.302794 10.000000
v -186.734085 43.378000 10.000000
v -189.749279 42.225208 10.000000
v -186.415119 42.893033 10.000000
v -189.937115 41.119642 10.000000
v -185.992908 42.494693 10.000000
v -175.887699 35.632203 10.000000
v -174.752426 35.948138 10.000000
v -174.378891 36.305537 10.000000
v -174.001675 36.659055 10.000000
v -175.737514 35.599906 10.000000
v -175.584145 35.590854 10.000000
v -175.430584 35.603938 10.000000
v -175.280209 35.637710 10.000000
v -174.997768 35.761001 10.000000
v -173.620815 37.008653 10.000000
v -173.232002 38.121028 10.000000
v -173.418121 37.241464 10.000000
v -173.276787 37.515419 10.000000
v -173.233376 37.663250 10.000000
v -173.210392 37.815614 10.000000
v -173.209496 37.969146 10.000000
v -173.051453 43.384161 10.000000
v -171.337051 42.784433 10.000000
v -165.620079 46.434078 10.000000
v -165.682487 44.650397 10.000000
v -169.692802 42.090263 10.000000
v -166.686592 42.282686 10.000000
v -167.122383 42.004485 10.000000
v -167.555256 41.721792 10.000000
v -168.729229 41.619840 10.000000
v -167.830811 41.582923 10.000000
v -168.587551 41.560502 10.000000
v -168.438454 41.523418 10.000000
v -168.285103 41.508069 10.000000
v -168.131084 41.513629 10.000000
v -166.247978 42.556367 10.000000
v -165.661354 43.578353 10.000000
v -166.005936 42.747965 10.000000
v -165.667152 43.424926 10.000000
v -165.816650 42.991285 10.000000
v -165.746822 43.128624 10.000000
v -165.696239 43.274169 10.000000
v -165.442467 48.241653 10.000000
v -164.516792 48.718605 10.000000
v -162.941780 47.814069 10.000000
v -161.453075 46.829586 10.000000
v -160.592422 46.190166 10.000000
v -159.419689 46.074672 10.000000
v -158.942213 46.273022 10.000000
v -158.462725 46.466417 10.000000
v -159.716082 45.988798 10.000000
v -160.464058 46.105809 10.000000
v -160.324287 46.041961 10.000000
v -160.176392 45.998697 10.000000
v -160.023994 45.975866 10.000000
v -157.040615 48.609238 10.000000
v -157.981234 46.654849 10.000000
v -157.216825 47.551641 10.000000
v -157.708111 46.798716 10.000000
v -157.477360 47.003107 10.000000
v -157.383480 47.125278 10.000000
v -157.307005 47.259049 10.000000
v -157.250719 47.401896 10.000000
v -156.651516 50.351081 10.000000
v -156.144791 52.095242 10.000000
v -155.147228 52.393980 10.000000
v -153.765240 51.215434 10.000000
v -152.482786 49.974165 10.000000
v -147.818470 50.912733 10.000000
v -149.610090 49.067774 10.000000
v -149.102154 49.164529 10.000000
v -151.754332 49.187546 10.000000
v -150.622807 48.858533 10.000000
v -150.116987 48.965769 10.000000
v -151.643658 49.081039 10.000000
v -151.518002 48.992596 10.000000
v -151.380587 48.922892 10.000000
v -151.234951 48.872442 10.000000
v -150.929918 48.828583 10.000000
v -148.185978 49.905586 10.000000
v -148.807268 49.255753 10.000000
v -148.542862 49.414263 10.000000
v -148.428144 49.517107 10.000000
v -148.328400 49.634547 10.000000
v -148.246813 49.764619 10.000000
v -147.115936 52.553425 10.000000
v -146.297331 54.174776 10.000000
v -145.261869 54.285126 10.000000
v -144.119968 52.872705 10.000000
v -143.087435 51.416922 10.000000
v -138.330059 51.482439 10.000000
v -140.947218 49.991026 10.000000
v -140.430193 49.998150 10.000000
v -141.464138 49.978557 10.000000
v -142.515945 50.509887 10.000000
v -141.771526 50.005550 10.000000
v -142.063313 50.104718 10.000000
v -142.197189 50.181060 10.000000
v -142.319469 50.274835 10.000000
v -142.426729 50.384855 10.000000
v -139.913120 49.999924 10.000000
v -138.876362 50.560017 10.000000
v -139.606476 50.035410 10.000000
v -139.317455 50.142641 10.000000
v -139.185791 50.222645 10.000000
v -139.066162 50.319762 10.000000
v -138.962069 50.432625 10.000000
v -137.338009 52.966104 10.000000
v -136.235447 54.409432 10.000000
v -135.197325 54.327636 10.000000
v -134.334393 52.729445 10.000000
v -133.586941 51.108723 10.000000
v -133.191881 50.112157 10.000000
v -132.255611 49.396601 10.000000
v -131.745176 49.313874 10.000000
v -128.898544 50.298958 10.000000
v -131.235638 49.225869 10.000000
v -130.727034 49.132600 10.000000
v -133.127155 49.972858 10.000000
v -133.041935 49.844999 10.000000
v -132.938967 49.730353 10.000000
v -132.821398 49.630709 10.000000
v -132.552795 49.479618 10.000000
v -130.419083 49.111128 10.000000
v -130.115280 49.163427 10.000000
v -129.971161 49.217877 10.000000
v -129.835720 49.291358 10.000000
v -129.712658 49.383173 10.000000
v -129.605007 49.492645 10.000000
v -127.650766 51.575069 10.000000
v -126.301746 52.791224 10.000000
v -125.296345 52.520075 10.000000
v -124.741774 50.790529 10.000000
v -124.304857 49.060059 10.000000
v -119.845076 47.402592 10.000000
v -122.824249 46.957359 10.000000
v -122.339544 46.777220 10.000000
v -123.310795 47.132478 10.000000
v -124.099636 48.007879 10.000000
v -123.587666 47.268686 10.000000
v -123.823919 47.466559 10.000000
v -123.921185 47.586107 10.000000
v -124.001331 47.717724 10.000000
v -124.061604 47.859063 10.000000
v -121.856737 46.592083 10.000000
v -120.687656 46.739826 10.000000
v -121.557980 46.514392 10.000000
v -120.813589 46.651998 10.000000
v -120.951433 46.584363 10.000000
v -121.098061 46.537018 10.000000
v -121.249743 46.509976 10.000000
v -118.384056 48.427696 10.000000
v -116.834545 49.375262 10.000000
v -115.896082 48.923979 10.000000
v -115.668755 47.121983 10.000000
v -109.853458 43.631158 10.000000
v -115.557251 45.340700 10.000000
v -111.477966 42.891970 10.000000
v -114.488230 43.001738 10.000000
v -114.044886 42.735605 10.000000
v -114.934301 43.263273 10.000000
v -115.548859 44.268723 10.000000
v -115.181437 43.448043 10.000000
v -115.377312 43.685961 10.000000
v -115.450945 43.821344 10.000000
v -115.505543 43.965445 10.000000
v -115.538816 44.115453 10.000000
v -113.604307 42.464895 10.000000
v -112.427988 42.395310 10.000000
v -113.324909 42.333636 10.000000
v -112.567921 42.332115 10.000000
v -112.715836 42.290959 10.000000
v -112.868671 42.271366 10.000000
v -113.022738 42.272654 10.000000
v -108.156214 44.277868 10.000000
v -186.932621 45.076542 -2.000000
v -187.000008 44.499998 -2.000000
v -186.932621 43.923464 -2.000000
v -186.734085 43.378000 -2.000000
v -186.415119 42.893033 -2.000000
v -185.992908 42.494693 -2.000000
v -185.490208 42.204461 -2.000000
v -184.934120 42.037983 -2.000000
v -184.354649 42.004232 -2.000000
v -183.782997 42.105026 -2.000000
v -183.250008 42.334938 -2.000000
v -182.784386 42.681570 -2.000000
v -182.411289 43.126230 -2.000000
v -182.150764 43.644953 -2.000000
v -182.016907 44.209771 -2.000000
v -182.016907 44.790235 -2.000000
v -182.150764 45.355048 -2.000000
v -182.411289 45.873771 -2.000000
v -182.784386 46.318436 -2.000000
v -183.250008 46.665068 -2.000000
v -183.782997 46.894975 -2.000000
v -184.354649 46.995769 -2.000000
v -184.934120 46.962023 -2.000000
v -185.490208 46.795540 -2.000000
v -185.992908 46.505308 -2.000000
v -186.415119 46.106968 -2.000000
v -186.734085 45.621996 -2.000000
v -190.000000 40.000000 -2.000000
v -189.937115 41.119642 -2.000000
v -189.749279 42.225208 -2.000000
v -189.438820 43.302794 -2.000000
v -189.009686 44.338837 -2.000000
v -188.467236 45.320320 -2.000000
v -187.818317 46.234899 -2.000000
v -187.071075 47.071066 -2.000000
v -186.234894 47.818313 -2.000000
v -185.320320 48.467245 -2.000000
v -184.338837 49.009690 -2.000000
v -183.302803 49.438834 -2.000000
v -182.225208 49.749279 -2.000000
v -181.119652 49.937124 -2.000000
v -180.000000 50.000000 -2.000000
v -157.929564 1.590844 0.000000
v -189.941521 2.417579 0.000000
v -158.000002 0.000003 0.000000
v -189.857426 -4.234578 0.000000
v -189.793777 -4.536514 -0.000000
v -157.718792 3.169235 0.000000
v -189.779530 4.690309 -0.000000
v -189.845028 3.933582 0.000000
v -189.899025 3.175947 0.000000
v -157.369366 4.722822 0.000000
v -188.646946 11.553143 0.000000
v -189.786606 4.998798 0.000000
v -156.884003 6.239447 0.000000
v -188.070107 13.757410 -0.000000
v -188.273525 13.025604 0.000000
v -188.465843 12.290792 0.000000
v -156.266479 7.707239 0.000000
v -185.695763 20.295281 0.000000
v -188.020363 14.061947 0.000000
v -155.521669 9.114712 0.000000
v -184.723701 22.356019 -0.000000
v -185.058136 21.674056 0.000000
v -185.382175 20.987089 0.000000
v -154.655361 10.450852 0.000000
v -181.188450 28.346286 0.000000
v -184.618855 22.646232 0.000000
v -153.674364 11.705197 0.000000
v -179.854279 30.193322 -0.000000
v -180.308342 29.584422 0.000000
v -180.753098 28.968697 0.000000
v -152.586346 12.867935 0.000000
v -174.758911 35.941873 -0.000000
v -175.004349 35.754623 -0.000000
v -179.697895 30.459330 -0.000000
v -179.609337 30.754504 -0.000000
v -175.286865 35.631275 -0.000000
v -179.593849 30.907836 0.000000
v -175.437202 35.597520 0.000000
v -179.599266 31.061842 0.000000
v -175.590725 35.584435 0.000000
v -179.626637 31.213038 -0.000000
v -175.743999 35.593467 0.000000
v -179.676685 31.358252 0.000000
v -175.894127 35.625725 -0.000000
v -180.083981 32.350495 0.000000
v -176.928062 35.910976 0.000000
v -180.670452 34.036164 0.000000
v -178.671951 36.290867 0.000000
v -181.158142 35.785744 0.000000
v -180.467415 36.565013 0.000000
v -151.399822 13.929962 0.000000
v -173.627663 37.002425 -0.000000
v -174.008408 36.652813 0.000000
v -174.385490 36.299281 0.000000
v -150.124083 14.882970 0.000000
v -167.838440 41.577864 -0.000000
v -173.425083 37.235169 0.000000
v -148.769121 15.719497 0.000000
v -166.255913 42.551455 -0.000000
v -166.694412 42.277756 0.000000
v -167.130032 41.999536 0.000000
v -147.345505 16.432998 0.000000
v -159.724522 45.985217 0.000000
v -166.014004 42.743011 -0.000000
v -145.864410 17.017889 0.000000
v -158.471375 46.462984 0.000000
v -158.950710 46.269541 0.000000
v -159.428024 46.071162 -0.000000
v -144.337416 17.469593 0.000000
v -150.938902 48.826604 0.000000
v -157.717056 46.795292 0.000000
v -157.990055 46.651449 -0.000000
v -142.776489 17.784573 0.000000
v -150.126038 48.963900 0.000000
v -150.631666 48.856602 -0.000000
v -141.193819 17.960364 0.000000
v -148.816786 49.254012 0.000000
v -149.111557 49.162784 -0.000000
v -149.619312 49.065962 0.000000
v -139.601803 17.995592 0.000000
v -140.956526 49.990854 0.000000
v -141.473265 49.978290 -0.000000
v -141.780796 50.005255 -0.000000
v -138.012905 17.889979 0.000000
v -90.276194 18.441474 0.000000
v -94.683943 21.666145 -0.000000
v -94.814291 21.748369 0.000000
v -136.439571 17.644352 0.000000
v -134.894104 17.260635 0.000000
v -133.388577 16.741831 0.000000
v -131.934814 16.091999 0.000000
v -130.544157 15.316224 0.000000
v -129.227505 14.420580 0.000000
v -127.995167 13.412076 0.000000
v -91.393566 17.049754 0.000000
v -92.109776 16.251351 -0.000000
v -92.205563 16.131353 -0.000000
v -126.856785 12.298603 0.000000
v -92.281971 15.998173 -0.000000
v -125.821266 11.088878 0.000000
v -92.338696 15.854905 -0.000000
v -124.896717 9.792366 0.000000
v -92.375479 15.705287 -0.000000
v -124.090366 8.419217 0.000000
v -92.390995 15.397403 -0.000000
v -123.408527 6.980175 0.000000
v -92.332783 15.094241 -0.000000
v -122.856550 5.486504 0.000000
v -92.179279 14.600656 0.000000
v -92.030897 14.105508 0.000000
v -91.887646 13.608855 -0.000000
v -122.438736 3.949895 0.000000
v -91.769600 13.323753 0.000000
v -90.372372 6.387101 0.000000
v -91.587410 13.075207 0.000000
v -90.300541 6.686893 -0.000000
v -91.474390 12.970433 0.000000
v -90.236893 6.827201 -0.000000
v -90.154810 6.957608 -0.000000
v -90.370846 6.078404 -0.000000
v -122.158375 2.382371 0.000000
v -90.310659 5.565017 0.000000
v -90.255785 5.051035 0.000000
v -90.206223 4.536514 -0.000000
v -122.017632 0.796203 0.000000
v -90.142584 4.234578 0.000000
v -90.043745 -2.840707 -0.000000
v -90.009165 3.956786 0.000000
v -89.918060 -2.559217 -0.000000
v -89.917316 3.833029 0.000000
v -89.829702 -2.432993 -0.000000
v -89.809570 3.722865 0.000000
v -89.725056 -2.319889 -0.000000
v -89.605694 -2.223303 -0.000000
v -122.017632 -0.796197 0.000000
v -90.098972 -3.144427 -0.000000
v -90.134144 -3.660132 0.000000
v -90.174646 -4.175445 0.000000
v -122.158375 -2.382366 0.000000
v -90.220470 -4.690312 -0.000000
v -90.213404 -4.998802 0.000000
v -91.416321 -11.971776 -0.000000
v -90.133295 -5.296380 0.000000
v -91.241055 -11.718175 -0.000000
v -90.065756 -5.434905 0.000000
v -91.131010 -11.610335 -0.000000
v -89.980078 -5.562993 0.000000
v -91.007366 -11.518385 -0.000000
v -89.877214 -5.677134 -0.000000
v -90.872288 -11.445377 -0.000000
v -89.758205 -5.774245 0.000000
v -90.727673 -11.393780 0.000000
v -88.889580 -6.403442 0.000000
v -89.698439 -11.092002 0.000000
v -87.503567 -7.527890 0.000000
v -88.015776 -10.496957 0.000000
v -86.167889 -8.758680 0.000000
v -86.344919 -9.784850 0.000000
v -122.438736 -3.949889 0.000000
v -91.526423 -12.260177 -0.000000
v -91.655750 -12.760639 0.000000
v -91.790257 -13.259736 0.000000
v -122.856550 -5.486499 0.000000
v -91.929913 -13.757416 -0.000000
v -91.979637 -14.061953 0.000000
v -123.408527 -6.980170 0.000000
v -94.443359 -20.695164 0.000000
v -94.604578 -20.958424 -0.000000
v -94.823666 -21.426597 0.000000
v -124.090366 -8.419212 0.000000
v -95.047588 -21.892483 0.000000
v -95.276318 -22.356029 -0.000000
v -95.381155 -22.646241 -0.000000
v -124.896717 -9.792360 0.000000
v -99.021778 -28.713801 -0.000000
v -99.228621 -28.942955 -0.000000
v -125.821266 -11.088872 0.000000
v -99.530010 -29.362900 0.000000
v -126.856785 -12.298597 0.000000
v -127.995167 -13.412070 0.000000
v -129.227505 -14.420574 0.000000
v -130.544157 -15.316218 0.000000
v -131.934814 -16.091993 0.000000
v -133.388577 -16.741825 0.000000
v -134.894104 -17.260630 0.000000
v -136.439571 -17.644346 0.000000
v -138.012905 -17.889973 0.000000
v -139.601803 -17.995586 0.000000
v -180.865841 -29.572046 0.000000
v -141.193819 -17.960358 0.000000
v -142.776489 -17.784567 0.000000
v -144.337416 -17.469587 0.000000
v -145.864410 -17.017883 0.000000
v -147.345505 -16.432993 0.000000
v -148.769121 -15.719492 0.000000
v -150.124083 -14.882964 0.000000
v -151.399822 -13.929956 0.000000
v -152.586346 -12.867929 0.000000
v -153.674364 -11.705191 0.000000
v -154.655361 -10.450846 0.000000
v -183.969116 -23.883350 0.000000
v -155.521669 -9.114707 0.000000
v -184.082050 -23.596048 -0.000000
v -184.323616 -23.139074 0.000000
v -156.266479 -7.707234 0.000000
v -184.560452 -22.679629 0.000000
v -184.792538 -22.217758 -0.000000
v -184.960957 -21.959200 0.000000
v -156.884003 -6.239442 0.000000
v -187.609005 -15.397388 0.000000
v -187.667217 -15.094227 -0.000000
v -157.369366 -4.722816 0.000000
v -187.820721 -14.600645 0.000000
v -187.969093 -14.105502 0.000000
v -188.112373 -13.608853 -0.000000
v -157.718792 -3.169229 0.000000
v -188.230400 -13.323750 -0.000000
v -189.627647 -6.387087 0.000000
v -188.412590 -13.075205 -0.000000
v -189.699459 -6.686879 0.000000
v -188.525600 -12.970431 -0.000000
v -189.763107 -6.827188 0.000000
v -189.845200 -6.957595 0.000000
v -189.629154 -6.078390 -0.000000
v -157.929564 -1.590838 0.000000
v -189.689350 -5.565008 0.000000
v -189.744225 -5.051031 0.000000
v -188.651772 -12.881943 0.000000
v -189.944782 -7.074469 -0.000000
v -188.788929 -12.812669 -0.000000
v -190.060978 -7.174820 0.000000
v -188.934975 -12.765105 -0.000000
v -190.911713 -7.828032 0.000000
v -189.972267 -12.492179 0.000000
v -192.265797 -8.990742 0.000000
v -191.670876 -11.944349 0.000000
v -193.566570 -10.258347 0.000000
v -193.360958 -11.279173 0.000000
v -185.185719 -21.748364 -0.000000
v -187.624531 -15.705273 -0.000000
v -187.661324 -15.854889 -0.000000
v -185.316048 -21.666141 -0.000000
v -187.718029 -15.998158 -0.000000
v -185.456333 -21.602340 -0.000000
v -187.794437 -16.131340 -0.000000
v -185.603886 -21.559448 -0.000000
v -187.890224 -16.251335 0.000000
v -185.756187 -21.539531 0.000000
v -188.606453 -17.049748 0.000000
v -186.825943 -21.461854 0.000000
v -189.723816 -18.441470 0.000000
v -188.596306 -21.235471 0.000000
v -190.769539 -19.926510 0.000000
v -190.379848 -20.892174 0.000000
v -183.927784 -24.188843 -0.000000
v -183.936462 -24.342673 -0.000000
v -183.965874 -24.493926 -0.000000
v -184.016533 -24.638877 -0.000000
v -184.088631 -24.774432 0.000000
v -181.019211 -29.580455 0.000000
v -184.645958 -25.690854 0.000000
v -182.085037 -29.700668 0.000000
v -185.488567 -27.264197 0.000000
v -183.866844 -29.803443 0.000000
v -186.243610 -28.916101 0.000000
v -185.683098 -29.793715 0.000000
v -180.712929 -29.587100 0.000000
v -180.563316 -29.624038 0.000000
v -180.420094 -29.680908 0.000000
v -180.160408 -29.846854 0.000000
v -179.947357 -30.070064 -0.000000
v -99.835720 -29.779706 0.000000
v -179.634361 -30.481427 0.000000
v -100.145731 -30.193331 -0.000000
v -179.317131 -30.889533 0.000000
v -178.995705 -31.294334 -0.000000
v -104.409275 -35.584431 0.000000
v -178.831902 -31.555991 -0.000000
v -178.735142 -31.848693 -0.000000
v -178.715401 -32.001495 -0.000000
v -178.716545 -32.155578 -0.000000
v -178.739662 -32.307370 -0.000000
v -178.785648 -32.453866 0.000000
v -179.704247 -35.158474 0.000000
v -104.562807 -35.597515 0.000000
v -104.713135 -35.631275 0.000000
v -174.583092 -36.564305 0.000000
v -104.995661 -35.754623 -0.000000
v -105.241089 -35.941868 -0.000000
v -105.614510 -36.299281 0.000000
v -174.429264 -36.573119 0.000000
v -174.278011 -36.602707 0.000000
v -179.165077 -33.457088 0.000000
v -180.142899 -36.920991 0.000000
v -177.643566 -37.356496 0.000000
v -175.910988 -36.928062 0.000000
v -174.885387 -36.614051 0.000000
v -179.430676 -37.680671 0.000000
v -174.736176 -36.577606 -0.000000
v -173.992271 -36.718113 0.000000
v -173.741817 -36.898370 -0.000000
v -173.358574 -37.245216 0.000000
v -105.991602 -36.652818 0.000000
v -172.971745 -37.588081 0.000000
v -172.581406 -37.926929 -0.000000
v -172.372322 -38.154035 -0.000000
v -167.122746 -42.276754 -0.000000
v -112.869968 -41.999540 0.000000
v -112.437229 -41.716824 -0.000000
v -172.223415 -38.423972 -0.000000
v -172.175941 -38.570545 -0.000000
v -172.148743 -38.722215 -0.000000
v -167.275581 -42.296352 -0.000000
v -172.143593 -38.875670 -0.000000
v -167.423611 -42.337561 -0.000000
v -172.161865 -39.028118 0.000000
v -167.563591 -42.400804 0.000000
v -172.350502 -40.083981 0.000000
v -168.514004 -42.897916 0.000000
v -172.567863 -41.855469 0.000000
v -170.138378 -43.637419 0.000000
v -172.675171 -43.668575 0.000000
v -171.835499 -44.284453 0.000000
v -166.968632 -42.278042 -0.000000
v -166.666546 -42.338977 0.000000
v -166.387234 -42.470150 -0.000000
v -165.946770 -42.740664 0.000000
v -165.503559 -43.006616 0.000000
v -165.057583 -43.267970 -0.000000
v -164.810333 -43.452787 -0.000000
v -119.967480 -45.972261 -0.000000
v -113.744087 -42.551465 -0.000000
v -113.305597 -42.277761 0.000000
v -164.614372 -43.690767 -0.000000
v -164.540749 -43.826122 0.000000
v -164.486160 -43.970213 0.000000
v -164.452896 -44.120111 -0.000000
v -164.442863 -44.273319 -0.000000
v -164.434261 -45.345864 0.000000
v -164.322395 -47.127128 0.000000
v -160.146046 -47.406931 0.000000
v -159.303150 -46.743646 0.000000
v -159.177170 -46.655760 -0.000000
v -161.606865 -48.432322 0.000000
v -164.094734 -48.929081 0.000000
v -163.156185 -49.380183 0.000000
v -159.039230 -46.588054 -0.000000
v -158.892593 -46.540704 -0.000000
v -158.740873 -46.513653 0.000000
v -158.432722 -46.518040 0.000000
v -121.528645 -46.462984 0.000000
v -121.049299 -46.269546 0.000000
v -120.571985 -46.071162 -0.000000
v -158.134079 -46.595659 -0.000000
v -157.651415 -46.780634 0.000000
v -157.166853 -46.960611 0.000000
v -156.680470 -47.135572 -0.000000
v -122.009954 -46.651459 -0.000000
v -129.368334 -48.856606 -0.000000
v -122.282953 -46.795297 0.000000
v -129.061098 -48.826609 -0.000000
v -122.513628 -46.999645 0.000000
v -122.607527 -47.121849 0.000000
v -122.684002 -47.255640 0.000000
v -122.740316 -47.398596 0.000000
v -122.774210 -47.548413 0.000000
v -122.950258 -48.606439 0.000000
v -128.755951 -48.870459 0.000000
v -128.610363 -48.920898 0.000000
v -156.403456 -47.271810 -0.000000
v -149.571209 -49.112988 0.000000
v -130.380707 -49.065967 0.000000
v -129.873981 -48.963900 0.000000
v -149.874907 -49.165297 0.000000
v -156.167097 -47.469730 0.000000
v -156.069889 -47.589254 0.000000
v -150.019073 -49.219761 -0.000000
v -155.989733 -47.720857 0.000000
v -150.154524 -49.293256 -0.000000
v -155.929489 -47.862091 0.000000
v -150.277662 -49.385147 -0.000000
v -155.891466 -48.010845 0.000000
v -150.385342 -49.494686 -0.000000
v -155.685940 -49.063544 0.000000
v -151.092014 -50.301561 0.000000
v -155.248690 -50.793929 0.000000
v -152.339554 -51.577916 0.000000
v -154.693785 -52.523370 0.000000
v -153.688326 -52.794333 0.000000
v -149.263382 -49.134402 -0.000000
v -148.754940 -49.227543 0.000000
v -148.245573 -49.315424 0.000000
v -147.735310 -49.398026 -0.000000
v -130.888462 -49.162788 -0.000000
v -138.526735 -49.978290 -0.000000
v -131.183224 -49.254017 0.000000
v -138.219223 -50.005255 -0.000000
v -131.447525 -49.412503 0.000000
v -137.927341 -50.104437 -0.000000
v -131.562290 -49.515371 0.000000
v -137.793484 -50.180769 0.000000
v -131.662035 -49.632826 0.000000
v -137.671223 -50.274529 0.000000
v -131.743670 -49.763002 0.000000
v -137.564030 -50.384469 0.000000
v -131.804504 -49.904041 -0.000000
v -137.474823 -50.509439 -0.000000
v -132.171965 -50.911703 0.000000
v -136.902905 -51.416807 0.000000
v -132.874193 -52.552528 0.000000
v -135.870085 -52.872386 0.000000
v -133.692474 -54.174037 0.000000
v -134.727917 -54.284587 0.000000
v -147.437992 -49.481039 0.000000
v -140.077238 -49.999943 -0.000000
v -139.560337 -49.998064 0.000000
v -139.043484 -49.990854 0.000000
v -147.169294 -49.632163 0.000000
v -147.051754 -49.731789 -0.000000
v -146.948795 -49.846425 -0.000000
v -146.863632 -49.974184 -0.000000
v -140.924015 -50.319834 0.000000
v -140.804386 -50.222702 0.000000
v -140.672665 -50.142674 0.000000
v -141.028185 -50.432787 0.000000
v -146.798906 -50.113420 0.000000
v -141.113892 -50.560250 -0.000000
v -146.403456 -51.110430 0.000000
v -141.660261 -51.483235 0.000000
v -145.655689 -52.731004 0.000000
v -142.652025 -52.967086 0.000000
v -144.792452 -54.329033 0.000000
v -143.754320 -54.410629 0.000000
v -140.383759 -50.035448 0.000000
v -128.472948 -48.990598 0.000000
v -128.347378 -49.078970 0.000000
v -128.236742 -49.185419 0.000000
v -127.507830 -49.972243 0.000000
v -123.339024 -50.348358 0.000000
v -126.225138 -51.213264 0.000000
v -123.845425 -52.092619 0.000000
v -124.842920 -52.391543 0.000000
v -120.275478 -45.985222 -0.000000
v -119.815111 -45.995088 -0.000000
v -114.245052 -43.123655 0.000000
v -114.175205 -42.986274 0.000000
v -113.986006 -42.743020 0.000000
v -114.295635 -43.269215 0.000000
v -119.667225 -46.038351 -0.000000
v -114.324732 -43.420086 0.000000
v -119.527559 -46.102142 -0.000000
v -114.330502 -43.573580 -0.000000
v -119.399233 -46.186452 0.000000
v -114.309149 -44.645939 0.000000
v -118.538151 -46.825938 0.000000
v -114.371214 -46.429634 0.000000
v -117.049274 -47.810135 0.000000
v -114.548483 -48.237238 0.000000
v -115.474072 -48.714371 0.000000
v -112.161570 -41.577864 0.000000
v -106.574936 -37.235179 0.000000
v -106.372337 -37.002435 -0.000000
v -106.716213 -37.509060 0.000000
v -111.861191 -41.508532 -0.000000
v -106.759624 -37.656929 0.000000
v -111.707220 -41.502967 -0.000000
v -106.782598 -37.809308 -0.000000
v -106.783476 -37.962959 0.000000
v -106.760960 -38.114898 0.000000
v -106.542912 -39.165072 0.000000
v -106.276178 -40.929804 0.000000
v -111.553898 -41.518316 -0.000000
v -111.404896 -41.555362 -0.000000
v -111.263256 -41.614656 0.000000
v -110.299339 -42.085032 0.000000
v -108.654957 -42.778888 0.000000
v -106.940432 -43.378286 0.000000
v -106.118279 -42.739205 0.000000
v -104.256001 -35.593464 -0.000000
v -100.373373 -31.213045 -0.000000
v -100.400753 -31.061850 -0.000000
v -100.406170 -30.907845 -0.000000
v -100.323315 -31.358259 0.000000
v -104.105883 -35.625725 -0.000000
v -99.916019 -32.350490 0.000000
v -103.071938 -35.910974 0.000000
v -99.329548 -34.036155 0.000000
v -101.328068 -36.290860 0.000000
v -98.841867 -35.785739 0.000000
v -99.532595 -36.565011 0.000000
v -100.390654 -30.754514 -0.000000
v -100.302105 -30.459337 0.000000
v -95.413952 -22.952662 -0.000000
v -98.766727 -28.540637 -0.000000
v -95.401020 -23.106229 0.000000
v -98.625164 -28.479831 -0.000000
v -95.367403 -23.256619 0.000000
v -98.476648 -28.438759 -0.000000
v -95.312710 -23.400209 0.000000
v -98.324327 -28.419473 -0.000000
v -95.236826 -23.533754 -0.000000
v -94.654140 -24.434247 0.000000
v -93.767920 -25.983453 0.000000
v -92.967052 -27.613630 0.000000
v -98.170834 -28.423600 0.000000
v -97.102089 -28.514006 0.000000
v -95.318098 -28.566990 0.000000
v -93.502827 -28.506553 0.000000
v -91.955576 -14.369184 0.000000
v -94.224472 -20.478084 -0.000000
v -91.914644 -14.517760 0.000000
v -94.096498 -20.392301 -0.000000
v -91.853962 -14.659411 0.000000
v -93.958054 -20.324638 -0.000000
v -91.773815 -14.790509 0.000000
v -93.811865 -20.277691 -0.000000
v -91.674681 -14.907833 -0.000000
v -93.660231 -20.253546 0.000000
v -90.936460 -15.685928 0.000000
v -92.593069 -20.146029 0.000000
v -89.780664 -17.045910 0.000000
v -90.829716 -19.870303 0.000000
v -88.693886 -18.501173 0.000000
v -89.056463 -19.477341 0.000000
v -89.687481 3.629569 0.000000
v -89.473028 -2.146012 -0.000000
v -89.552660 3.555979 0.000000
v -88.516769 -1.660251 0.000000
v -88.583202 3.097106 0.000000
v -86.972103 -0.766150 0.000000
v -87.014170 2.246483 0.000000
v -85.460539 0.240852 0.000000
v -85.475073 1.282079 0.000000
v -91.348228 12.881945 0.000000
v -90.055227 7.074482 -0.000000
v -91.211081 12.812672 0.000000
v -89.939022 7.174834 0.000000
v -91.065025 12.765108 0.000000
v -89.088306 7.828038 0.000000
v -90.027752 12.492185 0.000000
v -87.734222 8.990747 0.000000
v -88.329144 11.944355 0.000000
v -86.433430 10.258353 0.000000
v -86.639042 11.279179 0.000000
v -89.230471 19.926516 0.000000
v -91.403704 21.235476 0.000000
v -93.174067 21.461859 0.000000
v -94.243822 21.539538 0.000000
v -89.620161 20.892179 0.000000
v -94.396124 21.559453 -0.000000
v -94.543667 21.602347 -0.000000
v -95.039053 21.959205 0.000000
v -95.207462 22.217762 -0.000000
v -95.439548 22.679636 0.000000
v -95.676384 23.139086 0.000000
v -95.917959 23.596063 -0.000000
v -100.052652 30.070071 -0.000000
v -99.839592 29.846861 0.000000
v -96.030903 23.883364 0.000000
v -99.579916 29.680915 0.000000
v -96.072216 24.188857 -0.000000
v -96.063557 24.342685 -0.000000
v -99.436684 29.624043 0.000000
v -96.034117 24.493937 -0.000000
v -99.287071 29.587104 0.000000
v -95.983486 24.638891 -0.000000
v -99.134159 29.572053 0.000000
v -95.911379 24.774446 -0.000000
v -98.980789 29.580462 0.000000
v -95.354061 25.690858 0.000000
v -97.914972 29.700675 0.000000
v -94.511442 27.264202 0.000000
v -96.133156 29.803450 0.000000
v -93.756409 28.916106 0.000000
v -94.316902 29.793723 0.000000
v -100.365648 30.481436 0.000000
v -100.682878 30.889542 0.000000
v -101.004314 31.294348 -0.000000
v -101.168118 31.556005 -0.000000
v -106.007748 36.718116 -0.000000
v -106.258183 36.898377 -0.000000
v -106.641445 37.245224 0.000000
v -107.028265 37.588093 0.000000
v -105.721998 36.602714 -0.000000
v -101.264868 31.848705 -0.000000
v -101.284609 32.001507 -0.000000
v -105.570755 36.573129 -0.000000
v -101.283474 32.155595 -0.000000
v -105.416899 36.564312 -0.000000
v -101.260338 32.307382 -0.000000
v -105.263834 36.577613 -0.000000
v -101.214361 32.453876 0.000000
v -105.114613 36.614060 0.000000
v -100.834932 33.457093 0.000000
v -104.089031 36.928070 0.000000
v -100.295753 35.158477 0.000000
v -102.356443 37.356503 0.000000
v -99.857111 36.920993 0.000000
v -100.569324 37.680676 0.000000
v -107.418613 37.926941 -0.000000
v -113.612766 42.470155 -0.000000
v -114.053230 42.740674 0.000000
v -113.333464 42.338986 0.000000
v -107.627697 38.154044 -0.000000
v -113.031378 42.278051 0.000000
v -107.776585 38.423982 -0.000000
v -107.824078 38.570552 -0.000000
v -112.877274 42.276759 -0.000000
v -107.851276 38.722224 -0.000000
v -112.724419 42.296362 -0.000000
v -107.856417 38.875682 -0.000000
v -112.576399 42.337565 -0.000000
v -107.838144 39.028130 0.000000
v -112.436428 42.400808 0.000000
v -107.649517 40.083990 0.000000
v -111.485996 42.897921 0.000000
v -107.432156 41.855478 0.000000
v -109.861631 43.637419 0.000000
v -107.324839 43.668585 0.000000
v -108.164511 44.284458 0.000000
v -114.496460 43.006620 0.000000
v -114.942417 43.267980 -0.000000
v -115.189686 43.452792 -0.000000
v -115.385647 43.690777 -0.000000
v -121.259136 46.513658 -0.000000
v -121.567287 46.518044 -0.000000
v -121.865931 46.595659 -0.000000
v -122.348604 46.780639 0.000000
v -115.459251 43.826132 0.000000
v -121.107426 46.540709 -0.000000
v -115.513859 43.970218 0.000000
v -120.960779 46.588058 -0.000000
v -115.547113 44.120116 -0.000000
v -120.822849 46.655760 -0.000000
v -115.557156 44.273329 0.000000
v -120.696878 46.743650 0.000000
v -115.565758 45.345869 0.000000
v -119.853973 47.406940 0.000000
v -115.677605 47.127137 0.000000
v -118.393154 48.432322 0.000000
v -115.905275 48.929090 0.000000
v -116.843815 49.380188 0.000000
v -122.833157 46.960616 0.000000
v -123.319540 47.135572 -0.000000
v -123.596554 47.271814 -0.000000
v -123.832912 47.469735 -0.000000
v -130.125103 49.165297 0.000000
v -130.428801 49.112992 0.000000
v -130.736637 49.134407 -0.000000
v -131.245070 49.227548 0.000000
v -123.930130 47.589254 -0.000000
v -129.980946 49.219766 -0.000000
v -124.010286 47.720861 -0.000000
v -129.845486 49.293261 -0.000000
v -124.070520 47.862096 0.000000
v -129.722347 49.385152 -0.000000
v -124.108553 48.010850 -0.000000
v -129.614668 49.494691 0.000000
v -124.314079 49.063549 0.000000
v -128.908005 50.301566 0.000000
v -124.751329 50.793934 0.000000
v -127.660465 51.577921 0.000000
v -125.306225 52.523375 0.000000
v -126.311684 52.794333 0.000000
v -131.754436 49.315424 0.000000
v -132.264690 49.398031 -0.000000
v -132.562027 49.481044 0.000000
v -132.830715 49.632168 0.000000
v -139.327345 50.142674 0.000000
v -139.616261 50.035448 0.000000
v -139.922771 49.999943 -0.000000
v -140.439682 49.998064 0.000000
v -139.195633 50.222702 0.000000
v -132.948256 49.731789 0.000000
v -139.076004 50.319834 0.000000
v -133.051224 49.846425 0.000000
v -133.136387 49.974184 0.000000
v -138.971844 50.432787 0.000000
v -133.201094 50.113420 0.000000
v -138.886127 50.560250 -0.000000
v -133.596554 51.110430 0.000000
v -138.339748 51.483240 0.000000
v -134.344330 52.731009 0.000000
v -137.347994 52.967095 0.000000
v -135.207567 54.329038 0.000000
v -136.245680 54.410634 0.000000
v -142.072678 50.104437 0.000000
v -148.552494 49.412498 0.000000
v -148.437729 49.515367 0.000000
v -142.206516 50.180769 0.000000
v -148.337984 49.632826 0.000000
v -142.328796 50.274529 0.000000
v -148.256350 49.763002 0.000000
v -142.435970 50.384469 0.000000
v -148.195515 49.904037 0.000000
v -142.525177 50.509439 0.000000
v -147.828045 50.911708 0.000000
v -143.097105 51.416807 0.000000
v -147.125826 52.552538 0.000000
v -144.129915 52.872396 0.000000
v -146.307545 54.174042 0.000000
v -145.272093 54.284592 0.000000
v -157.486391 46.999640 -0.000000
v -151.244049 48.870459 0.000000
v -157.392483 47.121844 -0.000000
v -151.389637 48.920898 0.000000
v -157.316027 47.255635 -0.000000
v -151.527052 48.990598 0.000000
v -157.259693 47.398591 -0.000000
v -151.652622 49.078970 0.000000
v -157.225819 47.548404 -0.000000
v -151.763277 49.185419 0.000000
v -157.049761 48.606443 0.000000
v -152.492189 49.972253 0.000000
v -156.660995 50.348363 0.000000
v -153.774872 51.213274 0.000000
v -156.154604 52.092619 0.000000
v -155.157089 52.391553 0.000000
v -165.824814 42.986269 -0.000000
v -160.032520 45.972261 0.000000
v -165.754967 43.123646 -0.000000
v -160.184898 45.995088 0.000000
v -165.704384 43.269205 -0.000000
v -160.332794 46.038351 0.000000
v -165.675278 43.420076 -0.000000
v -160.472450 46.102142 -0.000000
v -165.669518 43.573570 0.000000
v -160.600777 46.186447 -0.000000
v -165.690861 44.645944 0.000000
v -161.461868 46.825948 0.000000
v -165.628796 46.429639 0.000000
v -162.950745 47.810144 0.000000
v -165.451527 48.237247 0.000000
v -164.525948 48.714380 0.000000
v -167.562771 41.716824 -0.000000
v -173.283806 37.509048 0.000000
v -168.138809 41.508532 -0.000000
v -173.240395 37.656922 -0.000000
v -168.292789 41.502967 -0.000000
v -173.217411 37.809300 -0.000000
v -168.446102 41.518316 -0.000000
v -173.216534 37.962947 0.000000
v -168.595104 41.555362 0.000000
v -173.239059 38.114886 0.000000
v -168.736744 41.614656 -0.000000
v -173.457088 39.165082 0.000000
v -169.700680 42.085037 0.000000
v -173.723831 40.929809 0.000000
v -171.345062 42.778897 0.000000
v -173.881721 42.739210 0.000000
v -173.059578 43.378296 0.000000
v -182.897911 28.514011 0.000000
v -184.763184 23.533747 -0.000000
v -184.687290 23.400204 0.000000
v -184.632607 23.256612 0.000000
v -184.681911 28.566995 0.000000
v -186.232109 25.983458 0.000000
v -185.345879 24.434254 0.000000
v -186.497192 28.506560 0.000000
v -187.032967 27.613635 0.000000
v -184.598980 23.106222 0.000000
v -184.586048 22.952654 0.000000
v -187.406940 20.146034 0.000000
v -188.325310 14.907827 0.000000
v -188.226185 14.790504 -0.000000
v -188.146038 14.659405 -0.000000
v -189.170284 19.870307 0.000000
v -190.219364 17.045915 0.000000
v -189.063549 15.685934 0.000000
v -190.943565 19.477346 0.000000
v -191.306114 18.501179 0.000000
v -188.085365 14.517754 -0.000000
v -188.044415 14.369178 -0.000000
v -190.301571 11.092007 0.000000
v -190.241795 5.774242 -0.000000
v -190.122795 5.677131 -0.000000
v -190.019932 5.562991 0.000000
v -191.984234 10.496962 0.000000
v -192.496452 7.527896 0.000000
v -191.110439 6.403447 0.000000
v -193.655090 9.784856 0.000000
v -193.832130 8.758686 0.000000
v -189.934254 5.434903 0.000000
v -189.866695 5.296377 0.000000
v -191.483250 1.660256 0.000000
v -190.447350 -3.555979 0.000000
v -190.312519 -3.629569 -0.000000
v -190.190430 -3.722865 -0.000000
v -191.416817 -3.097100 0.000000
v -193.027916 0.766156 0.000000
v -192.985840 -2.246477 0.000000
v -194.539471 -0.240846 0.000000
v -194.524937 -1.282074 0.000000
v -190.082664 -3.833029 -0.000000
v -189.990845 -3.956786 0.000000
v -157.929564 1.590844 -2.000000
v -158.000002 0.000003 -2.000000
v -157.929564 -1.590838 -2.000000
v -157.718792 -3.169229 -2.000000
v -157.369366 -4.722816 -2.000000
v -156.884003 -6.239442 -2.000000
v -156.266479 -7.707234 -2.000000
v -155.521669 -9.114707 -2.000000
v -154.655361 -10.450846 -2.000000
v -153.674364 -11.705191 -2.000000
v -152.586346 -12.867929 -2.000000
v -151.399822 -13.929956 -2.000000
v -150.124083 -14.882964 -2.000000
v -148.769121 -15.719492 -2.000000
v -147.345505 -16.432993 -2.000000
v -145.864410 -17.017883 -2.000000
v -144.337416 -17.469587 -2.000000
v -142.776489 -17.784567 -2.000000
v -141.193819 -17.960358 -2.000000
v -139.601803 -17.995586 -2.000000
v -138.012905 -17.889973 -2.000000
v -136.439571 -17.644346 -2.000000
v -134.894104 -17.260630 -2.000000
v -133.388577 -16.741825 -2.000000
v -131.934814 -16.091993 -2.000000
v -130.544157 -15.316218 -2.000000
v -129.227505 -14.420574 -2.000000
v -127.995167 -13.412070 -2.000000
v -126.856785 -12.298597 -2.000000
v -125.821266 -11.088872 -2.000000
v -124.896717 -9.792360 -2.000000
v -124.090366 -8.419212 -2.000000
v -123.408527 -6.980170 -2.000000
v -122.856550 -5.486499 -2.000000
v -122.438736 -3.949889 -2.000000
v -122.158375 -2.382366 -2.000000
v -122.017632 -0.796197 -2.000000
v -122.017632 0.796203 -2.000000
v -122.158375 2.382371 -2.000000
v -122.438736 3.949895 -2.000000
v -122.856550 5.486504 -2.000000
v -123.408527 6.980175 -2.000000
v -124.090366 8.419217 -2.000000
v -124.896717 9.792366 -2.000000
v -125.821266 11.088878 -2.000000
v -126.856785 12.298603 -2.000000
v -127.995167 13.412076 -2.000000
v -129.227505 14.420580 -2.000000
v -130.544157 15.316224 -2.000000
v -131.934814 16.091999 -2.000000
v -133.388577 16.741831 -2.000000
v -134.894104 17.260635 -2.000000
v -136.439571 17.644352 -2.000000
v -138.012905 17.889979 -2.000000
v -139.601803 17.995592 -2.000000
v -141.193819 17.960364 -2.000000
v -142.776489 17.784573 -2.000000
v -144.337416 17.469593 -2.000000
v -145.864410 17.017889 -2.000000
v -147.345505 16.432998 -2.000000
v -148.769121 15.719497 -2.000000
v -150.124083 14.882970 -2.000000
v -151.399822 13.929962 -2.000000
v -152.586346 12.867935 -2.000000
v -153.674364 11.705197 -2.000000
v -154.655361 10.450852 -2.000000
v -155.521669 9.114712 -2.000000
v -156.266479 7.707239 -2.000000
v -156.884003 6.239447 -2.000000
v -157.369366 4.722822 -2.000000
v -157.718792 3.169235 -2.000000
v -105.405674 36.720002 9.618947
v -106.096106 37.358441 7.955878
v -106.146603 37.570293 7.499994
v -106.446524 37.673485 7.122544
v -107.157679 38.295016 5.452279
v -106.576138 37.638359 7.165429
v -107.286596 38.257473 5.495166
v -106.661339 37.625344 7.197394
v -107.371550 38.242862 5.527132
v -106.791248 37.620933 7.251901
v -107.501354 38.236022 5.581639
v -106.917944 37.635243 7.312020
v -107.628298 38.247955 5.641758
v -107.038879 37.668037 7.376561
v -107.749815 38.278480 5.706300
v -107.151632 37.718730 7.444265
v -107.863503 38.327057 5.774005
v -108.370209 38.724110 5.000000
v -108.043232 38.477046 5.356442
v -108.110104 38.558106 5.000000
v -107.929325 38.429008 5.288737
v -107.807665 38.399053 5.224195
v -105.536203 36.688519 9.661832
v -105.621738 36.677890 9.693797
v -105.751724 36.677120 9.748303
v -105.877972 36.694965 9.808420
v -105.997934 36.731133 9.872960
v -106.688480 37.358527 8.209893
v -106.567860 37.324605 8.145353
v -106.109228 36.784961 9.940664
v -106.800756 37.410274 8.277597
v -107.818356 38.458829 5.000000
v -107.665691 38.437729 5.000000
v -107.680674 38.387711 5.164075
v -107.511587 38.437507 5.000000
v -107.550907 38.395162 5.109568
v -107.466021 38.410163 5.077602
v -107.359495 38.459332 5.000000
v -107.337284 38.448310 5.034716
v -107.212543 38.504047 5.000000
v -106.441307 37.309113 8.085235
v -106.311359 37.312310 8.030728
v -106.226034 37.324529 7.998763
v -107.367191 38.465874 5.000000
v -107.220249 38.510621 5.000000
v -106.206608 38.874614 5.000000
v -106.142254 38.906140 5.000000
v -105.034666 39.257236 5.000000
v -107.519283 38.444016 5.000000
v -107.673388 38.444207 5.000000
v -107.826052 38.465271 5.000000
v -108.117819 38.564491 5.000000
v -108.374090 38.727276 5.000000
v -108.377972 38.730443 5.000000
v -104.500637 39.399095 5.000000
v -103.900356 39.564979 5.000000
v -102.734404 39.822526 5.000000
v -102.741842 39.830158 5.000000
v -102.489109 39.592223 5.000000
v -102.237892 39.352691 5.000000
v -101.988287 39.110978 5.000000
v -101.988201 39.111562 5.000000
v -108.486681 38.818946 7.500008
v -109.586668 39.686642 5.000000
v -109.594173 39.692390 5.000000
v -109.815578 39.907322 5.000000
v -109.723978 39.813068 4.940662
v -108.987150 39.241834 3.277595
v -108.621979 38.950455 2.444263
v -109.057779 39.343307 3.209891
v -108.691654 39.052582 2.376558
v -109.112310 39.456112 3.145350
v -108.745136 39.165893 2.312017
v -109.149742 39.577994 3.085231
v -108.781424 39.288120 2.251898
v -109.169369 39.706492 3.030725
v -108.799849 39.416797 2.197392
v -109.172297 39.792645 2.998760
v -108.801966 39.502971 2.165426
v -109.161673 39.926503 2.955876
v -108.790102 39.636722 2.122541
v -108.944254 39.913926 2.499994
v -108.053560 39.045517 0.452279
v -107.871161 38.895564 0.034715
v -107.886152 38.762126 0.077601
v -108.067932 38.912010 0.495164
v -107.886057 38.675926 0.109567
v -108.067417 38.825810 0.527130
v -108.051405 38.696816 0.581637
v -107.870646 38.546860 0.164074
v -109.979334 40.168390 5.000000
v -109.796476 39.913208 4.872959
v -110.035000 40.312099 5.000000
v -109.892807 40.146141 4.748301
v -109.853115 40.024977 4.808419
v -109.914827 40.274248 4.693796
v -110.070667 40.462012 5.000000
v -109.919357 40.360327 4.661830
v -110.084438 40.615048 5.000000
v -109.911232 40.494361 4.618946
v -110.074730 40.768342 5.000000
v -107.837229 38.423812 0.224194
v -108.017416 38.573928 0.641757
v -107.719145 38.205554 0.356441
v -107.786407 38.309283 0.288736
v -107.898312 38.356223 0.774004
v -107.966061 38.459637 0.706299
v -101.242466 31.616006 9.643558
v -101.371841 31.773942 9.279408
v -101.895733 32.400353 7.822803
v -101.419344 31.888077 9.347113
v -101.945095 32.513700 7.890506
v -101.448727 32.009881 9.411654
v -101.976452 32.635007 7.955047
v -101.459455 32.136924 9.471774
v -101.989269 32.761860 8.015167
v -101.451397 32.266660 9.526281
v -101.983318 32.891707 8.069673
v -101.435986 32.351468 9.558247
v -101.969299 32.976761 8.101639
v -101.397228 32.480025 9.601133
v -101.932650 33.105938 8.144525
v -102.132463 33.520565 7.500005
v -102.223845 33.437829 7.363697
v -103.086500 34.568355 5.000000
v -102.935524 34.224999 5.486974
v -103.118000 34.452407 5.000000
v -103.136663 34.315114 5.000000
v -101.318388 31.852255 9.775804
v -101.289501 31.730335 9.711263
v -101.328602 31.979344 9.835924
v -101.320019 32.109044 9.890431
v -101.304264 32.193787 9.922398
v -101.264973 32.322190 9.965284
v -102.968311 34.094787 5.444089
v -103.137054 34.176116 5.000000
v -102.979794 34.009356 5.412123
v -102.981863 33.879390 5.357618
v -102.272644 33.223166 7.288846
v -102.277451 33.093269 7.234340
v -103.086681 33.903031 5.000000
v -102.965288 33.752975 5.297500
v -102.263527 32.966533 7.174222
v -102.930317 33.632655 5.232960
v -102.975416 33.648002 5.000000
v -102.877607 33.520827 5.165257
v -102.812042 33.422387 5.000000
v -101.890221 32.367344 7.500008
v -102.180758 32.732594 7.041978
v -102.231102 32.845504 7.109681
v -102.259359 33.308334 7.320812
v -101.793194 32.252746 5.000000
v -101.796436 32.256598 5.000000
v -101.799688 32.260449 5.000000
v -101.896420 32.374642 2.499993
v -102.818432 33.429496 5.000000
v -99.247379 29.738030 9.618947
v -99.808750 30.492465 7.955878
v -99.819460 30.709991 7.499994
v -100.095310 30.866535 7.122544
v -100.680141 31.608157 5.452279
v -100.229168 30.855823 7.165429
v -100.813770 31.594942 5.495166
v -100.315313 30.858686 7.197395
v -100.899954 31.596191 5.527132
v -100.443821 30.878222 7.251901
v -101.028805 31.613317 5.581639
v -100.565739 30.915565 7.312020
v -101.151400 31.648374 5.641758
v -100.678577 30.970025 7.376561
v -101.265240 31.700709 5.706300
v -100.780096 31.040576 7.444265
v -101.368065 31.769347 5.774005
v -101.517181 31.949811 5.356442
v -101.568012 32.041774 5.000000
v -101.414032 31.881657 5.288736
v -101.299953 31.829853 5.224195
v -99.381475 29.731069 9.661832
v -99.467516 29.736342 9.693797
v -99.595432 29.759464 9.748303
v -99.716244 29.800205 9.808420
v -99.827518 29.857800 9.872960
v -100.391026 30.601399 8.209893
v -100.278692 30.545888 8.145353
v -99.927025 29.931164 9.940664
v -100.491886 30.672896 8.277597
v -101.299467 31.890578 5.000000
v -101.153288 31.841786 5.000000
v -101.177197 31.795373 5.164075
v -101.001844 31.813254 5.000000
v -101.048269 31.778848 5.109568
v -100.962086 31.778002 5.077602
v -100.848331 31.806760 5.000000
v -100.828514 31.791844 5.034715
v -100.695667 31.823711 5.000000
v -100.157137 30.507407 8.085235
v -100.028820 30.486674 8.030728
v -99.942694 30.483005 7.998763
v -96.092911 23.955913 9.643558
v -96.191063 24.134934 9.279400
v -96.590939 24.846959 7.822763
v -96.216784 24.255855 9.347105
v -96.618633 24.967446 7.890467
v -96.223278 24.380982 9.411647
v -96.627169 25.092452 7.955008
v -96.210489 24.507837 9.471766
v -96.616449 25.219500 8.015127
v -96.178722 24.633880 9.526274
v -96.586742 25.346045 8.069633
v -96.147995 24.714413 9.558240
v -96.557331 25.427070 8.101600
v -96.086273 24.833665 9.601126
v -96.497574 25.547314 8.144485
v -96.617785 25.991578 7.500005
v -96.722822 25.927067 7.363650
v -97.363043 27.196834 5.000000
v -97.277737 26.831589 5.486958
v -97.415562 27.088051 5.000000
v -97.459030 26.956575 5.000000
v -96.124134 24.202087 9.775804
v -96.118145 24.076936 9.711263
v -96.110821 24.328890 9.835924
v -96.078539 24.454801 9.890431
v -96.047478 24.535210 9.922398
v -95.985279 24.654205 9.965284
v -97.333889 26.709619 5.444073
v -97.484875 26.820083 5.000000
v -97.360878 26.627755 5.412108
v -97.386799 26.500382 5.357602
v -96.810236 25.725026 7.288799
v -96.838827 25.598226 7.234293
v -97.485447 26.542549 5.000000
v -97.393732 26.373072 5.297484
v -96.848440 25.471087 7.174175
v -97.381468 26.248376 5.232944
v -97.422924 26.271586 5.000000
v -97.350206 26.128769 5.165242
v -97.303829 26.019948 5.000000
v -96.591578 24.813480 7.500008
v -96.810055 25.225921 7.041930
v -96.838808 25.346160 7.109634
v -96.781540 25.806305 7.320765
v -96.517277 24.683051 5.000000
v -96.519785 24.687457 5.000000
v -96.522284 24.691865 5.000000
v -96.596384 24.821887 2.499993
v -97.308865 26.028204 5.000000
v -94.476900 21.743364 9.618947
v -94.890079 22.588105 7.955878
v -94.860630 22.803893 7.499994
v -95.103025 23.008461 7.122544
v -95.541630 23.844914 5.452279
v -95.236568 23.022525 7.165429
v -95.675411 23.856480 5.495166
v -95.320721 23.041170 7.197395
v -95.759907 23.873544 5.527132
v -95.443459 23.083987 7.251901
v -95.883408 23.914056 5.581638
v -95.556431 23.143096 7.312020
v -95.997467 23.971040 5.641758
v -95.657349 23.217361 7.376561
v -96.099758 24.043403 5.706300
v -95.744181 23.305366 7.444265
v -96.188221 24.129767 5.774005
v -96.301632 24.334559 5.356442
v -96.334696 24.434295 5.000000
v -96.212769 24.248612 5.288736
v -96.110144 24.176726 5.224195
v -94.609995 21.761162 9.661831
v -94.693594 21.782155 9.693796
v -94.815083 21.828389 9.748303
v -94.926357 21.890635 9.808420
v -95.025158 21.967695 9.872960
v -95.442419 22.802176 8.209894
v -95.342207 22.726970 8.145353
v -95.109482 22.058094 9.940662
v -95.528431 22.890990 8.277597
v -96.098518 24.236329 5.000000
v -95.963783 24.161506 5.000000
v -95.995817 24.120278 5.164075
v -95.820169 24.105635 5.000000
v -95.872126 24.080346 5.109567
v -95.787554 24.063675 5.077602
v -95.670462 24.071040 5.000000
v -95.653725 24.052739 5.034715
v -95.517282 24.059653 5.000000
v -95.229788 22.666810 8.085235
v -95.107470 22.622848 8.030728
v -95.023479 22.603419 7.998763
v -93.328190 18.039843 5.000000
v -93.299923 17.911482 4.940662
v -93.253098 17.740549 5.000000
v -92.974186 17.037919 3.277595
v -92.817097 16.597942 2.444263
v -92.980814 17.161372 3.209891
v -92.822571 16.721452 2.376558
v -92.967796 17.285992 3.145350
v -92.808390 16.845945 2.312017
v -92.935457 17.409325 3.085231
v -92.774906 16.968971 2.251898
v -92.884502 17.528906 3.030725
v -92.722826 17.088072 2.197392
v -92.841625 17.603693 2.998760
v -92.679262 17.162454 2.165426
v -92.762136 17.711912 2.955876
v -92.598763 17.269926 2.122541
v -92.583904 17.586758 2.499994
v -92.283773 16.379532 0.452279
v -92.207632 16.156021 0.034715
v -92.290630 16.050463 0.077601
v -92.366276 16.273587 0.495164
v -92.335920 15.977120 0.109567
v -92.411222 16.200033 0.527130
v -92.465515 16.081930 0.581637
v -92.390766 15.859272 0.164074
v -93.329983 18.348010 5.000000
v -93.308849 18.034788 4.872959
v -93.301649 18.499495 5.000000
v -93.268127 18.283542 4.748301
v -93.298168 18.159630 4.808419
v -93.219404 18.404052 4.693796
v -93.253069 18.645735 5.000000
v -93.177948 18.479624 4.661830
v -93.184204 18.783092 5.000000
v -93.100481 18.589306 4.618946
v -93.095255 18.908317 5.000000
v -92.427120 15.737066 0.224194
v -92.501307 15.959554 0.641757
v -92.441635 15.489339 0.356441
v -92.444210 15.612941 0.288736
v -92.514648 15.711759 0.774004
v -92.517805 15.835350 0.706299
v -93.249626 17.731411 5.000000
v -92.725458 16.282429 5.000000
v -92.771187 16.414608 7.500008
v -92.669449 16.118892 5.231267
v -92.641163 16.035614 5.447220
v -92.710018 16.237519 5.000000
v -92.694607 16.192595 5.000000
v -92.679253 16.147655 5.000000
v -92.015915 14.115429 1.305836
v -92.136126 14.517826 2.054962
v -92.474184 15.588934 4.058477
v -92.672167 16.150978 5.000000
v -92.577438 15.900275 4.643559
v -92.557774 15.953830 5.000000
v -92.505856 15.799475 4.711264
v -92.418175 15.709975 4.775806
v -92.316170 15.397594 4.190724
v -92.214651 15.320451 4.250843
v -91.882687 14.243581 2.247326
v -91.770258 14.178333 2.301832
v -91.652908 13.772876 1.552704
v -91.574078 13.737993 1.584670
v -91.374712 13.014705 0.254855
v -91.247187 12.972662 0.297740
v -91.744652 13.294280 0.043727
v -91.948147 14.012022 1.373539
v -91.563883 13.118610 0.168385
v -91.863880 13.919303 1.438080
v -91.661758 13.200316 0.108267
v -91.453009 13.050760 0.222890
v -91.445942 13.697855 1.627554
v -91.441870 14.131124 2.500005
v -91.562672 14.105055 2.376682
v -91.891613 15.189146 4.380202
v -92.020931 15.225310 4.337316
v -92.030821 15.534683 5.000000
v -92.121811 15.539632 4.922399
v -92.232981 15.637896 5.000000
v -92.201881 15.571543 4.890433
v -92.316151 15.633501 4.835926
v -92.100792 15.257745 4.305350
v -91.856861 15.486072 5.000000
v -91.992254 15.504316 4.965285
v -91.906681 15.496477 5.000000
v -92.410221 15.780289 5.000000
v -91.691141 14.144113 2.333797
v -91.764784 13.839066 1.498198
v -91.982441 14.322984 2.187207
v -92.067499 14.414991 2.122666
v -92.403269 15.487667 4.126182
v -90.732126 15.254856 5.000000
v -91.286764 14.736639 3.749909
v -91.085148 14.052938 2.500326
v -90.987835 13.709680 1.874864
v -90.893002 13.366027 1.249909
v -90.207672 13.191029 1.249909
v -90.116491 12.841922 0.624955
v -89.264660 12.589109 0.624955
v -90.800581 13.021719 0.624955
v -88.414078 12.306001 0.624955
v -86.976013 12.769797 2.500000
v -87.354603 14.250389 5.000000
v -88.876657 14.104931 3.749909
v -88.684101 13.387430 2.500136
v -88.591537 13.027464 1.874864
v -89.446001 13.298633 1.874864
v -88.501539 12.667043 1.249909
v -89.354086 12.944188 1.249909
v -88.479185 14.634807 5.000000
v -89.605608 14.970297 5.000000
v -89.736633 14.358083 3.749909
v -90.596790 14.580910 3.749909
v -90.397425 13.887534 2.500272
v -89.540453 13.652642 2.500204
v -90.301294 13.539488 1.874864
v -90.403957 6.476954 9.643558
v -90.430813 6.679350 9.279386
v -90.546474 7.487778 7.822689
v -90.411110 6.801397 9.347090
v -90.528774 7.610132 7.890393
v -90.371971 6.920421 9.411632
v -90.491581 7.729781 7.954934
v -90.314217 7.034090 9.471751
v -90.435686 7.844378 8.015053
v -90.239067 7.140145 9.526259
v -90.362272 7.951647 8.069559
v -90.181322 7.204140 9.558225
v -90.305576 8.016577 8.101525
v -90.080690 7.293042 9.601110
v -90.206413 8.107111 8.144410
v -90.158014 8.564760 7.500005
v -90.279274 8.542600 7.363561
v -90.417547 9.957845 5.000000
v -90.469952 9.586465 5.486928
v -90.506649 9.874493 5.000000
v -90.594463 9.767620 5.000000
v -90.344143 6.717782 9.775805
v -90.383768 6.598920 9.711263
v -90.285921 6.831214 9.835924
v -90.210333 6.936961 9.890432
v -90.152330 7.000720 9.922398
v -90.051336 7.089210 9.965284
v -90.566378 9.493018 5.444043
v -90.667686 9.649742 5.000000
v -90.621109 9.426429 5.412078
v -90.691290 9.317021 5.357572
v -90.433769 8.385777 7.288710
v -90.506239 8.277870 7.234204
v -90.768194 9.391368 5.000000
v -90.743742 9.200810 5.297455
v -90.561123 8.162788 7.174085
v -90.777359 9.080108 5.232915
v -90.807638 9.116403 5.000000
v -90.791416 8.957281 5.165212
v -90.787487 8.839043 5.000000
v -90.559158 7.456749 7.500008
v -90.613899 7.920313 7.041841
v -90.597267 8.042818 7.109545
v -90.377645 8.451201 7.320676
v -89.326010 9.241026 7.500272
v -89.073248 9.458466 7.500247
v -89.548435 10.708166 5.000000
v -87.883415 10.559386 7.500123
v -88.703785 11.505916 5.000000
v -87.884064 12.348071 5.000000
v -86.739826 11.744426 7.500000
v -87.089787 13.232044 5.000000
v -89.201536 8.530372 8.749909
v -88.945751 8.744235 8.749909
v -87.740602 9.828308 8.749909
v -90.239229 5.058033 1.305836
v -90.283451 5.475667 2.054962
v -90.538502 7.318513 5.000000
v -90.418949 6.590656 4.058477
v -90.510273 7.179495 5.000000
v -90.463238 6.915668 4.643559
v -90.434065 6.964708 5.000000
v -90.411396 6.803432 4.711264
v -90.341644 6.699344 4.775806
v -90.298777 6.373538 4.190724
v -90.213156 6.279055 4.250843
v -90.084715 5.159522 2.247326
v -89.986200 5.074727 2.301832
v -89.945354 4.654611 1.552704
v -89.874277 4.605837 1.584669
v -89.811201 3.858231 0.254855
v -89.693575 3.793471 0.297740
v -90.123472 4.201020 0.043727
v -90.191622 4.943935 1.373539
v -89.978056 3.995126 0.168385
v -90.125818 4.837310 1.438080
v -90.059261 4.093426 0.108267
v -89.881535 3.908058 0.222890
v -89.755688 4.542839 1.627554
v -89.672070 4.967980 2.500005
v -89.795609 4.964551 2.376682
v -89.919748 6.090627 4.380202
v -90.040216 6.149937 4.337316
v -89.993162 6.455902 5.000000
v -90.081625 6.477444 4.922399
v -90.172892 6.594502 5.000000
v -90.154476 6.523525 4.890433
v -90.255413 6.605425 4.835926
v -90.112762 6.196495 4.305350
v -89.831038 6.376113 5.000000
v -89.960766 6.418926 4.965285
v -89.878073 6.395489 5.000000
v -90.320930 6.767028 5.000000
v -89.914722 5.026552 2.333797
v -90.043163 4.740230 1.498198
v -90.168190 5.255904 2.187207
v -90.234890 5.361973 2.122666
v -90.367842 6.478082 4.126182
v -88.767929 5.942163 5.000000
v -89.408360 5.534686 3.749909
v -89.335804 4.825580 2.500326
v -89.303217 4.470284 1.874864
v -89.273148 4.115058 1.249909
v -88.631639 3.817109 1.249909
v -88.606157 3.457192 0.624955
v -87.815285 3.052160 0.624955
v -89.245558 3.759629 0.624955
v -87.031202 2.617578 0.624955
v -85.532398 2.809234 2.500000
v -85.632496 4.334183 5.000000
v -87.155361 4.470878 3.749909
v -87.097912 3.730209 2.500136
v -87.073078 3.359365 1.874864
v -87.863159 3.782924 1.874864
v -87.050838 2.988544 1.249909
v -87.837944 3.417626 1.249909
v -86.667290 4.918697 5.000000
v -87.712879 5.455452 5.000000
v -87.954168 4.877738 3.749909
v -88.758745 5.254827 3.749909
v -88.690166 4.536622 2.500272
v -87.890959 4.148261 2.500204
v -88.659630 4.176838 1.874864
v -90.058298 -2.746664 9.643558
v -90.047503 -2.542777 9.279379
v -90.012646 -1.726848 7.822657
v -90.005703 -2.426427 9.347084
v -89.972754 -1.609830 7.890361
v -89.945364 -2.316622 9.411626
v -89.914207 -1.499053 7.954901
v -89.867706 -2.215501 9.471745
v -89.838209 -1.396676 8.015020
v -89.774342 -2.125061 9.526253
v -89.746342 -1.304723 8.069528
v -89.705820 -2.072766 9.558218
v -89.678679 -1.251317 8.101493
v -89.590569 -2.003869 9.601105
v -89.564571 -1.180547 8.144379
v -89.432888 -0.739603 7.500005
v -89.556170 -0.739081 7.363522
v -89.432039 0.677451 5.000000
v -89.551792 0.322032 5.486916
v -89.535360 0.611578 5.000000
v -89.641228 0.522652 5.000000
v -89.955235 -2.520929 9.775805
v -90.016031 -2.630486 9.711264
v -89.877167 -2.420126 9.835925
v -89.783440 -2.330068 9.890432
v -89.714708 -2.278053 9.922398
v -89.599171 -2.209627 9.965284
v -89.663744 0.247895 5.444031
v -89.734783 0.420246 5.000000
v -89.729786 0.192497 5.412065
v -89.818869 0.097848 5.357560
v -89.736843 -0.864844 7.288672
v -89.827909 -0.957598 7.234165
v -89.880915 0.184810 5.000000
v -89.891787 -0.006746 5.297442
v -89.903011 -1.060636 7.174047
v -89.947004 -0.119217 5.232902
v -89.970121 -0.078114 5.000000
v -89.983387 -0.237370 5.165199
v -90.001249 -0.354325 5.000000
v -90.030804 -1.755036 7.500008
v -89.999447 -1.289284 7.041802
v -89.960575 -1.171921 7.109506
v -89.669657 -0.810847 7.320637
v -90.036297 -1.904796 5.000000
v -90.036106 -1.899711 5.000000
v -90.035915 -1.894626 5.000000
v -90.030460 -1.745066 2.499993
v -90.001183 -0.344362 5.000000
v -89.849072 -5.478278 9.618946
v -89.755669 -4.542558 7.955878
v -89.617023 -4.374596 7.499994
v -89.715433 -4.073067 7.122544
v -89.647999 -3.131010 5.452279
v -89.821568 -3.990808 7.165429
v -89.755650 -3.050753 5.495165
v -89.883299 -3.930652 7.197394
v -89.818506 -2.991763 5.527130
v -89.965115 -3.829638 7.251901
v -89.902191 -2.892300 5.581638
v -90.030041 -3.719909 7.312020
v -89.969168 -2.783806 5.641757
v -90.076752 -3.603640 7.376561
v -90.018044 -2.668433 5.706300
v -90.104246 -3.483106 7.444265
v -90.047789 -2.548436 5.774004
v -90.036411 -2.314613 5.356441
v -90.012016 -2.212413 5.000000
v -90.006094 -2.434470 5.288736
v -89.956684 -2.549612 5.224193
v -89.952860 -5.393082 9.661831
v -90.012894 -5.331222 9.693796
v -90.091839 -5.227959 9.748302
v -90.153675 -5.116457 9.808419
v -90.197115 -4.998928 9.872959
v -90.112591 -4.069777 8.209894
v -90.066967 -4.186477 8.145353
v -90.221233 -4.877671 9.940662
v -90.138960 -3.948991 8.277597
v -89.915419 -2.505061 5.000000
v -89.840260 -2.639604 5.000000
v -89.889202 -2.657790 5.164074
v -89.747562 -2.762712 5.000000
v -89.805050 -2.756861 5.109566
v -89.741926 -2.815556 5.077600
v -89.638491 -2.870935 5.000000
v -89.633894 -2.895308 5.034715
v -89.514256 -2.961254 5.000000
v -90.003071 -4.296808 8.085235
v -89.922199 -4.398581 8.030728
v -89.861031 -4.459312 7.998763
v -90.822077 -9.231761 5.000000
v -90.865612 -9.355774 4.940662
v -90.915785 -9.525758 5.000000
v -91.048536 -10.269974 3.277595
v -91.146603 -10.726745 2.444263
v -90.989180 -10.161525 3.209891
v -91.086226 -10.618854 2.376558
v -90.912514 -10.062422 3.145350
v -91.008635 -10.520471 2.312017
v -90.820093 -9.974586 3.085231
v -90.915394 -10.433503 2.251898
v -90.713816 -9.899742 3.030725
v -90.808430 -10.359656 2.197392
v -90.637989 -9.858724 2.998760
v -90.732231 -10.319347 2.165426
v -90.513439 -9.808563 2.955875
v -90.607204 -10.270352 2.122541
v -90.427790 -10.008800 2.499994
v -90.808134 -11.193200 0.452279
v -90.861073 -11.423315 0.034715
v -90.987196 -11.469371 0.077601
v -90.934048 -11.239846 0.495164
v -91.064320 -11.507885 0.109567
v -91.010990 -11.278721 0.527130
v -91.119328 -11.350553 0.581638
v -91.172981 -11.579210 0.164074
v -90.661373 -8.968810 5.000000
v -90.808296 -9.246238 4.872959
v -90.557537 -8.854926 5.000000
v -90.642719 -9.056181 4.748301
v -90.733490 -9.145724 4.808419
v -90.537853 -8.979369 4.693796
v -90.439243 -8.756168 5.000000
v -90.462818 -8.936945 4.661830
v -90.308380 -8.675636 5.000000
v -90.339222 -8.884470 4.618946
v -90.166836 -8.615991 5.000000
v -91.268225 -11.663970 0.224194
v -91.214170 -11.435759 0.641757
v -91.410971 -11.866956 0.356441
v -91.348095 -11.760509 0.288736
v -91.355963 -11.639411 0.774004
v -91.293583 -11.532671 0.706299
v -90.916739 -9.530686 5.000000
v -90.917702 -9.535614 5.000000
v -91.234779 -11.043246 5.000000
v -91.204128 -10.907042 7.500008
v -91.273251 -11.211755 5.231267
v -91.293049 -11.297446 5.447220
v -91.245289 -11.089554 5.000000
v -91.255846 -11.135851 5.000000
v -91.266441 -11.182139 5.000000
v -91.772289 -13.259192 1.305836
v -91.662655 -12.853783 2.054962
v -91.386223 -11.765144 4.058477
v -91.258678 -11.183043 5.000000
v -91.310110 -11.446080 4.643559
v -91.265202 -11.410911 5.000000
v -91.302319 -11.569463 4.711264
v -91.274881 -11.691718 4.775806
v -91.352596 -12.011008 4.190724
v -91.306896 -12.130039 4.250844
v -91.591549 -13.220371 2.247326
v -91.530323 -13.335030 2.301832
v -91.643991 -13.741531 1.552704
v -91.595335 -13.812687 1.584670
v -91.806583 -14.532595 0.254855
v -91.720295 -14.635473 0.297740
v -91.973934 -14.100149 0.043727
v -91.769123 -13.382781 1.373539
v -91.912718 -14.344668 0.168385
v -91.746273 -13.505979 1.438080
v -91.952934 -14.223673 0.108267
v -91.854181 -14.460722 0.222890
v -91.507521 -13.914268 1.627554
v -91.275969 -13.548043 2.500005
v -91.392393 -13.506615 2.376682
v -91.101360 -12.411736 4.380202
v -91.192274 -12.312912 4.337316
v -91.037769 -12.044750 5.000000
v -91.112576 -11.992562 4.922399
v -91.155338 -11.850559 5.000000
v -91.163864 -11.923277 4.890433
v -91.228399 -11.810445 4.835926
v -91.243105 -12.243292 4.305350
v -90.915518 -12.177575 5.000000
v -91.021023 -12.090788 4.965285
v -90.952387 -12.142509 5.000000
v -91.231098 -11.636159 5.000000
v -91.481066 -13.405774 2.333798
v -91.704264 -13.626363 1.498198
v -91.634569 -13.100344 2.187207
v -91.658449 -12.977343 2.122666
v -91.379232 -11.888576 4.126182
v -90.080967 -12.966260 5.000000
v -90.825338 -13.114873 3.749909
v -91.013842 -13.802302 2.500326
v -91.111813 -14.145377 1.874864
v -91.212091 -14.487479 1.249909
v -90.721531 -14.997048 1.249909
v -90.827789 -15.341865 0.624955
v -90.236635 -16.005242 0.624955
v -91.314764 -14.828870 0.624955
v -89.662495 -16.693720 0.624955
v -88.195667 -17.056434 2.500000
v -87.738123 -15.598305 5.000000
v -89.108772 -14.920719 3.749909
v -89.322767 -15.632123 2.500136
v -89.433575 -15.986899 1.874864
v -90.017300 -15.306530 1.874864
v -89.546795 -16.340711 1.249909
v -90.125742 -15.656270 1.249909
v -88.491888 -14.679451 5.000000
v -89.272976 -13.801233 5.000000
v -89.706669 -14.252769 3.749909
v -90.320692 -13.610498 3.749909
v -90.516195 -14.304975 2.500272
v -89.911242 -14.955822 2.500204
v -90.617695 -14.651496 1.874864
v -94.423008 -20.602334 9.643558
v -94.339285 -20.416112 9.279369
v -94.012032 -19.667854 7.822607
v -94.258289 -20.322714 9.347075
v -93.932562 -19.573147 7.890311
v -94.162350 -20.242124 9.411616
v -93.837948 -19.490999 7.954853
v -94.053402 -20.175884 9.471736
v -93.730106 -19.422989 8.014972
v -93.933678 -20.125277 9.526243
v -93.611212 -19.370434 8.069478
v -93.850889 -20.101266 9.558209
v -93.528833 -19.345076 8.101443
v -93.718538 -20.078657 9.601094
v -93.396854 -19.320309 8.144329
v -93.114796 -18.956734 7.500005
v -93.229542 -18.911686 7.363463
v -92.602100 -17.635686 5.000000
v -92.842159 -17.923834 5.486895
v -92.723036 -17.659998 5.000000
v -92.853756 -17.704738 5.000000
v -94.245367 -20.429072 9.775805
v -94.341631 -20.509269 9.711264
v -94.136152 -20.363278 9.835925
v -94.016218 -20.313160 9.890432
v -93.933334 -20.289488 9.922398
v -93.800888 -20.267417 9.965284
v -92.973328 -17.952522 5.444011
v -92.977848 -17.766469 5.000000
v -93.054924 -17.980322 5.412046
v -93.172188 -18.036397 5.357540
v -93.443460 -18.963686 7.288612
v -93.561878 -19.017279 7.234106
v -93.198938 -17.933190 5.000000
v -93.277960 -18.107588 5.297422
v -93.669128 -19.086231 7.173988
v -93.370085 -18.192517 5.232882
v -93.376913 -18.146019 5.000000
v -93.446693 -18.289547 5.165179
v -93.505611 -18.392160 5.000000
v -94.039164 -19.687603 7.500008
v -93.841648 -19.264603 7.041743
v -93.763018 -19.169203 7.109447
v -93.361301 -18.937607 7.320578
v -94.098301 -19.825081 5.000000
v -94.096289 -19.820440 5.000000
v -94.094296 -19.815800 5.000000
v -94.035187 -19.678309 2.499993
v -93.503742 -18.387463 5.000000
v -93.501892 -18.382765 5.000000
v -95.214596 -23.224883 9.618946
v -94.789486 -22.386096 7.955878
v -94.599524 -22.279556 7.499994
v -94.582357 -21.962843 7.122544
v -94.179173 -21.108763 5.452279
v -94.651613 -21.847799 7.165428
v -94.250565 -20.995038 5.495164
v -94.687452 -21.769402 7.197394
v -94.287872 -20.917325 5.527130
v -94.727249 -21.645656 7.251900
v -94.329967 -20.794346 5.581638
v -94.748163 -21.519878 7.312019
v -94.353237 -20.668983 5.641757
v -94.749708 -21.394589 7.376561
v -94.357128 -20.543745 5.706300
v -94.731808 -21.272259 7.444265
v -94.341526 -20.421104 5.774004
v -94.246445 -20.207183 5.356441
v -94.186783 -20.120699 5.000000
v -94.261484 -20.329895 5.288736
v -94.256992 -20.455112 5.224193
v -95.280600 -23.107946 9.661830
v -95.314236 -23.028579 9.693795
v -95.350552 -22.903767 9.748300
v -95.367937 -22.777455 9.808418
v -95.365973 -22.652171 9.872959
v -94.951515 -21.816301 8.209893
v -94.951134 -21.941600 8.145353
v -95.344658 -22.530391 9.940662
v -94.932470 -21.694143 8.277597
v -94.202433 -20.428479 5.000000
v -94.180937 -20.581088 5.000000
v -94.233150 -20.580366 5.164074
v -94.138975 -20.729368 5.000000
v -94.190464 -20.703144 5.109566
v -94.152813 -20.780683 5.077600
v -94.076366 -20.869687 5.000000
v -94.080877 -20.894072 5.034715
v -93.993130 -20.998788 5.000000
v -94.931393 -22.067568 8.085234
v -94.892759 -22.191679 8.030728
v -94.857655 -22.270408 7.998762
v -97.477856 -26.373477 5.000000
v -97.563248 -26.473389 4.940662
v -97.671432 -26.613770 5.000000
v -98.064060 -27.259774 3.277595
v -98.320513 -27.650278 2.444263
v -97.969542 -27.180092 3.209891
v -98.225241 -27.571480 2.376558
v -97.862253 -27.115378 3.145350
v -98.117352 -27.507770 2.312017
v -97.744341 -27.066860 3.085231
v -97.998991 -27.460358 2.251898
v -97.618198 -27.035460 3.030725
v -97.872562 -27.430139 2.197392
v -97.532682 -27.024601 2.998760
v -97.786961 -27.420077 2.165426
v -97.398424 -27.022824 2.955875
v -97.652683 -27.419553 2.122541
v -97.390881 -27.240481 2.499994
v -98.173399 -28.207502 0.452279
v -98.305883 -28.402956 0.034715
v -98.440142 -28.400340 0.077601
v -98.307667 -28.205514 0.495164
v -98.525963 -28.408394 0.109567
v -98.393450 -28.213968 0.527130
v -98.520412 -28.241816 0.581638
v -98.653049 -28.435645 0.164074
v -97.233009 -26.186337 5.000000
v -97.470226 -26.391954 4.872959
v -97.095051 -26.117654 5.000000
v -97.247181 -26.274545 4.748301
v -97.364159 -26.325252 4.808419
v -97.121649 -26.240802 4.693796
v -96.949062 -26.068299 5.000000
v -97.036352 -26.228349 4.661830
v -96.797953 -26.040473 5.000000
v -96.902142 -26.224067 4.618946
v -96.644421 -26.035991 5.000000
v -98.772488 -28.480277 0.224194
v -98.639641 -28.287005 0.641757
v -98.978930 -28.617988 0.356441
v -98.881845 -28.541443 0.288736
v -98.845425 -28.425682 0.774004
v -98.748713 -28.348682 0.706299
v -97.674131 -26.618066 5.000000
v -97.676840 -26.622360 5.000000
v -98.517065 -27.913551 5.000000
v -98.439350 -27.797701 7.500007
v -98.613749 -28.056698 5.231267
v -98.663158 -28.129451 5.447220
v -98.543577 -27.952907 5.000000
v -98.570118 -27.992237 5.000000
v -98.596706 -28.031540 5.000000
v -99.818773 -29.785686 1.305837
v -99.570103 -29.447258 2.054963
v -98.919067 -28.531995 4.058477
v -98.589802 -28.035185 5.000000
v -98.732834 -28.261971 4.643559
v -98.678265 -28.245473 5.000000
v -98.770132 -28.379836 4.711264
v -98.788719 -28.503747 4.775806
v -98.976536 -28.773401 4.190724
v -98.976917 -28.900905 4.250844
v -99.636211 -29.814780 2.247327
v -99.620533 -29.943814 2.301833
v -99.873381 -30.281804 1.552705
v -99.853716 -30.365729 1.584671
v -100.310764 -30.960710 0.254856
v -100.267467 -31.087816 0.297740
v -100.310593 -30.497012 0.043727
v -99.860458 -29.902079 1.373540
v -100.341845 -30.747135 0.168385
v -99.883661 -30.025210 1.438081
v -100.335627 -30.619786 0.108267
v -100.329170 -30.876501 0.222890
v -99.808521 -30.492177 1.627555
v -99.460316 -30.234325 2.500005
v -99.553909 -30.153637 2.376683
v -98.887024 -29.237826 4.380202
v -98.936090 -29.112835 4.337316
v -98.694973 -28.919187 5.000000
v -98.746052 -28.842907 4.922399
v -98.734598 -28.695478 5.000000
v -98.768845 -28.759775 4.890433
v -98.788261 -28.631248 4.835926
v -98.958340 -29.029555 4.305351
v -98.629131 -29.086614 5.000000
v -98.696165 -28.967574 4.965285
v -98.650866 -29.040551 5.000000
v -98.727856 -28.468010 5.000000
v -99.600163 -30.027575 2.333799
v -99.887981 -30.152640 1.498199
v -99.632969 -29.687316 2.187208
v -99.610806 -29.563994 2.122667
v -98.957138 -28.649614 4.126182
v -98.135834 -30.123515 5.000000
v -98.883629 -29.993196 3.749909
v -99.307737 -30.566106 2.500326
v -99.523020 -30.850625 1.874864
v -99.740114 -31.133399 1.249909
v -99.466753 -31.785769 1.249909
v -99.690399 -32.068915 0.624955
v -99.378805 -32.901046 0.624955
v -99.959173 -31.414647 0.624955
v -99.092140 -33.750439 0.624955
v -97.855396 -34.618537 2.500000
v -96.902008 -33.424156 5.000000
v -97.935333 -32.297192 3.749909
v -98.391867 -32.883251 2.500136
v -98.623343 -33.174045 1.874864
v -98.921871 -32.328751 1.874864
v -98.856735 -33.463063 1.249909
v -99.149342 -32.615700 1.249909
v -97.272949 -32.295055 5.000000
v -97.684040 -31.193984 5.000000
v -98.251562 -31.458359 3.749909
v -98.592110 -30.637650 3.749909
v -99.025288 -31.214607 2.500272
v -98.696289 -32.040038 2.500204
v -99.245090 -31.501064 1.874864
v -112.742062 42.451506 9.618947
v -113.538055 42.952204 7.955877
v -113.626614 43.151178 7.499994
v -113.940401 43.197498 7.122543
v -114.753647 43.677773 5.452279
v -114.061337 43.139157 7.165428
v -114.873476 43.617182 5.495166
v -114.142704 43.110704 7.197394
v -114.954290 43.587213 5.527132
v -114.269590 43.082500 7.251900
v -115.080624 43.556633 5.581639
v -114.396763 43.073282 7.312019
v -115.207605 43.545036 5.641758
v -114.521656 43.083301 7.376560
v -115.332661 43.552713 5.706300
v -114.641809 43.112411 7.444264
v -115.453329 43.579574 5.774005
v -116.024380 43.876753 5.000000
v -115.657578 43.693986 5.356442
v -115.738192 43.761377 5.000000
v -115.536776 43.667688 5.288737
v -115.411682 43.660598 5.224195
v -112.864580 42.396574 9.661832
v -112.946720 42.370410 9.693797
v -113.074341 42.345767 9.748303
v -113.201714 42.340117 9.808420
v -113.326283 42.353621 9.872960
v -114.120350 42.843447 8.209893
v -113.995562 42.832260 8.145353
v -113.445568 42.386084 9.940662
v -114.240236 42.873678 8.277596
v -115.433178 43.717394 5.000000
v -115.279236 43.724709 5.000000
v -115.284767 43.672791 5.164075
v -115.127716 43.752809 5.000000
v -115.158577 43.703957 5.109568
v -115.077896 43.734303 5.077602
v -114.982224 43.802209 5.000000
v -114.958363 43.795457 5.034716
v -114.845991 43.873162 5.000000
v -113.868313 42.840290 8.085234
v -113.741169 42.867308 8.030728
v -113.659534 42.895002 7.998763
v -116.156301 43.948584 7.500008
v -116.033096 43.881516 5.000000
v -116.164541 43.953052 2.499993
v -117.397013 44.599380 5.000000
v -117.405348 44.603605 5.000000
v -115.280886 43.481989 9.643558
v -115.458555 43.582516 9.279424
v -116.173334 43.977356 7.822880
v -115.544081 43.671789 9.347128
v -116.260300 44.065218 7.890583
v -115.615482 43.774748 9.411670
v -116.333370 44.167004 7.955124
v -115.671387 43.889341 9.471790
v -116.391144 44.280667 8.015243
v -115.710735 44.013224 9.526297
v -116.432505 44.403892 8.069750
v -115.727005 44.097872 9.558263
v -116.450157 44.488268 8.101715
v -115.737305 44.231749 9.601148
v -116.462641 44.621959 8.144601
v -116.798782 44.936428 7.500005
v -116.854057 44.826245 7.363790
v -118.066902 45.568819 5.000000
v -117.802067 45.303178 5.487005
v -118.054600 45.450559 5.000000
v -118.022528 45.315599 5.000000
v -115.437012 43.674860 9.775804
v -115.366039 43.571606 9.711263
v -115.492458 43.789673 9.835924
v -115.531292 43.913717 9.890431
v -115.547218 43.998427 9.922398
v -115.556974 44.132352 9.965284
v -117.785606 45.169916 5.444120
v -117.972746 45.185661 5.000000
v -117.765455 45.086107 5.412154
v -117.720432 44.964170 5.357648
v -116.822014 44.608450 7.288939
v -116.779575 44.485588 7.234432
v -117.827129 44.948845 5.000000
v -117.659311 44.852281 5.297531
v -116.720810 44.372435 7.174314
v -117.583246 44.752717 5.232991
v -117.631092 44.750938 5.000000
v -117.493687 44.667482 5.165288
v -116.559124 44.184198 7.042069
v -116.646862 44.271293 7.109773
v -116.840401 44.692659 7.320904
v -116.837063 46.007657 7.500272
v -116.858253 46.340404 7.500247
v -118.141918 46.714492 5.000000
v -117.019777 47.953367 7.500123
v -118.269520 47.869229 5.000000
v -118.447580 49.030833 5.000000
v -117.276287 49.580116 7.500000
v -118.674335 50.197325 5.000000
v -116.194935 45.678720 8.749909
v -116.211452 46.011724 8.749909
v -116.350298 47.626753 8.749909
v -122.347488 46.798577 1.305838
v -122.741051 46.945143 2.054965
v -124.504385 47.538257 5.000000
v -123.799534 47.320852 4.058478
v -124.367695 47.501631 5.000000
v -124.111042 47.426353 4.645101
v -124.140873 47.474036 5.000000
v -123.988094 47.422943 4.713989
v -123.864460 47.439203 4.779713
v -123.551617 47.331648 4.190725
v -123.428888 47.366171 4.250844
v -122.369471 46.982126 2.247329
v -122.249651 47.032523 2.301835
v -121.855373 46.881824 1.552707
v -121.780033 46.923709 1.584672
v -121.082678 46.646934 0.254856
v -120.972281 46.723366 0.297740
v -121.528721 46.520200 0.043727
v -122.224140 46.790338 1.373542
v -121.279602 46.558590 0.168385
v -122.099352 46.801715 1.438083
v -121.403790 46.529717 0.108267
v -121.158638 46.606178 0.222891
v -121.670780 47.001777 1.627557
v -122.014074 47.266130 2.500005
v -122.066069 47.154021 2.376685
v -123.129425 47.544832 4.380203
v -123.236217 47.463427 4.337317
v -123.487444 47.642989 5.000000
v -123.551598 47.573643 4.929442
v -123.691978 47.543306 5.000000
v -123.624907 47.528825 4.896705
v -123.742580 47.474751 4.841015
v -123.310223 47.419243 4.305351
v -123.345432 47.751493 5.000000
v -123.376713 47.723913 5.000000
v -123.445988 47.655973 4.973511
v -123.383894 47.717905 5.000000
v -123.912916 47.487326 5.000000
v -122.174664 47.075038 2.333800
v -121.975613 46.832438 1.498201
v -122.492952 46.950369 2.187210
v -122.617626 46.937938 2.122669
v -123.675995 47.316422 4.126183
v -122.483110 48.509722 5.000000
v -122.403812 47.754812 3.749909
v -121.736708 47.503686 2.500326
v -121.404133 47.374487 1.874864
v -121.072750 47.243066 1.249909
v -120.520086 47.684512 1.249909
v -120.186548 47.546892 0.624955
v -119.471455 48.074312 0.624955
v -120.742283 47.109327 0.624955
v -118.732929 48.582487 0.624955
v -118.236427 50.009584 2.500000
v -119.646120 50.599718 5.000000
v -120.447283 49.297433 3.749909
v -119.758663 49.018707 2.500136
v -119.415617 48.875647 1.874864
v -120.146952 48.357186 1.874864
v -119.073763 48.730264 1.249909
v -119.808702 48.216934 1.249909
v -120.630608 49.933939 5.000000
v -121.577148 49.237223 5.000000
v -121.167545 48.763719 3.749909
v -121.863737 48.211575 3.749909
v -121.190262 47.952828 2.500272
v -120.486374 48.495150 2.500204
v -120.854588 47.819796 1.874864
v -123.691654 47.283778 9.643558
v -123.884783 47.349949 9.279431
v -124.659910 47.606721 7.822914
v -123.985252 47.421980 9.347135
v -124.761553 47.677107 7.890618
v -124.074345 47.510076 9.411677
v -124.852085 47.763729 7.955159
v -124.150362 47.612438 9.471796
v -124.929752 47.864842 8.015278
v -124.211798 47.726984 9.526303
v -124.993048 47.978373 8.069784
v -124.243345 47.807202 9.558269
v -125.025902 48.058062 8.101751
v -124.278078 47.936907 9.601156
v -125.062742 48.187189 8.144635
v -125.450964 48.434544 7.500005
v -125.485029 48.316069 7.363831
v -126.813698 48.823142 5.000000
v -126.504555 48.610687 5.487019
v -126.780062 48.709688 5.000000
v -126.723776 48.582830 5.000000
v -123.880568 47.444677 9.775805
v -123.791828 47.356224 9.711263
v -123.956165 47.547350 9.835924
v -124.017134 47.662148 9.890432
v -124.048357 47.742491 9.922398
v -124.082546 47.872338 9.965284
v -126.463881 48.482718 5.444133
v -126.650982 48.464155 5.000000
v -126.428671 48.404040 5.412168
v -126.362019 48.292451 5.357662
v -125.413513 48.107867 7.288980
v -125.349216 47.994900 7.234474
v -126.464291 48.257976 5.000000
v -126.281366 48.193698 5.297545
v -125.270672 47.894468 7.174355
v -126.188297 48.109808 5.233005
v -126.235142 48.099337 5.000000
v -126.084614 48.042479 5.165302
v -125.977068 47.993307 5.000000
v -124.637909 47.581573 7.500008
v -125.077133 47.739148 7.042111
v -125.179386 47.808638 7.109815
v -125.447063 48.187270 7.320946
v -125.685425 49.480500 7.500272
v -125.767403 49.803686 7.500247
v -127.097950 49.935532 5.000000
v -126.222553 51.359506 7.500123
v -127.435560 51.047158 5.000000
v -127.824039 52.156267 5.000000
v -126.773624 52.911425 7.500000
v -128.261280 53.261228 5.000000
v -124.993801 49.275150 8.749909
v -125.071230 49.599447 8.749909
v -125.504465 51.161470 8.749909
v -131.247272 49.245386 1.305839
v -131.661072 49.317141 2.054966
v -133.503361 49.576139 5.000000
v -132.770567 49.491949 4.058478
v -133.362370 49.565258 5.000000
v -133.095293 49.538298 4.643559
v -133.134155 49.579821 5.000000
v -132.973156 49.557447 4.711264
v -132.853956 49.596047 4.775806
v -132.528858 49.548116 4.190725
v -132.414551 49.604607 4.250844
v -131.302614 49.421773 2.247330
v -131.194096 49.493322 2.301836
v -130.778828 49.417639 1.552708
v -130.712461 49.472651 1.584673
v -129.976139 49.328728 0.254856
v -129.881649 49.424143 0.297741
v -130.391293 49.122190 0.043728
v -131.124496 49.259949 1.373543
v -130.153475 49.205709 0.168385
v -131.003933 49.294062 1.438083
v -130.270233 49.154506 0.108268
v -130.043306 49.274712 0.222891
v -130.619411 49.569468 1.627558
v -131.005449 49.766240 2.500005
v -131.035967 49.646487 2.376686
v -132.153015 49.835253 4.380203
v -132.243023 49.735613 4.337317
v -132.522535 49.866357 5.000000
v -132.569370 49.785414 4.922399
v -132.705355 49.730597 5.000000
v -132.633619 49.727955 4.890433
v -132.740021 49.653282 4.835926
v -132.307663 49.678578 4.305352
v -132.403316 49.998703 5.000000
v -132.480011 49.885640 4.965285
v -132.434998 49.958572 5.000000
v -132.912369 49.634843 5.000000
v -131.128187 49.548893 2.333802
v -130.887938 49.347000 1.498202
v -131.418152 49.367862 2.187211
v -131.538420 49.332733 2.122670
v -132.648315 49.510298 4.126183
v -131.695004 50.902472 5.000000
v -131.478348 50.174990 3.749909
v -130.776463 50.050716 2.500326
v -130.425797 49.984827 1.874864
v -130.075912 49.916539 1.249909
v -129.613771 50.452023 1.249909
v -129.260616 50.378032 0.624955
v -128.654613 51.027870 0.624955
v -129.726505 49.845800 0.624955
v -128.022051 51.663089 0.624955
v -127.796230 53.157125 2.500000
v -129.290361 53.478174 5.000000
v -129.838581 52.050853 3.749909
v -129.110470 51.903410 2.500136
v -128.746977 51.825819 1.874864
v -129.370594 51.181803 1.874864
v -128.384228 51.745725 1.249909
v -129.012346 51.106091 1.249909
v -130.135746 52.642841 5.000000
v -130.938139 51.784053 5.000000
v -130.448513 51.393876 3.749909
v -131.031389 50.723214 3.749909
v -130.321836 50.592623 2.500272
v -129.729586 51.255045 2.500204
v -129.967442 50.523539 1.874864
v -132.657795 49.475346 9.643558
v -132.859783 49.504900 9.279437
v -133.668880 49.614863 7.822944
v -132.971773 49.557247 9.347141
v -133.781719 49.665380 7.890648
v -133.075542 49.627466 9.411683
v -133.886623 49.733896 7.955190
v -133.169069 49.714122 9.471803
v -133.981552 49.819012 8.015308
v -133.250523 49.815426 9.526310
v -134.064636 49.918976 8.069814
v -133.296261 49.888487 9.558276
v -134.111576 49.991274 8.101781
v -133.354235 50.009604 9.601162
v -134.171524 50.111432 8.144666
v -134.598598 50.283241 7.500005
v -134.610291 50.160522 7.363868
v -136.009521 50.414824 5.000000
v -135.666609 50.262785 5.487031
v -135.955868 50.309906 5.000000
v -135.877256 50.195465 5.000000
v -132.873058 49.598789 9.775805
v -132.769575 49.528151 9.711264
v -132.966232 49.685826 9.835925
v -133.047256 49.787464 9.890432
v -133.092709 49.860706 9.922398
v -133.150177 49.982061 9.965284
v -135.603123 50.144472 5.444146
v -135.783892 50.092111 5.000000
v -135.554047 50.073605 5.412180
v -135.468016 49.976158 5.357675
v -134.501743 49.969010 7.289017
v -134.417782 49.869776 7.234511
v -135.562439 49.923606 5.000000
v -135.370588 49.893909 5.297557
v -134.322109 49.785490 7.174392
v -135.263700 49.828548 5.233017
v -135.307951 49.809685 5.000000
v -135.149412 49.781418 5.165314
v -135.034666 49.752846 5.000000
v -133.642654 49.594197 7.500008
v -134.103336 49.668374 7.042148
v -134.216614 49.717894 7.109851
v -134.549303 50.040894 7.320982
v -135.021267 51.268325 7.500272
v -135.161238 51.570945 7.500247
v -136.493349 51.456041 5.000000
v -135.894518 53.016639 7.500123
v -137.029476 52.486711 5.000000
v -137.615128 53.505559 5.000000
v -136.721363 54.440875 7.500000
v -138.247967 54.511366 5.000000
v -134.303684 51.193562 8.749909
v -134.439373 51.498108 8.749909
v -135.152264 52.953925 8.749909
v -139.172974 50.442457 9.618947
v -140.113325 50.449119 7.955876
v -140.293369 50.571661 7.499995
v -140.584536 50.445862 7.122542
v -141.528807 50.426073 5.452279
v -140.656643 50.332594 7.165427
v -141.598787 50.311475 5.495166
v -140.710850 50.265570 7.197393
v -141.651716 50.243444 5.527132
v -140.803881 50.174785 7.251899
v -141.743040 50.150943 5.581639
v -140.907154 50.100007 7.312018
v -141.844893 50.074244 5.641758
v -141.018620 50.042772 7.376559
v -141.955261 50.014935 5.706300
v -141.136093 50.004272 7.444263
v -142.071991 49.974241 5.774004
v -142.713957 49.926291 5.000000
v -142.305880 49.963999 5.356442
v -142.409897 49.978857 5.000000
v -142.189331 50.005236 5.288737
v -142.079239 50.065060 5.224195
v -139.248228 50.331254 9.661832
v -139.304276 50.265775 9.693797
v -139.399815 50.177636 9.748303
v -139.505129 50.105772 9.808420
v -139.618149 50.051680 9.872960
v -140.551147 50.050106 8.209891
v -140.439167 50.106292 8.145351
v -139.736662 50.016484 9.940662
v -140.668993 50.012703 8.277594
v -142.127409 50.102034 5.000000
v -142.000380 50.189290 5.000000
v -141.977749 50.142236 5.164076
v -141.886349 50.292940 5.000000
v -141.886873 50.235167 5.109568
v -141.834240 50.303435 5.077602
v -141.788654 50.411539 5.000000
v -141.764803 50.418363 5.034716
v -141.710186 50.543580 5.000000
v -140.335207 50.180106 8.085233
v -140.241318 50.270014 8.030726
v -140.186491 50.336528 7.998761
v -141.216412 51.495161 5.000000
v -141.719913 50.543265 5.000000
v -141.798353 50.411205 5.000000
v -141.896029 50.292587 5.000000
v -142.010040 50.188913 5.000000
v -142.137051 50.101628 5.000000
v -142.419510 49.978390 5.000000
v -142.723570 49.925766 5.000000
v -141.189728 51.561804 5.000000
v -140.607738 52.567444 5.000000
v -140.309019 53.032064 5.000000
v -139.976788 53.559046 5.000000
v -139.289036 54.534883 5.000000
v -139.299297 54.535499 5.000000
v -138.952227 54.529939 5.000000
v -138.257904 54.511690 5.000000
v -138.605194 54.522161 5.000000
v -138.258228 54.512186 5.000000
v -142.863874 49.917917 7.500008
v -144.261341 49.818082 5.000000
v -144.270420 49.817305 5.000000
v -144.578829 49.826980 5.000000
v -144.447632 49.819040 4.940662
v -143.518276 49.893284 3.277595
v -143.052111 49.923968 2.444263
v -143.638821 49.920697 3.209891
v -143.172407 49.952502 2.376558
v -143.755131 49.967318 3.145350
v -143.288269 50.000210 2.312017
v -143.864918 50.032172 3.085231
v -143.397427 50.066094 2.251898
v -143.965969 50.113916 3.030725
v -143.497725 50.148768 2.197392
v -144.026184 50.175610 2.998760
v -143.557358 50.211024 2.165426
v -144.108505 50.281687 2.955875
v -143.638687 50.317869 2.122541
v -143.939362 50.418863 2.499994
v -142.696095 50.377164 0.452279
v -142.460270 50.389223 0.034715
v -142.381458 50.280514 0.077601
v -142.616758 50.268817 0.495164
v -142.323303 50.216880 0.109567
v -142.558317 50.205460 0.527130
v -142.459583 50.120916 0.581637
v -142.224960 50.131879 0.164074
v -144.875717 49.909592 5.000000
v -144.568682 49.844198 4.872959
v -145.013676 49.978294 5.000000
v -144.796801 49.951444 4.748301
v -144.685841 49.888639 4.808419
v -144.899368 50.031281 4.693796
v -145.141039 50.065050 5.000000
v -144.960709 50.091844 4.661830
v -145.254307 50.168872 5.000000
v -145.045013 50.196366 4.618946
v -145.350399 50.288692 5.000000
v -142.117367 50.063467 0.224194
v -142.351665 50.053005 0.641757
v -141.883068 49.981718 0.356441
v -142.002668 50.013056 0.288736
v -142.116985 49.972353 0.774004
v -142.236729 50.003138 0.706299
v -148.455935 49.735527 9.618946
v -149.381514 49.569283 7.955875
v -149.580994 49.656653 7.499995
v -149.844103 49.479494 7.122542
v -150.768642 49.286532 5.452279
v -149.894161 49.354906 7.165427
v -150.816374 49.161024 5.495166
v -149.935131 49.279060 7.197393
v -150.855913 49.084430 5.527132
v -150.009899 49.172730 7.251899
v -150.928679 48.976722 5.581639
v -150.097675 49.080248 7.312018
v -151.014690 48.882608 5.641758
v -150.196714 49.003510 7.376558
v -151.112289 48.804030 5.706300
v -150.305119 48.944077 7.444263
v -151.219559 48.742580 5.774004
v -151.841784 48.577490 5.000000
v -151.447573 48.689537 5.356442
v -151.552553 48.685026 5.000000
v -151.340590 48.751488 5.288737
v -151.243382 48.830519 5.224195
v -148.509474 49.612389 9.661832
v -148.552551 49.537725 9.693797
v -148.630266 49.433527 9.748303
v -148.720579 49.343538 9.808420
v -148.821735 49.269600 9.872960
v -149.738560 49.096613 8.209891
v -149.638796 49.172421 8.145350
v -148.931761 49.213228 9.940662
v -149.847517 49.038191 8.277594
v -151.297512 48.858018 5.000000
v -151.188679 48.967128 5.000000
v -151.157789 48.925033 5.164076
v -151.095638 49.089971 5.000000
v -151.085539 49.033079 5.109568
v -151.046352 49.109859 5.077602
v -151.021395 49.224496 5.000000
v -150.999222 49.235587 5.034716
v -150.968523 49.368711 5.000000
v -149.550171 49.264078 8.085232
v -149.474411 49.369707 8.030726
v -149.432735 49.445162 7.998760
v -150.658007 50.394874 5.000000
v -150.977936 49.366636 5.000000
v -151.030779 49.222412 5.000000
v -151.104984 49.087868 5.000000
v -151.197996 48.965006 5.000000
v -151.306820 48.855867 5.000000
v -151.561832 48.682828 5.000000
v -151.851025 48.575234 5.000000
v -150.643921 50.465250 5.000000
v -150.256634 51.560712 5.000000
v -150.048475 52.072344 5.000000
v -149.818649 52.651367 5.000000
v -149.321976 53.737001 5.000000
v -149.332094 53.735685 5.000000
v -148.989916 53.793993 5.000000
v -148.304090 53.903670 5.000000
v -148.647366 53.850117 5.000000
v -148.304472 53.904061 5.000000
v -151.987553 48.541722 7.500008
v -153.342867 48.186803 5.000000
v -153.351612 48.184385 5.000000
v -153.656559 48.137221 5.000000
v -153.526125 48.153524 4.940662
v -152.626238 48.397274 3.277595
v -152.173643 48.513098 2.444263
v -152.749767 48.402066 3.209891
v -152.297134 48.519044 2.376558
v -152.872667 48.426523 3.145350
v -152.419786 48.544645 2.312017
v -152.992496 48.470106 3.085231
v -152.539196 48.589349 2.251898
v -153.106861 48.531885 3.030725
v -152.652988 48.652186 2.197392
v -153.177366 48.581467 2.998760
v -152.723036 48.702426 2.165426
v -153.277788 48.670607 2.955875
v -152.822618 48.792505 2.122541
v -153.136721 48.836536 2.499994
v -151.906948 49.023991 0.452279
v -151.677370 49.079180 0.034715
v -151.579924 48.986802 0.077601
v -151.809082 48.932066 0.495164
v -151.511078 48.934937 0.109567
v -151.739988 48.880529 0.527130
v -151.627398 48.815565 0.581637
v -151.398792 48.869452 0.164074
v -153.963566 48.163877 5.000000
v -153.649731 48.156013 4.872959
v -154.111805 48.206058 5.000000
v -153.893681 48.219519 4.748301
v -153.773060 48.178172 4.808419
v -154.009171 48.279142 4.693796
v -154.252930 48.267932 5.000000
v -154.080601 48.327408 4.661830
v -154.383345 48.349175 5.000000
v -154.182663 48.414660 4.618946
v -154.499836 48.449297 5.000000
v -151.280460 48.821974 0.224194
v -151.508837 48.768640 0.641757
v -151.035128 48.784666 0.356441
v -151.158447 48.793502 0.288736
v -151.263332 48.732486 0.774004
v -151.386690 48.740745 0.706299
v -157.450943 47.334876 9.618946
v -158.330202 47.001386 7.955875
v -158.542347 47.050614 7.499995
v -158.768415 46.828127 7.122541
v -159.641771 46.468558 5.452279
v -158.794737 46.696453 7.165426
v -159.665623 46.336422 5.495166
v -158.821058 46.614375 7.197392
v -159.690418 46.253862 5.527132
v -158.875017 46.496119 7.251898
v -159.742146 46.134620 5.581639
v -158.944302 46.389084 7.312017
v -159.809399 46.026306 5.641758
v -159.027557 46.295447 7.376558
v -159.890900 45.931134 5.706300
v -159.123201 46.217108 7.444261
v -159.985046 45.851016 5.774004
v -160.566330 45.574398 5.000000
v -160.199432 45.756974 5.356442
v -160.301800 45.733252 5.000000
v -160.105648 45.837531 5.288737
v -160.024605 45.933084 5.224195
v -157.480946 47.203994 9.661831
v -157.509556 47.122684 9.693796
v -157.566805 47.005987 9.748303
v -157.639036 46.900930 9.808420
v -157.724886 46.809664 9.872960
v -158.594313 46.471152 8.209890
v -158.510180 46.564002 8.145350
v -157.822676 46.734037 9.940662
v -158.690691 46.393709 8.277594
v -160.082893 45.950160 5.000000
v -159.995956 46.077414 5.000000
v -159.957857 46.041708 5.164075
v -159.927082 46.215258 5.000000
v -159.906673 46.161194 5.109568
v -159.882278 46.243868 5.077602
v -159.878817 46.361136 5.000000
v -159.859037 46.376119 5.034716
v -159.853344 46.512613 5.000000
v -158.439913 46.670389 8.085232
v -158.384857 46.788135 8.030726
v -158.357754 46.869965 7.998760
v -159.736662 47.578435 5.000000
v -159.862108 46.508889 5.000000
v -159.887543 46.357408 5.000000
v -159.935780 46.211519 5.000000
v -160.004616 46.073656 5.000000
v -160.091534 45.946383 5.000000
v -160.310402 45.729432 5.000000
v -160.574913 45.570526 5.000000
v -159.735661 47.650170 5.000000
v -159.556246 48.798141 5.000000
v -159.445744 49.339337 5.000000
v -159.326124 49.950709 5.000000
v -159.037495 51.109142 5.000000
v -159.047108 51.105967 5.000000
v -158.721466 51.226153 5.000000
v -158.067532 51.460028 5.000000
v -158.395061 51.344271 5.000000
v -158.067913 51.460299 5.000000
v -160.702991 45.512481 7.500008
v -161.970024 44.914570 5.000000
v -161.978111 44.910603 5.000000
v -162.269211 44.808211 5.000000
v -162.144012 44.848199 4.940662
v -161.304226 45.253153 3.277595
v -160.880623 45.450163 2.444263
v -161.426544 45.235167 3.209891
v -161.003094 45.433321 2.376558
v -161.551838 45.236626 3.145350
v -161.128368 45.435953 2.312017
v -161.677628 45.257449 3.085231
v -161.253967 45.457950 2.251898
v -161.801395 45.297155 3.030725
v -161.377373 45.498810 2.197392
v -161.879826 45.332937 2.998760
v -161.455441 45.535326 2.165426
v -161.994896 45.402112 2.955875
v -161.569881 45.605569 2.122541
v -161.886730 45.591135 2.499994
v -160.712357 46.001368 0.452279
v -160.496826 46.097803 0.034715
v -160.384045 46.024904 0.077601
v -160.599251 45.928998 0.495164
v -160.306854 45.986571 0.109567
v -160.521870 45.891027 0.527130
v -160.399246 45.847864 0.581637
v -160.184441 45.942836 0.164074
v -162.575893 44.777994 5.000000
v -162.265968 44.827933 4.872959
v -162.729359 44.792223 5.000000
v -162.517414 44.845533 4.748301
v -162.391262 44.827056 4.808419
v -162.641907 44.882922 4.693796
v -162.879448 44.827108 5.000000
v -162.720985 44.917240 4.661830
v -163.022575 44.883008 5.000000
v -162.837334 44.984250 4.618946
v -163.155479 44.960017 5.000000
v -160.059395 45.917907 0.224194
v -160.274086 45.823517 0.641757
v -159.811382 45.926318 0.356441
v -159.934235 45.912347 0.288736
v -160.026131 45.833092 0.774004
v -160.148888 45.818543 0.706299
v -165.851650 43.322258 9.618946
v -166.654663 42.832880 7.955874
v -166.872234 42.842288 7.499995
v -167.053566 42.582045 7.122540
v -167.845993 42.068129 5.452279
v -167.055244 42.447782 7.165426
v -167.845154 41.933851 5.495165
v -167.066059 42.362261 7.197391
v -167.854347 41.848149 5.527131
v -167.097359 42.236104 7.251898
v -167.883282 41.721430 5.581638
v -167.145805 42.118158 7.312016
v -167.929497 41.602597 5.641758
v -167.210426 42.010822 7.376558
v -167.992134 41.494069 5.706300
v -167.290039 41.916242 7.444261
v -168.069954 41.398020 5.774004
v -168.590508 41.019297 5.000000
v -168.263397 41.266184 5.356442
v -168.359661 41.224055 5.000000
v -168.186016 41.362600 5.288737
v -168.123913 41.471419 5.224195
v -165.857086 43.188090 9.661831
v -165.870266 43.102908 9.693796
v -165.905113 42.977681 9.748303
v -165.956821 42.861137 9.808420
v -166.024437 42.755651 9.872960
v -166.816845 42.263145 8.209890
v -166.751213 42.369871 8.145350
v -166.106663 42.663336 9.940662
v -166.897335 42.169313 8.277594
v -168.184338 41.477499 5.000000
v -168.122272 41.618557 5.000000
v -168.078270 41.590462 5.164075
v -168.079891 41.766710 5.000000
v -168.049908 41.717315 5.109568
v -168.041115 41.803064 5.077602
v -168.059273 41.918974 5.000000
v -168.042564 41.937332 5.034716
v -168.062057 42.072554 5.000000
v -166.701679 42.487364 8.085231
v -166.669197 42.613220 8.030725
v -166.657600 42.698636 7.998759
v -168.143196 43.141751 5.000000
v -168.069897 42.067332 5.000000
v -168.067074 41.913757 5.000000
v -168.087673 41.761489 5.000000
v -168.130016 41.613321 5.000000
v -168.192062 41.472249 5.000000
v -168.367348 41.218772 5.000000
v -168.598156 41.013970 5.000000
v -168.155327 43.212423 5.000000
v -168.189888 44.373808 5.000000
v -168.180809 44.926128 5.000000
v -168.175468 45.549040 5.000000
v -168.104725 46.740813 5.000000
v -168.113499 46.735892 5.000000
v -167.815475 46.913872 5.000000
v -167.215729 47.263956 5.000000
v -167.516346 47.089949 5.000000
v -167.216072 47.264123 5.000000
v -168.713398 40.933371 7.500008
v -169.848976 40.112829 5.000000
v -169.856205 40.107446 5.000000
v -170.123520 39.953308 5.000000
v -170.007801 40.015621 4.940662
v -169.256725 40.567994 3.277595
v -168.876534 40.839491 2.444263
v -169.373665 40.527835 3.209891
v -168.993835 40.800424 2.376558
v -169.497070 40.506248 3.145350
v -169.117451 40.779991 2.312017
v -169.624557 40.503607 3.085231
v -169.244957 40.778537 2.251898
v -169.753513 40.519891 3.030725
v -169.373741 40.796027 2.197392
v -169.837170 40.540657 2.998760
v -169.457207 40.817575 2.165426
v -169.963017 40.587502 2.955875
v -169.582615 40.865593 2.122541
v -169.891415 40.793180 2.499994
v -168.812408 41.412225 0.452279
v -168.618279 41.546621 0.034715
v -168.494034 41.495681 0.077601
v -168.687935 41.361866 0.495164
v -168.411083 41.472192 0.109567
v -168.604889 41.338763 0.527130
v -168.476448 41.318865 0.581637
v -168.282738 41.451693 0.164074
v -170.419426 39.867256 5.000000
v -170.123959 39.973292 4.872959
v -170.572891 39.853044 5.000000
v -170.374355 39.944389 4.748301
v -170.246944 39.949410 4.808419
v -170.503597 39.958267 4.693796
v -170.726852 39.859757 5.000000
v -170.587635 39.977467 4.661830
v -170.877800 39.888401 5.000000
v -170.714321 40.021958 4.618946
v -171.022606 39.939682 5.000000
v -168.155251 41.450162 0.224194
v -168.348942 41.317930 0.641757
v -167.913017 41.504002 0.356441
v -168.031178 41.467695 0.288736
v -168.106956 41.372905 0.774004
v -168.224964 41.336045 0.706299
v -173.372002 37.834327 9.618946
v -174.071407 37.205727 7.955874
v -174.287014 37.174995 7.499995
v -174.417439 36.885867 7.122540
v -175.101910 36.235089 5.452279
v -174.394417 36.753578 7.165425
v -175.076427 36.103256 5.495165
v -174.389305 36.667531 7.197391
v -175.069714 36.017318 5.527131
v -174.396915 36.537766 7.251897
v -175.074883 35.887437 5.581638
v -174.422836 36.412930 7.312015
v -175.098476 35.762138 5.641757
v -174.466667 36.295543 7.376557
v -175.140076 35.643954 5.706300
v -174.527550 36.187942 7.444261
v -175.198936 35.535233 5.774004
v -175.641041 35.067310 5.000000
v -175.364876 35.370097 5.356442
v -175.451756 35.311005 5.000000
v -175.306511 35.479093 5.288737
v -175.265465 35.597470 5.224195
v -173.352680 37.701447 9.661831
v -173.349991 37.615292 9.693796
v -173.361225 37.485790 9.748302
v -173.390617 37.361732 9.808419
v -173.437710 37.245617 9.872959
v -174.126148 36.615891 8.209890
v -174.081230 36.732860 8.145348
v -173.501568 37.139764 9.940662
v -174.188023 36.508865 8.277593
v -175.325966 35.592341 5.000000
v -175.290890 35.742404 5.000000
v -175.242462 35.722878 5.164075
v -175.276451 35.895829 5.000000
v -175.237923 35.852780 5.109568
v -175.245018 35.938683 5.077602
v -175.284157 36.049290 5.000000
v -175.271130 36.070397 5.034716
v -175.315132 36.199734 5.000000
v -174.054146 36.857448 8.085231
v -174.045334 36.987138 8.030725
v -174.049625 37.073226 7.998759
v -175.290794 36.042786 5.000000
v -175.321808 36.193225 5.000000
v -175.591393 37.235909 5.000000
v -175.616188 37.303123 5.000000
v -175.863590 38.438382 5.000000
v -175.283089 35.889325 5.000000
v -175.297489 35.735898 5.000000
v -175.332546 35.585828 5.000000
v -175.458260 35.304458 5.000000
v -175.647507 35.060730 5.000000
v -175.956230 38.982995 5.000000
v -176.065350 39.596248 5.000000
v -176.214867 40.780764 5.000000
v -176.222496 40.774288 5.000000
v -175.962257 41.003995 5.000000
v -175.437164 41.458349 5.000000
v -175.700569 41.232042 5.000000
v -175.437431 41.458421 5.000000
v -175.745964 34.960339 7.500008
v -176.711445 33.945103 5.000000
v -176.717567 33.938477 5.000000
v -176.952019 33.737845 5.000000
v -176.849709 33.820362 4.940662
v -176.212921 34.501336 3.277595
v -175.889091 34.838071 2.444263
v -176.320477 34.440377 3.209891
v -175.997200 34.778118 2.376558
v -176.437836 34.396482 3.145350
v -176.114979 34.735317 2.312017
v -176.562653 34.370456 3.085231
v -176.240044 34.710460 2.251898
v -176.692410 34.362769 3.030725
v -176.369858 34.703987 2.197392
v -176.778469 34.367809 2.998760
v -176.455860 34.709828 2.165426
v -176.910782 34.390731 2.955875
v -176.587944 34.733987 2.122541
v -176.878185 34.606068 2.499994
v -175.931301 35.412834 0.452279
v -175.765171 35.580621 0.034715
v -175.633678 35.553374 0.077601
v -175.799694 35.386207 0.495164
v -175.547829 35.545526 0.109567
v -175.713806 35.378757 0.527130
v -175.583897 35.382800 0.581637
v -175.417900 35.548959 0.164074
v -177.227077 33.598886 5.000000
v -176.956120 33.757412 4.872959
v -177.375298 33.556716 5.000000
v -177.196941 33.682988 4.748301
v -177.072639 33.711333 4.808419
v -177.326527 33.672881 4.693796
v -177.527885 33.535028 5.000000
v -177.412663 33.676314 4.661830
v -177.681522 33.535447 5.000000
v -177.545376 33.696766 4.618946
v -177.833271 33.559251 5.000000
v -175.292301 35.570884 0.224194
v -175.458393 35.405312 0.641757
v -175.064068 35.668321 0.356441
v -175.173569 35.610917 0.288736
v -175.230618 35.503814 0.774004
v -175.339851 35.445900 0.706299
v -103.047981 -33.737845 5.000000
v -103.150291 -33.820362 4.940662
v -103.282423 -33.938472 5.000000
v -103.787079 -34.501336 3.277595
v -104.110909 -34.838066 2.444263
v -103.679523 -34.440377 3.209891
v -104.002781 -34.778113 2.376558
v -103.562164 -34.396477 3.145350
v -103.885021 -34.735317 2.312017
v -103.437338 -34.370453 3.085231
v -103.759966 -34.710460 2.251898
v -103.307590 -34.362767 3.030725
v -103.630142 -34.703987 2.197392
v -103.221531 -34.367805 2.998760
v -103.544140 -34.709828 2.165426
v -103.089228 -34.390728 2.955875
v -103.412046 -34.733987 2.122541
v -103.121815 -34.606063 2.499994
v -104.068699 -35.412834 0.452279
v -104.234838 -35.580616 0.034715
v -104.366322 -35.553374 0.077601
v -104.200306 -35.386207 0.495164
v -104.452162 -35.545526 0.109567
v -104.286184 -35.378757 0.527130
v -104.416103 -35.382798 0.581638
v -104.582109 -35.548959 0.164074
v -102.772923 -33.598881 5.000000
v -103.043890 -33.757408 4.872959
v -102.624693 -33.556716 5.000000
v -102.803059 -33.682983 4.748301
v -102.927370 -33.711331 4.808419
v -102.673473 -33.672879 4.693796
v -102.472124 -33.535028 5.000000
v -102.587337 -33.676312 4.661830
v -102.318478 -33.535442 5.000000
v -102.454624 -33.696766 4.618946
v -102.166729 -33.559246 5.000000
v -104.707699 -35.570881 0.224194
v -104.541607 -35.405312 0.641757
v -104.935932 -35.668316 0.356441
v -104.826441 -35.610912 0.288736
v -104.769373 -35.503814 0.774004
v -104.660149 -35.445895 0.706299
v -103.285885 -33.942211 5.000000
v -103.289337 -33.945947 5.000000
v -104.352493 -35.060742 5.000000
v -104.254827 -34.961162 7.500007
v -104.473782 -35.183628 5.231267
v -104.535723 -35.246062 5.447220
v -104.385767 -35.094535 5.000000
v -104.419069 -35.128300 5.000000
v -104.452410 -35.162034 5.000000
v -105.976048 -36.661811 1.305837
v -105.669413 -36.374841 2.054964
v -104.861279 -35.594783 4.058477
v -104.446287 -35.166879 5.000000
v -104.628611 -35.363579 4.643559
v -104.571972 -35.357437 5.000000
v -104.686937 -35.472584 4.711264
v -104.727964 -35.590973 4.775806
v -104.962139 -35.821521 4.190724
v -104.985943 -35.946784 4.250844
v -105.801945 -36.723952 2.247328
v -105.810232 -36.853671 2.301834
v -106.120882 -37.139447 1.552706
v -106.116972 -37.225556 1.584671
v -106.675558 -37.726426 0.254856
v -106.656361 -37.859321 0.297740
v -106.590195 -37.270653 0.043727
v -106.038408 -36.768558 1.373541
v -106.666870 -37.510772 0.168385
v -106.083841 -36.885331 1.438082
v -106.637363 -37.386734 0.108267
v -106.678181 -37.640266 0.222891
v -106.095781 -37.358155 1.627556
v -105.706120 -37.168679 2.500005
v -105.783300 -37.072163 2.376684
v -104.959488 -36.294487 4.380202
v -104.984760 -36.162605 4.337317
v -104.712114 -36.017005 5.000000
v -104.748354 -35.932193 4.922399
v -104.710035 -35.789695 5.000000
v -104.755478 -35.846291 4.890433
v -104.750948 -35.716386 4.835926
v -104.991322 -36.076655 4.305351
v -104.678202 -36.193237 5.000000
v -104.722223 -36.063905 4.965285
v -104.691105 -36.143932 5.000000
v -104.661627 -35.567203 5.000000
v -105.805607 -36.939750 2.333799
v -106.111498 -37.009799 1.498200
v -105.775328 -36.599259 2.187209
v -105.730877 -36.482110 2.122668
v -104.920330 -35.703406 4.126182
v -104.383831 -37.303128 5.000000
v -105.094957 -37.037616 3.749909
v -105.617113 -37.522845 2.500326
v -105.881004 -37.762961 1.874864
v -106.146355 -38.001034 1.249909
v -105.997524 -38.692524 1.249909
v -106.269398 -38.929753 0.624955
v -106.116009 -39.804969 0.624955
v -106.413374 -38.237236 0.624955
v -105.990305 -40.692573 0.624955
v -104.934130 -41.773143 2.500000
v -103.777514 -40.774279 5.000000
v -104.586163 -39.476635 3.749909
v -105.142612 -39.968827 2.500136
v -105.423574 -40.212135 1.874864
v -105.561695 -39.326377 1.874864
v -105.706100 -40.453348 1.249909
v -105.838022 -39.566646 1.249909
v -103.934660 -39.596248 5.000000
v -104.136429 -38.438385 5.000000
v -104.742870 -38.593974 3.749909
v -104.926815 -37.724667 3.749909
v -105.458622 -38.212204 2.500272
v -105.286913 -39.084034 2.500204
v -105.727329 -38.453395 1.874864
v -114.148808 -43.322554 9.618945
v -113.345804 -42.833195 7.955877
v -113.128223 -42.842612 7.499995
v -112.946892 -42.582374 7.122543
v -112.154484 -42.068472 5.452279
v -112.945213 -42.448101 7.165427
v -112.155323 -41.934195 5.495163
v -112.934418 -42.362580 7.197393
v -112.146130 -41.848483 5.527129
v -112.903109 -42.236419 7.251899
v -112.117186 -41.721759 5.581636
v -112.854671 -42.118468 7.312018
v -112.070971 -41.602926 5.641756
v -112.790041 -42.011127 7.376559
v -112.008352 -41.494393 5.706298
v -112.710419 -41.916547 7.444264
v -111.930523 -41.398339 5.774004
v -111.409969 -41.019626 5.000000
v -111.737070 -41.266508 5.356441
v -111.640816 -41.224389 5.000000
v -111.814451 -41.362929 5.288735
v -111.876564 -41.471753 5.224193
v -114.143362 -43.188386 9.661830
v -114.130173 -43.103199 9.693794
v -114.095354 -42.977962 9.748300
v -114.043636 -42.861414 9.808418
v -113.976021 -42.755928 9.872958
v -113.183613 -42.263441 8.209893
v -113.249254 -42.370176 8.145350
v -113.893785 -42.663608 9.940662
v -113.103113 -42.169604 8.277596
v -111.816139 -41.477833 5.000000
v -111.878214 -41.618896 5.000000
v -111.922216 -41.590796 5.164073
v -111.920595 -41.767058 5.000000
v -111.950569 -41.717653 5.109566
v -111.959362 -41.803408 5.077599
v -111.941223 -41.919322 5.000000
v -111.957903 -41.937680 5.034714
v -111.938419 -42.072902 5.000000
v -113.298779 -42.487664 8.085232
v -113.331270 -42.613530 8.030726
v -113.342867 -42.698946 7.998761
v -111.287556 -40.934043 7.500007
v -111.401854 -41.013975 5.000000
v -111.279221 -40.928197 2.499993
v -110.151958 -40.113521 5.000000
v -110.147877 -40.110483 5.000000
v -110.143795 -40.107446 5.000000
v -112.095451 -41.509686 9.643558
v -111.926231 -41.395426 9.279364
v -111.254072 -40.931525 7.822582
v -111.808195 -41.358666 9.347070
v -111.136656 -40.892839 7.890286
v -111.684208 -41.340647 9.411612
v -111.012974 -40.872803 7.954828
v -111.556702 -41.341681 9.471731
v -110.885468 -40.871754 8.014946
v -111.428270 -41.361685 9.526238
v -110.756721 -40.889654 8.069452
v -111.345234 -41.384859 9.558204
v -110.673332 -40.911469 8.101419
v -111.220798 -41.435313 9.601089
v -110.548077 -40.959888 8.144304
v -110.116892 -40.799265 7.500005
v -110.190716 -40.700545 7.363432
v -108.985538 -39.945998 5.000000
v -109.341326 -40.064611 5.486885
v -109.101620 -39.902866 5.000000
v -109.236269 -39.872162 5.000000
v -111.853199 -41.455894 9.775807
v -111.977262 -41.473403 9.711264
v -111.725712 -41.457453 9.835926
v -111.597347 -41.477976 9.890434
v -111.514416 -41.501484 9.922400
v -111.390190 -41.552448 9.965285
v -109.467955 -40.019941 5.444001
v -109.374218 -39.859366 5.000000
v -109.551964 -40.000625 5.412036
v -109.681187 -39.986565 5.357531
v -110.399961 -40.632143 7.288582
v -110.528870 -40.615373 7.234076
v -109.649830 -39.884791 5.000000
v -109.808598 -39.991410 5.297413
v -110.656347 -40.617533 7.173957
v -109.931631 -40.015121 5.232872
v -109.913073 -39.972045 5.000000
v -110.047846 -40.057287 5.165169
v -110.896931 -40.678368 7.041712
v -110.779858 -40.638652 7.109416
v -110.316381 -40.653229 7.320547
v -109.140120 -41.242867 7.500272
v -108.832808 -41.372213 7.500247
v -107.926359 -40.389628 5.000000
v -107.316952 -41.946583 7.500123
v -106.835613 -40.790205 5.000000
v -105.716228 -41.148672 5.000000
v -105.746403 -42.442064 7.500000
v -104.570742 -41.465693 5.000000
v -109.720793 -41.671052 8.749909
v -109.415340 -41.804695 8.749909
v -107.907734 -42.400293 8.749909
v -120.197945 -45.930347 9.643559
v -120.010624 -45.849128 9.279366
v -119.264669 -45.516634 7.822587
v -119.887829 -45.834680 9.347070
v -119.142132 -45.500178 7.890292
v -119.762640 -45.839758 9.411613
v -119.016876 -45.503211 7.954833
v -119.637508 -45.864196 9.471732
v -118.891354 -45.525613 8.014952
v -119.514933 -45.907464 9.526240
v -118.768091 -45.566869 8.069459
v -119.437571 -45.945492 9.558206
v -118.690128 -45.603628 8.101424
v -119.324522 -46.017957 9.601091
v -118.575907 -45.674238 8.144309
v -118.122540 -45.595589 7.500005
v -118.176975 -45.484982 7.363439
v -116.853666 -44.964733 5.000000
v -117.225189 -45.015945 5.486888
v -116.959782 -44.901037 5.000000
v -117.086496 -44.846101 5.000000
v -119.949932 -45.921984 9.775807
v -120.075102 -45.916395 9.711264
v -119.824896 -45.946937 9.835926
v -119.702501 -45.990701 9.890434
v -119.625301 -46.029048 9.922400
v -119.512548 -46.101971 9.965285
v -117.341461 -44.948773 5.444003
v -117.219753 -44.808168 5.000000
v -117.420483 -44.914346 5.412039
v -117.544918 -44.876781 5.357533
v -118.370085 -45.379295 7.288589
v -118.493710 -45.339117 7.234083
v -117.495365 -44.782495 5.000000
v -117.671061 -44.858131 5.297415
v -118.619423 -45.317822 7.173964
v -117.796345 -44.858832 5.232875
v -117.770176 -44.819899 5.000000
v -117.918339 -44.878931 5.165172
v -118.031015 -44.915075 5.000000
v -119.298038 -45.512953 7.500007
v -118.867092 -45.333414 7.041719
v -118.744707 -45.315886 7.109423
v -118.291798 -45.415373 7.320554
v -119.434004 -45.574555 5.000000
v -119.425097 -45.570531 5.000000
v -119.288788 -45.508742 2.499993
v -118.026447 -44.912839 5.000000
v -118.021879 -44.910603 5.000000
v -122.549372 -47.335019 9.618945
v -121.670132 -47.001543 7.955877
v -121.457977 -47.050776 7.499995
v -121.231928 -46.828284 7.122542
v -120.358582 -46.468735 5.452278
v -121.205597 -46.696610 7.165427
v -120.334721 -46.336589 5.495163
v -121.179266 -46.614528 7.197392
v -120.309935 -46.254034 5.527129
v -121.125317 -46.496267 7.251898
v -120.258207 -46.134782 5.581636
v -121.056032 -46.389227 7.312017
v -120.190945 -46.026464 5.641756
v -120.972767 -46.295590 7.376559
v -120.109453 -45.931287 5.706298
v -120.877132 -46.217246 7.444264
v -120.015287 -45.851164 5.774004
v -119.800911 -45.757132 5.356441
v -119.698553 -45.733414 5.000000
v -119.894695 -45.837688 5.288735
v -119.975739 -45.933247 5.224193
v -122.519369 -47.204132 9.661829
v -122.490749 -47.122817 9.693794
v -122.433510 -47.006116 9.748300
v -122.361259 -46.901054 9.808418
v -122.275410 -46.809783 9.872958
v -121.406002 -46.471286 8.209891
v -121.490145 -46.564140 8.145350
v -122.177620 -46.734152 9.940661
v -121.309643 -46.393843 8.277596
v -119.917469 -45.950327 5.000000
v -120.004406 -46.077585 5.000000
v -120.042496 -46.041880 5.164073
v -120.073290 -46.215434 5.000000
v -120.093670 -46.161366 5.109565
v -120.118074 -46.244040 5.077599
v -120.121546 -46.361318 5.000000
v -120.141315 -46.376295 5.034714
v -120.147009 -46.512794 5.000000
v -121.560421 -46.670527 8.085232
v -121.615477 -46.788282 8.030726
v -121.642570 -46.870112 7.998760
v -130.372210 -49.081807 1.305840
v -129.960432 -48.999238 2.054967
v -128.148985 -48.575239 5.000000
v -128.862705 -48.761444 4.058478
v -128.284330 -48.615999 5.000000
v -128.543167 -48.687358 4.643559
v -128.491955 -48.712063 5.000000
v -128.650150 -48.749332 4.711264
v -128.747349 -48.828387 4.775806
v -129.067812 -48.901134 4.190725
v -129.153996 -48.995104 4.250845
v -130.256901 -49.226294 2.247331
v -130.332232 -49.332218 2.301837
v -130.746794 -49.411650 1.552708
v -130.788803 -49.486923 1.584674
v -131.527405 -49.618711 0.254856
v -131.581020 -49.741812 0.297741
v -131.214886 -49.276147 0.043728
v -130.481434 -49.139738 1.373543
v -131.406479 -49.439936 0.168385
v -130.581532 -49.215097 1.438084
v -131.316090 -49.350009 0.108268
v -131.484270 -49.544072 0.222891
v -130.840588 -49.610815 1.627558
v -130.409546 -49.654846 2.500005
v -130.424366 -49.532156 2.376687
v -129.314547 -49.304647 4.380203
v -129.266605 -49.179220 4.337318
v -128.958893 -49.200501 5.000000
v -128.944302 -49.107771 4.922399
v -128.837481 -49.007750 5.000000
v -128.905153 -49.030981 4.890433
v -128.832912 -48.922915 4.835926
v -129.226933 -49.102688 4.305352
v -129.022083 -49.366641 5.000000
v -128.991423 -49.233508 4.965285
v -129.007053 -49.317789 5.000000
v -128.678989 -48.843565 5.000000
v -130.373611 -49.407835 2.333802
v -130.670567 -49.306364 1.498202
v -130.168629 -49.134283 2.187212
v -130.069151 -49.058084 2.122671
v -128.970079 -48.822718 4.126183
v -126.658173 -48.187094 5.000000
v -126.653280 -48.185740 5.000000
v -128.194962 -48.586431 5.000000
v -128.316517 -48.615804 5.231267
v -128.013487 -48.541975 7.500007
v -128.240967 -48.597584 5.000000
v -128.286972 -48.608694 5.000000
v -128.402042 -48.636274 5.447220
v -126.648397 -48.184385 5.000000
v -126.343451 -48.137226 5.000000
v -126.473875 -48.153524 4.940662
v -127.373772 -48.397274 3.277595
v -127.826366 -48.513098 2.444263
v -127.250233 -48.402071 3.209891
v -127.702875 -48.519044 2.376558
v -127.127342 -48.426523 3.145350
v -127.580223 -48.544645 2.312017
v -127.007523 -48.470106 3.085231
v -127.460804 -48.589349 2.251898
v -126.893148 -48.531885 3.030725
v -127.347021 -48.652186 2.197392
v -126.822643 -48.581467 2.998760
v -127.276974 -48.702431 2.165426
v -126.722212 -48.670607 2.955875
v -127.177391 -48.792505 2.122541
v -126.863279 -48.836536 2.499994
v -128.093052 -49.023995 0.452279
v -128.322630 -49.079180 0.034715
v -128.420086 -48.986802 0.077601
v -128.190937 -48.932071 0.495164
v -128.488941 -48.934937 0.109567
v -128.260021 -48.880529 0.527130
v -128.372622 -48.815565 0.581637
v -128.601208 -48.869452 0.164074
v -126.036434 -48.163877 5.000000
v -126.350269 -48.156013 4.872959
v -125.888214 -48.206058 5.000000
v -126.106339 -48.219519 4.748301
v -126.226950 -48.178177 4.808419
v -125.990839 -48.279147 4.693796
v -125.747080 -48.267932 5.000000
v -125.919409 -48.327408 4.661830
v -125.616665 -48.349180 5.000000
v -125.817347 -48.414660 4.618946
v -125.500174 -48.449297 5.000000
v -128.719540 -48.821974 0.224194
v -128.491163 -48.768644 0.641757
v -128.964872 -48.784671 0.356441
v -128.841572 -48.793507 0.288736
v -128.736668 -48.732486 0.774004
v -128.613310 -48.740745 0.706299
v -135.421171 -49.826980 5.000000
v -135.552368 -49.819040 4.940662
v -135.729599 -49.817305 5.000000
v -136.481733 -49.893284 3.277595
v -136.947908 -49.923968 2.444263
v -136.361179 -49.920697 3.209891
v -136.827602 -49.952507 2.376558
v -136.244869 -49.967318 3.145350
v -136.711750 -50.000215 2.312017
v -136.135101 -50.032177 3.085231
v -136.602583 -50.066094 2.251898
v -136.034031 -50.113916 3.030725
v -136.502275 -50.148768 2.197392
v -135.973835 -50.175610 2.998760
v -136.442661 -50.211029 2.165426
v -135.891495 -50.281687 2.955875
v -136.361313 -50.317869 2.122541
v -136.060658 -50.418868 2.499994
v -137.303925 -50.377164 0.452279
v -137.539730 -50.389223 0.034715
v -137.618561 -50.280514 0.077601
v -137.383251 -50.268817 0.495164
v -137.676697 -50.216880 0.109567
v -137.441692 -50.205460 0.527130
v -137.540436 -50.120916 0.581637
v -137.775040 -50.131879 0.164074
v -135.124283 -49.909592 5.000000
v -135.431337 -49.844198 4.872959
v -134.986324 -49.978294 5.000000
v -135.203218 -49.951444 4.748301
v -135.314178 -49.888639 4.808419
v -135.100632 -50.031281 4.693796
v -134.858980 -50.065050 5.000000
v -135.039310 -50.091844 4.661830
v -134.745693 -50.168872 5.000000
v -134.955006 -50.196366 4.618946
v -134.649601 -50.288692 5.000000
v -137.882633 -50.063467 0.224194
v -137.648344 -50.053005 0.641757
v -138.116932 -49.981718 0.356441
v -137.997341 -50.013061 0.288736
v -137.883024 -49.972353 0.774004
v -137.763290 -50.003138 0.706299
v -134.659748 -50.289779 5.000000
v -133.992720 -51.224599 5.000000
v -133.982449 -51.223269 5.000000
v -133.276196 -52.139425 5.000000
v -133.265820 -52.137856 5.000000
v -132.513151 -53.033524 5.000000
v -132.502689 -53.031702 5.000000
v -131.706104 -53.906126 5.000000
v -131.695538 -53.904057 5.000000
v -131.363192 -53.852248 5.000000
v -131.356077 -53.850660 5.000000
v -131.020632 -53.796186 5.000000
v -131.016970 -53.795133 5.000000
v -130.678434 -53.737950 5.000000
v -130.678205 -53.737464 5.000000
v -134.755812 -50.169935 5.000000
v -134.869061 -50.066090 5.000000
v -134.996414 -49.979310 5.000000
v -135.134354 -49.910574 5.000000
v -135.431232 -49.827905 5.000000
v -135.734615 -49.817734 5.000000
v -135.739641 -49.818163 5.000000
v -137.276440 -49.925771 5.000000
v -137.137089 -49.917974 7.500008
v -137.285995 -49.926291 5.000000
v -140.826931 -50.442486 9.618945
v -139.886599 -50.449147 7.955875
v -139.706554 -50.571694 7.499995
v -139.415407 -50.445886 7.122541
v -138.471165 -50.426097 5.452278
v -139.343290 -50.332613 7.165425
v -138.401165 -50.311494 5.495163
v -139.289093 -50.265584 7.197391
v -138.348236 -50.243464 5.527129
v -139.196062 -50.174799 7.251897
v -138.256912 -50.150952 5.581636
v -139.092789 -50.100012 7.312016
v -138.155079 -50.074248 5.641755
v -138.981323 -50.042772 7.376558
v -138.044691 -50.014935 5.706298
v -138.863831 -50.004272 7.444263
v -137.927952 -49.974241 5.774003
v -137.694073 -49.963994 5.356441
v -137.590075 -49.978857 5.000000
v -137.810640 -50.005236 5.288735
v -137.920732 -50.065064 5.224193
v -140.751677 -50.331278 9.661829
v -140.695629 -50.265794 9.693794
v -140.600100 -50.177646 9.748300
v -140.494766 -50.105782 9.808418
v -140.381746 -50.051684 9.872958
v -139.448776 -50.050106 8.209890
v -139.560757 -50.106301 8.145348
v -140.263233 -50.016484 9.940661
v -139.330931 -50.012703 8.277594
v -137.872562 -50.102038 5.000000
v -137.999592 -50.189300 5.000000
v -138.022213 -50.142245 5.164073
v -138.113613 -50.292959 5.000000
v -138.113098 -50.235181 5.109565
v -138.165712 -50.303454 5.077599
v -138.211317 -50.411563 5.000000
v -138.235149 -50.418386 5.034714
v -138.289776 -50.543609 5.000000
v -139.664736 -50.180120 8.085231
v -139.758606 -50.270028 8.030725
v -139.813433 -50.336547 7.998759
v -144.654827 -49.819937 5.000000
v -144.782333 -49.788027 4.940662
v -144.956207 -49.753752 5.000000
v -145.709505 -49.690237 3.277595
v -146.173372 -49.634738 2.444263
v -145.596037 -49.739332 3.209891
v -146.060381 -49.684896 2.376558
v -145.490284 -49.806528 3.145350
v -145.955248 -49.753079 2.312017
v -145.394306 -49.890456 3.085231
v -145.860043 -49.837894 2.251898
v -145.309963 -49.989371 3.030725
v -145.776644 -49.937596 2.197392
v -145.262127 -50.061083 2.998760
v -145.729475 -50.009751 2.165426
v -145.200682 -50.180483 2.955875
v -145.669155 -50.129714 2.122541
v -145.392170 -50.284243 2.499994
v -146.606617 -50.014796 0.452279
v -146.840620 -49.983325 0.034715
v -146.898136 -49.861979 0.077601
v -146.664677 -49.893723 0.495164
v -146.943588 -49.788747 0.109567
v -146.710482 -49.820700 0.527130
v -146.792011 -49.719458 0.581637
v -147.024641 -49.687123 0.164074
v -144.378176 -49.955697 5.000000
v -144.667969 -49.834995 4.872959
v -144.255190 -50.048580 5.000000
v -144.463444 -49.982328 4.748301
v -144.560976 -49.900212 4.808419
v -144.377289 -50.079660 4.693796
v -144.145937 -50.157256 5.000000
v -144.328127 -50.150461 4.661830
v -144.053679 -50.280123 5.000000
v -144.264469 -50.268693 4.618946
v -143.981228 -50.415564 5.000000
v -147.117825 -49.600101 0.224194
v -146.885605 -49.632874 0.641757
v -147.333117 -49.476695 0.356441
v -147.221317 -49.529481 0.288736
v -147.101469 -49.510474 0.774004
v -146.989422 -49.562736 0.706299
v -144.961195 -49.753256 5.000000
v -144.966183 -49.752760 5.000000
v -146.496658 -49.576139 5.000000
v -146.358166 -49.594088 7.500008
v -146.667309 -49.553480 5.231267
v -146.754456 -49.541674 5.447220
v -146.543503 -49.569979 5.000000
v -146.590347 -49.563770 5.000000
v -146.637192 -49.557519 5.000000
v -148.752747 -49.245381 1.305842
v -148.338947 -49.317141 2.054969
v -147.229443 -49.491949 4.058479
v -146.637373 -49.565263 5.000000
v -146.904726 -49.538298 4.643559
v -146.866055 -49.579854 5.000000
v -147.026854 -49.557443 4.711264
v -147.146053 -49.596043 4.775806
v -147.471161 -49.548116 4.190726
v -147.585468 -49.604602 4.250846
v -148.697405 -49.421768 2.247333
v -148.805923 -49.493322 2.301839
v -149.221191 -49.417639 1.552710
v -149.287548 -49.472651 1.584675
v -150.023880 -49.328723 0.254857
v -150.118361 -49.424143 0.297741
v -149.608717 -49.122190 0.043728
v -148.875504 -49.259944 1.373545
v -149.846544 -49.205704 0.168386
v -148.996077 -49.294062 1.438086
v -149.729786 -49.154501 0.108268
v -149.956713 -49.274707 0.222891
v -149.380598 -49.569464 1.627560
v -148.994570 -49.766240 2.500005
v -148.964052 -49.646482 2.376689
v -147.847004 -49.835253 4.380204
v -147.756987 -49.735613 4.337319
v -147.478685 -49.867477 5.000000
v -147.430649 -49.785409 4.922399
v -147.295685 -49.731193 5.000000
v -147.366390 -49.727950 4.890433
v -147.259998 -49.653282 4.835926
v -147.692356 -49.678574 4.305353
v -147.596693 -49.998703 5.000000
v -147.520008 -49.885635 4.965285
v -147.564955 -49.958491 5.000000
v -147.088299 -49.635067 5.000000
v -148.871822 -49.548893 2.333804
v -149.112072 -49.346995 1.498204
v -148.581867 -49.367857 2.187214
v -148.461590 -49.332733 2.122673
v -147.351704 -49.510298 4.126184
v -148.305006 -50.902472 5.000000
v -148.521671 -50.174985 3.749909
v -149.223557 -50.050712 2.500326
v -149.574203 -49.984822 1.874864
v -149.924107 -49.916530 1.249909
v -150.386248 -50.452013 1.249909
v -150.739393 -50.378027 0.624955
v -151.345396 -51.027865 0.624955
v -150.273514 -49.845796 0.624955
v -151.977949 -51.663084 0.624955
v -152.203779 -53.157115 2.500000
v -150.709658 -53.478169 5.000000
v -150.161419 -52.050848 3.749909
v -150.889540 -51.903405 2.500136
v -151.253033 -51.825814 1.874864
v -150.629425 -51.181798 1.874864
v -151.615782 -51.745715 1.249909
v -150.987673 -51.106086 1.249909
v -149.864273 -52.642832 5.000000
v -149.061861 -51.784048 5.000000
v -149.551497 -51.393871 3.749909
v -148.968611 -50.723205 3.749909
v -149.678173 -50.592613 2.500272
v -150.270433 -51.255045 2.500204
v -150.032578 -50.523529 1.874864
v -156.308947 -47.283573 9.643559
v -156.115799 -47.349749 9.279383
v -155.340595 -47.606559 7.822676
v -156.015339 -47.421789 9.347089
v -155.238953 -47.676950 7.890381
v -155.926228 -47.509885 9.411632
v -155.148420 -47.763581 7.954922
v -155.850220 -47.612257 9.471751
v -155.070744 -47.864695 8.015041
v -155.788784 -47.726808 9.526259
v -155.007448 -47.978230 8.069547
v -155.757236 -47.807031 9.558223
v -154.974594 -48.057928 8.101513
v -155.722504 -47.936740 9.601110
v -154.937763 -48.187056 8.144398
v -154.549685 -48.434381 7.500005
v -154.515457 -48.315945 7.363545
v -153.186979 -48.822989 5.000000
v -153.496046 -48.610544 5.486924
v -153.222017 -48.705688 5.000000
v -153.278561 -48.579497 5.000000
v -156.120024 -47.444477 9.775807
v -156.208773 -47.356024 9.711264
v -156.044436 -47.547159 9.835927
v -155.983477 -47.661963 9.890434
v -155.952253 -47.742310 9.922401
v -155.918064 -47.872162 9.965285
v -153.536730 -48.482566 5.444040
v -153.351460 -48.461475 5.000000
v -153.571930 -48.403883 5.412075
v -153.638582 -48.292289 5.357569
v -154.586964 -48.107738 7.288696
v -154.651260 -47.994761 7.234190
v -153.537922 -48.256445 5.000000
v -153.719234 -48.193531 5.297452
v -154.729815 -47.894330 7.174071
v -153.812304 -48.109636 5.232911
v -153.766422 -48.098660 5.000000
v -153.915997 -48.042307 5.165207
v -154.023590 -47.993116 5.000000
v -155.362720 -47.581372 7.500008
v -154.923344 -47.739000 7.041825
v -154.821091 -47.808495 7.109529
v -154.553423 -48.187141 7.320661
v -154.314985 -49.481454 7.500272
v -154.233017 -49.804640 7.500247
v -152.902699 -49.935656 5.000000
v -153.777866 -51.360455 7.500123
v -152.565031 -51.047559 5.000000
v -152.176485 -52.156944 5.000000
v -153.226805 -52.912374 7.500000
v -151.739149 -53.262181 5.000000
v -155.006618 -49.276104 8.749909
v -154.929199 -49.600401 8.749909
v -154.495955 -51.162424 8.749909
v -157.652531 -46.798573 1.305842
v -157.258959 -46.945143 2.054970
v -155.495634 -47.538252 5.000000
v -156.200466 -47.320848 4.058479
v -155.631866 -47.501726 5.000000
v -155.889797 -47.426076 4.643559
v -155.859509 -47.474022 5.000000
v -156.013365 -47.422452 4.711264
v -156.137638 -47.438493 4.775806
v -156.448393 -47.331643 4.190727
v -156.571140 -47.366166 4.250846
v -157.630539 -46.982126 2.247334
v -157.750368 -47.032518 2.301840
v -158.144636 -46.881819 1.552711
v -158.219986 -46.923704 1.584676
v -158.917332 -46.646929 0.254857
v -159.027739 -46.723356 0.297741
v -158.471279 -46.520190 0.043728
v -157.775879 -46.790328 1.373546
v -158.720417 -46.558585 0.168386
v -157.900667 -46.801710 1.438087
v -158.596220 -46.529713 0.108268
v -158.841372 -46.606174 0.222892
v -158.329239 -47.001772 1.627561
v -157.985945 -47.266126 2.500005
v -157.933941 -47.154016 2.376690
v -156.870594 -47.544827 4.380205
v -156.763792 -47.463427 4.337319
v -156.514988 -47.644510 5.000000
v -156.452160 -47.572336 4.922399
v -156.309948 -47.543998 5.000000
v -156.378450 -47.527666 4.890433
v -156.260147 -47.473822 4.835926
v -156.689787 -47.419238 4.305353
v -156.654568 -47.751493 5.000000
v -156.558428 -47.654438 4.965285
v -156.615953 -47.717762 5.000000
v -156.088285 -47.487502 5.000000
v -157.825346 -47.075033 2.333806
v -158.024397 -46.832433 1.498205
v -157.507067 -46.950364 2.187215
v -157.382383 -46.937933 2.122674
v -156.324024 -47.316413 4.126185
v -157.516909 -48.509722 5.000000
v -157.596207 -47.754812 3.749909
v -158.263302 -47.503676 2.500326
v -158.595886 -47.374477 1.874864
v -158.927259 -47.243056 1.249909
v -159.479933 -47.684507 1.249909
v -159.813461 -47.546887 0.624955
v -160.528564 -48.074312 0.624955
v -159.257736 -47.109323 0.624955
v -161.267071 -48.582478 0.624955
v -161.763573 -50.009580 2.500000
v -160.353889 -50.599709 5.000000
v -159.552736 -49.297428 3.749909
v -160.241356 -49.018703 2.500136
v -160.584393 -48.875642 1.874864
v -159.853077 -48.357182 1.874864
v -160.926247 -48.730254 1.249909
v -160.191307 -48.216925 1.249909
v -159.369411 -49.933939 5.000000
v -158.422871 -49.237218 5.000000
v -158.832455 -48.763709 3.749909
v -158.136272 -48.211570 3.749909
v -158.809757 -47.952819 2.500272
v -159.513645 -48.495145 2.500204
v -159.145432 -47.819791 1.874864
v -164.719505 -43.481765 9.643559
v -164.541817 -43.582306 9.279391
v -163.827000 -43.977175 7.822710
v -164.456291 -43.671579 9.347097
v -163.740025 -44.065046 7.890415
v -164.384880 -43.774548 9.411638
v -163.666954 -44.166837 7.954957
v -164.328995 -43.889141 9.471758
v -163.609200 -44.280500 8.015076
v -164.289646 -44.013033 9.526265
v -163.567829 -44.403734 8.069583
v -164.273376 -44.097681 9.558231
v -163.550167 -44.488111 8.101548
v -164.263077 -44.231567 9.601116
v -163.537693 -44.621811 8.144432
v -163.201637 -44.936242 7.500005
v -163.146267 -44.826097 7.363587
v -161.933556 -45.568628 5.000000
v -162.198353 -45.303001 5.486938
v -161.946373 -45.447421 5.000000
v -161.978703 -45.312910 5.000000
v -164.563370 -43.674645 9.775807
v -164.634361 -43.571386 9.711264
v -164.507942 -43.789468 9.835927
v -164.469109 -43.913517 9.890434
v -164.453163 -43.998232 9.922401
v -164.443417 -44.132161 9.965285
v -162.214813 -45.169730 5.444053
v -162.028637 -45.183420 5.000000
v -162.234955 -45.085917 5.412089
v -162.279968 -44.963975 5.357583
v -163.178291 -44.608297 7.288737
v -163.220749 -44.485431 7.234231
v -162.174263 -44.947462 5.000000
v -162.341099 -44.852080 5.297465
v -163.279514 -44.372272 7.174113
v -162.417183 -44.752512 5.232925
v -162.369938 -44.750242 5.000000
v -162.506733 -44.667273 5.165221
v -162.603436 -44.599152 5.000000
v -163.844109 -43.948359 7.500008
v -163.441200 -44.184027 7.041867
v -163.353462 -44.271131 7.109572
v -163.159924 -44.692516 7.320703
v -163.163357 -46.008611 7.500272
v -163.142166 -46.341352 7.500247
v -161.858559 -46.714582 5.000000
v -162.980633 -47.954316 7.500123
v -161.730976 -47.869601 5.000000
v -161.552887 -49.031496 5.000000
v -162.724113 -49.581065 7.500000
v -161.326084 -50.198274 5.000000
v -163.805485 -45.679674 8.749909
v -163.788948 -46.012678 8.749909
v -163.650112 -47.627707 8.749909
v -165.951176 -42.758098 1.305843
v -165.591240 -42.974486 2.054971
v -163.966923 -43.881512 5.000000
v -164.619808 -43.538294 4.058480
v -164.094028 -43.820605 5.000000
v -164.333763 -43.698816 4.643559
v -164.312859 -43.751497 5.000000
v -164.454556 -43.672543 4.711264
v -164.579659 -43.665476 4.775806
v -164.865494 -43.503346 4.190727
v -164.992485 -43.514729 4.250847
v -165.963287 -42.942562 2.247335
v -166.090336 -42.970080 2.301841
v -166.450214 -42.749500 1.552712
v -166.531963 -42.776823 1.584677
v -167.166576 -42.376623 0.254857
v -167.289143 -42.431469 0.297741
v -166.704845 -42.334008 0.043728
v -166.070900 -42.727327 1.373547
v -166.956787 -42.325969 0.168386
v -166.195660 -42.715588 1.438088
v -166.829414 -42.320409 0.108268
v -167.084427 -42.350521 0.222892
v -166.653709 -42.833490 1.627562
v -166.364822 -43.156424 2.500005
v -166.293106 -43.055778 2.376691
v -165.319672 -43.635325 4.380205
v -165.199738 -43.574929 4.337319
v -164.988976 -43.798862 5.000000
v -164.913445 -43.739252 4.922399
v -164.768829 -43.737593 5.000000
v -164.832764 -43.708887 4.890433
v -164.706573 -43.677692 4.835926
v -165.118866 -43.545094 4.305354
v -165.145302 -43.878164 5.000000
v -165.032959 -43.800430 4.965285
v -165.101109 -43.852081 5.000000
v -164.540386 -43.722715 5.000000
v -166.171856 -42.998095 2.333806
v -166.322937 -42.723050 1.498206
v -165.836067 -42.934031 2.187216
v -165.711231 -42.944727 2.122675
v -164.740448 -43.511233 4.126185
v -166.132278 -44.465027 5.000000
v -166.071510 -43.708401 3.749909
v -166.681118 -43.338966 2.500326
v -166.984291 -43.150854 1.874864
v -167.285881 -42.960782 1.249909
v -167.910252 -43.293161 1.249909
v -168.212833 -43.096595 0.624955
v -169.012642 -43.483644 0.624955
v -167.586155 -42.768602 0.624955
v -169.831963 -43.847456 0.624955
v -170.582256 -45.159025 2.500000
v -169.305000 -45.998135 5.000000
v -168.278179 -44.865241 3.749909
v -168.903866 -44.464731 2.500136
v -169.214783 -44.261069 1.874864
v -168.400631 -43.885818 1.874864
v -169.524117 -44.055343 1.249909
v -168.707352 -43.685803 1.249909
v -168.214951 -45.524597 5.000000
v -167.156487 -45.013666 5.000000
v -167.472115 -44.472961 3.749909
v -166.686325 -44.058142 3.749909
v -167.300797 -43.680048 2.500272
v -168.092346 -44.083800 2.500204
v -167.606316 -43.487606 1.874864
v -172.288284 -38.199272 9.643559
v -172.132092 -38.330750 9.279398
v -171.502018 -38.850236 7.822748
v -172.064438 -38.434219 9.347104
v -171.432686 -38.952587 7.890453
v -172.013168 -38.548553 9.411646
v -171.379547 -39.066072 7.954994
v -171.979275 -38.671467 9.471766
v -171.343651 -39.188418 8.015114
v -171.963367 -38.800480 9.526273
v -171.325645 -39.317155 8.069620
v -171.962929 -38.886681 9.558239
v -171.323795 -39.403336 8.101586
v -171.977406 -39.020176 9.601124
v -171.336098 -39.537053 8.144470
v -171.063538 -39.907887 7.500005
v -170.988884 -39.809785 7.363632
v -169.933224 -40.762515 5.000000
v -170.144691 -40.452752 5.486953
v -169.923553 -40.641623 5.000000
v -169.930553 -40.503378 5.000000
v -172.170258 -38.417561 9.775807
v -172.221031 -38.303020 9.711264
v -172.136860 -38.540616 9.835927
v -172.121468 -38.669686 9.890434
v -172.121391 -38.755887 9.922401
v -172.136421 -38.889325 9.965286
v -170.136395 -40.318727 5.444069
v -169.955788 -40.366831 5.000000
v -170.140800 -40.232639 5.412104
v -170.162640 -40.104499 5.357598
v -170.980339 -39.589801 7.288783
v -170.999489 -39.461231 7.234277
v -170.055561 -40.107961 5.000000
v -170.202179 -39.983277 5.297481
v -171.036453 -39.339204 7.174158
v -170.258656 -39.871430 5.232940
v -170.211697 -39.877999 5.000000
v -170.331020 -39.771187 5.165237
v -170.413570 -39.686456 5.000000
v -171.513538 -38.818774 7.500008
v -171.160812 -39.124446 7.041911
v -171.090565 -39.226189 7.109616
v -170.977745 -39.675965 7.320748
v -171.222935 -40.969019 7.500272
v -171.263237 -41.299992 7.500247
v -170.070076 -41.902733 5.000000
v -171.400852 -42.915168 7.500123
v -170.156898 -43.061528 5.000000
v -170.195351 -44.236355 5.000000
v -171.447620 -44.561357 7.500000
v -170.186787 -45.424943 5.000000
v -171.793690 -40.527692 8.749909
v -171.838627 -40.858059 8.749909
v -171.998920 -42.471104 8.749909
v -173.366070 -37.261543 1.305844
v -173.052025 -37.540386 2.054972
v -171.622047 -38.730435 5.000000
v -172.200737 -38.273094 4.058480
v -171.735725 -38.647258 5.000000
v -171.949062 -38.483441 4.643559
v -171.938267 -38.539040 5.000000
v -172.062988 -38.435421 4.711264
v -172.184658 -38.405490 4.775806
v -172.435818 -38.193595 4.190727
v -172.562752 -38.181453 4.250847
v -173.411903 -37.440639 2.247336
v -173.541832 -37.444348 2.301842
v -173.855038 -37.161396 1.552713
v -173.940430 -37.173238 1.584678
v -174.490700 -36.663239 0.254857
v -174.621258 -36.694627 0.297742
v -174.028988 -36.706188 0.043728
v -173.478127 -37.209296 1.373548
v -174.275169 -36.651998 0.168386
v -173.598595 -37.174835 1.438088
v -174.148922 -36.669934 0.108269
v -174.405155 -36.652675 0.222892
v -174.070492 -37.206566 1.627562
v -173.845882 -37.577081 2.500005
v -173.756905 -37.491329 2.376692
v -172.906532 -38.239872 4.380205
v -172.777538 -38.202546 4.337320
v -172.612000 -38.461490 5.000000
v -172.526302 -38.416677 4.922399
v -172.384205 -38.441613 5.000000
v -172.441425 -38.401654 4.890433
v -172.311649 -38.394177 4.835926
v -172.692566 -38.188076 4.305354
v -172.779751 -38.510613 5.000000
v -172.655048 -38.454850 4.965285
v -172.731457 -38.493085 5.000000
v -172.156792 -38.468926 5.000000
v -173.627110 -37.456906 2.333807
v -173.725090 -37.158780 1.498207
v -173.285275 -37.455630 2.187217
v -173.164520 -37.489083 2.122676
v -172.314358 -38.224328 4.126185
v -173.857765 -38.906131 5.000000
v -173.659000 -38.173554 3.749909
v -174.190331 -37.698395 2.500326
v -174.453773 -37.457783 1.874864
v -174.715309 -37.215526 1.249909
v -175.390129 -37.427521 1.249909
v -175.651436 -37.178702 0.624955
v -176.508751 -37.412190 0.624955
v -174.975147 -36.971443 0.624955
v -177.380981 -37.619259 0.624955
v -178.359489 -38.770630 2.500000
v -177.258167 -39.830151 5.000000
v -176.040668 -38.905225 3.749909
v -176.582088 -38.396561 2.500136
v -176.850300 -38.139241 1.874864
v -175.981064 -37.919974 1.874864
v -177.116547 -37.880180 1.249909
v -176.245804 -37.667007 1.249909
v -176.099663 -39.564977 5.000000
v -174.965343 -39.257233 5.000000
v -175.176239 -38.667741 3.749909
v -174.327602 -38.404374 3.749909
v -174.862137 -37.919812 2.500272
v -175.714397 -38.171239 2.500204
v -175.127087 -37.674499 1.874864
v -177.003441 -33.681443 5.000000
v -177.076149 -33.571961 4.940662
v -177.181587 -33.429484 5.000000
v -177.695465 -32.875056 3.277595
v -178.000889 -32.521539 2.444263
v -177.644691 -32.987781 3.209891
v -177.951164 -32.634730 2.376558
v -177.611809 -33.108687 3.145350
v -177.919426 -32.755940 2.312017
v -177.597408 -33.235373 3.085231
v -177.906208 -32.882755 2.251898
v -177.601738 -33.365288 3.030725
v -177.911739 -33.012626 2.197392
v -177.614708 -33.450513 2.998760
v -177.925491 -33.097720 2.165426
v -177.649727 -33.580139 2.955875
v -177.961731 -33.227017 2.122541
v -177.861137 -33.527825 2.499994
v -178.577099 -32.510536 0.452279
v -178.728828 -32.329621 0.034715
v -178.689575 -32.201209 0.077601
v -178.538437 -32.381942 0.495164
v -178.673840 -32.116458 0.109567
v -178.523102 -32.297120 0.527130
v -178.515129 -32.167377 0.581637
v -178.665276 -31.986759 0.164074
v -176.890450 -33.968151 5.000000
v -177.023277 -33.683715 4.872959
v -176.862144 -34.119639 5.000000
v -176.971397 -33.930383 4.748301
v -176.988163 -33.803985 4.808419
v -176.973305 -34.060357 4.693796
v -176.854610 -34.273560 5.000000
v -176.984673 -34.145801 4.661830
v -176.869202 -34.426517 5.000000
v -177.017269 -34.276059 4.618946
v -176.906910 -34.575417 5.000000
v -178.675499 -31.859670 0.224194
v -178.525963 -32.040336 0.641757
v -178.751488 -31.623430 0.356441
v -178.704414 -31.737752 0.288736
v -178.603039 -31.804454 0.774004
v -178.555450 -31.918557 0.706299
v -177.188015 -33.422318 5.000000
v -178.200321 -32.260444 5.000000
v -178.109818 -32.367294 7.500008
v -178.310947 -32.128990 5.231267
v -178.367405 -32.061553 5.447220
v -178.230705 -32.224412 5.000000
v -178.261070 -32.188354 5.000000
v -178.291416 -32.152267 5.000000
v -179.644737 -30.496097 1.305844
v -179.387302 -30.827897 2.054973
v -178.685131 -31.704550 4.058480
v -178.296738 -32.157836 5.000000
v -178.475838 -31.958230 4.645100
v -178.476028 -32.014167 5.000000
v -178.578568 -31.890607 4.713987
v -178.692245 -31.839345 4.779712
v -178.901596 -31.583211 4.190727
v -179.024124 -31.547952 4.250847
v -179.722691 -30.663724 2.247336
v -179.851093 -30.643497 2.301843
v -180.106983 -30.307806 1.552713
v -180.193081 -30.303755 1.584678
v -180.640278 -29.701328 0.254857
v -180.774384 -29.708192 0.297742
v -180.194340 -29.828386 0.043729
v -179.745293 -30.424151 1.373548
v -180.426350 -29.729881 0.168386
v -179.857368 -30.368140 1.438089
v -180.305557 -29.770710 0.108269
v -180.554237 -29.706664 0.222892
v -180.327072 -30.312619 1.627563
v -180.174370 -30.718095 2.500005
v -180.071144 -30.650153 2.376693
v -179.372787 -31.542211 4.380205
v -179.239140 -31.529217 4.337320
v -179.124413 -31.814179 5.000000
v -179.029026 -31.788948 4.929439
v -178.896713 -31.836429 5.000000
v -178.943100 -31.789434 4.896703
v -178.814583 -31.805406 4.841014
v -179.152946 -31.530612 4.305354
v -179.297924 -31.831632 5.000000
v -179.256840 -31.824646 5.000000
v -179.162159 -31.803346 4.973508
v -179.247189 -31.823270 5.000000
v -178.678055 -31.905055 5.000000
v -179.937229 -30.640166 2.333808
v -179.978752 -30.329115 1.498207
v -179.600983 -30.701728 2.187218
v -179.488430 -30.756798 2.122677
v -178.787842 -31.635737 4.126185
v -180.430260 -32.022336 5.000000
v -180.100269 -31.338754 3.749909
v -180.535240 -30.774055 2.500326
v -180.749989 -30.489128 1.874864
v -180.962563 -30.202937 1.249909
v -181.664829 -30.287328 1.249909
v -181.875954 -29.994733 0.624955
v -182.761593 -30.066712 0.624955
v -181.173115 -29.915268 0.624955
v -183.657017 -30.109985 0.624955
v -184.830437 -31.061952 2.500000
v -183.942547 -32.305799 5.000000
v -182.575817 -31.620336 3.749909
v -183.014565 -31.020844 2.500136
v -183.230915 -30.718625 1.874864
v -182.336197 -30.662813 1.874864
v -183.445034 -30.415051 1.249909
v -182.549934 -30.365508 1.249909
v -182.755032 -32.258010 5.000000
v -181.583500 -32.163937 5.000000
v -181.682472 -31.545732 3.749909
v -180.799904 -31.442788 3.749909
v -181.236286 -30.868254 2.500272
v -182.120247 -30.958798 2.500204
v -181.451645 -30.578437 1.874864
v -183.906994 -23.956075 9.643559
v -183.808861 -24.135087 9.279414
v -183.409004 -24.847071 7.822827
v -183.783131 -24.256015 9.347119
v -183.381310 -24.967561 7.890531
v -183.776646 -24.381144 9.411662
v -183.372765 -25.092571 7.955073
v -183.789425 -24.508004 9.471782
v -183.383484 -25.219626 8.015192
v -183.821201 -24.634051 9.526289
v -183.413200 -25.346174 8.069698
v -183.851929 -24.714587 9.558254
v -183.442612 -25.427203 8.101664
v -183.913651 -24.833841 9.601139
v -183.502388 -25.547450 8.144549
v -183.382149 -25.991740 7.500005
v -183.277130 -25.927186 7.363726
v -182.636909 -27.196965 5.000000
v -182.722206 -26.831710 5.486984
v -182.584705 -27.088914 5.000000
v -182.541084 -26.957376 5.000000
v -183.875771 -24.202261 9.775807
v -183.881779 -24.077106 9.711264
v -183.889103 -24.329069 9.835927
v -183.921375 -24.454982 9.890434
v -183.952446 -24.535394 9.922401
v -184.014645 -24.654393 9.965286
v -182.666054 -26.709740 5.444100
v -182.515144 -26.820803 5.000000
v -182.639065 -26.627870 5.412136
v -182.613144 -26.500494 5.357630
v -183.189716 -25.725141 7.288877
v -183.161125 -25.598335 7.234371
v -182.514458 -26.543062 5.000000
v -182.606220 -26.373179 5.297512
v -183.151512 -25.471191 7.174252
v -182.618465 -26.248479 5.232971
v -182.576942 -26.271887 5.000000
v -182.649727 -26.128867 5.165268
v -182.696114 -26.020050 5.000000
v -183.408337 -24.813614 7.500008
v -183.189888 -25.226016 7.042006
v -183.161125 -25.346262 7.109711
v -183.218422 -25.806422 7.320842
v -183.914070 -26.923552 7.500272
v -184.071236 -27.217617 7.500247
v -183.176403 -28.210731 5.000000
v -184.783020 -28.674014 7.500123
v -183.675957 -29.259903 5.000000
v -184.136181 -30.341487 5.000000
v -185.421295 -30.192142 7.500000
v -184.557552 -31.452880 5.000000
v -184.286842 -26.305850 8.749909
v -184.448128 -26.597672 8.749909
v -185.180264 -28.043890 8.749909
v -184.573364 -22.692142 1.305845
v -184.381256 -23.065600 2.054973
v -183.477726 -24.691861 5.000000
v -183.852139 -24.056344 4.058481
v -183.553619 -24.573324 5.000000
v -183.693428 -24.343410 4.643559
v -183.703518 -24.399085 5.000000
v -183.782310 -24.257481 4.711264
v -183.884964 -24.185617 4.775806
v -184.042625 -23.897300 4.190728
v -184.156590 -23.840125 4.250847
v -184.680786 -22.842593 2.247337
v -184.803276 -22.799115 2.301843
v -184.993134 -22.422121 1.552714
v -185.077019 -22.402318 1.584679
v -185.405922 -21.727977 0.254857
v -185.538979 -21.710083 0.297742
v -184.990883 -21.934814 0.043729
v -184.658966 -22.602944 1.373549
v -185.200863 -21.795352 0.168387
v -184.758854 -22.527292 1.438089
v -185.089626 -21.857681 0.108269
v -185.322304 -21.749029 0.222892
v -185.210361 -22.386410 1.627563
v -185.134754 -22.813044 2.500005
v -185.020790 -22.765226 2.376693
v -184.498253 -23.770413 4.380206
v -184.364510 -23.782201 4.337320
v -184.304390 -24.083338 5.000000
v -184.207573 -24.072630 4.922399
v -184.084568 -24.147017 5.000000
v -184.123001 -24.089284 4.890433
v -183.999290 -24.129190 4.835926
v -184.280033 -23.799405 4.305354
v -184.477844 -24.068666 5.000000
v -184.341412 -24.061720 4.965285
v -184.426422 -24.069769 5.000000
v -183.882141 -24.254665 5.000000
v -184.887333 -22.780013 2.333808
v -184.871006 -22.466629 1.498208
v -184.568138 -22.902312 2.187218
v -184.467602 -22.977126 2.122677
v -183.940468 -23.969834 4.126185
v -185.625935 -24.048057 5.000000
v -185.175972 -23.436749 3.749909
v -185.499763 -22.801735 2.500326
v -185.658512 -22.482202 1.874864
v -185.814857 -22.161827 1.249909
v -186.520691 -22.115738 1.249909
v -186.674461 -21.789329 0.624955
v -187.558250 -21.697345 0.624955
v -185.968971 -21.840365 0.624955
v -188.446369 -21.575351 0.624955
v -189.774723 -22.295494 2.500000
v -189.130516 -23.681312 5.000000
v -187.661095 -23.258653 3.749909
v -187.982216 -22.588751 2.500136
v -188.139362 -22.251923 1.874864
v -187.249622 -22.361465 1.874864
v -188.294048 -21.914175 1.249909
v -187.405090 -22.029948 1.249909
v -187.954445 -23.852544 5.000000
v -186.785545 -23.975341 5.000000
v -186.769257 -23.349473 3.749909
v -185.882797 -23.410454 3.749909
v -186.206188 -22.765517 2.500272
v -187.091713 -22.692094 2.500204
v -186.364632 -22.441061 1.874864
v -187.561283 -15.480387 9.643559
v -187.497711 -15.674379 9.279422
v -187.235489 -16.447697 7.822865
v -187.494640 -15.797974 9.347127
v -187.230415 -16.571226 7.890570
v -187.511253 -15.922167 9.411670
v -187.244987 -16.695677 7.955111
v -187.547131 -16.044518 9.471790
v -187.278862 -16.818596 8.015230
v -187.601509 -16.162580 9.526297
v -187.331333 -16.937532 8.069736
v -187.646523 -16.236098 9.558262
v -187.375126 -17.011776 8.101702
v -187.729111 -16.341980 9.601147
v -187.455978 -17.118992 8.144587
v -187.419434 -17.577829 7.500005
v -187.304344 -17.533649 7.363772
v -186.908321 -18.899472 5.000000
v -186.925068 -18.524755 5.487000
v -186.837502 -18.803390 5.000000
v -186.770344 -18.682076 5.000000
v -187.575836 -15.728116 9.775807
v -187.558727 -15.603992 9.711264
v -187.612228 -15.850319 9.835927
v -187.667084 -15.968158 9.890434
v -187.712402 -16.041492 9.922401
v -187.795410 -16.147035 9.965285
v -186.847439 -18.415178 5.444115
v -186.719646 -18.552545 5.000000
v -186.805878 -18.339663 5.412151
v -186.756992 -18.219219 5.357645
v -187.181282 -17.351105 7.288923
v -187.129860 -17.231715 7.234417
v -186.667824 -18.279524 5.000000
v -186.726799 -18.095344 5.297527
v -187.097054 -17.108504 7.174298
v -186.715927 -17.970517 5.232986
v -186.679382 -18.001320 5.000000
v -186.724682 -17.847195 5.165283
v -186.750259 -17.731720 5.000000
v -187.228699 -16.414951 7.500008
v -187.089729 -16.860451 7.042052
v -187.083569 -16.983931 7.109756
v -187.224426 -17.425730 7.320888
v -188.113461 -18.395983 7.500272
v -188.321953 -18.656166 7.500247
v -187.624912 -19.796835 5.000000
v -189.289246 -19.956973 7.500123
v -188.308697 -20.736337 5.000000
v -188.959846 -21.714923 5.000000
v -190.195618 -21.331971 7.500000
v -189.578247 -22.729952 5.000000
v -188.366394 -17.720301 8.749909
v -188.578529 -17.977524 8.749909
v -189.563961 -19.264584 8.749909
v -187.984085 -14.115431 1.305845
v -187.863884 -14.517829 2.054974
v -187.274551 -16.282425 5.000000
v -187.525826 -15.588933 4.058481
v -187.327366 -16.151991 5.000000
v -187.422562 -15.900271 4.643559
v -187.442722 -15.953124 5.000000
v -187.494144 -15.799471 4.711264
v -187.581825 -15.709971 4.775806
v -187.683830 -15.397593 4.190728
v -187.785358 -15.320451 4.250847
v -188.117332 -14.243585 2.247337
v -188.229733 -14.178336 2.301843
v -188.347092 -13.772879 1.552714
v -188.425922 -13.737996 1.584679
v -188.625298 -13.014704 0.254857
v -188.752823 -12.972661 0.297742
v -188.255348 -13.294277 0.043729
v -188.051853 -14.012024 1.373549
v -188.436127 -13.118608 0.168387
v -188.136120 -13.919306 1.438089
v -188.338242 -13.200314 0.108269
v -188.547001 -13.050759 0.222892
v -188.554058 -13.697859 1.627564
v -188.558140 -14.131120 2.500005
v -188.437328 -14.105058 2.376693
v -188.108406 -15.189145 4.380206
v -187.979088 -15.225309 4.337320
v -187.975502 -15.532292 5.000000
v -187.878189 -15.539628 4.922399
v -187.771053 -15.635273 5.000000
v -187.798119 -15.571539 4.890433
v -187.683849 -15.633497 4.835926
v -187.899208 -15.257744 4.305354
v -188.143139 -15.486069 5.000000
v -188.007736 -15.504313 4.965285
v -188.092766 -15.496608 5.000000
v -187.591820 -15.778302 5.000000
v -188.308849 -14.144117 2.333809
v -188.235207 -13.839068 1.498208
v -188.017559 -14.322988 2.187219
v -187.932491 -14.414995 2.122678
v -187.596741 -15.487665 4.126186
v -189.267883 -15.254853 5.000000
v -188.713245 -14.736633 3.749909
v -188.914852 -14.052932 2.500326
v -189.012184 -13.709674 1.874864
v -189.107018 -13.366021 1.249909
v -189.792347 -13.191023 1.249909
v -189.883537 -12.841916 0.624955
v -190.735359 -12.589104 0.624955
v -189.199429 -13.021713 0.624955
v -191.585941 -12.305995 0.624955
v -193.024006 -12.769792 2.500000
v -192.645397 -14.250383 5.000000
v -191.123352 -14.104927 3.749909
v -191.315918 -13.387424 2.500136
v -191.408482 -13.027458 1.874864
v -190.554008 -13.298627 1.874864
v -191.498470 -12.667037 1.249909
v -190.645924 -12.944182 1.249909
v -191.520824 -14.634802 5.000000
v -190.394402 -14.970292 5.000000
v -190.263386 -14.358077 3.749909
v -189.403210 -14.580905 3.749909
v -189.602585 -13.887528 2.500272
v -190.459557 -13.652636 2.500204
v -189.698715 -13.539482 1.874864
v -189.595966 -6.477538 9.643559
v -189.569111 -6.679906 9.279429
v -189.453468 -7.488223 7.822901
v -189.588814 -6.801958 9.347134
v -189.471169 -7.610582 7.890605
v -189.627953 -6.920986 9.411677
v -189.508362 -7.730234 7.955147
v -189.685707 -7.034658 9.471796
v -189.564247 -7.844836 8.015267
v -189.760857 -7.140717 9.526303
v -189.637661 -7.952108 8.069773
v -189.818611 -7.204714 9.558269
v -189.694366 -8.017039 8.101738
v -189.919243 -7.293617 9.601154
v -189.793530 -8.107575 8.144623
v -189.841919 -8.565334 7.500005
v -189.720669 -8.543031 7.363815
v -189.582367 -9.958388 5.000000
v -189.529972 -9.586967 5.487014
v -189.495506 -9.877396 5.000000
v -189.407101 -9.770476 5.000000
v -189.655800 -6.718374 9.775807
v -189.616165 -6.599508 9.711264
v -189.714012 -6.831810 9.835927
v -189.789600 -6.937560 9.890434
v -189.847603 -7.001321 9.922401
v -189.948616 -7.089813 9.965285
v -189.433556 -9.493519 5.444130
v -189.333382 -9.652437 5.000000
v -189.378815 -9.426928 5.412165
v -189.308624 -9.317517 5.357659
v -189.566174 -8.386205 7.288966
v -189.493694 -8.278295 7.234460
v -189.232121 -9.393484 5.000000
v -189.256172 -9.201301 5.297542
v -189.438820 -8.163209 7.174340
v -189.222546 -9.080595 5.233001
v -189.192295 -9.117750 5.000000
v -189.208488 -8.957765 5.165297
v -189.212418 -8.839566 5.000000
v -189.440765 -7.457303 7.500008
v -189.386024 -7.920727 7.042095
v -189.402657 -8.043235 7.109799
v -189.622307 -8.451630 7.320931
v -190.674400 -9.241978 7.500272
v -190.927162 -9.459417 7.500247
v -190.451622 -10.708792 5.000000
v -192.117004 -10.560338 7.500123
v -191.296406 -11.506637 5.000000
v -192.116241 -12.348902 5.000000
v -193.260593 -11.745379 7.500000
v -192.910633 -13.232996 5.000000
v -190.798874 -8.531324 8.749909
v -191.054649 -8.745187 8.749909
v -192.259808 -9.829260 8.749909
v -189.760780 -5.058038 1.305845
v -189.716549 -5.475673 2.054974
v -189.461498 -7.318512 5.000000
v -189.581051 -6.590657 4.058481
v -189.489441 -7.180609 5.000000
v -189.536781 -6.915666 4.643559
v -189.566307 -6.963905 5.000000
v -189.588604 -6.803431 4.711264
v -189.658356 -6.699343 4.775806
v -189.701214 -6.373540 4.190728
v -189.786835 -6.279057 4.250847
v -189.915276 -5.159528 2.247337
v -190.013809 -5.074733 2.301844
v -190.054646 -4.654616 1.552714
v -190.125713 -4.605843 1.584679
v -190.188789 -3.858232 0.254857
v -190.306435 -3.793472 0.297742
v -189.876518 -4.201021 0.043729
v -189.808388 -4.943941 1.373549
v -190.021935 -3.995127 0.168387
v -189.874172 -4.837315 1.438090
v -189.940739 -4.093427 0.108269
v -190.118446 -3.908059 0.222892
v -190.244312 -4.542844 1.627564
v -190.327930 -4.967980 2.500005
v -190.204391 -4.964557 2.376694
v -190.080242 -6.090628 4.380206
v -189.959774 -6.149939 4.337320
v -190.012779 -6.452305 5.000000
v -189.918385 -6.477444 4.922399
v -189.830685 -6.591102 5.000000
v -189.845524 -6.523525 4.890433
v -189.744587 -6.605424 4.835926
v -189.887238 -6.196496 4.305354
v -190.168953 -6.376113 5.000000
v -190.039234 -6.418924 4.965285
v -190.121384 -6.395732 5.000000
v -189.680748 -6.764647 5.000000
v -190.085278 -5.026558 2.333809
v -189.956856 -4.740236 1.498208
v -189.831810 -5.255910 2.187219
v -189.765110 -5.361980 2.122678
v -189.632149 -6.478083 4.126186
v -191.232071 -5.942161 5.000000
v -190.591660 -5.534680 3.749909
v -190.664215 -4.825574 2.500326
v -190.696793 -4.470278 1.874864
v -190.726871 -4.115052 1.249909
v -191.368370 -3.817103 1.249909
v -191.393852 -3.457187 0.624955
v -192.184734 -3.052154 0.624955
v -190.754452 -3.759624 0.624955
v -192.968807 -2.617572 0.624955
v -194.467602 -2.809228 2.500000
v -194.367523 -4.334177 5.000000
v -192.844658 -4.470872 3.749909
v -192.902107 -3.730204 2.500136
v -192.926941 -3.359359 1.874864
v -192.136860 -3.782918 1.874864
v -192.949181 -2.988538 1.249909
v -192.162056 -3.417620 1.249909
v -193.332710 -4.918693 5.000000
v -192.287121 -5.455449 5.000000
v -192.045841 -4.877732 3.749909
v -191.241264 -5.254821 3.749909
v -191.309853 -4.536616 2.500272
v -192.109051 -4.148255 2.500204
v -191.340370 -4.176832 1.874864
v -189.842911 4.171601 1.305845
v -189.876175 3.752950 2.054974
v -189.964104 1.894624 5.000000
v -189.947872 2.632055 4.058481
v -189.966221 2.035319 5.000000
v -189.964066 2.304442 4.643559
v -190.001945 2.262447 5.000000
v -189.994392 2.424292 4.711264
v -190.043831 2.539424 4.775806
v -190.026112 2.867557 4.190728
v -190.092888 2.976162 4.250847
v -190.013447 4.100230 2.247337
v -190.094700 4.201685 2.301843
v -190.057659 4.622153 1.552714
v -190.118561 4.683157 1.584679
v -190.043182 5.429628 0.254857
v -190.146904 5.514899 0.297742
v -189.799232 5.035296 0.043729
v -189.868736 4.292503 1.373549
v -189.904327 5.264404 0.168387
v -189.913826 4.409405 1.438090
v -189.842567 5.152856 0.108269
v -189.983196 5.367724 0.222892
v -190.223541 4.766873 1.627564
v -190.383873 4.364339 2.500005
v -190.261803 4.345005 2.376693
v -190.346699 3.215297 4.380206
v -190.239162 3.134860 4.337320
v -190.346794 2.847354 5.000000
v -190.258656 2.805323 4.922399
v -190.193329 2.677467 5.000000
v -190.195503 2.746641 4.890433
v -190.111351 2.647588 4.835926
v -190.176430 3.075765 4.305354
v -190.486336 2.950975 5.000000
v -190.366688 2.885053 4.965285
v -190.443172 2.922944 5.000000
v -190.077839 2.479331 5.000000
v -190.156116 4.262174 2.333809
v -189.977245 4.520020 1.498208
v -189.949093 3.990151 2.187219
v -189.903030 3.873632 2.122678
v -189.977417 2.752102 4.126186
v -191.451607 3.572883 5.000000
v -190.747242 3.855751 3.749909
v -190.688267 4.566114 2.500326
v -190.655003 4.921347 1.874864
v -190.619297 5.276051 1.249909
v -191.195126 5.686804 1.249909
v -191.154041 6.045274 0.624955
v -191.857033 6.588733 0.624955
v -190.581093 5.630496 0.624955
v -192.547894 7.159989 0.624955
v -194.056396 7.247000 2.500000
v -194.238224 5.729625 5.000000
v -192.766399 5.315432 3.749909
v -192.686768 6.054044 2.500136
v -192.643032 6.423139 1.874864
v -191.944237 5.861614 1.874864
v -192.596760 6.791731 1.249909
v -191.901894 6.225326 1.249909
v -193.328438 4.964917 5.000000
v -192.399273 4.245174 5.000000
v -192.055931 4.768717 3.749909
v -191.334362 4.250209 3.749909
v -191.269798 4.968786 2.500272
v -191.984043 5.497390 2.500204
v -191.233711 5.328056 1.874864
v -188.227711 13.259181 1.305845
v -188.337345 12.853773 2.054973
v -188.765221 11.043241 5.000000
v -188.613777 11.765136 4.058481
v -188.741455 11.181955 5.000000
v -188.689899 11.446075 4.643559
v -188.734856 11.411737 5.000000
v -188.697681 11.569458 4.711264
v -188.725128 11.691713 4.775806
v -188.647404 12.011001 4.190728
v -188.693104 12.130032 4.250847
v -188.408451 13.220360 2.247337
v -188.469677 13.335019 2.301843
v -188.356018 13.741521 1.552714
v -188.404655 13.812677 1.584679
v -188.193417 14.532588 0.254857
v -188.279705 14.635468 0.297742
v -188.026066 14.100143 0.043729
v -188.230877 13.382771 1.373549
v -188.087273 14.344661 0.168387
v -188.253746 13.505968 1.438089
v -188.047066 14.223666 0.108269
v -188.145828 14.460715 0.222892
v -188.492470 13.914258 1.627564
v -188.724022 13.548037 2.500005
v -188.607597 13.506604 2.376693
v -188.898640 12.411730 4.380206
v -188.807716 12.312906 4.337320
v -188.966255 12.049944 5.000000
v -188.887424 11.992557 4.922399
v -188.846645 11.854774 5.000000
v -188.836136 11.923273 4.890433
v -188.771610 11.810440 4.835926
v -188.756905 12.243285 4.305354
v -189.084492 12.177570 5.000000
v -188.978977 12.090783 4.965285
v -189.047203 12.142091 5.000000
v -188.769569 11.638826 5.000000
v -188.518944 13.405763 2.333809
v -188.295746 13.626353 1.498208
v -188.365440 13.100333 2.187218
v -188.341560 12.977331 2.122677
v -188.620758 11.888568 4.126185
v -189.919052 12.966257 5.000000
v -189.174690 13.114879 3.749909
v -188.986168 13.802308 2.500326
v -188.888206 14.145383 1.874864
v -188.787918 14.487485 1.249909
v -189.278488 14.997054 1.249909
v -189.172230 15.341871 0.624955
v -189.763374 16.005247 0.624955
v -188.685265 14.828875 0.624955
v -190.337524 16.693726 0.624955
v -191.804352 17.056440 2.500000
v -192.261887 15.598311 5.000000
v -190.891228 14.920725 3.749909
v -190.677242 15.632129 2.500136
v -190.566444 15.986905 1.874864
v -189.982719 15.306536 1.874864
v -190.453224 16.340717 1.249909
v -189.874268 15.656276 1.249909
v -191.508121 14.679453 5.000000
v -190.727043 13.801233 5.000000
v -190.293331 14.252775 3.749909
v -189.679317 13.610504 3.749909
v -189.483814 14.304981 2.500272
v -190.088768 14.955828 2.500204
v -189.382324 14.651502 1.874864
v -184.970169 21.895235 1.305844
v -185.152435 21.516874 2.054973
v -185.905724 19.815794 5.000000
v -185.624199 20.497570 4.058480
v -185.856838 19.947821 5.000000
v -185.757637 20.197926 4.643559
v -185.808144 20.172400 5.000000
v -185.742626 20.320640 4.711264
v -185.747128 20.445857 4.775806
v -185.612068 20.745425 4.190727
v -185.635109 20.870826 4.250847
v -185.154972 21.890287 2.247336
v -185.194092 22.014246 2.301843
v -185.007668 22.392938 1.552713
v -185.042419 22.471824 1.584678
v -184.702473 23.140659 0.254857
v -184.768391 23.257642 0.297742
v -184.617424 22.684827 0.043729
v -184.950600 22.017305 1.373548
v -184.632683 22.936430 0.168386
v -184.950409 22.142603 1.438089
v -184.615383 22.810106 0.108269
v -184.668903 23.061266 0.222892
v -185.110073 22.587810 1.627563
v -185.404968 22.270372 2.500005
v -185.298138 22.208252 2.376693
v -185.785408 21.185496 4.380206
v -185.714188 21.071649 4.337320
v -185.918198 20.842052 5.000000
v -185.851402 20.771401 4.922399
v -185.836601 20.628285 5.000000
v -185.813713 20.693872 4.890433
v -185.771008 20.571103 4.835926
v -185.677013 20.993876 4.305354
v -186.011105 20.989473 5.000000
v -185.923347 20.884776 4.965285
v -185.980988 20.947764 5.000000
v -185.800533 20.401921 5.000000
v -185.229511 22.092834 2.333808
v -184.969578 22.268655 1.498207
v -185.134735 21.764398 2.187218
v -185.133858 21.639104 2.122677
v -185.608387 20.620184 4.126185
v -186.686535 21.918082 5.000000
v -185.927544 21.927395 3.749909
v -185.615921 22.568481 2.500326
v -185.456581 22.887714 1.874864
v -185.295143 23.205564 1.249909
v -185.683727 23.796597 1.249909
v -185.515919 24.116015 0.624955
v -185.975113 24.876723 0.624955
v -185.131493 23.522277 0.624955
v -186.412964 25.658977 0.624955
v -187.788162 26.285045 2.500000
v -188.505840 24.935815 5.000000
v -187.283058 24.017911 3.749909
v -186.941967 24.677880 2.500136
v -186.767864 25.006256 1.874864
v -186.319084 24.230211 1.874864
v -186.591568 25.333238 1.249909
v -186.148243 24.554069 1.249909
v -187.933750 23.894098 5.000000
v -187.327328 22.887306 5.000000
v -186.818066 23.251469 3.749909
v -186.332512 22.507310 3.749909
v -186.012726 23.154037 2.500272
v -186.487789 23.904963 2.500204
v -185.849285 23.476012 1.874864
v -180.181236 29.785676 1.305844
v -180.429916 29.447246 2.054972
v -181.482944 27.913544 5.000000
v -181.080952 28.531985 4.058480
v -181.410618 28.034399 5.000000
v -181.267166 28.261962 4.643559
v -181.321526 28.246105 5.000000
v -181.229877 28.379829 4.711264
v -181.211281 28.503740 4.775806
v -181.023483 28.773391 4.190727
v -181.023102 28.900893 4.250847
v -180.363808 29.814765 2.247336
v -180.379467 29.943805 2.301842
v -180.126629 30.281792 1.552713
v -180.146294 30.365720 1.584678
v -179.689236 30.960703 0.254857
v -179.732552 31.087806 0.297742
v -179.689407 30.497003 0.043729
v -180.139542 29.902065 1.373548
v -179.658165 30.747125 0.168386
v -180.116348 30.025198 1.438088
v -179.664383 30.619776 0.108269
v -179.670830 30.876491 0.222892
v -180.191479 30.492163 1.627562
v -180.539684 30.234315 2.500005
v -180.446091 30.153623 2.376692
v -181.112995 29.237816 4.380205
v -181.063919 29.112823 4.337320
v -181.306534 28.924260 5.000000
v -181.253948 28.842897 4.922399
v -181.265678 28.699231 5.000000
v -181.231155 28.759768 4.890433
v -181.211739 28.631241 4.835926
v -181.041679 29.029546 4.305354
v -181.370888 29.086604 5.000000
v -181.303844 28.967564 4.965285
v -181.348953 29.040098 5.000000
v -181.271858 28.470206 5.000000
v -180.399837 30.027564 2.333807
v -180.112038 30.152628 1.498207
v -180.367031 29.687304 2.187217
v -180.389214 29.563982 2.122676
v -181.042862 28.649604 4.126185
v -181.864166 30.123513 5.000000
v -181.116371 29.993200 3.749909
v -180.692272 30.566113 2.500326
v -180.476990 30.850632 1.874864
v -180.259895 31.133406 1.249909
v -180.533257 31.785777 1.249909
v -180.309620 32.068925 0.624955
v -180.621204 32.901053 0.624955
v -180.040836 31.414654 0.624955
v -180.907860 33.750443 0.624955
v -182.144623 34.618542 2.500000
v -183.098011 33.424163 5.000000
v -182.064686 32.297196 3.749909
v -181.608162 32.883255 2.500136
v -181.376667 33.174050 1.874864
v -181.078148 32.328753 1.874864
v -181.143284 33.463066 1.249909
v -180.850677 32.615705 1.249909
v -182.727070 32.295060 5.000000
v -182.315960 31.193981 5.000000
v -181.748447 31.458364 3.749909
v -181.407909 30.637655 3.749909
v -180.974731 31.214614 2.500272
v -181.303730 32.040043 2.500204
v -180.754910 31.501069 1.874864
v -102.981157 33.653865 5.000000
v -102.923851 33.571973 4.940662
v -102.304544 32.875068 3.277595
v -101.999121 32.521553 2.444263
v -102.355318 32.987792 3.209891
v -102.048845 32.634742 2.376558
v -102.388201 33.108699 3.145350
v -102.080593 32.755952 2.312017
v -102.402592 33.235385 3.085231
v -102.093801 32.882771 2.251898
v -102.398272 33.365302 3.030725
v -102.088270 33.012638 2.197392
v -102.385311 33.450522 2.998760
v -102.074528 33.097732 2.165426
v -102.350283 33.580151 2.955876
v -102.038279 33.227029 2.122542
v -102.138872 33.527837 2.499994
v -101.422911 32.510548 0.452279
v -101.271181 32.329636 0.034715
v -101.310434 32.201226 0.077601
v -101.461573 32.381954 0.495164
v -101.326170 32.116475 0.109567
v -101.476917 32.297130 0.527130
v -101.484880 32.167389 0.581637
v -101.334743 31.986771 0.164074
v -103.092337 33.907409 5.000000
v -102.976723 33.683727 4.872959
v -103.143330 34.178977 5.000000
v -103.028603 33.930397 4.748301
v -103.011847 33.804002 4.808419
v -103.143549 34.317288 5.000000
v -103.015347 34.145813 4.661830
v -103.026714 34.060369 4.693796
v -102.982731 34.276073 4.618946
v -103.125696 34.453995 5.000000
v -103.093100 34.575429 5.000000
v -101.324501 31.859682 0.224194
v -101.474037 32.040348 0.641757
v -101.248531 31.623442 0.356441
v -101.295595 31.737766 0.288736
v -101.396971 31.804469 0.774004
v -101.444569 31.918569 0.706299
v -101.781158 34.533336 7.500272
v -101.680727 34.851270 7.500247
v -102.742577 35.663776 5.000000
v -101.248665 36.413658 7.500123
v -102.444420 36.786640 5.000000
v -102.190838 37.934139 5.000000
v -100.900211 38.023224 7.500000
v -101.980886 39.103782 5.000000
v -101.301222 33.994648 8.749909
v -101.196337 34.311135 8.749909
v -100.742388 35.867260 8.749909
v -106.116610 36.791763 0.059338
v -106.808262 37.416930 1.722405
v -107.159195 37.725320 2.555737
v -106.695976 37.365208 1.790109
v -107.046423 37.674644 2.623442
v -106.575346 37.331307 1.854650
v -106.925488 37.641873 2.687983
v -106.448793 37.315845 1.914769
v -106.798792 37.627594 2.748102
v -106.318836 37.319069 1.969275
v -106.668873 37.632031 2.802608
v -106.233511 37.331307 2.001240
v -106.583672 37.645066 2.834574
v -106.103592 37.365246 2.044125
v -106.454067 37.680213 2.877459
v -106.154127 37.577088 2.500005
v -107.165346 38.301597 4.547721
v -107.344971 38.454857 4.965285
v -107.473707 38.416684 4.922399
v -107.294254 38.264027 4.504836
v -107.558584 38.401661 4.890433
v -107.379208 38.249402 4.472870
v -107.509012 38.242536 4.418363
v -107.688351 38.394184 4.835926
v -106.005306 36.737957 0.127041
v -105.759077 36.683993 0.251699
v -105.885334 36.701813 0.191581
v -105.629101 36.684792 0.306205
v -105.543556 36.695437 0.338170
v -105.413036 36.726947 0.381054
v -107.815351 38.405499 4.775806
v -107.635956 38.254440 4.358243
v -108.050938 38.483448 4.643559
v -107.937021 38.435428 4.711264
v -107.871180 38.333497 4.225996
v -107.757483 38.284943 4.293701
v -106.341019 38.173561 3.749909
v -105.809679 37.698402 2.500326
v -105.546236 37.457786 1.874864
v -105.284700 37.215531 1.249909
v -104.609890 37.427528 1.249909
v -104.348583 37.178712 0.624955
v -103.491259 37.412198 0.624955
v -105.024862 36.971447 0.624955
v -102.619038 37.619267 0.624955
v -101.640530 38.770638 2.500000
v -103.959351 38.905227 3.749909
v -103.417912 38.396568 2.500136
v -103.149719 38.139243 1.874864
v -104.018955 37.919979 1.874864
v -102.883472 37.880185 1.249909
v -103.754215 37.667012 1.249909
v -104.823780 38.667743 3.749909
v -105.672407 38.404377 3.749909
v -105.137882 37.919815 2.500272
v -104.285612 38.171241 2.500204
v -104.872923 37.674508 1.874864
v -107.711897 38.199430 9.643558
v -107.891045 38.350132 9.225995
v -108.614597 38.944507 7.555736
v -108.979721 39.235959 6.722404
v -108.684254 39.046645 7.623440
v -109.050322 39.337444 6.790107
v -108.737707 39.159966 7.687982
v -109.104843 39.450257 6.854649
v -108.773975 39.282200 7.748100
v -109.142246 39.572148 6.914767
v -108.792381 39.410872 7.802607
v -109.161854 39.700646 6.969273
v -108.794489 39.497046 7.834572
v -109.164762 39.786792 7.001238
v -108.782597 39.630795 7.877458
v -109.154119 39.920647 7.044123
v -108.936701 39.908023 7.500005
v -110.067024 40.762663 5.000000
v -107.829933 38.417706 9.775804
v -107.779140 38.303170 9.711263
v -107.863331 38.540752 9.835924
v -108.044071 38.690746 9.418361
v -108.010101 38.567855 9.358242
v -107.878714 38.669822 9.890431
v -108.060055 38.819740 9.472868
v -107.878799 38.756020 9.922398
v -108.060551 38.905938 9.504834
v -108.046160 39.039440 9.547721
v -107.863789 38.889453 9.965284
v -109.903584 40.488653 5.381054
v -110.076752 40.609374 5.000000
v -109.911718 40.354624 5.338168
v -110.063019 40.456343 5.000000
v -109.907207 40.268545 5.306203
v -110.027370 40.306425 5.000000
v -109.885216 40.140438 5.251697
v -109.971733 40.162706 5.000000
v -109.845543 40.019269 5.191580
v -109.808035 39.901612 5.000000
v -109.788933 39.907489 5.127040
v -109.716444 39.807343 5.059337
v -107.958775 38.453560 9.293700
v -108.777485 40.968065 7.500272
v -108.737173 41.299038 7.500247
v -109.930248 41.902623 5.000000
v -108.599567 42.914214 7.500123
v -109.843502 43.061147 5.000000
v -109.805079 44.235692 5.000000
v -108.552799 44.560404 7.500000
v -109.813633 45.423994 5.000000
v -108.206730 40.526738 8.749909
v -108.161793 40.857105 8.749909
v -108.001499 42.470150 8.749909
v -99.933071 29.939256 0.059338
v -100.498075 30.680871 1.722405
v -100.786362 31.048491 2.555737
v -100.397205 30.609393 1.790109
v -100.684824 30.977960 2.623442
v -100.284863 30.553908 1.854650
v -100.571966 30.923524 2.687983
v -100.163288 30.515451 1.914769
v -100.450048 30.886204 2.748102
v -100.034962 30.494742 1.969275
v -100.321541 30.866694 2.802608
v -99.948845 30.491092 2.001240
v -100.235386 30.863850 2.834574
v -99.814901 30.500581 2.044125
v -100.101528 30.874591 2.877459
v -99.825649 30.718102 2.500005
v -100.686512 31.616089 4.547721
v -100.702076 31.831641 5.000000
v -100.834923 31.799743 4.965285
v -100.854740 31.814656 5.000000
v -100.968485 31.785874 4.922399
v -100.820141 31.602845 4.504836
v -101.054668 31.786704 4.890433
v -100.906324 31.604075 4.472870
v -101.159706 31.849618 5.000000
v -101.035175 31.621177 4.418363
v -101.183605 31.803200 4.835926
v -101.305904 31.898379 5.000000
v -99.833546 29.865913 0.127041
v -99.601431 29.767623 0.251699
v -99.722261 29.808340 0.191581
v -99.473515 29.744527 0.306205
v -99.387474 29.739270 0.338170
v -99.253378 29.746261 0.381054
v -101.008253 31.821117 5.000000
v -101.574459 32.049522 5.000000
v -101.306362 31.837656 4.775806
v -101.157780 31.656206 4.358243
v -101.523619 31.957572 4.643559
v -101.420460 31.889436 4.711264
v -101.374474 31.777139 4.225996
v -101.271629 31.708522 4.293701
v -99.569759 32.022343 5.000000
v -99.899750 31.338758 3.749909
v -99.464769 30.774059 2.500326
v -99.250021 30.489135 1.874864
v -99.037457 30.202944 1.249909
v -98.335180 30.287335 1.249909
v -98.124046 29.994740 0.624955
v -97.238407 30.066717 0.624955
v -98.826895 29.915273 0.624955
v -96.342993 30.109992 0.624955
v -95.169582 31.061959 2.500000
v -96.057463 32.305806 5.000000
v -97.424192 31.620340 3.749909
v -96.985445 31.020849 2.500136
v -96.769094 30.718629 1.874864
v -97.663822 30.662818 1.874864
v -96.554985 30.415056 1.249909
v -97.450075 30.365512 1.249909
v -97.244978 32.258019 5.000000
v -98.416519 32.163944 5.000000
v -98.317547 31.545739 3.749909
v -99.200115 31.442792 3.749909
v -98.763733 30.868258 2.500272
v -97.879772 30.958803 2.500204
v -98.548365 30.578444 1.874864
v -95.113964 22.067204 0.059338
v -95.533075 22.900009 1.722405
v -95.748901 23.314342 2.555737
v -95.447054 22.811215 1.790109
v -95.662060 23.226354 2.623442
v -95.346813 22.736030 1.854650
v -95.561123 23.152108 2.687983
v -95.234394 22.675891 1.914769
v -95.448132 23.093023 2.748102
v -95.112057 22.631955 1.969275
v -95.325394 23.050232 2.802608
v -95.028067 22.612541 2.001240
v -95.241232 23.031604 2.834574
v -94.894657 22.597256 2.044125
v -95.107689 23.017566 2.877459
v -94.865246 22.813048 2.500005
v -95.546455 23.853929 4.547721
v -95.522156 24.068670 5.000000
v -95.658588 24.061728 4.965285
v -95.675335 24.080026 5.000000
v -95.792427 24.072635 4.922399
v -95.680237 23.865466 4.504836
v -95.876999 24.089289 4.890433
v -95.764732 23.882513 4.472870
v -95.968685 24.170432 5.000000
v -95.888252 23.922999 4.418363
v -96.000710 24.129195 4.835926
v -96.103420 24.245226 5.000000
v -95.029612 21.976821 0.127041
v -94.819508 21.837554 0.251699
v -94.930792 21.899781 0.191581
v -94.698009 21.791348 0.306204
v -94.614401 21.770372 0.338170
v -94.481306 21.752601 0.381054
v -95.825052 24.114587 5.000000
v -96.339645 24.443145 5.000000
v -96.115046 24.185624 4.775806
v -96.002331 23.979959 4.358243
v -96.306562 24.343417 4.643559
v -96.217680 24.257486 4.711264
v -96.193104 24.138646 4.225996
v -96.104631 24.052300 4.293701
v -97.427540 26.278481 5.000000
v -97.386312 26.187620 4.940662
v -96.905594 25.388787 3.277595
v -96.670341 24.985166 2.444263
v -96.934795 25.508921 3.209891
v -96.698418 25.105567 2.376558
v -96.944904 25.633810 3.145350
v -96.707354 25.230546 2.312017
v -96.935778 25.760987 3.085231
v -96.697035 25.357633 2.251898
v -96.907654 25.887895 3.030725
v -96.667728 25.484271 2.197392
v -96.879253 25.969284 2.998760
v -96.638584 25.565393 2.165426
v -96.821003 26.090267 2.955876
v -96.579199 25.685828 2.122542
v -96.622810 25.999997 2.499994
v -96.105967 24.868474 0.452279
v -95.990047 24.662757 0.034715
v -96.052237 24.543748 0.077601
v -96.167593 24.749172 0.495164
v -96.083279 24.463332 0.109567
v -96.198254 24.668612 0.527130
v -96.229925 24.542544 0.581637
v -96.115541 24.337413 0.164074
v -97.490253 26.547952 5.000000
v -97.417736 26.307187 4.872959
v -97.490578 26.824088 5.000000
v -97.423420 26.559191 4.748301
v -97.430172 26.431868 4.808419
v -97.465458 26.960008 5.000000
v -97.370806 26.768503 4.661830
v -97.397671 26.686599 4.693796
v -97.314816 26.890552 4.618946
v -97.422905 27.091055 5.000000
v -97.368298 27.205093 5.000000
v -96.128826 24.210606 0.224194
v -96.242619 24.415674 0.641757
v -96.097565 23.964429 0.356441
v -96.122808 24.085453 0.288736
v -96.210203 24.169648 0.774004
v -96.236019 24.290552 0.706299
v -96.086340 26.922600 7.500272
v -95.929193 27.216666 7.500247
v -96.823692 28.210418 5.000000
v -95.217409 28.673062 7.500123
v -96.324282 29.259391 5.000000
v -95.864143 30.340762 5.000000
v -94.579124 30.191190 7.500000
v -95.442858 31.451929 5.000000
v -95.713558 26.304898 8.749909
v -95.552311 26.596720 8.749909
v -94.820147 28.042939 8.749909
v -92.215357 14.776531 7.444265
v -92.595692 15.929034 5.381173
v -92.500353 15.668485 5.774005
v -92.534161 15.830054 5.316302
v -92.429266 15.567337 5.706300
v -92.457705 15.740438 5.253760
v -92.342014 15.477411 5.641758
v -92.367649 15.661777 5.194659
v -92.240372 15.400438 5.581638
v -92.265606 15.595473 5.140051
v -92.126408 15.337923 5.527131
v -92.153406 15.542705 5.090908
v -92.046490 15.305622 5.495166
v -92.033024 15.504410 5.048103
v -91.917114 15.269673 5.452279
v -91.906614 15.481271 5.012399
v -91.853724 15.476282 5.000000
v -91.438999 14.121245 7.499994
v -91.639681 14.366868 7.122544
v -91.768360 14.405233 7.165430
v -91.635914 13.954108 7.998763
v -91.714897 13.988638 8.030728
v -91.462555 13.086212 9.693796
v -91.573467 13.153981 9.748302
v -91.507597 13.914543 7.955878
v -91.256676 13.008265 9.618947
v -91.384230 13.050215 9.661831
v -91.671419 13.235615 9.808419
v -91.754370 13.329518 9.872960
v -92.011204 14.226463 8.209894
v -91.926517 14.134122 8.145353
v -92.060623 14.582524 7.312020
v -91.960430 14.503663 7.251901
v -91.820660 13.433875 9.940662
v -92.079420 14.329566 8.277597
v -92.146177 14.674070 7.376561
v -91.847668 14.439024 7.197395
v -91.827068 14.054328 8.085235
v -91.949501 15.494251 5.002402
v -91.909084 15.486263 5.000000
v -91.991930 15.504539 5.004984
v -92.037153 15.518037 5.000000
v -92.075205 15.530593 5.010663
v -92.197618 15.584306 5.020618
v -92.175264 15.562233 5.071362
v -92.291441 15.624746 5.111223
v -92.285213 15.615823 5.124870
v -92.390871 15.691082 5.174782
v -91.913166 15.484340 5.009093
v -91.921749 15.486673 5.008165
v -91.965122 15.494548 5.017002
v -92.050238 15.515796 5.036609
v -91.956835 15.491486 5.018959
v -92.042522 15.511272 5.040910
v -92.168369 15.555487 5.079954
v -92.483301 15.779755 5.228705
v -92.535515 15.844034 5.265540
v -92.602243 15.951124 5.323817
v -92.540951 15.858361 5.235665
v -92.607861 15.967315 5.287136
v -92.558613 15.904915 5.066895
v -92.626114 16.019844 5.081282
v -92.579012 15.937703 5.000000
v -92.506533 15.835295 5.057782
v -92.432966 15.756596 5.000000
v -92.415209 15.738080 5.044395
v -92.311621 15.653895 5.031931
v -92.396603 15.702114 5.155426
v -92.249031 15.614138 5.000000
v -92.488766 15.792811 5.203115
v -92.438602 15.480012 9.643558
v -92.511568 15.702450 9.225996
v -92.813854 16.588701 7.555739
v -92.970848 17.028711 6.722406
v -92.819300 16.712210 7.623442
v -92.977457 17.152164 6.790110
v -92.805090 16.836698 7.687983
v -92.964420 17.276779 6.854650
v -92.771587 16.959715 7.748102
v -92.932053 17.400105 6.914768
v -92.719488 17.078804 7.802608
v -92.881069 17.519674 6.969274
v -92.675915 17.153175 7.834574
v -92.838192 17.594450 7.001240
v -92.595387 17.260631 7.877459
v -92.758675 17.702653 7.044125
v -92.580471 17.577463 7.500005
v -93.091574 18.899138 5.000000
v -92.424040 15.727732 9.775804
v -92.441158 15.603611 9.711263
v -92.387657 15.849930 9.835924
v -92.462368 16.072603 9.418362
v -92.498178 15.950236 9.358242
v -92.332792 15.967765 9.890431
v -92.408047 16.190695 9.472869
v -92.287493 16.041098 9.922398
v -92.363091 16.264238 9.504835
v -92.280569 16.370167 9.547721
v -92.204475 16.146638 9.965284
v -93.096857 18.580124 5.381054
v -93.180542 18.773930 5.000000
v -93.174343 18.470459 5.338169
v -93.249426 18.636585 5.000000
v -93.215818 18.394896 5.306203
v -93.298044 18.490356 5.000000
v -93.264561 18.274399 5.251697
v -93.326397 18.338877 5.000000
v -93.294621 18.150492 5.191580
v -93.324671 18.030714 5.000000
v -93.305330 18.025656 5.127040
v -93.296423 17.902349 5.059338
v -92.514706 15.826037 9.293700
v -91.886959 18.395030 7.500272
v -91.678448 18.655214 7.500247
v -92.375145 19.796369 5.000000
v -90.711164 19.956020 7.500123
v -91.691475 20.735726 5.000000
v -91.040468 21.714149 5.000000
v -89.804802 21.331019 7.500000
v -90.422163 22.728999 5.000000
v -91.634026 17.719349 8.749909
v -91.421890 17.976570 8.749909
v -90.436459 19.263632 8.749909
v -90.809488 9.124667 5.000000
v -90.803852 9.025388 4.940662
v -90.789232 8.848761 5.000000
v -90.644178 8.106844 3.277595
v -90.570612 7.645495 2.444263
v -90.628004 8.229412 3.209891
v -90.553303 7.767907 2.376558
v -90.592318 8.349519 3.145350
v -90.516491 7.887675 2.312017
v -90.537863 8.464810 3.085231
v -90.460958 8.002453 2.251898
v -90.465794 8.572991 3.030725
v -90.387888 8.109957 2.197392
v -90.409918 8.638627 2.998760
v -90.331402 8.175067 2.165426
v -90.311899 8.730397 2.955876
v -90.232515 8.265917 2.122541
v -90.159693 8.574624 2.499994
v -90.086498 7.332805 0.452279
v -90.052738 7.099109 0.034715
v -90.153713 7.010598 0.077601
v -90.187063 7.243823 0.495164
v -90.211697 6.946828 0.109567
v -90.244761 7.179781 0.527130
v -90.319834 7.073665 0.581638
v -90.287266 6.841065 0.164074
v -90.770779 9.398279 5.000000
v -90.789976 9.148237 4.872959
v -90.671635 9.655648 5.000000
v -90.704241 9.385272 4.748301
v -90.756531 9.268987 4.808419
v -90.599327 9.773251 5.000000
v -90.579557 9.561443 4.661830
v -90.634203 9.494778 4.693796
v -90.483265 9.655024 4.618946
v -90.512543 9.880053 5.000000
v -90.419502 9.967644 5.000000
v -90.345469 6.727619 0.224194
v -90.377493 6.959948 0.641757
v -90.405245 6.486775 0.356441
v -90.385075 6.608747 0.288736
v -90.560627 7.466526 2.499993
v -90.436153 6.718826 0.774004
v -90.416546 6.840891 0.706299
v -89.550533 10.718110 5.000000
v -88.706045 11.516000 5.000000
v -87.886486 12.358291 5.000000
v -87.092381 13.242394 5.000000
v -90.513496 7.147456 5.231267
v -90.531578 7.271525 5.000000
v -90.524693 7.224531 5.000000
v -90.517855 7.177531 5.000000
v -90.501003 7.060400 5.447220
v -90.313797 5.744514 7.444265
v -90.475883 6.947277 5.381173
v -90.430050 6.673646 5.774005
v -90.433598 6.838678 5.316302
v -90.378752 6.561158 5.706300
v -90.374899 6.736536 5.253759
v -90.309515 6.456730 5.641757
v -90.300837 6.642667 5.194658
v -90.223742 6.362392 5.581638
v -90.212717 6.558743 5.140051
v -90.123205 6.279999 5.527131
v -90.112114 6.486255 5.090907
v -90.050583 6.233563 5.495165
v -90.000820 6.426492 5.048102
v -89.930019 6.174455 5.452279
v -89.880810 6.380520 5.012398
v -89.829741 6.365896 5.000000
v -89.671068 4.957731 7.499994
v -89.823198 5.236045 7.122544
v -89.942636 5.297401 7.165429
v -89.895344 4.829622 7.998763
v -89.966640 4.878078 8.030728
v -89.884405 3.944651 9.693796
v -89.980984 4.031648 9.748302
v -89.776478 4.767153 7.955878
v -89.696360 3.830201 9.618946
v -89.814034 3.894875 9.661831
v -90.062265 4.129889 9.808419
v -90.126553 4.237436 9.872960
v -90.214195 5.166299 8.209894
v -90.147915 5.059968 8.145353
v -90.197353 5.525378 7.312020
v -90.113354 5.429450 7.251901
v -90.172529 4.352196 9.940662
v -90.262318 5.280183 8.277597
v -90.264626 5.631085 7.376561
v -90.014381 5.345188 7.197395
v -90.064821 4.963259 8.085235
v -89.920588 6.401159 5.002402
v -89.882336 6.385882 5.000000
v -89.960394 6.419068 5.004984
v -90.002460 6.440691 5.000000
v -90.037470 6.459980 5.010662
v -90.147934 6.535272 5.020618
v -90.130014 6.509467 5.071362
v -90.232725 6.592264 5.111222
v -90.228252 6.582350 5.124869
v -90.318279 6.675742 5.174782
v -89.886684 6.384741 5.009093
v -89.894695 6.388611 5.008165
v -89.935884 6.404321 5.017002
v -90.015650 6.440847 5.036609
v -89.928303 6.399788 5.018959
v -90.008907 6.434985 5.040910
v -90.124474 6.501569 5.079953
v -90.392838 6.779888 5.228704
v -90.432358 6.852668 5.265540
v -90.478268 6.970195 5.323817
v -90.435066 6.867748 5.235665
v -90.480814 6.987144 5.287136
v -90.443869 6.916757 5.066895
v -90.489101 7.042131 5.081282
v -90.457897 6.952755 5.000000
v -90.405464 6.838751 5.057782
v -90.347652 6.747913 5.000000
v -90.333567 6.726410 5.044395
v -90.247211 6.624625 5.031930
v -90.321875 6.687638 5.155426
v -90.193043 6.574089 5.000000
v -90.395813 6.793727 5.203115
v -90.220242 -4.867544 0.059338
v -90.138149 -3.938844 1.722405
v -90.103540 -3.472950 2.555737
v -90.111761 -4.059624 1.790109
v -90.076017 -3.593479 2.623442
v -90.066128 -4.176314 1.854650
v -90.029287 -3.709738 2.687983
v -90.002193 -4.286632 1.914769
v -89.964333 -3.819454 2.748102
v -89.921312 -4.388389 1.969275
v -89.882507 -3.920450 2.802608
v -89.860125 -4.449107 2.001240
v -89.820757 -3.980594 2.834574
v -89.754744 -4.532332 2.044125
v -89.714603 -4.062831 2.877459
v -89.616146 -4.364342 2.500005
v -89.647360 -3.120760 4.547721
v -89.513645 -2.950977 5.000000
v -89.633312 -2.885055 4.965285
v -89.637909 -2.860683 5.000000
v -89.741354 -2.805325 4.922399
v -89.755039 -3.040525 4.504836
v -89.804497 -2.746643 4.890433
v -89.817905 -2.981548 4.472870
v -89.839725 -2.629393 5.000000
v -89.901600 -2.882102 4.418363
v -89.888668 -2.647590 4.835926
v -89.914913 -2.494866 5.000000
v -90.196095 -4.988795 0.127041
v -90.090780 -5.217804 0.251699
v -90.152645 -5.106314 0.191581
v -90.011806 -5.321051 0.306204
v -89.951763 -5.382898 0.338170
v -89.847965 -5.468073 0.381054
v -89.747009 -2.752482 5.000000
v -90.011568 -2.202238 5.000000
v -89.956169 -2.539426 4.775806
v -89.968605 -2.773623 4.358243
v -90.035934 -2.304444 4.643559
v -90.005608 -2.424294 4.711264
v -90.047274 -2.538269 4.225996
v -90.017500 -2.658260 4.293701
v -89.970427 -0.069576 5.000000
v -89.983110 -0.168055 4.940662
v -89.994926 -1.100300 3.277595
v -90.007381 -1.567311 2.444263
v -89.956512 -0.982790 3.209891
v -89.967871 -1.450165 2.376558
v -89.899349 -0.871286 3.145350
v -89.909678 -1.339200 2.312017
v -89.824648 -0.767964 3.085231
v -89.834003 -1.236580 2.251898
v -89.733934 -0.674866 3.030725
v -89.742422 -1.144334 2.197392
v -89.666939 -0.620616 2.998760
v -89.674931 -1.090712 2.165426
v -89.553719 -0.548421 2.955876
v -89.561043 -1.019578 2.122541
v -89.432735 -0.729509 2.499994
v -89.588976 -1.963632 0.452279
v -89.598713 -2.199554 0.034715
v -89.714241 -2.268004 0.077601
v -89.704180 -2.032621 0.495164
v -89.782963 -2.320031 0.109567
v -89.772663 -2.084970 0.527130
v -89.865952 -2.175486 0.581638
v -89.876680 -2.410109 0.164074
v -89.882193 0.192142 5.000000
v -89.946880 -0.049849 4.872959
v -89.737606 0.426834 5.000000
v -89.819050 0.167396 4.748301
v -89.891825 0.062699 4.808419
v -89.645004 0.529135 5.000000
v -89.664125 0.317658 4.661830
v -89.730091 0.262168 4.693796
v -89.552269 0.391951 4.618946
v -89.540176 0.618181 5.000000
v -89.432163 0.687533 5.000000
v -89.954739 -2.510929 0.224194
v -89.943523 -2.276670 0.641757
v -90.057745 -2.736688 0.356441
v -90.015507 -2.620500 0.288736
v -90.045490 -2.502909 0.774004
v -90.003786 -2.386525 0.706299
v -88.490715 -0.227688 7.500272
v -88.202305 -0.060396 7.500247
v -88.439827 1.255306 5.000000
v -86.830425 0.803148 7.500123
v -87.462950 1.884279 5.000000
v -86.502419 2.561483 5.000000
v -85.488567 1.757877 7.500000
v -85.559225 3.284473 5.000000
v -88.498945 -0.949113 8.749909
v -88.208218 -0.785891 8.749909
v -86.824389 0.058277 8.749909
v -91.593838 -12.592094 7.444265
v -91.310482 -11.412005 5.381173
v -91.366587 -11.683714 5.774004
v -91.310282 -11.528547 5.316302
v -91.359396 -11.807137 5.706300
v -91.292439 -11.644996 5.253758
v -91.332560 -11.929525 5.641757
v -91.257286 -11.759284 5.194657
v -91.286650 -12.048479 5.581638
v -91.205435 -11.869373 5.140049
v -91.222668 -12.161626 5.527130
v -91.137819 -11.973307 5.090906
v -91.171722 -12.231162 5.495164
v -91.055622 -12.069238 5.048102
v -91.080647 -12.329834 5.452279
v -90.960331 -12.155459 5.012398
v -90.917988 -12.187544 5.000000
v -91.278715 -13.557932 7.499994
v -91.320028 -13.243457 7.122544
v -91.409245 -13.143097 7.165429
v -91.534128 -13.596370 7.998763
v -91.583099 -13.525434 8.030728
v -91.843624 -14.425528 9.693795
v -91.902256 -14.309517 9.748302
v -91.445856 -13.697560 7.955878
v -91.709604 -14.600183 9.618946
v -91.795979 -14.497366 9.661831
v -91.942539 -14.188550 9.808419
v -91.963644 -14.065039 9.872959
v -91.709833 -13.167243 8.209893
v -91.686430 -13.290339 8.145353
v -91.564407 -12.838501 7.312019
v -91.520739 -12.958294 7.251900
v -91.965065 -13.941418 9.940662
v -91.713552 -13.043668 8.277597
v -91.588955 -12.715629 7.376561
v -91.458883 -13.072621 7.197394
v -91.643887 -13.410535 8.085234
v -90.989962 -12.121845 5.002402
v -90.959806 -12.149909 5.000000
v -91.020613 -12.090764 5.004984
v -91.051893 -12.055558 5.000000
v -91.077700 -12.024773 5.010662
v -91.153507 -11.914661 5.020618
v -91.146126 -11.945195 5.071361
v -91.211987 -11.830885 5.111222
v -91.211395 -11.841747 5.124869
v -91.261606 -11.722140 5.174781
v -90.964279 -12.149398 5.009093
v -90.970354 -12.142899 5.008165
v -91.003084 -12.113371 5.017002
v -91.064272 -12.050495 5.036609
v -90.997648 -12.120336 5.018958
v -91.060095 -12.058399 5.040910
v -91.143818 -11.954561 5.079952
v -91.293516 -11.598090 5.228704
v -91.304073 -11.515950 5.265539
v -91.304426 -11.389774 5.323817
v -91.301146 -11.500909 5.235664
v -91.300678 -11.373050 5.287136
v -91.291656 -11.452029 5.066895
v -91.288548 -11.318779 5.081282
v -91.291742 -11.413442 5.000000
v -91.284027 -11.538641 5.057782
v -91.262903 -11.644329 5.000000
v -91.257563 -11.669371 5.044395
v -91.213808 -11.795478 5.031930
v -91.260672 -11.709746 5.155426
v -91.181479 -11.862302 5.000000
v -91.291294 -11.584113 5.203115
v -91.413364 -11.876733 9.643558
v -91.358309 -11.649199 9.225996
v -91.148758 -10.736568 7.555739
v -91.050606 -10.279815 6.722407
v -91.088371 -10.628691 7.623444
v -90.991230 -10.171378 6.790111
v -91.010761 -10.530325 7.687985
v -90.914536 -10.072291 6.854652
v -90.917501 -10.443376 7.748103
v -90.822096 -9.984475 6.914770
v -90.810518 -10.369551 7.802610
v -90.715809 -9.909652 6.969277
v -90.734310 -10.329258 7.834576
v -90.639982 -9.868650 7.001241
v -90.609283 -10.280287 7.877461
v -90.515423 -9.818514 7.044126
v -90.429811 -10.018766 7.500005
v -90.168581 -8.626000 5.000000
v -91.270580 -11.673778 9.775805
v -91.350470 -11.770300 9.711264
v -91.175318 -11.589037 9.835925
v -91.121616 -11.360390 9.418362
v -91.216478 -11.445577 9.358243
v -91.066637 -11.517735 9.890432
v -91.013260 -11.288580 9.472869
v -90.989513 -11.479237 9.922398
v -90.936317 -11.249721 9.504835
v -90.810394 -11.203101 9.547721
v -90.863371 -11.433204 9.965284
v -90.341015 -8.894447 5.381054
v -90.310135 -8.685619 5.000000
v -90.464621 -8.946897 5.338169
v -90.441008 -8.766125 5.000000
v -90.539665 -8.989307 5.306204
v -90.559320 -8.864859 5.000000
v -90.644541 -9.066097 5.251698
v -90.663176 -8.978721 5.000000
v -90.735331 -9.155620 5.191581
v -90.823927 -9.241639 5.000000
v -90.810156 -9.256119 5.127041
v -90.867500 -9.365643 5.059338
v -91.295910 -11.542472 9.293701
v -89.409504 -9.688665 7.500272
v -89.095268 -9.577217 7.500247
v -89.087057 -8.240298 5.000000
v -87.588081 -8.980457 7.500123
v -88.011227 -7.801529 5.000000
v -86.942577 -7.312344 5.000000
v -86.093626 -8.288552 7.500000
v -85.882578 -6.774964 5.000000
v -89.550161 -10.396292 8.749909
v -89.234400 -10.289271 8.749909
v -87.719011 -9.713755 8.749909
v -95.340109 -22.521377 0.059338
v -94.928093 -21.685042 1.722405
v -94.727516 -21.263113 2.555737
v -94.947109 -21.807199 1.790109
v -94.745388 -21.385446 2.623442
v -94.946709 -21.932497 1.854650
v -94.743814 -21.510732 2.687983
v -94.926939 -22.058461 1.914769
v -94.722881 -21.636505 2.748102
v -94.888287 -22.182565 1.969275
v -94.683056 -21.760240 2.802608
v -94.853153 -22.261283 2.001240
v -94.647198 -21.838632 2.834573
v -94.784966 -22.376955 2.044125
v -94.577923 -21.953661 2.877459
v -94.595032 -22.270379 2.500005
v -94.174910 -21.099496 4.547721
v -93.988895 -20.989480 5.000000
v -94.076662 -20.884783 4.965285
v -94.072151 -20.860395 5.000000
v -94.148617 -20.771408 4.922399
v -94.246330 -20.985785 4.504836
v -94.186287 -20.693879 4.890433
v -94.283648 -20.908079 4.472870
v -94.176779 -20.571818 5.000000
v -94.325771 -20.785110 4.418363
v -94.228992 -20.571110 4.835926
v -94.198303 -20.419214 5.000000
v -95.361404 -22.643161 0.127041
v -95.345926 -22.894750 0.251699
v -95.363331 -22.768443 0.191581
v -95.309582 -23.019552 0.306204
v -95.275936 -23.098912 0.338170
v -95.209913 -23.215835 0.381054
v -94.134798 -20.720091 5.000000
v -94.182720 -20.111434 5.000000
v -94.252872 -20.445864 4.775806
v -94.349060 -20.659754 4.358243
v -94.242363 -20.197933 4.643559
v -94.257374 -20.320649 4.711264
v -94.337397 -20.411875 4.225996
v -94.352980 -20.534520 4.293701
v -93.374071 -18.137836 5.000000
v -93.421345 -18.224895 4.940662
v -93.769131 -19.089918 3.277595
v -93.949451 -19.520891 2.444263
v -93.690853 -18.994220 3.209891
v -93.870296 -19.425930 2.376558
v -93.597279 -18.910892 3.145350
v -93.775940 -19.343481 2.312017
v -93.490295 -18.841536 3.085231
v -93.668308 -19.275125 2.251898
v -93.372078 -18.787495 3.030725
v -93.549595 -19.222190 2.197392
v -93.290014 -18.761107 2.998760
v -93.467283 -19.196571 2.165426
v -93.158360 -18.734688 2.955875
v -93.335390 -19.171383 2.122541
v -93.110952 -18.947252 2.499994
v -93.702469 -20.041597 0.452279
v -93.796778 -20.258069 0.034715
v -93.929224 -20.280163 0.077601
v -93.834810 -20.064311 0.495164
v -94.012108 -20.303853 0.109567
v -93.917580 -20.088389 0.527130
v -94.037266 -20.139089 0.581638
v -94.132023 -20.353992 0.164074
v -93.197460 -17.925793 5.000000
v -93.344870 -18.127756 4.872959
v -92.978115 -17.759209 5.000000
v -93.147182 -17.971359 4.748301
v -93.252869 -18.042700 4.808419
v -92.856655 -17.697954 5.000000
v -92.948437 -17.887211 4.661830
v -93.029995 -17.915125 4.693796
v -92.817307 -17.858341 4.618946
v -92.725182 -17.651997 5.000000
v -92.598524 -17.626108 5.000000
v -94.241238 -20.419810 0.224194
v -94.146156 -20.205417 0.641757
v -94.418850 -20.593109 0.356441
v -94.337482 -20.500028 0.288736
v -94.322958 -20.379548 0.774004
v -94.242039 -20.286086 0.706299
v -92.051105 -18.819721 7.500272
v -91.721745 -18.767914 7.500247
v -91.468096 -17.455280 5.000000
v -90.130558 -18.458259 7.500123
v -90.329924 -17.221664 5.000000
v -89.189568 -16.937166 5.000000
v -88.534422 -18.052740 7.500000
v -88.048840 -16.603705 5.000000
v -92.319393 -19.489456 8.749909
v -91.989346 -19.442278 8.749909
v -90.394011 -19.155012 8.749909
v -99.411316 -29.228015 7.444265
v -98.720808 -28.229976 5.381173
v -98.871279 -28.463070 5.774004
v -98.762722 -28.338721 5.316301
v -98.909159 -28.580756 5.706299
v -98.788157 -28.453751 5.253758
v -98.928337 -28.704576 5.641757
v -98.796663 -28.573022 5.194657
v -98.928509 -28.832080 5.581637
v -98.788080 -28.694408 5.140048
v -98.909712 -28.960700 5.527130
v -98.762569 -28.815753 5.090905
v -98.887329 -29.043946 5.495164
v -98.720579 -28.934898 5.048102
v -98.838053 -29.168854 5.452279
v -98.662863 -29.049721 5.012398
v -98.634968 -29.094934 5.000000
v -99.466381 -30.242472 7.499994
v -99.391308 -29.934306 7.122543
v -99.438238 -29.808495 7.165428
v -99.718428 -30.186048 7.998762
v -99.738474 -30.102210 8.030728
v -100.306540 -30.847411 9.693795
v -100.319309 -30.718052 9.748300
v -99.672670 -30.312290 7.955877
v -100.244665 -31.058681 9.618946
v -100.288067 -30.931609 9.661830
v -100.313187 -30.590694 9.808418
v -100.288239 -30.467906 9.872959
v -99.727249 -29.722424 8.209893
v -99.749899 -29.845660 8.145351
v -99.472895 -29.468415 7.312019
v -99.475451 -29.595895 7.251900
v -100.244913 -30.352116 9.940662
v -99.686079 -29.605846 8.277597
v -99.451389 -29.344974 7.376560
v -99.459066 -29.724846 7.197393
v -99.753647 -29.973109 8.085233
v -98.678350 -29.007673 5.002402
v -98.660374 -29.044735 5.000000
v -98.695707 -28.967617 5.004984
v -98.711929 -28.924136 5.000000
v -98.725109 -28.885460 5.010662
v -98.756018 -28.755398 5.020618
v -98.760166 -28.786538 5.071360
v -98.780279 -28.656154 5.111221
v -98.783655 -28.666494 5.124868
v -98.787270 -28.536828 5.174781
v -98.664360 -29.042640 5.009093
v -98.667669 -29.034388 5.008165
v -98.687525 -28.995030 5.017001
v -98.721867 -28.914297 5.036609
v -98.684978 -29.003489 5.018958
v -98.720837 -28.923175 5.040909
v -98.761387 -28.796105 5.079952
v -98.772211 -28.409624 5.228704
v -98.752384 -28.329217 5.265539
v -98.707132 -28.211434 5.323817
v -98.744221 -28.316250 5.235664
v -98.697596 -28.197193 5.287135
v -98.717718 -28.274097 5.066894
v -98.666677 -28.150969 5.081282
v -98.703909 -28.238246 5.000000
v -98.741894 -28.357618 5.057781
v -98.760405 -28.464141 5.000000
v -98.764439 -28.489082 5.044395
v -98.769188 -28.622479 5.031930
v -98.781919 -28.525605 5.155425
v -98.763132 -28.696980 5.000000
v -98.765087 -28.397396 5.203114
v -98.984737 -28.626323 9.643558
v -98.851204 -28.434043 9.225996
v -98.326130 -27.658744 7.555740
v -98.069601 -27.268291 6.722408
v -98.230839 -27.579966 7.623444
v -97.975063 -27.188628 6.790112
v -98.122940 -27.516279 7.687985
v -97.867756 -27.123935 6.854652
v -98.004570 -27.468889 7.748104
v -97.749844 -27.075441 6.914771
v -97.878141 -27.438695 7.802611
v -97.623692 -27.044070 6.969277
v -97.792530 -27.428651 7.834576
v -97.538176 -27.033226 7.001243
v -97.658253 -27.428155 7.877461
v -97.403917 -27.031474 7.044128
v -97.396421 -27.249131 7.500005
v -96.649704 -26.044788 5.000000
v -98.778286 -28.488653 9.775805
v -98.887644 -28.549798 9.711264
v -98.658838 -28.444047 9.835925
v -98.526163 -28.250241 9.418362
v -98.645391 -28.295407 9.358243
v -98.531742 -28.416820 9.890432
v -98.399181 -28.222423 9.472870
v -98.445911 -28.408782 9.922398
v -98.313398 -28.213983 9.504836
v -98.179140 -28.216000 9.547722
v -98.311663 -28.411427 9.965284
v -96.907473 -26.232815 5.381054
v -96.803246 -26.049242 5.000000
v -97.041683 -26.237071 5.338169
v -96.954365 -26.077037 5.000000
v -97.126980 -26.249506 5.306205
v -97.100353 -26.126361 5.000000
v -97.252512 -26.283226 5.251699
v -97.238331 -26.195018 5.000000
v -97.369509 -26.333909 5.191581
v -97.483206 -26.382108 5.000000
v -97.475586 -26.400590 5.127041
v -97.568626 -26.482003 5.059338
v -98.754473 -28.357062 9.293701
v -96.325560 -27.309911 7.500272
v -95.992279 -27.319508 7.500247
v -95.501842 -26.075830 5.000000
v -94.371300 -27.307503 7.500123
v -94.340096 -26.055331 5.000000
v -93.166857 -25.985217 5.000000
v -92.727823 -27.202179 7.500000
v -91.984243 -25.867040 5.000000
v -96.712351 -27.918944 8.749909
v -96.379242 -27.933218 8.749909
v -94.758282 -27.943985 8.749909
v -113.454008 42.391372 0.059338
v -114.248762 42.878804 1.722405
v -114.650383 43.117456 2.555737
v -114.128876 42.848597 1.790109
v -114.530220 43.088369 2.623442
v -114.004078 42.837439 1.854650
v -114.405327 43.078375 2.687983
v -113.876829 42.845488 1.914769
v -114.278164 43.087621 2.748102
v -113.749685 42.872534 1.969275
v -114.151278 43.115854 2.802608
v -113.668060 42.900248 2.001240
v -114.069910 43.144321 2.834574
v -113.546591 42.957478 2.044125
v -113.948984 43.202686 2.877459
v -113.635197 43.156428 2.500005
v -114.762316 43.682795 4.547721
v -114.854698 43.878164 5.000000
v -114.967051 43.800440 4.965285
v -114.990911 43.807182 5.000000
v -115.086575 43.739257 4.922399
v -114.882135 43.622179 4.504836
v -115.167255 43.708892 4.890433
v -114.962940 43.592191 4.472870
v -115.287914 43.729620 5.000000
v -115.089283 43.561583 4.418363
v -115.293436 43.677702 4.835926
v -115.441847 43.722277 5.000000
v -113.334713 42.358932 0.127041
v -113.082762 42.351131 0.251699
v -113.210144 42.345452 0.191581
v -112.955151 42.375803 0.306205
v -112.873020 42.401981 0.338170
v -112.750502 42.456942 0.381054
v -115.136395 43.757753 5.000000
v -115.746880 43.766193 5.000000
v -115.420351 43.665485 4.775806
v -115.216246 43.549967 4.358243
v -115.666256 43.698816 4.643559
v -115.545444 43.672552 4.711264
v -115.461998 43.584452 4.225996
v -115.341311 43.557615 4.293701
v -117.638407 44.754262 5.000000
v -117.555113 44.698381 4.940662
v -116.725874 44.272261 3.277595
v -116.313381 44.052944 2.444263
v -116.813946 44.359026 3.209891
v -116.400623 44.140530 2.376558
v -116.888275 44.459891 3.145350
v -116.474018 44.242086 2.312017
v -116.947460 44.572825 3.085231
v -116.532154 44.355564 2.251898
v -116.990376 44.695525 3.030725
v -116.573906 44.478664 2.197392
v -117.009068 44.779673 2.998760
v -116.591825 44.562979 2.165426
v -117.023230 44.913206 2.955876
v -116.604738 44.696636 2.122541
v -116.807194 44.940791 2.499994
v -115.772104 44.250836 0.452279
v -115.565252 44.136953 0.034715
v -115.555477 44.003029 0.077601
v -115.761700 44.116960 0.495164
v -115.539532 43.918314 0.109567
v -115.745363 44.032321 0.527130
v -115.705919 43.908467 0.581637
v -115.500669 43.794279 0.164074
v -117.833834 44.950852 5.000000
v -117.644787 44.783492 4.872959
v -117.979488 45.186057 5.000000
v -117.782269 44.994760 4.748301
v -117.720995 44.882951 4.808419
v -118.029575 45.315161 5.000000
v -117.847729 45.200419 4.661830
v -117.827454 45.116639 4.693796
v -117.864370 45.333662 4.618946
v -118.062191 45.449295 5.000000
v -118.075428 45.572939 5.000000
v -115.445213 43.679471 0.224194
v -115.649920 43.793917 0.641757
v -115.289040 43.486624 0.356441
v -115.374222 43.576231 0.288736
v -115.492840 43.601804 0.774004
v -115.578442 43.691010 0.706299
v -124.256935 47.456884 5.447220
v -122.995548 47.037930 7.444264
v -124.144478 47.428951 5.381174
v -123.879108 47.348013 5.774005
v -124.028416 47.418399 5.316303
v -123.755550 47.343788 5.706300
v -123.910828 47.425413 5.253761
v -123.631210 47.359223 5.641758
v -123.793783 47.449875 5.194660
v -123.508530 47.393951 5.581639
v -123.679380 47.491345 5.140052
v -123.389959 47.447224 5.527132
v -123.569660 47.549086 5.090909
v -123.316021 47.491531 5.495166
v -123.466549 47.622070 5.048105
v -123.209372 47.573113 5.452279
v -123.371906 47.709002 5.012400
v -123.365755 47.715459 5.010221
v -123.336048 47.748203 5.000000
v -122.004766 47.262573 7.499995
v -122.321720 47.250452 7.122543
v -121.881161 47.083268 7.955877
v -121.990061 47.004709 7.998762
v -121.117048 46.660848 9.661832
v -121.192980 46.620035 9.693797
v -121.006708 46.737356 9.618947
v -121.313896 46.572361 9.748303
v -121.438065 46.543398 9.808420
v -121.562996 46.533785 9.872960
v -122.433558 46.869359 8.209893
v -122.308826 46.881299 8.145353
v -122.747488 47.044497 7.312019
v -122.624187 47.076921 7.251900
v -121.686220 46.543779 9.940662
v -122.556944 46.877050 8.277596
v -122.872105 47.031393 7.376560
v -122.429886 47.170877 7.165428
v -122.504635 47.127962 7.197394
v -122.065210 46.962495 8.030728
v -122.185230 46.912570 8.085234
v -123.478146 47.628241 5.000000
v -123.377390 47.710032 5.000000
v -123.408108 47.682600 5.002402
v -123.370428 47.716475 5.000000
v -123.385334 47.700186 5.008165
v -123.378305 47.705626 5.009094
v -123.410320 47.675085 5.018960
v -123.477755 47.618623 5.040911
v -123.588877 47.544847 5.079955
v -123.486013 47.615194 5.036610
v -123.598413 47.543406 5.071363
v -123.512859 47.604194 5.010663
v -123.629503 47.538872 5.020618
v -123.682785 47.516427 5.000000
v -123.753738 47.489829 5.031931
v -123.907747 47.455049 5.000000
v -123.883343 47.457900 5.044395
v -124.015951 47.443609 5.057782
v -123.971348 47.432184 5.203117
v -124.055099 47.430043 5.235666
v -124.040394 47.425742 5.265540
v -124.166059 47.437034 5.323817
v -123.707447 47.487960 5.124871
v -123.831167 47.449002 5.174783
v -123.957624 47.428675 5.228705
v -124.340439 47.484503 5.231267
v -124.182367 47.442312 5.287137
v -124.235287 47.459393 5.081283
v -124.102898 47.444000 5.066896
v -124.140806 47.447438 5.000000
v -124.369297 47.494016 5.000000
v -123.441887 47.654943 5.004984
v -123.417759 47.670317 5.017002
v -123.718309 47.488375 5.111223
v -123.843422 47.451077 5.155428
v -121.063976 47.238989 8.749912
v -120.511227 47.680330 8.749912
v -119.064703 48.725805 8.749912
v -118.227024 50.004926 7.500000
v -119.749451 49.014344 7.499864
v -120.093307 49.154997 6.874868
v -121.181259 47.948732 7.499728
v -121.517544 48.079362 6.874868
v -121.727791 47.499700 7.499675
v -122.060881 47.626495 6.874868
v -122.394943 47.750993 6.249912
v -122.729855 47.873144 5.624956
v -122.531910 48.457122 5.000000
v -122.192907 48.333573 5.624956
v -121.130610 49.562454 5.000000
v -120.783892 49.429059 5.624956
v -119.636602 50.595326 5.000000
v -120.438118 49.293242 6.249912
v -121.854782 48.207650 6.249912
v -126.242867 48.101244 5.000000
v -126.150589 48.061543 4.940662
v -125.985966 47.995901 5.000000
v -125.257168 47.795053 3.277595
v -124.811392 47.655268 2.444263
v -125.359678 47.864161 3.209891
v -124.913254 47.725325 2.376558
v -125.451279 47.949648 3.145350
v -125.004063 47.811670 2.312017
v -125.530214 48.049784 3.085231
v -125.082045 47.912531 2.251898
v -125.594931 48.162508 3.030725
v -125.145712 48.025866 2.197392
v -125.628786 48.241787 2.998760
v -125.178814 48.105454 2.165426
v -125.667238 48.370442 2.955875
v -125.216074 48.234458 2.122541
v -125.459957 48.437257 2.499994
v -124.315701 47.949247 0.452279
v -124.091444 47.875309 0.034715
v -124.057226 47.745466 0.077601
v -124.280872 47.819562 0.495164
v -124.025993 47.665124 0.109567
v -124.249258 47.739367 0.527130
v -124.187727 47.624865 0.581637
v -123.964996 47.550335 0.164074
v -126.471186 48.258705 5.000000
v -126.254368 48.128729 4.872959
v -126.657619 48.463321 5.000000
v -126.428337 48.311133 4.748301
v -126.347551 48.212490 4.808419
v -126.730556 48.581119 5.000000
v -126.530466 48.501267 4.661830
v -126.495152 48.422637 4.693796
v -126.571312 48.629179 4.618946
v -126.787224 48.707085 5.000000
v -126.822739 48.825598 5.000000
v -123.889389 47.447672 0.224194
v -124.111633 47.522559 0.641757
v -123.700438 47.286806 0.356441
v -123.800631 47.359238 0.288736
v -124.646740 47.584424 2.499993
v -123.921938 47.362580 0.774004
v -124.022465 47.434535 0.706299
v -124.459343 47.523551 5.000000
v -124.414310 47.508802 5.000000
v -133.245268 49.541636 5.447220
v -131.928387 49.361596 7.444264
v -133.129597 49.534845 5.381174
v -132.853870 49.504046 5.774005
v -133.013582 49.545794 5.316303
v -132.731647 49.522600 5.706300
v -132.899275 49.574299 5.253761
v -132.612257 49.560614 5.641758
v -132.788725 49.619851 5.194660
v -132.498045 49.617295 5.581639
v -132.683887 49.681635 5.140052
v -132.391281 49.691443 5.527132
v -132.586641 49.758554 5.090909
v -132.326756 49.748583 5.495166
v -132.498703 49.849243 5.048105
v -132.236910 49.848375 5.452279
v -132.421646 49.952083 5.012400
v -132.393599 49.997206 5.000000
v -130.995741 49.764471 7.499995
v -131.305065 49.694314 7.122542
v -131.396770 49.596224 7.165428
v -130.933895 49.513702 7.998762
v -131.000013 49.458394 8.030728
v -130.079708 49.282045 9.693797
v -130.189819 49.212961 9.748303
v -130.841293 49.610929 7.955877
v -129.918165 49.431596 9.618947
v -130.012569 49.336109 9.661832
v -130.306549 49.161673 9.808420
v -130.427580 49.129272 9.872960
v -131.344986 49.299159 8.209893
v -131.224575 49.333816 8.145351
v -131.685743 49.413629 7.312018
v -131.570492 49.468164 7.251900
v -130.550537 49.116449 9.940662
v -131.467686 49.284048 8.277596
v -131.805830 49.377851 7.376560
v -131.462374 49.540300 7.197393
v -131.108809 49.387269 8.085234
v -132.510757 49.853659 5.000000
v -132.427216 49.952092 5.000000
v -132.452374 49.919481 5.002402
v -132.433224 49.940948 5.008165
v -132.427311 49.947591 5.009094
v -132.453175 49.911685 5.018960
v -132.604752 49.750853 5.079955
v -132.509079 49.843798 5.040911
v -132.459612 49.905634 5.017002
v -132.710848 49.673152 5.124871
v -132.613859 49.747686 5.071363
v -132.721605 49.671559 5.111223
v -132.643585 49.737520 5.020618
v -132.756701 49.666486 5.031931
v -132.691402 49.705935 5.000000
v -132.901363 49.604101 5.000000
v -132.878218 49.611282 5.044395
v -133.005953 49.572868 5.057782
v -132.960005 49.569831 5.203117
v -133.041935 49.552336 5.235666
v -133.026686 49.550815 5.265540
v -133.152294 49.538822 5.323818
v -132.825298 49.612122 5.174783
v -132.837734 49.611912 5.155428
v -132.945881 49.568906 5.228705
v -133.332424 49.553442 5.231267
v -133.169298 49.541011 5.287138
v -133.224459 49.548082 5.081283
v -133.091488 49.557276 5.066896
v -133.129225 49.553704 5.000000
v -133.362551 49.557486 5.000000
v -132.540941 49.823160 5.010663
v -132.516575 49.838910 5.036610
v -132.480497 49.886088 5.004984
v -133.456421 49.569964 5.000000
v -133.651762 49.595366 2.499993
v -135.043793 49.753752 5.000000
v -133.409481 49.563746 5.000000
v -135.315809 49.810133 5.000000
v -135.217686 49.788027 4.940662
v -134.290514 49.690237 3.277595
v -133.826647 49.634743 2.444263
v -134.403973 49.739332 3.209891
v -133.939638 49.684896 2.376558
v -134.509716 49.806533 3.145350
v -134.044752 49.753079 2.312017
v -134.605713 49.890456 3.085231
v -134.139957 49.837899 2.251898
v -134.690046 49.989376 3.030725
v -134.223356 49.937601 2.197392
v -134.737883 50.061083 2.998760
v -134.270525 50.009751 2.165426
v -134.799318 50.180483 2.955875
v -134.330854 50.129719 2.122541
v -134.607849 50.284243 2.499994
v -133.393402 50.014801 0.452279
v -133.159380 49.983330 0.034715
v -133.101883 49.861984 0.077601
v -133.335342 49.893727 0.495164
v -133.056431 49.788752 0.109567
v -133.289537 49.820704 0.527130
v -133.208008 49.719458 0.581637
v -132.975368 49.687128 0.164074
v -135.569286 49.923062 5.000000
v -135.332050 49.835000 4.872959
v -135.790205 50.090089 5.000000
v -135.536556 49.982328 4.748301
v -135.439024 49.900212 4.808419
v -135.883560 50.192566 5.000000
v -135.671892 50.150461 4.661830
v -135.622730 50.079660 4.693796
v -135.735550 50.268693 4.618946
v -135.962372 50.306067 5.000000
v -136.018782 50.415564 5.000000
v -132.882185 49.600105 0.224194
v -133.114414 49.632878 0.641757
v -132.666903 49.476695 0.356441
v -132.778683 49.529481 0.288736
v -132.898540 49.510474 0.774004
v -133.010588 49.562736 0.706299
v -139.746323 50.016532 0.059338
v -140.678635 50.012574 1.722405
v -141.145735 50.004053 2.555737
v -140.560808 50.050001 1.790109
v -141.028261 50.042577 2.623442
v -140.448818 50.106211 1.854650
v -140.916805 50.099835 2.687983
v -140.344877 50.180044 1.914769
v -140.813551 50.174637 2.748102
v -140.251026 50.269976 1.969275
v -140.720539 50.265436 2.802608
v -140.196209 50.336504 2.001240
v -140.666351 50.332475 2.834574
v -140.123062 50.449109 2.044125
v -140.594254 50.445757 2.877459
v -140.303116 50.571623 2.500005
v -141.538515 50.425787 4.547721
v -141.774521 50.418034 4.965285
v -141.843929 50.303092 4.922399
v -141.608477 50.311174 4.504836
v -141.896544 50.234809 4.890433
v -141.661406 50.243139 4.472870
v -141.752701 50.150614 4.418363
v -141.987410 50.141859 4.835926
v -139.627819 50.051756 0.127041
v -139.409504 50.177755 0.251699
v -139.514818 50.105867 0.191581
v -139.313984 50.265913 0.306205
v -139.257936 50.331411 0.338170
v -139.182711 50.442629 0.381054
v -142.088881 50.064659 4.775806
v -141.854534 50.073891 4.358243
v -142.315493 49.963551 4.643559
v -142.198963 50.004816 4.711264
v -142.081623 49.973841 4.225996
v -141.964893 50.014558 4.293701
v -140.843067 50.886517 3.749909
v -140.130291 50.893335 2.500326
v -139.773512 50.892992 1.874864
v -139.417019 50.890164 1.249909
v -139.061155 51.501446 1.249909
v -138.700428 51.493607 0.624955
v -138.224154 52.243733 0.624955
v -139.060564 50.884829 0.624955
v -137.719069 52.984371 0.624955
v -137.771626 54.494462 2.500000
v -139.575930 53.031745 3.749909
v -138.833113 53.020601 2.500136
v -138.461561 53.011122 1.874864
v -138.956203 52.263484 1.874864
v -138.090267 52.999048 1.249909
v -138.590145 52.254891 1.249909
v -140.054750 52.273879 3.749909
v -140.504475 51.507530 3.749909
v -139.783001 51.509542 2.500272
v -139.322557 52.269516 2.500204
v -139.421940 51.506758 1.874864
v -141.873951 49.982061 9.643558
v -142.107868 49.972739 9.225995
v -143.043003 49.924521 7.555735
v -143.509169 49.893923 6.722403
v -143.163280 49.953084 7.623439
v -143.629732 49.921355 6.790106
v -143.279142 50.000811 7.687980
v -143.746014 49.967999 6.854647
v -143.388290 50.066710 7.748099
v -143.855772 50.032873 6.914765
v -143.488569 50.149403 7.802605
v -143.956833 50.114632 6.969272
v -143.548183 50.211668 7.834571
v -144.017029 50.176339 7.001237
v -143.629503 50.318522 7.877456
v -144.099331 50.282426 7.044122
v -143.930159 50.419574 7.500005
v -145.341244 50.289660 5.000000
v -142.108231 50.063848 9.775805
v -141.993532 50.013423 9.711264
v -142.215805 50.132284 9.835925
v -142.450428 50.121360 9.418362
v -142.342529 50.053434 9.358242
v -142.314129 50.217299 9.890432
v -142.549152 50.205922 9.472868
v -142.372265 50.280943 9.922398
v -142.607574 50.269289 9.504834
v -142.686892 50.377645 9.547720
v -142.451067 50.389667 9.965284
v -145.035858 50.197277 5.381054
v -145.245161 50.169821 5.000000
v -144.951572 50.092740 5.338169
v -145.131912 50.065980 5.000000
v -144.890242 50.032167 5.306203
v -145.004559 49.979200 5.000000
v -144.787693 49.952312 5.251697
v -144.866619 49.910479 5.000000
v -144.676723 49.889493 5.191580
v -144.569750 49.827814 5.000000
v -144.559584 49.845028 5.127040
v -144.438553 49.819846 5.059337
v -142.227583 50.003543 9.293700
v -144.526653 51.310253 7.500272
v -144.719849 51.582003 7.500247
v -146.008148 51.224256 5.000000
v -145.706301 52.868338 7.500123
v -146.724529 52.138872 5.000000
v -147.487440 53.032770 5.000000
v -146.780758 54.116392 7.500000
v -148.294325 53.905172 5.000000
v -143.807554 51.368623 8.749909
v -143.996906 51.643047 8.749909
v -144.965162 52.943087 8.749909
v -148.941164 49.211516 0.059338
v -149.856873 49.036317 1.722405
v -150.314455 48.942108 2.555737
v -149.747925 49.094753 1.790109
v -150.206051 49.001565 2.623442
v -149.648180 49.170585 1.854650
v -150.107021 49.078321 2.687983
v -149.559574 49.262266 1.914769
v -150.019274 49.170828 2.748102
v -149.483824 49.367909 1.969275
v -149.944515 49.277172 2.802608
v -149.442167 49.443374 2.001240
v -149.903584 49.353027 2.834574
v -149.390965 49.567504 2.044125
v -149.853535 49.477630 2.877459
v -149.590473 49.654846 2.500005
v -150.778027 49.284492 4.547721
v -151.008587 49.233503 4.965285
v -151.055708 49.107766 4.922399
v -150.825748 49.158978 4.504836
v -151.094866 49.030976 4.890433
v -150.865269 49.082370 4.472870
v -150.938005 48.974643 4.418363
v -151.167116 48.922911 4.835926
v -148.831148 49.267917 0.127041
v -148.639698 49.431887 0.251699
v -148.729992 49.341879 0.191581
v -148.562012 49.536099 0.306205
v -148.518953 49.610777 0.338170
v -148.465443 49.733925 0.381054
v -151.252670 48.828382 4.775806
v -151.023998 48.880515 4.358243
v -151.456852 48.687353 4.643559
v -151.349888 48.749328 4.711264
v -151.228848 48.740444 4.225996
v -151.121578 48.801918 4.293701
v -150.179090 49.865165 3.749909
v -149.479704 50.002832 2.500326
v -149.128923 50.068064 1.874864
v -148.777981 50.130782 1.249909
v -148.540516 50.797048 1.249909
v -148.184481 50.855627 0.624955
v -147.854137 51.680498 0.624955
v -148.426619 50.191045 0.624955
v -147.493763 52.501330 0.624955
v -147.822895 53.976054 2.500000
v -149.327698 52.206707 3.749909
v -148.595486 52.332239 2.500136
v -148.228512 52.391195 1.874864
v -148.577375 51.565399 1.874864
v -147.861328 52.447553 1.249909
v -148.215961 51.624212 1.249909
v -149.659119 51.373758 3.749909
v -149.960356 50.537825 3.749909
v -149.251537 50.672369 2.500272
v -148.938580 51.504011 2.500204
v -148.896122 50.735979 1.874864
v -151.026278 48.786669 9.643558
v -151.254482 48.734531 9.225995
v -152.164841 48.515301 7.555735
v -152.617464 48.399563 6.722403
v -152.288332 48.521271 7.623439
v -152.740993 48.404379 6.790106
v -152.410984 48.546896 7.687980
v -152.863874 48.428855 6.854647
v -152.530384 48.591619 7.748099
v -152.983685 48.472462 6.914765
v -152.644167 48.654475 7.802605
v -153.098049 48.534255 6.969272
v -152.714186 48.704729 7.834570
v -153.168545 48.583851 7.001237
v -152.813768 48.794823 7.877456
v -153.268967 48.673010 7.044122
v -153.127871 48.838911 7.500005
v -154.491043 48.451920 5.000000
v -151.271591 48.824015 9.775805
v -151.149578 48.795528 9.711264
v -151.389923 48.871517 9.835925
v -151.618528 48.817673 9.418362
v -151.499987 48.770723 9.358242
v -151.502180 48.937025 9.890432
v -151.731110 48.882651 9.472869
v -151.571026 48.988900 9.922398
v -151.800184 48.934207 9.504834
v -151.898060 49.026146 9.547721
v -151.668453 49.081297 9.965284
v -154.173889 48.417225 5.381054
v -154.374571 48.351774 5.000000
v -154.071836 48.329954 5.338169
v -154.244175 48.270512 5.000000
v -154.000416 48.281679 5.306203
v -154.103060 48.208613 5.000000
v -153.884935 48.222032 5.251697
v -153.954830 48.166404 5.000000
v -153.764324 48.180666 5.191580
v -153.647823 48.139696 5.000000
v -153.641005 48.158484 5.127040
v -153.517399 48.155975 5.059337
v -151.377840 48.742809 9.293700
v -153.877916 49.604859 7.500272
v -154.117756 49.836478 7.500247
v -155.318346 49.248071 5.000000
v -155.323763 50.919657 7.500123
v -156.190596 50.015488 5.000000
v -157.104778 50.753989 5.000000
v -156.609249 51.949029 7.500000
v -158.058243 51.463289 5.000000
v -153.181782 49.794364 8.749909
v -153.418322 50.029325 8.749909
v -154.608974 51.129313 8.749909
v -157.831516 46.730666 0.059338
v -158.699436 46.390181 1.722405
v -159.131908 46.213503 2.555737
v -158.603086 46.467648 1.790109
v -159.036283 46.291862 2.623442
v -158.518963 46.560516 1.854650
v -158.953047 46.385512 2.687983
v -158.448715 46.666918 1.914769
v -158.883791 46.492567 2.748102
v -158.393679 46.784678 1.969275
v -158.829851 46.610832 2.802608
v -158.366594 46.866512 2.001240
v -158.803539 46.692920 2.834574
v -158.339062 46.997938 2.044125
v -158.777237 46.824598 2.877459
v -158.551226 47.047129 2.500005
v -159.650526 46.464872 4.547721
v -159.867783 46.372390 4.965285
v -159.890995 46.240129 4.922399
v -159.674349 46.332726 4.504836
v -159.915371 46.157455 4.890433
v -159.699125 46.250162 4.472870
v -159.750843 46.130905 4.418363
v -159.966526 46.037955 4.835926
v -157.733736 46.806321 0.127041
v -157.575665 47.002673 0.251699
v -157.647905 46.897602 0.191581
v -157.518444 47.119384 0.306205
v -157.489853 47.200704 0.338170
v -157.459888 47.331591 0.381054
v -160.033264 45.929317 4.775806
v -159.818068 46.022577 4.358243
v -160.208054 45.753169 4.643559
v -160.114288 45.833745 4.711264
v -159.993687 45.847249 4.225996
v -159.899549 45.927386 4.293701
v -159.168472 47.145715 3.749909
v -158.506289 47.409554 2.500326
v -158.173475 47.538123 1.874864
v -157.840042 47.664261 1.249909
v -157.729015 48.362818 1.249909
v -157.389812 48.485823 0.624955
v -157.216673 49.357347 0.624955
v -157.505722 47.788057 0.624955
v -157.013264 50.230422 0.624955
v -157.607756 51.619558 2.500000
v -158.761845 49.603829 3.749909
v -158.065157 49.861770 2.500136
v -157.715273 49.987154 1.874864
v -157.906446 49.111314 1.874864
v -157.364683 50.110016 1.249909
v -157.561998 49.235539 1.249909
v -158.934555 48.724165 3.749909
v -159.077072 47.847109 3.749909
v -158.405046 48.109612 2.500272
v -158.250227 48.984599 2.500204
v -158.067350 48.237448 1.874864
v -159.803085 45.929899 9.643558
v -160.017834 45.836706 9.225995
v -160.872402 45.453939 7.555735
v -161.296043 45.257001 6.722402
v -160.994892 45.437117 7.623439
v -161.418362 45.239038 6.790106
v -161.120167 45.439768 7.687980
v -161.543655 45.240517 6.854647
v -161.245747 45.461788 7.748099
v -161.669445 45.261364 6.914765
v -161.369133 45.502672 7.802605
v -161.793213 45.301094 6.969272
v -161.447220 45.539198 7.834570
v -161.871624 45.336890 7.001237
v -161.561642 45.609465 7.877456
v -161.986713 45.406084 7.044122
v -161.878490 45.595083 7.500005
v -163.147354 44.964199 5.000000
v -160.051098 45.921531 9.775805
v -159.925938 45.915947 9.711264
v -160.176125 45.946484 9.835925
v -160.390968 45.851545 9.418362
v -160.265808 45.827184 9.358242
v -160.298538 45.990243 9.890432
v -160.513573 45.894732 9.472869
v -160.375729 46.028585 9.922398
v -160.590935 45.932717 9.504835
v -160.704041 46.005106 9.547721
v -160.488472 46.101503 9.965285
v -162.829227 44.988375 5.381054
v -163.014469 44.887161 5.000000
v -162.712860 44.921341 5.338169
v -162.871361 44.831243 5.000000
v -162.633801 44.887013 5.306204
v -162.721272 44.796329 5.000000
v -162.509308 44.849596 5.251698
v -162.567806 44.782071 5.000000
v -162.383156 44.831100 5.191580
v -162.261124 44.812231 5.000000
v -162.257881 44.831953 5.127040
v -162.135906 44.852195 5.059337
v -160.140610 45.822182 9.293700
v -162.756577 46.210213 7.500272
v -163.034878 46.393824 7.500247
v -164.106865 45.594792 5.000000
v -164.419384 47.236953 7.500123
v -165.105305 46.188874 5.000000
v -166.139641 46.746836 5.000000
v -165.872154 48.012586 7.500000
v -167.207222 47.268867 5.000000
v -162.107124 46.524405 8.749909
v -162.382812 46.711903 8.749909
v -163.755302 47.574377 8.749909
v -166.114635 42.658453 0.059338
v -166.905212 42.164292 1.722405
v -167.297859 41.911149 2.555737
v -166.824741 42.258139 1.790109
v -167.218266 42.005744 2.623442
v -166.759129 42.364883 1.854650
v -167.153664 42.113099 2.687983
v -166.709614 42.482381 1.914769
v -167.105236 42.231054 2.748102
v -166.677151 42.608252 1.969275
v -167.073956 42.357221 2.802608
v -166.665573 42.693667 2.001240
v -167.063179 42.442741 2.834574
v -166.662655 42.827916 2.044125
v -167.061520 42.577009 2.877459
v -166.880245 42.837286 2.500005
v -167.853832 42.062945 4.547721
v -168.050404 41.932116 4.965285
v -168.048897 41.797848 4.922399
v -167.852974 41.928673 4.504836
v -168.057690 41.712098 4.890433
v -167.862148 41.842961 4.472870
v -167.891064 41.716232 4.418363
v -168.086014 41.585236 4.835926
v -166.032429 42.750788 0.127041
v -165.913124 42.972841 0.251699
v -165.964832 42.856288 0.191581
v -165.878334 43.098083 0.306205
v -165.865154 43.183270 0.338170
v -165.859737 43.317442 0.381054
v -168.131657 41.466179 4.775806
v -167.937260 41.597395 4.358243
v -168.271084 41.260915 4.643559
v -168.193722 41.357350 4.711264
v -168.077660 41.392784 4.225996
v -167.999859 41.488853 4.293701
v -167.505093 42.820773 3.749909
v -166.902657 43.201795 2.500326
v -166.599140 43.389330 1.874864
v -166.294556 43.574591 1.249909
v -166.313801 44.281654 1.249909
v -166.002960 44.464889 0.624955
v -165.992928 45.353389 0.624955
v -165.988693 43.757710 0.624955
v -165.953388 46.248980 0.624955
v -166.793022 47.505217 2.500000
v -167.557049 45.311751 3.749909
v -166.919651 45.693316 2.500136
v -166.598759 45.880857 1.874864
v -166.625729 44.984798 1.874864
v -166.276722 46.066046 1.249909
v -166.309967 45.170202 1.249909
v -167.565193 44.415331 3.749909
v -167.544136 43.527021 3.749909
v -166.931782 43.908534 2.500272
v -166.940384 44.797072 2.500204
v -166.623344 44.096246 1.874864
v -167.905521 41.509037 9.643558
v -168.099480 41.377974 9.225995
v -168.869171 40.844693 7.555734
v -169.249401 40.573268 6.722402
v -168.986473 40.805655 7.623439
v -169.366341 40.533133 6.790106
v -169.110088 40.785246 7.687980
v -169.489784 40.511565 6.854647
v -169.237595 40.783811 7.748099
v -169.617252 40.508947 6.914765
v -169.366398 40.801325 7.802605
v -169.746208 40.525255 6.969272
v -169.449863 40.822883 7.834570
v -169.829865 40.546036 7.001237
v -169.575233 40.870924 7.877456
v -169.955711 40.592904 7.044122
v -169.884071 40.798573 7.500005
v -171.015377 39.945278 5.000000
v -168.147774 41.455240 9.775807
v -168.023701 41.472750 9.711264
v -168.275261 41.456790 9.835926
v -168.468971 41.323996 9.418362
v -168.341484 41.323042 9.358242
v -168.403606 41.477313 9.890434
v -168.597431 41.343923 9.472869
v -168.486538 41.500821 9.922400
v -168.680458 41.367040 9.504835
v -168.804951 41.417418 9.547721
v -168.610783 41.551781 9.965285
v -170.707111 40.027494 5.381054
v -170.870609 39.893970 5.000000
v -170.580425 39.982982 5.338169
v -170.719643 39.865298 5.000000
v -170.496407 39.963768 5.306204
v -170.565701 39.858558 5.000000
v -170.367165 39.949863 5.251698
v -170.412254 39.872742 5.000000
v -170.239754 39.954865 5.191580
v -170.116310 39.958739 5.000000
v -170.116749 39.978726 5.127040
v -170.000572 40.021033 5.059337
v -168.217506 41.341138 9.293700
v -170.860291 41.241918 7.500272
v -171.167603 41.371260 7.500247
v -172.074451 40.388832 5.000000
v -172.683468 41.945634 7.500123
v -173.165073 40.789347 5.000000
v -174.284325 41.147761 5.000000
v -174.254017 42.441111 7.500000
v -175.429668 41.464744 5.000000
v -170.279617 41.670103 8.749909
v -170.585079 41.803741 8.749909
v -172.092686 42.399340 8.749909
v -173.508453 37.133565 0.059338
v -174.194775 36.502540 1.722405
v -174.534225 36.181564 2.555737
v -174.132900 36.609581 1.790109
v -174.473362 36.289177 2.623442
v -174.088020 36.726565 1.854650
v -174.429569 36.406574 2.687983
v -174.060936 36.851158 1.914769
v -174.403648 36.531415 2.748102
v -174.052162 36.980851 1.969275
v -174.396095 36.661181 2.802608
v -174.056473 37.066941 2.001240
v -174.401207 36.747231 2.834574
v -174.078293 37.199435 2.044125
v -174.424248 36.879516 2.877459
v -174.293880 37.168667 2.500005
v -175.108604 36.228619 4.547721
v -175.277786 36.063895 4.965285
v -175.251656 35.932186 4.922399
v -175.083103 36.096787 4.504836
v -175.244541 35.846283 4.890433
v -175.076370 36.010849 4.472870
v -175.081520 35.880966 4.418363
v -175.249062 35.716376 4.835926
v -173.444614 37.239430 0.127041
v -173.368149 37.479622 0.251699
v -173.397560 37.355556 0.191581
v -173.356953 37.609124 0.306205
v -173.359661 37.695282 0.338170
v -173.379002 37.828159 0.381054
v -175.272045 35.590966 4.775806
v -175.105076 35.755661 4.358243
v -175.371399 35.363572 4.643559
v -175.313072 35.472577 4.711264
v -175.205498 35.528736 4.225996
v -175.146675 35.637467 4.293701
v -174.905052 37.037625 3.749909
v -174.382896 37.522850 2.500326
v -174.118996 37.762971 1.874864
v -173.853645 38.001037 1.249909
v -174.002495 38.692527 1.249909
v -173.730621 38.929760 0.624955
v -173.884010 39.804978 0.624955
v -173.586636 38.237243 0.624955
v -174.009705 40.692577 0.624955
v -175.065880 41.773148 2.500000
v -175.413857 39.476638 3.749909
v -174.857407 39.968829 2.500136
v -174.576435 40.212140 1.874864
v -174.438305 39.326386 1.874864
v -174.293919 40.453353 1.249909
v -174.162006 39.566650 1.249909
v -175.257149 38.593984 3.749909
v -175.073204 37.724671 3.749909
v -174.541378 38.212211 2.500272
v -174.713097 39.084039 2.500204
v -174.272671 38.453400 1.874864
v -175.057640 35.674644 9.643558
v -175.224228 35.510170 9.225995
v -175.882816 34.844544 7.555735
v -176.206703 34.507871 6.722402
v -175.990944 34.784610 7.623439
v -176.314278 34.446931 6.790106
v -176.108704 34.741833 7.687980
v -176.431618 34.403052 6.854647
v -176.233768 34.717000 7.748099
v -176.556454 34.377053 6.914766
v -176.363602 34.710548 7.802605
v -176.686211 34.369388 6.969272
v -176.449604 34.716403 7.834571
v -176.772270 34.374442 7.001237
v -176.581688 34.740589 7.877456
v -176.904564 34.397392 7.044122
v -176.871948 34.612720 7.500005
v -177.827206 33.566079 5.000000
v -175.285873 35.577247 9.775807
v -175.167141 35.617261 9.711264
v -175.411491 35.555348 9.835926
v -175.577507 35.389221 9.418362
v -175.452003 35.411708 9.358243
v -175.541420 35.551937 9.890434
v -175.707436 35.385201 9.472869
v -175.627251 35.559802 9.922400
v -175.793304 35.392666 9.504835
v -175.924911 35.419319 9.547721
v -175.758743 35.587070 9.965285
v -177.539291 33.703544 5.381054
v -177.675476 33.542247 5.000000
v -177.406578 33.683066 5.338169
v -177.521820 33.541801 5.000000
v -177.320442 33.679619 5.306205
v -177.369251 33.563461 5.000000
v -177.190857 33.689697 5.251698
v -177.221012 33.605602 5.000000
v -177.066536 33.718021 5.191581
v -176.945915 33.744514 5.000000
v -176.950016 33.764081 5.127040
v -176.843605 33.827014 5.059337
v -175.333443 35.452275 9.293700
v -177.913113 34.869161 7.500272
v -178.238945 34.939830 7.500247
v -178.949776 33.807487 5.000000
v -179.834557 35.225887 7.500123
v -180.095444 34.000790 5.000000
v -181.261520 34.147441 5.000000
v -181.469383 35.424347 7.500000
v -182.445641 34.248569 5.000000
v -177.420998 35.396752 8.749909
v -177.745819 35.471992 8.749909
v -179.337196 35.780423 8.749909
v -104.943190 -35.675457 9.643558
v -104.776602 -35.510986 9.225996
v -104.118004 -34.845376 7.555740
v -103.794098 -34.508705 6.722409
v -104.009867 -34.785442 7.623445
v -103.686533 -34.447770 6.790112
v -103.892097 -34.742668 7.687986
v -103.569164 -34.403896 6.854653
v -103.767033 -34.717839 7.748104
v -103.444347 -34.377894 6.914771
v -103.637209 -34.711392 7.802611
v -103.314581 -34.370239 6.969277
v -103.551207 -34.717247 7.834576
v -103.228531 -34.375293 7.001243
v -103.419132 -34.741433 7.877461
v -103.096228 -34.398243 7.044128
v -103.128862 -34.613571 7.500005
v -102.173557 -33.566945 5.000000
v -104.714947 -35.578067 9.775807
v -104.833689 -35.618072 9.711264
v -104.589338 -35.556169 9.835926
v -104.423313 -35.390041 9.418362
v -104.548817 -35.412529 9.358243
v -104.459400 -35.552762 9.890434
v -104.293385 -35.386028 9.472870
v -104.373569 -35.560632 9.922400
v -104.207516 -35.393493 9.504836
v -104.075909 -35.420146 9.547722
v -104.242086 -35.587897 9.965285
v -102.461491 -33.704402 5.381054
v -102.325306 -33.543110 5.000000
v -102.594194 -33.683925 5.338170
v -102.478952 -33.542659 5.000000
v -102.680321 -33.680477 5.306205
v -102.631521 -33.564324 5.000000
v -102.809925 -33.690555 5.251699
v -102.779760 -33.606458 5.000000
v -102.934237 -33.718877 5.191581
v -103.054857 -33.745365 5.000000
v -103.050756 -33.764930 5.127041
v -103.157177 -33.827863 5.059338
v -104.667368 -35.453091 9.293701
v -105.472994 -36.188450 7.444264
v -104.610853 -35.334287 5.381173
v -104.801598 -35.535762 5.774004
v -104.672041 -35.433476 5.316300
v -104.860449 -35.644481 5.706299
v -104.718180 -35.541873 5.253757
v -104.902058 -35.762672 5.641757
v -104.748449 -35.657554 5.194656
v -104.925652 -35.887973 5.581637
v -104.762325 -35.778451 5.140048
v -104.930820 -36.017857 5.527130
v -104.759541 -35.902417 5.090905
v -104.924107 -36.103797 5.495164
v -104.740162 -36.027248 5.048101
v -104.898624 -36.235638 5.452279
v -104.704523 -36.150723 5.012397
v -104.685411 -36.200290 5.000000
v -105.713520 -37.175517 7.499994
v -105.583096 -36.886394 7.122543
v -105.606127 -36.754100 7.165428
v -105.950909 -37.073741 7.998761
v -105.955210 -36.987643 8.030726
v -106.650534 -37.615776 9.693795
v -106.639309 -37.486274 9.748300
v -105.929127 -37.206242 7.955877
v -106.628542 -37.834821 9.618946
v -106.647844 -37.701936 9.661830
v -106.609898 -37.362208 9.808418
v -106.562815 -37.246094 9.872959
v -105.874386 -36.616390 8.209893
v -105.919304 -36.733365 8.145351
v -105.577688 -36.413445 7.312018
v -105.603628 -36.538284 7.251899
v -106.498947 -37.140236 9.940662
v -105.812511 -36.509361 8.277596
v -105.533886 -36.296055 7.376560
v -105.611219 -36.668048 7.197393
v -105.946407 -36.857955 8.085233
v -104.729605 -36.018753 5.000000
v -104.701157 -36.146278 5.000000
v -104.712019 -36.106544 5.002402
v -104.706440 -36.134765 5.008165
v -104.704695 -36.143486 5.009093
v -104.717770 -36.101213 5.018958
v -104.754772 -35.883319 5.079952
v -104.738255 -36.015677 5.040909
v -104.718723 -36.092429 5.017001
v -104.752846 -35.751824 5.124868
v -104.751797 -35.874143 5.071360
v -104.747629 -35.742278 5.111221
v -104.742012 -35.844293 5.020617
v -104.730539 -35.711219 5.031930
v -104.738293 -35.785937 5.000000
v -104.692888 -35.557427 5.000000
v -104.701347 -35.580966 5.044395
v -104.655027 -35.455883 5.057781
v -104.685144 -35.490718 5.203114
v -104.649725 -35.414786 5.235664
v -104.660130 -35.426037 5.265538
v -104.594002 -35.318573 5.323817
v -104.732571 -35.623698 5.174781
v -104.725246 -35.613656 5.155425
v -104.694395 -35.501430 5.228704
v -104.582014 -35.306327 5.287135
v -104.543133 -35.266566 5.081282
v -104.615927 -35.378222 5.066894
v -104.595833 -35.345626 5.000000
v -104.735518 -35.977821 5.010662
v -104.737644 -36.006763 5.036608
v -104.721727 -36.063981 5.004984
v -109.906292 -39.966545 5.000000
v -109.992199 -40.015621 4.940662
v -110.743275 -40.567994 3.277595
v -111.123466 -40.839491 2.444263
v -110.626354 -40.527835 3.209891
v -111.006174 -40.800424 2.376558
v -110.502920 -40.506248 3.145350
v -110.882549 -40.779991 2.312017
v -110.375452 -40.503607 3.085231
v -110.755053 -40.778537 2.251898
v -110.246487 -40.519891 3.030725
v -110.626249 -40.796027 2.197392
v -110.162830 -40.540657 2.998760
v -110.542784 -40.817575 2.165426
v -110.036983 -40.587502 2.955875
v -110.417385 -40.865593 2.122541
v -110.108585 -40.793180 2.499994
v -111.187592 -41.412225 0.452279
v -111.381731 -41.546621 0.034715
v -111.505976 -41.495681 0.077601
v -111.312065 -41.361866 0.495164
v -111.588907 -41.472192 0.109567
v -111.395111 -41.338763 0.527130
v -111.523571 -41.318865 0.581638
v -111.717262 -41.451693 0.164074
v -109.644642 -39.879234 5.000000
v -109.876041 -39.973292 4.872959
v -109.370594 -39.853013 5.000000
v -109.625645 -39.944389 4.748301
v -109.753046 -39.949410 4.808419
v -109.235153 -39.864812 5.000000
v -109.412365 -39.977469 4.661830
v -109.496403 -39.958267 4.693796
v -109.285679 -40.021958 4.618946
v -109.099216 -39.894874 5.000000
v -108.977413 -39.939682 5.000000
v -111.844759 -41.450162 0.224194
v -111.651058 -41.317930 0.641757
v -112.087002 -41.504006 0.356441
v -111.968822 -41.467695 0.288736
v -111.893053 -41.372905 0.774004
v -111.775045 -41.336045 0.706299
v -113.885374 -42.658463 0.059338
v -113.094797 -42.164297 1.722405
v -112.702150 -41.911154 2.555737
v -113.175278 -42.258148 1.790109
v -112.781744 -42.005754 2.623442
v -113.240891 -42.364893 1.854650
v -112.846355 -42.113104 2.687983
v -113.290396 -42.482386 1.914768
v -112.894764 -42.231059 2.748102
v -113.322859 -42.608256 1.969275
v -112.926054 -42.357225 2.802608
v -113.334446 -42.693677 2.001240
v -112.936840 -42.442751 2.834573
v -113.337345 -42.827921 2.044125
v -112.938490 -42.577019 2.877459
v -113.119764 -42.837296 2.500005
v -112.146177 -42.062955 4.547721
v -111.930113 -42.067342 5.000000
v -111.949615 -41.932125 4.965285
v -111.932936 -41.913767 5.000000
v -111.951103 -41.797857 4.922399
v -112.147045 -41.928682 4.504836
v -111.942320 -41.712103 4.890433
v -112.137852 -41.842966 4.472870
v -111.869984 -41.613331 5.000000
v -112.108936 -41.716242 4.418363
v -111.914005 -41.585245 4.835926
v -111.807947 -41.472254 5.000000
v -113.967590 -42.750797 0.127041
v -114.086876 -42.972851 0.251699
v -114.035187 -42.856297 0.191581
v -114.121685 -43.098092 0.306204
v -114.134846 -43.183279 0.338170
v -114.140263 -43.317447 0.381054
v -111.912336 -41.761498 5.000000
v -111.632671 -41.218781 5.000000
v -111.868362 -41.466188 4.775806
v -112.062750 -41.597400 4.358243
v -111.728916 -41.260924 4.643559
v -111.806278 -41.357355 4.711264
v -111.922340 -41.392794 4.225996
v -112.000151 -41.488862 4.293701
v -111.844702 -43.212423 5.000000
v -112.494917 -42.820768 3.749909
v -113.097353 -43.201790 2.500326
v -113.400869 -43.389330 1.874864
v -113.705454 -43.574586 1.249909
v -113.686218 -44.281645 1.249909
v -113.997049 -44.464884 0.624955
v -114.007092 -45.353384 0.624955
v -114.011326 -43.757701 0.624955
v -114.046621 -46.248970 0.624955
v -113.206987 -47.505217 2.500000
v -111.886520 -46.735888 5.000000
v -112.442951 -45.311747 3.749909
v -113.080378 -45.693312 2.500136
v -113.401270 -45.880847 1.874864
v -113.374281 -44.984794 1.874864
v -113.723297 -46.066041 1.249909
v -113.690042 -45.170197 1.249909
v -111.824532 -45.549040 5.000000
v -111.810112 -44.373813 5.000000
v -112.434816 -44.415326 3.749909
v -112.455883 -43.527017 3.749909
v -113.068228 -43.908529 2.500272
v -113.059635 -44.797068 2.500204
v -113.376684 -44.096241 1.874864
v -117.762508 -44.815736 5.000000
v -117.855997 -44.848199 4.940662
v -118.695774 -45.253153 3.277595
v -119.119387 -45.450168 2.444263
v -118.573465 -45.235167 3.209891
v -118.996906 -45.433321 2.376558
v -118.448172 -45.236630 3.145350
v -118.871632 -45.435953 2.312017
v -118.322382 -45.257449 3.085231
v -118.746042 -45.457950 2.251898
v -118.198605 -45.297155 3.030725
v -118.622646 -45.498815 2.197392
v -118.120184 -45.332942 2.998760
v -118.544559 -45.535326 2.165426
v -118.005095 -45.402112 2.955875
v -118.430119 -45.605574 2.122541
v -118.113270 -45.591135 2.499994
v -119.287653 -46.001368 0.452279
v -119.503183 -46.097803 0.034715
v -119.615955 -46.024904 0.077601
v -119.400759 -45.928998 0.495164
v -119.693165 -45.986571 0.109567
v -119.478140 -45.891027 0.527130
v -119.600754 -45.847864 0.581638
v -119.815559 -45.942836 0.164074
v -117.489252 -44.777994 5.000000
v -117.734041 -44.827933 4.872959
v -117.215023 -44.802589 5.000000
v -117.482586 -44.845533 4.748301
v -117.608738 -44.827061 4.808419
v -117.084055 -44.839087 5.000000
v -117.279024 -44.917240 4.661830
v -117.358093 -44.882927 4.693796
v -117.162657 -44.984255 4.618946
v -116.955948 -44.893632 5.000000
v -116.844530 -44.960022 5.000000
v -119.940605 -45.917907 0.224194
v -119.725904 -45.823522 0.641757
v -120.188618 -45.926318 0.356441
v -120.065775 -45.912347 0.288736
v -119.973879 -45.833092 0.774004
v -119.851103 -45.818543 0.706299
v -117.243843 -46.211162 7.500272
v -116.965532 -46.394773 7.500247
v -115.894022 -45.595446 5.000000
v -115.581026 -47.237902 7.500123
v -114.895439 -46.189642 5.000000
v -113.860950 -46.747699 5.000000
v -114.128265 -48.013539 7.500000
v -112.793207 -47.269816 5.000000
v -117.893305 -46.525359 8.749909
v -117.617607 -46.712852 8.749909
v -116.245108 -47.575331 8.749909
v -122.168503 -46.730671 0.059338
v -121.300573 -46.390190 1.722405
v -120.868092 -46.213508 2.555737
v -121.396933 -46.467652 1.790109
v -120.963726 -46.291871 2.623442
v -121.481037 -46.560521 1.854650
v -121.046963 -46.385517 2.687983
v -121.551304 -46.666918 1.914768
v -121.116228 -46.492567 2.748102
v -121.606340 -46.784678 1.969275
v -121.170158 -46.610842 2.802608
v -121.633415 -46.866517 2.001240
v -121.196470 -46.692924 2.834573
v -121.660938 -46.997943 2.044124
v -121.222773 -46.824603 2.877459
v -121.448784 -47.047138 2.500005
v -120.349493 -46.464877 4.547721
v -120.137911 -46.508894 5.000000
v -120.132236 -46.372395 4.965285
v -120.112476 -46.357412 5.000000
v -120.109024 -46.240139 4.922399
v -120.325661 -46.332731 4.504836
v -120.084639 -46.157460 4.890433
v -120.300884 -46.250167 4.472870
v -119.995384 -46.073661 5.000000
v -120.249186 -46.130915 4.418363
v -120.033484 -46.037965 4.835926
v -119.908476 -45.946388 5.000000
v -122.266283 -46.806326 0.127041
v -122.424335 -47.002678 0.251699
v -122.352114 -46.897612 0.191581
v -122.481556 -47.119393 0.306204
v -122.510166 -47.200708 0.338170
v -122.540140 -47.331595 0.381054
v -120.064240 -46.211524 5.000000
v -119.689608 -45.729437 5.000000
v -119.966755 -45.929322 4.775806
v -120.181942 -46.022582 4.358243
v -119.791965 -45.753179 4.643559
v -119.885731 -45.833750 4.711264
v -120.006323 -45.847254 4.225996
v -120.100460 -45.927391 4.293701
v -120.264359 -47.650175 5.000000
v -120.831547 -47.145710 3.749909
v -121.493731 -47.409544 2.500326
v -121.826534 -47.538118 1.874864
v -122.159977 -47.664251 1.249909
v -122.270994 -48.362818 1.249909
v -122.610197 -48.485818 0.624955
v -122.783337 -49.357343 0.624955
v -122.494287 -47.788053 0.624955
v -122.986755 -50.230417 0.624955
v -122.392254 -51.619554 2.500000
v -120.952902 -51.105962 5.000000
v -121.238184 -49.603825 3.749909
v -121.934853 -49.861765 2.500136
v -122.284746 -49.987149 1.874864
v -122.093573 -49.111304 1.874864
v -122.635326 -50.110011 1.249909
v -122.438030 -49.235530 1.249909
v -120.673885 -49.950705 5.000000
v -120.443764 -48.798141 5.000000
v -121.065464 -48.724160 3.749909
v -120.922947 -47.847104 3.749909
v -121.594973 -48.109603 2.500272
v -121.749783 -48.984594 2.500204
v -121.932659 -48.237438 1.874864
v -129.695024 -48.944106 7.444263
v -128.512363 -48.671732 5.381173
v -128.780594 -48.742619 5.774003
v -128.616610 -48.723860 5.316300
v -128.887882 -48.804073 5.706298
v -128.712893 -48.791733 5.253757
v -128.985472 -48.882656 5.641755
v -128.799534 -48.874149 5.194656
v -129.071484 -48.976774 5.581636
v -128.874969 -48.969641 5.140048
v -129.144258 -49.084482 5.527129
v -128.937864 -49.076500 5.090905
v -129.183788 -49.161081 5.495163
v -128.987093 -49.192839 5.048100
v -129.231520 -49.286594 5.452278
v -129.021788 -49.316578 5.012397
v -129.031649 -49.368782 5.000000
v -130.419140 -49.656715 7.499995
v -130.156050 -49.479551 7.122542
v -130.105991 -49.354954 7.165426
v -130.567398 -49.445210 7.998760
v -130.525723 -49.369750 8.030725
v -131.447573 -49.537764 9.693794
v -131.369858 -49.433565 9.748300
v -130.618639 -49.569335 7.955875
v -131.544189 -49.735575 9.618945
v -131.490650 -49.612432 9.661829
v -131.279545 -49.343567 9.808418
v -131.178379 -49.269629 9.872958
v -130.261583 -49.096642 8.209890
v -130.361347 -49.172454 8.145350
v -129.902477 -49.080286 7.312016
v -129.990253 -49.172773 7.251898
v -131.068344 -49.213247 9.940661
v -130.152617 -49.038219 8.277596
v -129.803438 -49.003539 7.376558
v -130.065022 -49.279108 7.197391
v -130.449963 -49.264116 8.085231
v -128.974400 -49.192953 5.000000
v -129.016600 -49.314570 5.000000
v -129.004917 -49.275069 5.002402
v -129.015017 -49.302006 5.008165
v -129.018145 -49.310336 5.009093
v -129.006987 -49.267511 5.018958
v -128.923750 -49.062777 5.079952
v -128.979387 -49.184008 5.040909
v -129.003172 -49.259543 5.017001
v -128.852892 -48.951988 5.124868
v -128.916397 -49.056530 5.071360
v -128.843431 -48.946619 5.111221
v -128.892365 -49.036307 5.020617
v -128.812542 -48.929205 5.031930
v -128.859348 -48.989816 5.000000
v -128.700314 -48.818893 5.000000
v -128.719158 -48.833828 5.044394
v -128.613939 -48.751860 5.057781
v -128.657885 -48.765631 5.203114
v -128.587780 -48.719716 5.235664
v -128.602552 -48.723803 5.265538
v -128.489761 -48.667245 5.323817
v -128.768206 -48.853726 5.174780
v -128.756695 -48.849039 5.155424
v -128.671389 -48.769865 5.228703
v -128.419142 -48.649807 5.081281
v -128.473129 -48.663144 5.287135
v -128.505993 -48.689504 5.000000
v -128.539810 -48.706422 5.066894
v -128.957138 -49.153256 5.010662
v -128.974171 -49.176745 5.036608
v -128.990755 -49.233770 5.004984
v -128.974762 -48.786902 9.643559
v -128.746538 -48.734770 9.225997
v -127.836189 -48.515563 7.555740
v -127.383575 -48.399835 6.722408
v -127.712708 -48.521533 7.623445
v -127.260036 -48.404651 6.790112
v -127.590055 -48.547163 7.687986
v -127.137156 -48.429136 6.854653
v -127.470646 -48.591890 7.748105
v -127.017345 -48.472743 6.914772
v -127.356882 -48.654757 7.802612
v -126.902981 -48.534541 6.969277
v -127.286844 -48.705010 7.834576
v -126.832485 -48.584142 7.001243
v -127.187271 -48.795104 7.877461
v -126.732082 -48.673301 7.044128
v -126.873169 -48.839202 7.500005
v -125.509996 -48.452244 5.000000
v -128.729429 -48.824258 9.775807
v -128.851442 -48.795767 9.711264
v -128.611116 -48.871760 9.835926
v -128.382492 -48.817925 9.418364
v -128.501034 -48.770971 9.358244
v -128.498840 -48.937273 9.890434
v -128.269911 -48.882909 9.472871
v -128.429995 -48.989153 9.922400
v -128.200836 -48.934464 9.504837
v -128.102970 -49.026408 9.547722
v -128.332567 -49.081550 9.965285
v -125.827160 -48.417540 5.381055
v -125.626459 -48.352098 5.000000
v -125.929203 -48.330264 5.338171
v -125.756855 -48.270826 5.000000
v -126.000614 -48.281989 5.306205
v -125.897980 -48.208923 5.000000
v -126.116114 -48.222337 5.251700
v -126.046200 -48.166704 5.000000
v -126.236715 -48.180971 5.191582
v -126.353207 -48.139992 5.000000
v -126.360035 -48.158779 5.127042
v -126.483631 -48.156266 5.059339
v -128.623180 -48.743048 9.293702
v -126.122503 -49.605813 7.500272
v -125.882664 -49.837432 7.500247
v -124.682570 -49.248567 5.000000
v -124.676657 -50.920610 7.500123
v -123.810167 -50.016146 5.000000
v -122.895823 -50.754805 5.000000
v -123.391161 -51.949983 7.500000
v -121.942177 -51.464243 5.000000
v -126.818638 -49.795318 8.749909
v -126.582088 -50.030279 8.749909
v -125.391445 -51.130266 8.749909
v -138.127003 -49.982095 9.643559
v -137.893085 -49.972782 9.225997
v -136.957960 -49.924583 7.555740
v -136.491795 -49.893994 6.722408
v -136.837673 -49.953146 7.623445
v -136.371250 -49.921427 6.790112
v -136.721821 -50.000877 7.687986
v -136.254940 -49.968076 6.854653
v -136.612673 -50.066781 7.748104
v -136.145191 -50.032954 6.914772
v -136.512394 -50.149479 7.802611
v -136.044130 -50.114717 6.969277
v -136.452770 -50.211749 7.834576
v -135.983944 -50.176425 7.001243
v -136.371460 -50.318608 7.877461
v -135.901623 -50.282521 7.044127
v -136.070805 -50.419669 7.500005
v -137.892714 -50.063891 9.775807
v -138.007412 -50.013461 9.711264
v -137.785139 -50.132327 9.835927
v -137.550526 -50.121412 9.418364
v -137.658415 -50.053482 9.358244
v -137.686815 -50.217352 9.890434
v -137.451801 -50.205979 9.472871
v -137.628679 -50.281000 9.922400
v -137.393370 -50.269351 9.504837
v -137.314072 -50.377712 9.547722
v -137.549877 -50.389729 9.965285
v -134.965115 -50.197387 5.381055
v -135.049391 -50.092850 5.338171
v -135.110731 -50.032272 5.306206
v -135.213289 -49.952412 5.251700
v -135.324230 -49.889588 5.191582
v -135.441380 -49.845119 5.127042
v -135.562420 -49.819937 5.059339
v -137.773361 -50.003591 9.293702
v -135.473757 -51.311207 7.500272
v -135.280561 -51.582956 7.500247
v -134.294128 -52.869291 7.500123
v -133.219652 -54.117346 7.500000
v -136.192856 -51.369572 8.749909
v -136.003513 -51.644001 8.749909
v -135.035267 -52.944040 8.749909
v -140.253696 -50.016532 0.059338
v -139.321384 -50.012574 1.722405
v -138.854275 -50.004053 2.555737
v -139.439211 -50.050001 1.790109
v -138.971758 -50.042582 2.623442
v -139.551191 -50.106211 1.854650
v -139.083204 -50.099835 2.687983
v -139.655132 -50.180044 1.914769
v -139.186459 -50.174637 2.748102
v -139.748993 -50.269976 1.969275
v -139.279480 -50.265436 2.802608
v -139.803820 -50.336504 2.001240
v -139.333668 -50.332475 2.834573
v -139.876957 -50.449109 2.044124
v -139.405766 -50.445757 2.877459
v -139.696903 -50.571623 2.500005
v -138.461504 -50.425787 4.547721
v -138.280106 -50.543265 5.000000
v -138.225508 -50.418034 4.965285
v -138.201656 -50.411205 5.000000
v -138.156080 -50.303092 4.922399
v -138.391542 -50.311174 4.504836
v -138.103466 -50.234809 4.890433
v -138.338623 -50.243139 4.472870
v -137.989979 -50.188913 5.000000
v -138.247318 -50.150614 4.418363
v -138.012619 -50.141859 4.835926
v -137.862959 -50.101628 5.000000
v -140.372190 -50.051756 0.127041
v -140.590515 -50.177755 0.251699
v -140.485201 -50.105867 0.191581
v -140.686035 -50.265913 0.306205
v -140.742083 -50.331411 0.338170
v -140.817308 -50.442629 0.381054
v -138.103991 -50.292592 5.000000
v -137.580509 -49.978390 5.000000
v -137.911129 -50.064664 4.775806
v -138.145475 -50.073891 4.358243
v -137.684526 -49.963551 4.643559
v -137.801056 -50.004816 4.711264
v -137.918396 -49.973841 4.225996
v -138.035126 -50.014558 4.293701
v -138.810291 -51.561799 5.000000
v -139.156933 -50.886512 3.749909
v -139.869719 -50.893326 2.500326
v -140.226498 -50.892992 1.874864
v -140.582991 -50.890155 1.249909
v -140.938854 -51.501436 1.249909
v -141.299591 -51.493597 0.624955
v -141.775866 -52.243729 0.624955
v -140.939455 -50.884829 0.624955
v -142.280941 -52.984362 0.624955
v -142.228394 -54.494452 2.500000
v -140.700712 -54.535494 5.000000
v -140.424089 -53.031740 3.749909
v -141.166897 -53.020597 2.500136
v -141.538448 -53.011117 1.874864
v -141.043806 -52.263479 1.874864
v -141.909742 -52.999039 1.249909
v -141.409864 -52.254887 1.249909
v -140.023222 -53.559046 5.000000
v -139.392271 -52.567439 5.000000
v -139.945269 -52.273874 3.749909
v -139.495544 -51.507525 3.749909
v -140.217009 -51.509538 2.500272
v -140.677462 -52.269511 2.500204
v -140.578079 -51.506753 1.874864
v -148.071337 -49.361639 7.444262
v -146.870146 -49.534879 5.381173
v -147.145872 -49.504085 5.774003
v -146.986179 -49.545832 5.316300
v -147.268095 -49.522638 5.706298
v -147.100477 -49.574342 5.253757
v -147.387495 -49.560657 5.641755
v -147.211046 -49.619894 5.194656
v -147.501707 -49.617343 5.581636
v -147.315874 -49.681687 5.140048
v -147.608461 -49.691496 5.527129
v -147.413130 -49.758615 5.090905
v -147.673006 -49.748645 5.495163
v -147.501068 -49.849310 5.048100
v -147.762852 -49.848437 5.452278
v -147.578125 -49.952154 5.012397
v -147.606153 -49.997277 5.000000
v -149.003983 -49.764552 7.499995
v -148.694658 -49.694386 7.122540
v -148.602962 -49.596291 7.165425
v -149.065828 -49.513774 7.998759
v -148.999710 -49.458461 8.030723
v -149.919996 -49.282122 9.693794
v -149.809895 -49.213033 9.748300
v -149.158430 -49.611006 7.955874
v -150.081539 -49.431677 9.618945
v -149.987125 -49.336190 9.661829
v -149.693146 -49.161739 9.808418
v -149.572115 -49.129333 9.872958
v -148.654737 -49.299212 8.209890
v -148.775148 -49.333873 8.145348
v -148.313980 -49.413681 7.312015
v -148.429232 -49.468222 7.251896
v -149.449158 -49.116507 9.940661
v -148.532028 -49.284101 8.277594
v -148.193893 -49.377904 7.376557
v -148.537369 -49.540362 7.197390
v -148.890896 -49.387331 8.085230
v -147.490263 -49.855032 5.000000
v -147.572536 -49.952164 5.000000
v -147.547379 -49.919548 5.002402
v -147.566547 -49.941015 5.008165
v -147.572451 -49.947658 5.009093
v -147.546587 -49.911752 5.018958
v -147.395000 -49.750910 5.079952
v -147.490673 -49.843855 5.040909
v -147.540159 -49.905701 5.017001
v -147.288914 -49.673204 5.124868
v -147.385893 -49.747744 5.071360
v -147.278156 -49.671607 5.111221
v -147.356167 -49.737573 5.020617
v -147.243071 -49.666533 5.031930
v -147.309494 -49.706721 5.000000
v -147.099247 -49.604445 5.000000
v -147.121534 -49.611330 5.044394
v -146.993809 -49.572906 5.057781
v -147.039747 -49.569874 5.203114
v -146.957808 -49.552374 5.235664
v -146.973057 -49.550853 5.265538
v -146.847439 -49.538856 5.323817
v -147.174454 -49.612169 5.174780
v -147.162018 -49.611955 5.155424
v -147.053881 -49.568949 5.228704
v -146.830444 -49.541044 5.287135
v -146.775303 -49.548116 5.081281
v -146.908264 -49.557314 5.066894
v -146.870985 -49.553785 5.000000
v -147.458830 -49.823222 5.010662
v -147.483196 -49.838972 5.036608
v -147.519274 -49.886155 5.004984
v -147.343006 -49.475226 9.643559
v -147.111378 -49.509058 9.225997
v -146.183300 -49.633503 7.555739
v -145.719452 -49.689093 6.722407
v -146.070309 -49.683681 7.623444
v -145.606003 -49.738212 6.790112
v -145.965214 -49.751887 7.687985
v -145.500259 -49.805436 6.854653
v -145.870028 -49.836726 7.748104
v -145.404282 -49.889379 6.914771
v -145.786638 -49.936447 7.802611
v -145.319977 -49.988317 6.969277
v -145.739489 -50.008612 7.834576
v -145.272160 -50.060034 7.001243
v -145.679188 -50.128589 7.877461
v -145.210743 -50.179448 7.044126
v -145.402241 -50.283175 7.500005
v -143.991318 -50.414782 5.000000
v -147.127743 -49.598684 9.775807
v -147.231216 -49.528036 9.711264
v -147.034559 -49.685721 9.835927
v -146.801939 -49.718103 9.418364
v -146.895523 -49.631500 9.358244
v -146.953535 -49.787364 9.890434
v -146.720448 -49.819365 9.472871
v -146.908092 -49.860611 9.922401
v -146.674652 -49.892397 9.504837
v -146.616611 -50.013485 9.547722
v -146.850615 -49.981966 9.965285
v -144.274540 -50.267844 5.381055
v -144.063749 -50.279322 5.000000
v -144.338169 -50.149603 5.338171
v -144.155989 -50.156431 5.000000
v -144.387312 -50.078783 5.306206
v -144.265213 -50.047731 5.000000
v -144.473448 -49.981441 5.251700
v -144.388170 -49.954824 5.000000
v -144.570971 -49.899302 5.191582
v -144.664812 -49.819002 5.000000
v -144.677944 -49.834061 5.127042
v -144.792299 -49.787064 5.059339
v -146.999331 -49.561338 9.293702
v -144.979143 -51.269279 7.500272
v -144.839191 -51.571894 7.500247
v -143.507433 -51.456251 5.000000
v -144.105892 -53.017592 7.500123
v -142.971210 -52.487173 5.000000
v -142.385435 -53.506269 5.000000
v -143.279057 -54.441824 7.500000
v -141.752453 -54.512320 5.000000
v -145.696735 -51.194515 8.749909
v -145.561037 -51.499062 8.749909
v -144.848156 -52.954879 8.749909
v -153.758144 -48.100700 5.000000
v -153.849430 -48.061538 4.940662
v -154.014053 -47.995901 5.000000
v -154.742842 -47.795048 3.277595
v -155.188618 -47.655258 2.444263
v -154.640331 -47.864156 3.209891
v -155.086765 -47.725325 2.376558
v -154.548740 -47.949643 3.145350
v -154.995956 -47.811666 2.312017
v -154.469805 -48.049774 3.085231
v -154.917965 -47.912531 2.251898
v -154.405079 -48.162508 3.030725
v -154.854298 -48.025861 2.197392
v -154.371233 -48.241782 2.998760
v -154.821196 -48.105450 2.165426
v -154.332781 -48.370438 2.955875
v -154.783955 -48.234453 2.122541
v -154.540071 -48.437252 2.499994
v -155.684309 -47.949238 0.452279
v -155.908566 -47.875299 0.034715
v -155.942793 -47.745461 0.077601
v -155.719147 -47.819557 0.495164
v -155.974016 -47.665119 0.109567
v -155.750751 -47.739363 0.527130
v -155.812283 -47.624865 0.581637
v -156.035023 -47.550330 0.164074
v -153.530531 -48.257222 5.000000
v -153.745651 -48.128724 4.872959
v -153.344364 -48.460565 5.000000
v -153.571672 -48.311129 4.748301
v -153.652468 -48.212485 4.808419
v -153.271313 -48.577642 5.000000
v -153.469543 -48.501263 4.661830
v -153.504868 -48.422632 4.693796
v -153.428698 -48.629179 4.618946
v -153.214359 -48.702869 5.000000
v -153.177280 -48.825598 5.000000
v -156.110630 -47.447672 0.224194
v -155.888386 -47.522554 0.641757
v -156.299572 -47.286806 0.356441
v -156.199389 -47.359228 0.288736
v -155.353270 -47.584419 2.499993
v -156.078081 -47.362576 0.774004
v -155.977535 -47.434530 0.706299
v -152.892790 -49.938064 5.000000
v -152.554932 -51.049767 5.000000
v -152.166214 -52.158937 5.000000
v -151.728716 -53.263955 5.000000
v -151.399937 -53.335810 5.000000
v -151.392822 -53.336806 5.000000
v -151.060257 -53.407283 5.000000
v -151.056471 -53.407545 5.000000
v -150.720119 -53.476591 5.000000
v -150.719681 -53.476162 5.000000
v -155.659122 -47.484651 5.231267
v -155.540514 -47.523599 5.000000
v -155.585384 -47.508898 5.000000
v -155.630264 -47.494159 5.000000
v -155.742617 -47.457037 5.447220
v -157.003984 -47.038097 7.444261
v -155.855083 -47.429099 5.381173
v -156.120453 -47.348166 5.774003
v -155.971146 -47.418547 5.316300
v -156.244020 -47.343946 5.706298
v -156.088743 -47.425566 5.253757
v -156.368361 -47.359381 5.641755
v -156.205797 -47.450032 5.194656
v -156.491041 -47.394114 5.581636
v -156.320190 -47.491503 5.140048
v -156.609602 -47.447386 5.527129
v -156.429930 -47.549253 5.090905
v -156.683550 -47.491703 5.495163
v -156.533031 -47.622247 5.048101
v -156.790209 -47.573290 5.452278
v -156.627674 -47.709184 5.012397
v -156.663532 -47.748384 5.000000
v -157.994785 -47.262774 7.499995
v -157.677841 -47.250643 7.122540
v -157.569675 -47.171068 7.165424
v -158.009491 -47.004900 7.998759
v -157.934341 -46.962681 8.030723
v -158.806562 -46.620245 9.693794
v -158.685637 -46.572561 9.748300
v -158.118391 -47.083464 7.955874
v -158.992825 -46.737571 9.618945
v -158.882494 -46.661053 9.661829
v -158.561459 -46.543593 9.808418
v -158.436537 -46.533980 9.872958
v -157.565975 -46.869535 8.209890
v -157.690716 -46.881475 8.145348
v -157.252064 -47.044668 7.312015
v -157.375364 -47.077093 7.251896
v -158.313313 -46.543970 9.940661
v -157.442579 -46.877222 8.277594
v -157.127438 -47.031560 7.376556
v -157.494917 -47.128143 7.197390
v -157.814312 -46.912756 8.085230
v -156.524029 -47.630258 5.000000
v -156.622190 -47.710214 5.000000
v -156.591473 -47.682776 5.002402
v -156.614246 -47.700357 5.008165
v -156.621275 -47.705803 5.009093
v -156.589260 -47.675257 5.018958
v -156.410704 -47.545009 5.079952
v -156.521816 -47.618794 5.040909
v -156.581821 -47.670493 5.017001
v -156.292133 -47.488117 5.124868
v -156.401167 -47.543573 5.071360
v -156.281261 -47.488532 5.111221
v -156.370087 -47.539034 5.020617
v -156.245852 -47.489991 5.031930
v -156.319017 -47.517481 5.000000
v -156.093397 -47.455435 5.000000
v -156.116238 -47.458053 5.044394
v -155.983629 -47.443762 5.057781
v -156.028233 -47.432337 5.203114
v -155.944471 -47.430191 5.235664
v -155.959187 -47.425890 5.265539
v -155.833492 -47.437181 5.323817
v -156.168413 -47.449160 5.174781
v -156.156158 -47.451234 5.155424
v -156.041946 -47.428827 5.228704
v -155.817204 -47.442455 5.287135
v -155.764284 -47.459536 5.081281
v -155.896664 -47.444148 5.066894
v -155.859547 -47.447519 5.000000
v -156.486721 -47.604365 5.010662
v -156.513567 -47.615366 5.036608
v -156.557693 -47.655120 5.004984
v -162.362251 -44.753737 5.000000
v -162.444897 -44.698372 4.940662
v -162.594662 -44.603605 5.000000
v -163.274136 -44.272256 3.277595
v -163.686638 -44.052935 2.444263
v -163.186073 -44.359026 3.209891
v -163.599377 -44.140525 2.376558
v -163.111744 -44.459887 3.145350
v -163.525982 -44.242077 2.312017
v -163.052559 -44.572821 3.085231
v -163.467865 -44.355555 2.251898
v -163.009644 -44.695520 3.030725
v -163.426094 -44.478655 2.197392
v -162.990932 -44.779668 2.998760
v -163.408184 -44.562974 2.165426
v -162.976780 -44.913197 2.955875
v -163.395271 -44.696627 2.122541
v -163.192806 -44.940786 2.499994
v -164.227905 -44.250827 0.452279
v -164.434757 -44.136944 0.034715
v -164.444542 -44.003019 0.077601
v -164.238319 -44.116950 0.495164
v -164.460487 -43.918309 0.109567
v -164.254646 -44.032316 0.527130
v -164.294090 -43.908458 0.581637
v -164.499340 -43.794270 0.164074
v -162.167206 -44.949560 5.000000
v -162.355232 -44.783487 4.872959
v -162.021561 -45.183821 5.000000
v -162.217751 -44.994750 4.748301
v -162.279015 -44.882946 4.808419
v -161.971302 -45.312428 5.000000
v -162.152290 -45.200415 4.661830
v -162.172565 -45.116630 4.693796
v -162.135639 -45.333657 4.618946
v -161.938381 -45.446076 5.000000
v -161.924591 -45.572929 5.000000
v -164.554787 -43.679461 0.224194
v -164.350090 -43.793912 0.641757
v -164.710960 -43.486619 0.356441
v -164.625797 -43.576221 0.288736
v -163.835468 -43.953047 2.499993
v -164.507179 -43.601799 0.774004
v -164.421577 -43.691001 0.706299
v -161.849365 -46.718731 5.000000
v -161.721535 -47.873583 5.000000
v -161.543236 -49.035296 5.000000
v -161.316242 -50.201888 5.000000
v -161.006165 -50.332980 5.000000
v -160.999413 -50.335240 5.000000
v -160.685406 -50.465651 5.000000
v -160.681763 -50.466585 5.000000
v -160.363808 -50.596280 5.000000
v -160.363274 -50.595932 5.000000
v -164.117699 -43.798823 5.231267
v -164.008312 -43.858871 5.000000
v -164.049721 -43.836193 5.000000
v -164.091072 -43.813472 5.000000
v -164.194679 -43.756337 5.447220
v -165.357609 -43.112755 7.444261
v -164.300117 -43.708210 5.381173
v -164.546089 -43.579893 5.774003
v -164.412270 -43.676515 5.316300
v -164.666786 -43.553038 5.706298
v -164.529152 -43.661804 5.253757
v -164.791832 -43.545365 5.641755
v -164.648705 -43.664346 5.194656
v -164.918804 -43.556967 5.581636
v -164.768772 -43.684092 5.140048
v -165.045147 -43.587542 5.527129
v -164.887238 -43.720694 5.090905
v -165.125980 -43.617520 5.495163
v -165.002003 -43.773494 5.048101
v -165.245800 -43.678117 5.452278
v -165.111008 -43.841562 5.012397
v -165.153465 -43.873510 5.000000
v -166.372814 -43.151550 7.499995
v -166.059036 -43.197865 7.122539
v -165.938091 -43.139515 7.165424
v -166.339893 -42.895365 7.998758
v -166.258278 -42.867675 8.030723
v -167.052708 -42.370796 9.693794
v -166.925087 -42.346148 9.748300
v -166.461372 -42.952585 7.955874
v -167.257366 -42.451901 9.618945
v -167.134838 -42.396965 9.661829
v -166.797695 -42.340488 9.808418
v -166.673126 -42.353997 9.872958
v -165.879059 -42.843800 8.209888
v -166.003857 -42.832618 8.145348
v -165.602665 -43.073630 7.312015
v -165.729847 -43.082852 7.251896
v -166.553841 -42.386456 9.940661
v -165.759182 -42.874031 8.277593
v -165.477772 -43.083644 7.376556
v -165.856724 -43.111062 7.197389
v -166.131115 -42.840648 8.085229
v -164.995213 -43.783293 5.000000
v -165.105820 -43.843584 5.000000
v -165.070572 -43.822260 5.002402
v -165.096188 -43.835359 5.008165
v -165.104103 -43.839417 5.009093
v -165.067024 -43.815279 5.018958
v -164.867573 -43.720055 5.079952
v -164.990349 -43.772163 5.040909
v -165.058823 -43.811960 5.017001
v -164.740562 -43.685918 5.124868
v -164.857922 -43.720388 5.071360
v -164.729958 -43.688321 5.111221
v -164.826546 -43.721647 5.020617
v -164.695396 -43.696260 5.031930
v -164.772835 -43.709936 5.000000
v -164.539528 -43.690300 5.000000
v -164.562130 -43.688688 5.044394
v -164.429150 -43.699002 5.057781
v -164.470901 -43.679576 5.203114
v -164.388180 -43.692861 5.235664
v -164.401836 -43.685932 5.265539
v -164.280376 -43.720121 5.323817
v -164.611778 -43.670354 5.174781
v -164.600105 -43.674645 5.155425
v -164.483738 -43.673606 5.228704
v -164.216442 -43.754816 5.081281
v -164.265327 -43.728304 5.287135
v -164.308052 -43.725452 5.000000
v -164.343758 -43.715363 5.066894
v -164.953194 -43.764429 5.010662
v -164.981613 -43.770308 5.036608
v -165.032291 -43.801279 5.004984
v -170.204849 -39.882798 5.000000
v -170.276031 -39.813061 4.940662
v -170.405846 -39.692383 5.000000
v -171.012859 -39.241822 3.277595
v -171.378040 -38.950443 2.444263
v -170.942230 -39.343295 3.209891
v -171.308365 -39.052570 2.376558
v -170.887699 -39.456100 3.145350
v -171.254883 -39.165883 2.312017
v -170.850258 -39.577987 3.085231
v -171.218586 -39.288113 2.251898
v -170.830650 -39.706483 3.030725
v -171.200161 -39.416785 2.197392
v -170.827713 -39.792633 2.998760
v -171.198044 -39.502959 2.165426
v -170.838337 -39.926491 2.955875
v -171.209908 -39.636714 2.122541
v -171.055756 -39.913914 2.499994
v -171.946449 -39.045506 0.452279
v -172.128849 -38.895555 0.034715
v -172.113857 -38.762116 0.077601
v -171.932087 -38.911998 0.495164
v -172.113953 -38.675914 0.109567
v -171.932583 -38.825803 0.527130
v -171.948605 -38.696804 0.581637
v -172.129364 -38.546848 0.164074
v -170.049076 -40.111289 5.000000
v -170.203533 -39.913197 4.872959
v -169.948997 -40.368514 5.000000
v -170.107212 -40.146132 4.748301
v -170.146904 -40.024967 4.808419
v -169.923267 -40.504260 5.000000
v -170.080662 -40.360322 4.661830
v -170.085182 -40.274239 4.693796
v -170.088768 -40.494351 4.618946
v -169.915543 -40.641766 5.000000
v -169.925270 -40.768332 5.000000
v -172.162781 -38.423805 0.224194
v -171.982594 -38.573918 0.641757
v -172.280865 -38.205547 0.356441
v -172.213612 -38.309276 0.288736
v -171.505985 -38.824906 2.499993
v -172.101707 -38.356214 0.774004
v -172.033958 -38.459630 0.706299
v -170.061874 -41.908445 5.000000
v -170.148430 -43.067122 5.000000
v -170.186653 -44.241819 5.000000
v -170.177860 -45.430260 5.000000
v -169.897079 -45.616140 5.000000
v -169.890919 -45.619574 5.000000
v -169.606152 -45.805492 5.000000
v -169.602776 -45.807066 5.000000
v -169.314041 -45.992990 5.000000
v -169.313469 -45.992746 5.000000
v -171.754990 -38.621507 5.231267
v -171.658554 -38.700593 5.000000
v -171.695061 -38.670712 5.000000
v -171.731510 -38.640797 5.000000
v -171.822872 -38.565590 5.447220
v -172.847729 -37.719283 7.444261
v -171.917648 -38.498917 5.381173
v -172.135868 -38.327587 5.774003
v -172.022057 -38.447146 5.316301
v -172.249565 -38.279011 5.706298
v -172.134266 -38.411212 5.253757
v -172.371082 -38.248489 5.641755
v -172.252235 -38.391743 5.194656
v -172.498035 -38.236556 5.581636
v -172.373905 -38.389091 5.140048
v -172.627831 -38.243403 5.527129
v -172.497082 -38.403296 5.090905
v -172.712784 -38.258014 5.495163
v -172.619591 -38.434117 5.048101
v -172.841702 -38.295562 5.452278
v -172.739239 -38.480995 5.012398
v -172.786846 -38.504596 5.000000
v -173.852787 -37.570877 7.499995
v -173.552856 -37.674057 7.122539
v -173.423252 -37.638927 7.165424
v -173.773346 -37.325103 7.998757
v -173.688011 -37.312882 8.030723
v -174.377632 -36.678486 9.693794
v -174.247646 -36.677709 9.748300
v -173.903275 -37.359021 7.955873
v -174.593716 -36.720605 9.618945
v -174.463177 -36.689115 9.661829
v -174.121399 -36.695552 9.808418
v -174.001427 -36.731715 9.872958
v -173.310890 -37.359092 8.209888
v -173.431511 -37.325168 8.145348
v -173.081417 -37.635796 7.312014
v -173.208122 -37.621493 7.251896
v -173.890133 -36.785545 9.940661
v -173.198605 -37.410836 8.277593
v -172.960491 -37.668591 7.376556
v -173.338051 -37.625909 7.197389
v -173.558083 -37.309680 8.085229
v -172.615242 -38.445137 5.000000
v -172.734509 -38.483932 5.000000
v -172.695961 -38.469453 5.002402
v -172.723541 -38.477619 5.008165
v -172.732048 -38.480155 5.009093
v -172.691174 -38.463237 5.018958
v -172.477627 -38.406289 5.079952
v -172.607899 -38.434944 5.040909
v -172.682514 -38.461480 5.017001
v -172.346516 -38.396068 5.124868
v -172.468224 -38.408389 5.071360
v -172.336540 -38.400378 5.111221
v -172.437592 -38.415389 5.020618
v -172.304020 -38.414536 5.031930
v -172.383080 -38.413758 5.000000
v -172.149982 -38.437257 5.000000
v -172.171631 -38.431575 5.044395
v -172.042809 -38.466153 5.057781
v -172.080269 -38.439384 5.203114
v -172.001400 -38.467643 5.235664
v -172.013569 -38.458323 5.265539
v -171.900444 -38.514247 5.323817
v -172.217064 -38.404434 5.174781
v -172.206383 -38.410797 5.155425
v -172.091789 -38.431160 5.228704
v -171.887150 -38.525054 5.287135
v -171.843987 -38.560100 5.081282
v -171.961861 -38.497925 5.066894
v -171.928749 -38.514347 5.000000
v -172.569942 -38.434174 5.010662
v -172.598953 -38.434730 5.036608
v -172.654457 -38.455863 5.004984
v -179.219303 -31.041341 7.444260
v -178.448296 -31.978598 5.381173
v -178.631325 -31.770089 5.774003
v -178.541431 -31.908526 5.316301
v -178.734169 -31.701453 5.706298
v -178.645115 -31.852586 5.253758
v -178.848000 -31.649117 5.641755
v -178.757515 -31.811771 5.194657
v -178.970604 -31.614065 5.581636
v -178.876610 -31.786809 5.140049
v -179.099445 -31.596942 5.527129
v -179.000301 -31.778140 5.090905
v -179.185638 -31.595695 5.495163
v -179.126396 -31.785922 5.048102
v -179.319267 -31.608915 5.452278
v -179.252625 -31.810014 5.012398
v -179.261589 -31.812348 5.010138
v -179.303741 -31.824470 5.000000
v -180.179958 -30.710778 7.499995
v -179.904099 -30.867314 7.122539
v -180.190678 -30.493255 7.955873
v -180.056725 -30.483792 7.998757
v -180.617943 -29.731872 9.661829
v -180.531902 -29.737144 9.693794
v -180.752048 -29.738839 9.618945
v -180.403996 -29.760263 9.748300
v -180.283165 -29.801002 9.808418
v -180.171890 -29.858594 9.872958
v -179.608383 -30.602174 8.209888
v -179.720726 -30.546668 8.145347
v -179.433670 -30.916333 7.312014
v -179.555588 -30.878990 7.251896
v -180.072384 -29.931958 9.940661
v -179.507523 -30.673671 8.277593
v -179.320831 -30.970788 7.376555
v -179.770241 -30.856597 7.165424
v -179.684105 -30.859458 7.197388
v -179.970589 -30.487456 8.030723
v -179.842262 -30.508189 8.085229
v -179.124603 -31.797585 5.000000
v -179.248505 -31.813774 5.000000
v -179.207935 -31.806624 5.002402
v -179.258156 -31.815655 5.000000
v -179.236565 -31.809585 5.008165
v -179.245396 -31.810510 5.009093
v -179.202099 -31.801395 5.018958
v -179.115028 -31.788888 5.040909
v -178.981724 -31.784654 5.079952
v -179.106216 -31.790318 5.036609
v -178.972855 -31.788449 5.071361
v -179.077587 -31.795099 5.010662
v -178.944035 -31.800957 5.020618
v -178.890495 -31.809309 5.000000
v -178.812599 -31.824660 5.031930
v -178.665562 -31.875207 5.000000
v -178.685589 -31.865737 5.044395
v -178.565311 -31.923397 5.057781
v -178.597221 -31.890199 5.203114
v -178.524895 -31.932471 5.235664
v -178.535118 -31.921074 5.265539
v -178.434219 -31.996827 5.323817
v -178.850975 -31.798701 5.124868
v -178.725262 -31.830707 5.174781
v -178.607044 -31.880000 5.228704
v -178.423119 -32.009900 5.287135
v -178.387127 -32.052281 5.081282
v -178.491592 -31.969500 5.066894
v -178.462124 -31.991658 5.000000
v -179.164658 -31.800890 5.004984
v -179.193268 -31.801257 5.017001
v -178.841953 -31.804774 5.111221
v -178.715935 -31.838925 5.155426
v -180.968494 -30.195632 8.749912
v -181.670799 -30.279889 8.749912
v -183.451023 -30.407274 8.749912
v -184.836597 -31.053822 7.500000
v -183.020725 -31.013064 7.499864
v -182.802429 -31.313672 6.874868
v -181.242409 -30.860815 7.499728
v -181.025276 -31.148906 6.874868
v -180.541344 -30.766749 7.499674
v -180.324898 -31.049907 6.874868
v -180.106411 -31.331611 6.249912
v -179.885979 -31.611781 5.624956
v -180.361691 -32.004085 5.000000
v -180.584869 -31.720576 5.624956
v -182.134724 -32.206142 5.000000
v -182.359543 -31.910226 5.624956
v -183.948402 -32.297828 5.000000
v -182.582035 -31.612725 6.249912
v -183.948936 -32.297840 5.000000
v -180.806084 -31.435513 6.249912
v -178.757553 -31.615984 9.643559
v -178.609142 -31.797035 9.225996
v -178.007145 -32.514229 7.555737
v -177.701797 -32.867801 6.722406
v -177.957439 -32.627430 7.623442
v -177.651043 -32.980537 6.790110
v -177.925720 -32.748649 7.687984
v -177.618198 -33.101451 6.854651
v -177.912540 -32.875469 7.748103
v -177.603817 -33.228145 6.914769
v -177.918091 -33.005340 7.802609
v -177.608166 -33.358059 6.969275
v -177.931862 -33.090434 7.834575
v -177.621136 -33.443279 7.001241
v -177.968121 -33.219726 7.877459
v -177.656212 -33.572903 7.044125
v -177.867603 -33.520551 7.500005
v -176.913586 -34.568317 5.000000
v -178.681622 -31.852243 9.775807
v -178.710518 -31.730318 9.711264
v -178.671417 -31.979337 9.835927
v -178.521309 -32.159984 9.418364
v -178.532143 -32.032936 9.358244
v -178.680000 -32.109039 9.890434
v -178.529320 -32.289727 9.472871
v -178.695774 -32.193787 9.922401
v -178.544655 -32.374547 9.504837
v -178.583336 -32.503135 9.547722
v -178.735046 -32.322192 9.965286
v -177.023888 -34.268939 5.381055
v -176.875839 -34.419422 5.000000
v -176.991253 -34.138684 5.338171
v -176.861229 -34.266465 5.000000
v -176.979866 -34.053237 5.306206
v -176.868706 -34.112544 5.000000
v -176.977959 -33.923264 5.251700
v -176.896992 -33.961048 5.000000
v -176.994667 -33.796864 5.191582
v -177.009926 -33.674312 5.000000
v -177.029781 -33.676581 5.127042
v -177.082634 -33.564811 5.059338
v -178.561592 -31.911149 9.293702
v -182.572403 -26.278684 5.000000
v -182.613697 -26.187606 4.940662
v -182.691154 -26.028190 5.000000
v -183.094406 -25.388772 3.277595
v -183.329659 -24.985154 2.444263
v -183.065224 -25.508904 3.209891
v -183.301582 -25.105555 2.376558
v -183.055115 -25.633798 3.145350
v -183.292656 -25.230534 2.312017
v -183.064232 -25.760972 3.085231
v -183.302956 -25.357618 2.251898
v -183.092346 -25.887880 3.030725
v -183.332272 -25.484259 2.197392
v -183.120747 -25.969272 2.998760
v -183.361416 -25.565381 2.165426
v -183.178997 -26.090255 2.955875
v -183.420811 -25.685813 2.122541
v -183.377190 -25.999982 2.499994
v -183.894043 -24.868460 0.452279
v -184.009953 -24.662745 0.034715
v -183.947773 -24.543734 0.077601
v -183.832417 -24.749160 0.495164
v -183.916740 -24.463317 0.109567
v -183.801746 -24.668598 0.527130
v -183.770084 -24.542530 0.581637
v -183.884468 -24.337399 0.164074
v -182.509708 -26.548393 5.000000
v -182.582264 -26.307175 4.872959
v -182.509518 -26.824756 5.000000
v -182.576580 -26.559176 4.748301
v -182.569847 -26.431854 4.808419
v -182.534752 -26.960769 5.000000
v -182.629204 -26.768489 4.661830
v -182.602348 -26.686587 4.693796
v -182.685204 -26.890538 4.618946
v -182.577438 -27.091887 5.000000
v -182.631721 -27.205079 5.000000
v -183.871193 -24.210591 0.224194
v -183.757381 -24.415660 0.641757
v -183.902454 -23.964417 0.356441
v -183.877201 -24.085441 0.288736
v -183.403625 -24.821875 2.499993
v -183.789787 -24.169633 0.774004
v -183.764000 -24.290538 0.706299
v -183.170948 -28.218858 5.000000
v -183.670216 -29.268026 5.000000
v -184.130211 -30.349593 5.000000
v -184.551315 -31.460958 5.000000
v -184.356499 -31.735823 5.000000
v -184.352112 -31.741178 5.000000
v -184.153614 -32.017479 5.000000
v -184.151134 -32.020142 5.000000
v -183.562279 -24.542363 5.231267
v -183.500977 -24.650872 5.000000
v -183.524189 -24.609864 5.000000
v -183.547363 -24.568832 5.000000
v -183.605385 -24.465699 5.447220
v -184.255333 -23.306320 7.444260
v -183.669682 -24.369290 5.381173
v -183.811264 -24.130700 5.774003
v -183.748341 -24.283299 5.316301
v -183.899727 -24.044337 5.706298
v -183.839989 -24.209263 5.253758
v -184.002037 -23.971975 5.641756
v -183.942947 -24.148490 5.194657
v -184.116096 -23.914995 5.581636
v -184.055443 -24.102068 5.140049
v -184.239597 -23.874488 5.527129
v -184.175434 -24.070818 5.090906
v -184.324093 -23.857424 5.495163
v -184.300804 -24.055300 5.048102
v -184.457874 -23.845863 5.452278
v -184.429321 -24.055786 5.012398
v -184.482231 -24.060602 5.000000
v -185.138893 -22.804866 7.499995
v -184.896488 -23.009427 7.122539
v -184.762936 -23.023489 7.165424
v -184.976044 -22.604389 7.998757
v -184.892063 -22.623816 8.030723
v -185.305939 -21.783137 9.693794
v -185.184441 -21.829369 9.748300
v -185.109444 -22.589080 7.955872
v -185.522652 -21.744354 9.618945
v -185.389538 -21.762147 9.661829
v -185.073185 -21.891613 9.808418
v -184.974384 -21.968672 9.872958
v -184.557076 -22.803140 8.209888
v -184.657307 -22.727933 8.145347
v -184.443073 -23.144050 7.312014
v -184.556046 -23.084943 7.251895
v -184.890022 -22.059071 9.940661
v -184.471073 -22.891948 8.277591
v -184.342155 -23.218315 7.376555
v -184.678783 -23.042130 7.197388
v -184.769726 -22.667775 8.085229
v -184.301567 -24.067047 5.000000
v -184.425964 -24.060237 5.000000
v -184.384766 -24.060664 5.002402
v -184.413452 -24.058316 5.008165
v -184.422302 -24.057600 5.009093
v -184.378071 -24.056597 5.018958
v -184.158363 -24.080634 5.079952
v -184.290199 -24.060297 5.040910
v -184.369373 -24.058084 5.017001
v -184.032421 -24.118466 5.124869
v -184.150352 -24.085994 5.071361
v -184.024677 -24.126096 5.111222
v -184.124336 -24.103584 5.020618
v -183.999462 -24.151037 5.031930
v -184.073486 -24.121537 5.000000
v -183.864384 -24.227643 5.000000
v -183.882179 -24.214752 5.044395
v -183.774548 -24.293530 5.057781
v -183.799820 -24.255035 5.203115
v -183.736458 -24.309878 5.235664
v -183.744450 -24.296794 5.265539
v -183.659172 -24.389799 5.323817
v -183.914738 -24.173028 5.174781
v -183.907070 -24.182820 5.155426
v -183.807583 -24.243205 5.228704
v -183.650684 -24.404683 5.287136
v -183.623085 -24.452960 5.081282
v -183.710556 -24.352393 5.066895
v -183.685722 -24.379525 5.000000
v -184.254532 -24.073286 5.010662
v -184.281788 -24.063325 5.036609
v -184.341164 -24.062979 5.004984
v -186.676197 -18.008757 5.000000
v -186.700077 -17.911466 4.940662
v -186.746902 -17.740533 5.000000
v -187.025814 -17.037903 3.277595
v -187.182903 -16.597929 2.444263
v -187.019196 -17.161356 3.209891
v -187.177429 -16.721437 2.376558
v -187.032204 -17.285976 3.145350
v -187.191620 -16.845932 2.312017
v -187.064552 -17.409312 3.085231
v -187.225094 -16.968958 2.251898
v -187.115517 -17.528893 3.030725
v -187.277184 -17.088057 2.197392
v -187.158375 -17.603678 2.998760
v -187.320747 -17.162440 2.165426
v -187.237873 -17.711897 2.955875
v -187.401237 -17.269911 2.122541
v -187.416115 -17.586744 2.499994
v -187.716236 -16.379516 0.452279
v -187.792377 -16.156006 0.034715
v -187.709389 -16.050447 0.077601
v -187.633724 -16.273571 0.495164
v -187.664070 -15.977106 0.109567
v -187.588787 -16.200018 0.527130
v -187.534485 -16.081915 0.581637
v -187.609234 -15.859258 0.164074
v -186.664181 -18.285570 5.000000
v -186.691151 -18.034775 4.872959
v -186.714897 -18.557415 5.000000
v -186.731873 -18.283529 4.748301
v -186.701851 -18.159615 4.808419
v -186.764793 -18.686531 5.000000
v -186.822071 -18.479611 4.661830
v -186.780586 -18.404038 4.693796
v -186.899529 -18.589293 4.618946
v -186.830978 -18.807602 5.000000
v -186.904755 -18.908304 5.000000
v -187.572880 -15.737052 0.224194
v -187.498703 -15.959539 0.641757
v -187.558384 -15.489323 0.356441
v -187.555790 -15.612926 0.288736
v -187.225609 -16.423839 2.499993
v -187.485352 -15.711745 0.774004
v -187.482185 -15.835334 0.706299
v -187.621078 -19.805740 5.000000
v -188.304634 -20.745301 5.000000
v -188.955517 -21.723933 5.000000
v -189.573689 -22.738991 5.000000
v -189.432583 -23.045022 5.000000
v -189.429359 -23.051057 5.000000
v -189.284935 -23.359163 5.000000
v -189.283047 -23.362212 5.000000
v -189.135265 -23.672357 5.000000
v -189.134789 -23.672433 5.000000
v -187.330189 -16.119964 5.231267
v -187.289867 -16.237873 5.000000
v -187.305145 -16.193308 5.000000
v -187.320385 -16.148727 5.000000
v -187.358475 -16.036688 5.447220
v -187.784309 -14.777622 7.444260
v -187.403946 -15.930107 5.381173
v -187.499294 -15.669563 5.774003
v -187.465477 -15.831130 5.316302
v -187.570381 -15.568416 5.706298
v -187.541943 -15.741513 5.253758
v -187.657642 -15.478489 5.641756
v -187.632008 -15.662854 5.194657
v -187.759285 -15.401521 5.581636
v -187.734032 -15.596552 5.140049
v -187.873249 -15.339006 5.527129
v -187.846260 -15.543786 5.090906
v -187.953167 -15.306708 5.495163
v -187.966633 -15.505495 5.048102
v -188.082542 -15.270764 5.452278
v -188.093052 -15.482360 5.012398
v -188.145943 -15.477371 5.000000
v -188.560677 -14.122351 7.499995
v -188.360004 -14.367971 7.122539
v -188.231316 -14.406332 7.165424
v -188.363762 -13.955213 7.998757
v -188.284798 -13.989742 8.030723
v -188.537159 -13.087323 9.693794
v -188.426228 -13.155090 9.748300
v -188.492088 -13.915651 7.955872
v -188.743019 -13.009381 9.618945
v -188.615475 -13.051327 9.661830
v -188.328285 -13.236722 9.808418
v -188.245335 -13.330623 9.872958
v -187.988472 -14.227560 8.209888
v -188.073158 -14.135220 8.145347
v -187.939034 -14.583619 7.312014
v -188.039227 -14.504758 7.251895
v -188.179035 -13.434979 9.940661
v -187.920246 -14.330661 8.277591
v -187.853489 -14.675162 7.376555
v -188.152008 -14.440122 7.197388
v -188.172626 -14.055429 8.085229
v -187.969761 -15.516835 5.000000
v -188.090553 -15.487351 5.000000
v -188.050156 -15.495338 5.002402
v -188.077908 -15.487761 5.008165
v -188.086491 -15.485429 5.009093
v -188.042831 -15.492573 5.018959
v -187.831287 -15.556568 5.079953
v -187.957115 -15.512357 5.040910
v -188.034554 -15.495635 5.017002
v -187.714424 -15.616902 5.124869
v -187.824383 -15.563314 5.071361
v -187.708206 -15.625825 5.111222
v -187.802029 -15.585387 5.020618
v -187.688026 -15.654973 5.031930
v -187.755508 -15.612286 5.000000
v -187.569389 -15.755016 5.000000
v -187.584438 -15.739155 5.044395
v -187.493114 -15.836369 5.057782
v -187.510872 -15.793886 5.203115
v -187.458687 -15.859435 5.235664
v -187.464123 -15.845108 5.265539
v -187.397404 -15.952197 5.323817
v -187.608776 -15.692160 5.174782
v -187.603035 -15.703191 5.155426
v -187.516346 -15.780829 5.228704
v -187.391777 -15.968390 5.287136
v -187.373524 -16.020916 5.081282
v -187.441025 -15.905988 5.066895
v -187.421646 -15.937169 5.000000
v -187.924461 -15.531677 5.010662
v -187.949409 -15.516880 5.036609
v -188.007736 -15.505625 5.004984
v -189.190559 -9.125563 5.000000
v -189.196148 -9.025373 4.940662
v -189.210777 -8.848746 5.000000
v -189.355812 -8.106830 3.277595
v -189.429398 -7.645481 2.444263
v -189.371986 -8.229398 3.209891
v -189.446697 -7.767893 2.376558
v -189.407692 -8.349506 3.145350
v -189.483528 -7.887661 2.312017
v -189.462147 -8.464796 3.085231
v -189.539051 -8.002439 2.251898
v -189.534206 -8.572978 3.030725
v -189.612122 -8.109943 2.197392
v -189.590092 -8.638614 2.998760
v -189.668617 -8.175054 2.165426
v -189.688110 -8.730383 2.955875
v -189.767494 -8.265904 2.122541
v -189.840317 -8.574610 2.499994
v -189.913502 -7.332791 0.452279
v -189.947262 -7.099095 0.034715
v -189.846306 -7.010584 0.077601
v -189.812946 -7.243809 0.495164
v -189.788303 -6.946814 0.109567
v -189.755230 -7.179767 0.527130
v -189.680176 -7.073651 0.581637
v -189.712734 -6.841050 0.164074
v -189.229679 -9.400028 5.000000
v -189.210014 -9.148222 4.872959
v -189.329643 -9.658040 5.000000
v -189.295769 -9.385258 4.748301
v -189.243469 -9.268972 4.808419
v -189.402504 -9.775826 5.000000
v -189.420433 -9.561429 4.661830
v -189.365807 -9.494764 4.693796
v -189.516735 -9.655010 4.618946
v -189.489937 -9.882683 5.000000
v -189.580498 -9.967629 5.000000
v -189.654541 -6.727605 0.224194
v -189.622498 -6.959934 0.641757
v -189.594765 -6.486762 0.356441
v -189.614925 -6.608733 0.288736
v -189.439373 -7.466512 2.499993
v -189.563866 -6.718812 0.774004
v -189.583454 -6.840878 0.706299
v -189.486351 -7.148608 5.231267
v -189.468365 -7.271909 5.000000
v -189.475212 -7.225298 5.000000
v -189.481983 -7.178682 5.000000
v -189.498844 -7.061552 5.447220
v -190.672417 -9.251229 2.499728
v -190.925159 -9.468716 2.499754
v -190.537834 -9.960354 3.749912
v -190.787468 -10.181347 3.749912
v -190.449543 -10.718160 5.000000
v -191.294098 -11.516120 5.000000
v -192.113724 -12.358489 5.000000
v -191.961575 -11.298983 3.749912
v -191.380386 -10.729306 3.749912
v -191.525669 -10.008351 2.499815
v -192.907887 -13.242676 5.000000
v -193.258133 -11.755126 2.500000
v -192.114773 -10.569866 2.499877
v -189.686069 -5.745675 7.444260
v -189.523964 -6.948429 5.381173
v -189.569798 -6.674801 5.774003
v -189.566231 -6.839831 5.316302
v -189.621086 -6.562314 5.706298
v -189.624939 -6.737691 5.253759
v -189.690342 -6.457888 5.641757
v -189.699020 -6.643823 5.194658
v -189.776115 -6.363550 5.581637
v -189.787140 -6.559901 5.140050
v -189.876652 -6.281160 5.527130
v -189.887733 -6.487415 5.090907
v -189.949284 -6.234726 5.495163
v -189.999046 -6.427655 5.048102
v -190.069847 -6.175621 5.452278
v -190.119038 -6.381686 5.012398
v -190.170116 -6.367064 5.000000
v -190.328808 -4.958903 7.499995
v -190.176678 -5.237218 7.122539
v -190.057240 -5.298570 7.165424
v -190.104542 -4.830793 7.998757
v -190.033245 -4.879246 8.030723
v -190.115490 -3.945820 9.693795
v -190.018921 -4.032815 9.748300
v -190.223408 -4.768326 7.955872
v -190.303555 -3.831374 9.618945
v -190.185890 -3.896045 9.661830
v -189.937630 -4.131053 9.808418
v -189.873352 -4.238599 9.872958
v -189.785690 -5.167462 8.209888
v -189.851971 -5.061134 8.145347
v -189.802513 -5.526541 7.312014
v -189.886513 -5.430614 7.251896
v -189.827366 -4.353358 9.940661
v -189.737568 -5.281345 8.277591
v -189.735241 -5.632247 7.376555
v -189.985485 -5.346356 7.197388
v -189.935055 -4.964426 8.085229
v -190.004272 -6.438183 5.000000
v -190.117531 -6.387048 5.000000
v -190.079269 -6.402324 5.002402
v -190.105171 -6.389776 5.008165
v -190.113163 -6.385907 5.009093
v -190.071545 -6.400953 5.018959
v -189.875374 -6.502730 5.079953
v -189.990959 -6.436148 5.040910
v -190.063972 -6.405486 5.017002
v -189.771595 -6.583508 5.124869
v -189.869823 -6.510627 5.071362
v -189.767113 -6.593422 5.111222
v -189.851913 -6.536432 5.020618
v -189.752636 -6.625782 5.031930
v -189.811192 -6.571373 5.000000
v -189.654427 -6.745878 5.000000
v -189.666271 -6.727566 5.044395
v -189.594383 -6.839904 5.057782
v -189.604034 -6.794881 5.203115
v -189.564781 -6.868902 5.235665
v -189.567490 -6.853821 5.265540
v -189.521580 -6.971347 5.323817
v -189.681568 -6.676897 5.174782
v -189.677963 -6.688793 5.155426
v -189.607010 -6.781043 5.228704
v -189.519024 -6.988296 5.287136
v -189.510727 -7.043284 5.081282
v -189.555969 -6.917910 5.066895
v -189.542656 -6.952097 5.000000
v -189.962387 -6.461142 5.010662
v -189.984207 -6.442010 5.036609
v -190.039463 -6.420232 5.004984
v -189.953575 2.154076 5.447220
v -189.895821 3.481953 7.444260
v -189.957485 2.269888 5.381173
v -189.952278 2.547282 5.774003
v -189.979095 2.384407 5.316302
v -189.982033 2.667278 5.706298
v -190.018044 2.495595 5.253760
v -190.030899 2.782649 5.641757
v -190.073586 2.601473 5.194658
v -190.097866 2.891141 5.581637
v -190.144787 2.700159 5.140051
v -190.181561 2.990602 5.527130
v -190.230370 2.789896 5.090907
v -190.244408 3.049590 5.495164
v -190.328789 2.869088 5.048103
v -190.352058 3.129844 5.452278
v -190.438290 2.936327 5.012399
v -190.485802 2.960085 5.000000
v -190.383072 4.373434 7.499995
v -190.284672 4.071903 7.122539
v -190.178528 3.989647 7.165424
v -190.139065 4.458153 7.998757
v -190.077896 4.397424 8.030723
v -189.987221 5.330073 9.693795
v -189.908276 5.226812 9.748300
v -190.244427 4.541396 7.955872
v -190.151043 5.477124 9.618945
v -190.047264 5.391931 9.661830
v -189.846439 5.115312 9.808418
v -189.802990 4.997784 9.872959
v -189.887505 4.068626 8.209888
v -189.933128 4.185324 8.145348
v -189.970036 3.718753 7.312014
v -190.034981 3.828481 7.251896
v -189.778881 4.876530 9.940661
v -189.861126 3.947841 8.277591
v -189.923325 3.602486 7.376555
v -190.116787 3.929492 7.197389
v -189.997044 4.295653 8.085229
v -190.335827 2.859679 5.000000
v -190.437794 2.930776 5.000000
v -190.403004 2.908731 5.002402
v -190.426140 2.925823 5.008165
v -190.433311 2.931098 5.009093
v -190.395164 2.908662 5.018959
v -190.221024 2.772571 5.079954
v -190.322380 2.859256 5.040910
v -190.388527 2.902813 5.017002
v -190.133858 2.674099 5.124869
v -190.217018 2.763789 5.071362
v -190.131264 2.663532 5.111222
v -190.204163 2.735131 5.020618
v -190.122986 2.629060 5.031930
v -190.170517 2.693278 5.000000
v -190.048523 2.492948 5.000000
v -190.056801 2.513142 5.044395
v -190.006752 2.389503 5.057782
v -190.007973 2.435535 5.203115
v -189.983006 2.355562 5.235665
v -189.982891 2.370883 5.265540
v -189.959354 2.246923 5.323817
v -190.062523 2.565757 5.174782
v -190.061169 2.553402 5.155426
v -190.008354 2.449684 5.228704
v -189.957294 2.066206 5.231267
v -189.959965 2.229795 5.287136
v -189.961910 2.174218 5.081282
v -189.983330 2.305769 5.066895
v -189.976540 2.269709 5.000000
v -189.958534 2.035844 5.000000
v -190.298901 2.829437 5.010662
v -190.316830 2.852253 5.036609
v -190.367146 2.883813 5.004984
v -189.962273 1.941699 5.000000
v -189.989452 1.026582 7.500011
v -189.989662 1.017370 2.499990
v -189.998589 -0.374375 5.000000
v -189.998531 -0.383601 5.000000
v -189.960442 1.988772 5.000000
v -188.707218 11.296369 5.447220
v -188.406448 12.591026 7.444260
v -188.689766 11.410927 5.381173
v -188.633671 11.682639 5.774003
v -188.689976 11.527467 5.316302
v -188.640862 11.806058 5.706299
v -188.707809 11.643914 5.253760
v -188.667717 11.928445 5.641757
v -188.742962 11.758199 5.194659
v -188.713608 12.047397 5.581638
v -188.794823 11.868286 5.140051
v -188.777599 12.160542 5.527130
v -188.862438 11.972219 5.090908
v -188.828545 12.230074 5.495164
v -188.944645 12.068146 5.048103
v -188.919621 12.328744 5.452278
v -189.039936 12.154365 5.012399
v -189.082279 12.186450 5.000000
v -188.721581 13.556856 7.499995
v -188.680248 13.242377 7.122539
v -188.591042 13.142020 7.165424
v -188.466167 13.595300 7.998757
v -188.417187 13.524363 8.030723
v -188.156700 14.424474 9.693795
v -188.098049 14.308465 9.748302
v -188.554440 13.696487 7.955872
v -188.290710 14.599124 9.618945
v -188.204327 14.496310 9.661830
v -188.057747 14.187500 9.808419
v -188.036671 14.063993 9.872959
v -188.290462 13.166181 8.209888
v -188.313866 13.289274 8.145348
v -188.435879 12.837429 7.312015
v -188.479538 12.957220 7.251896
v -188.035240 13.940371 9.940661
v -188.286724 13.042606 8.277591
v -188.411331 12.714560 7.376555
v -188.541393 13.071544 7.197389
v -188.356400 13.409468 8.085229
v -188.953190 12.060063 5.000000
v -189.040451 12.148815 5.000000
v -189.010296 12.120751 5.002402
v -189.029903 12.141805 5.008165
v -189.035988 12.148306 5.009093
v -189.002609 12.119243 5.018959
v -188.856449 11.953472 5.079954
v -188.940163 12.057308 5.040910
v -188.997173 12.112278 5.017002
v -188.788872 11.840661 5.124870
v -188.854141 11.944106 5.071362
v -188.788261 11.829799 5.111223
v -188.846760 11.913571 5.020618
v -188.786449 11.794391 5.031931
v -188.821316 11.866136 5.000000
v -188.738251 11.646830 5.000000
v -188.742695 11.668286 5.044395
v -188.716240 11.537559 5.057782
v -188.708973 11.583030 5.203115
v -188.699112 11.499829 5.235665
v -188.696175 11.514870 5.265539
v -188.695831 11.388695 5.323817
v -188.738651 11.721057 5.174782
v -188.739586 11.708663 5.155427
v -188.706741 11.597008 5.228704
v -188.726997 11.210676 5.231267
v -188.699570 11.371971 5.287136
v -188.711700 11.317699 5.081282
v -188.708591 11.450946 5.066895
v -188.708534 11.414207 5.000000
v -188.733807 11.181060 5.000000
v -188.922558 12.023683 5.010663
v -188.935986 12.049404 5.036609
v -188.979645 12.089671 5.004984
v -188.754787 11.089190 5.000000
v -188.949680 10.194569 7.500011
v -188.951530 10.185621 2.499990
v -189.216080 8.819143 5.000000
v -189.217701 8.810135 5.000000
v -188.744316 11.135130 5.000000
v -185.802155 20.053992 5.447220
v -185.268612 21.271343 7.444260
v -185.763969 20.163395 5.381173
v -185.658894 20.420172 5.774004
v -185.742760 20.277987 5.316302
v -185.643272 20.542812 5.706299
v -185.738888 20.395730 5.253760
v -185.647182 20.668046 5.641757
v -185.752449 20.514529 5.194659
v -185.670433 20.793407 5.581638
v -185.783195 20.632269 5.140051
v -185.712547 20.916381 5.527130
v -185.830574 20.746856 5.090908
v -185.749855 20.994093 5.495164
v -185.893726 20.856252 5.048103
v -185.821247 21.107817 5.452279
v -185.971565 20.958514 5.012399
v -186.007271 20.997834 5.000000
v -185.400906 22.278628 7.499995
v -185.418072 21.961913 7.122539
v -185.348816 21.846871 7.165424
v -185.142784 22.269490 7.998758
v -185.107689 22.190762 8.030723
v -184.686222 23.027680 9.693796
v -184.649906 22.902873 9.748302
v -185.210972 22.385173 7.955873
v -184.785862 23.223979 9.618946
v -184.719849 23.107047 9.661831
v -184.632530 22.776561 9.808419
v -184.634476 22.651281 9.872959
v -185.048923 21.815391 8.209888
v -185.049305 21.940687 8.145348
v -185.252266 21.518958 7.312015
v -185.273190 21.644731 7.251896
v -184.655800 22.529504 9.940661
v -185.067959 21.693237 8.277593
v -185.250721 21.393669 7.376556
v -185.312996 21.768475 7.197390
v -185.069046 22.066653 8.085230
v -185.903454 20.849619 5.000000
v -185.973091 20.953155 5.000000
v -185.948601 20.920029 5.002402
v -185.964012 20.944326 5.008165
v -185.968781 20.951831 5.009093
v -185.941334 20.917134 5.018959
v -185.828114 20.727329 5.079954
v -185.891323 20.844779 5.040910
v -185.937271 20.909288 5.017002
v -185.782413 20.604019 5.124871
v -185.827560 20.717695 5.071362
v -185.783806 20.593233 5.111223
v -185.825920 20.686324 5.020618
v -185.788536 20.558095 5.031931
v -185.809574 20.634806 5.000000
v -185.768242 20.404038 5.000000
v -185.768700 20.426097 5.044395
v -185.766716 20.292730 5.057782
v -185.751209 20.336096 5.203116
v -185.756798 20.252500 5.235666
v -185.751171 20.266747 5.265540
v -185.774002 20.142655 5.323817
v -185.755024 20.477223 5.174783
v -185.758228 20.465214 5.155427
v -185.746460 20.349426 5.228705
v -185.837364 19.973396 5.231267
v -185.780754 20.126903 5.287136
v -185.802650 20.075784 5.081282
v -185.775108 20.206192 5.066895
v -185.781822 20.169990 5.000000
v -185.849495 19.945533 5.000000
v -185.880184 20.808489 5.010663
v -185.888672 20.836244 5.036610
v -185.924187 20.883844 5.004984
v -185.887012 19.859059 5.000000
v -186.243000 19.015411 7.500011
v -186.246452 19.007012 2.499990
v -186.757603 17.712352 5.000000
v -186.760826 17.703851 5.000000
v -185.868263 19.902306 5.000000
v -181.337337 28.128707 5.447220
v -180.589199 29.227295 7.444261
v -181.279697 28.229232 5.381173
v -181.129227 28.462329 5.774004
v -181.237793 28.337972 5.316302
v -181.091347 28.580012 5.706300
v -181.212349 28.453002 5.253760
v -181.072178 28.703830 5.641757
v -181.203861 28.572268 5.194659
v -181.072006 28.831332 5.581638
v -181.212425 28.693652 5.140052
v -181.090813 28.959949 5.527130
v -181.237946 28.814993 5.090908
v -181.113186 29.043190 5.495164
v -181.279945 28.934133 5.048104
v -181.162453 29.168096 5.452279
v -181.337643 29.048953 5.012399
v -181.365547 29.094169 5.000000
v -180.534153 30.241737 7.499995
v -180.609226 29.933567 7.122539
v -180.562286 29.807758 7.165424
v -180.282097 30.185323 7.998759
v -180.262051 30.101485 8.030723
v -179.693985 30.846710 9.693796
v -179.681225 30.717356 9.748302
v -180.327854 30.311563 7.955874
v -179.755859 31.057978 9.618946
v -179.712467 30.930905 9.661831
v -179.687347 30.590003 9.808419
v -179.712276 30.467215 9.872959
v -180.273266 29.721711 8.209890
v -180.250626 29.844944 8.145348
v -180.527630 29.467688 7.312015
v -180.525093 29.595165 7.251896
v -179.755611 30.351427 9.940662
v -180.314445 29.605136 8.277593
v -180.549126 29.344249 7.376556
v -180.541458 29.724114 7.197390
v -180.246887 29.972389 8.085230
v -181.290588 28.929005 5.000000
v -181.340141 29.043965 5.000000
v -181.322155 29.006906 5.002402
v -181.332836 29.033623 5.008165
v -181.336155 29.041877 5.009093
v -181.315536 29.002724 5.018959
v -181.239128 28.795347 5.079954
v -181.279678 28.922412 5.040911
v -181.312981 28.994265 5.017002
v -181.216850 28.665738 5.124871
v -181.240349 28.785777 5.071362
v -181.220226 28.655398 5.111223
v -181.244488 28.754635 5.020618
v -181.231327 28.621724 5.031931
v -181.237869 28.700681 5.000000
v -181.239738 28.466353 5.000000
v -181.236076 28.488326 5.044395
v -181.258621 28.356867 5.057782
v -181.235428 28.396647 5.203116
v -181.256294 28.315501 5.235666
v -181.248131 28.328471 5.265540
v -181.293373 28.210690 5.323817
v -181.213245 28.536074 5.174783
v -181.218605 28.524854 5.155427
v -181.228294 28.408875 5.228705
v -181.386757 28.055954 5.231267
v -181.302910 28.196447 5.287137
v -181.333828 28.150220 5.081282
v -181.282787 28.273349 5.066895
v -181.296062 28.238895 5.000000
v -181.403790 28.030796 5.000000
v -181.275406 28.884697 5.010663
v -181.278648 28.913534 5.036610
v -181.304817 28.966851 5.004984
v -181.456585 27.952652 5.000000
v -181.961555 27.188730 7.500011
v -181.966476 27.181141 2.499990
v -182.706852 26.002414 5.000000
v -182.711544 25.994687 5.000000
v -181.430225 27.991736 5.000000
v -88.490467 -0.217319 2.499728
v -88.202085 -0.049972 2.499754
v -88.492479 0.504465 3.749912
v -88.206472 0.675823 3.749912
v -88.440075 1.265562 5.000000
v -87.463322 1.894705 5.000000
v -86.502924 2.572076 5.000000
v -86.847000 1.558689 3.749912
v -87.522984 1.105506 3.749912
v -87.512646 0.370130 2.499815
v -85.488691 1.768822 2.500000
v -85.559874 3.295228 5.000000
v -85.559654 3.295404 5.000000
v -86.830387 0.813836 2.499877
v -92.047291 -18.810036 2.499728
v -91.717930 -18.758163 2.499754
v -91.788435 -18.136265 3.749912
v -91.459837 -18.079798 3.749912
v -91.464567 -17.445486 5.000000
v -90.326452 -17.211654 5.000000
v -89.186163 -16.926943 5.000000
v -89.873247 -17.747644 3.749912
v -90.667286 -17.926037 3.749912
v -90.923290 -18.615488 2.499815
v -88.530750 -18.042377 2.500000
v -88.045511 -16.593268 5.000000
v -88.045454 -16.593250 5.000000
v -90.126820 -18.448204 2.499877
v -88.047171 -16.598486 5.000000
v -96.320124 -27.301047 2.499728
v -95.986834 -27.310576 2.499754
v -95.941858 -26.686313 3.749912
v -95.608482 -26.691186 3.749912
v -95.496569 -26.066806 5.000000
v -94.334850 -26.046085 5.000000
v -93.161640 -25.975745 5.000000
v -93.987865 -26.656227 3.749912
v -94.801159 -26.685677 3.749912
v -95.179501 -27.316346 2.499815
v -91.979084 -25.857341 5.000000
v -92.722397 -27.192624 2.500000
v -94.365854 -27.298265 2.499877
v -91.820593 -25.560927 5.000000
v -91.817198 -25.554423 5.000000
v -91.658897 -25.253778 5.000000
v -91.657228 -25.250492 5.000000
v -91.499157 -24.945602 5.000000
v -91.499176 -24.945560 5.000000
v -102.080402 -34.862351 2.499728
v -101.754551 -34.932961 2.499754
v -101.595631 -34.327590 3.749912
v -101.268826 -34.393640 3.749912
v -101.044083 -33.800457 5.000000
v -99.898338 -33.993554 5.000000
v -98.732185 -34.139984 5.000000
v -99.669380 -34.657063 3.749912
v -100.474243 -34.536567 3.749912
v -100.962019 -35.086982 2.499815
v -97.548008 -34.240894 5.000000
v -98.524017 -35.416856 2.500000
v -100.158901 -35.218711 2.499877
v -101.050920 -33.808389 5.000000
v -99.905167 -34.001718 5.000000
v -98.738995 -34.148383 5.000000
v -97.554779 -34.249523 5.000000
v -97.337666 -33.978691 5.000000
v -97.333202 -33.972859 5.000000
v -97.122288 -33.706481 5.000000
v -97.120085 -33.703473 5.000000
v -96.908627 -33.432910 5.000000
v -96.908684 -33.432755 5.000000
v -102.087307 -34.870110 7.500272
v -101.761456 -34.940784 7.500247
v -100.165873 -35.226841 7.500123
v -98.531017 -35.425296 7.500000
v -102.579403 -35.397706 8.749909
v -102.254601 -35.472941 8.749909
v -100.663223 -35.781376 8.749909
v -109.132004 -41.236463 2.499728
v -108.824673 -41.365747 2.499754
v -108.557215 -40.799885 3.749912
v -108.248119 -40.924859 3.749912
v -107.918205 -40.383072 5.000000
v -106.827450 -40.783410 5.000000
v -105.708055 -41.141634 5.000000
v -106.724300 -41.477690 3.749912
v -107.493315 -41.211357 3.749912
v -108.073940 -41.662769 2.499815
v -104.562578 -41.458411 5.000000
v -105.738049 -42.435007 2.500000
v -107.308702 -41.939831 2.499877
v -104.307556 -41.239367 5.000000
v -104.302158 -41.234388 5.000000
v -104.045820 -41.011372 5.000000
v -104.043150 -41.008730 5.000000
v -103.785543 -40.781717 5.000000
v -103.785572 -40.781446 5.000000
v -117.234774 -46.206312 2.499728
v -116.956425 -46.389871 2.499754
v -116.589546 -45.882788 3.749912
v -116.308670 -46.062431 3.749912
v -115.884829 -45.590487 5.000000
v -114.886198 -46.184435 5.000000
v -113.851690 -46.742244 5.000000
v -114.912395 -46.885848 3.749912
v -115.619373 -46.482744 3.749912
v -116.273050 -46.819782 2.499815
v -112.783928 -47.264113 5.000000
v -114.118843 -48.008089 2.500000
v -115.571756 -47.232733 2.499877
v -112.492924 -47.095709 5.000000
v -112.486744 -47.091742 5.000000
v -112.193747 -46.919684 5.000000
v -112.190657 -46.917496 5.000000
v -111.895695 -46.741762 5.000000
v -111.895666 -46.741390 5.000000
v -126.112776 -49.602666 2.499728
v -125.872898 -49.834242 2.499754
v -125.419102 -49.403205 3.749912
v -125.176010 -49.631400 3.749912
v -124.672661 -49.245377 5.000000
v -123.800182 -50.012708 5.000000
v -122.885790 -50.751109 5.000000
v -123.954811 -50.697365 3.749912
v -124.575682 -50.171213 3.749912
v -125.280161 -50.382404 2.499815
v -121.932096 -51.460295 5.000000
v -123.380985 -51.946311 2.500000
v -124.666681 -50.917192 2.499877
v -121.615009 -51.348271 5.000000
v -121.608257 -51.345448 5.000000
v -121.288586 -51.230221 5.000000
v -121.285162 -51.228566 5.000000
v -120.962925 -51.110096 5.000000
v -120.962811 -51.109648 5.000000
v -135.463696 -51.309857 2.499728
v -135.270462 -51.581569 2.499754
v -134.745178 -51.241255 3.749912
v -134.548168 -51.510234 3.749912
v -133.543625 -52.782445 3.749912
v -134.057255 -52.151165 3.749912
v -134.788532 -52.229314 2.499815
v -133.209057 -54.115567 2.500000
v -134.283772 -52.867718 2.499877
v -144.969101 -51.269751 2.499728
v -144.829073 -51.572347 2.499754
v -144.250212 -51.334352 3.749912
v -144.105968 -51.634951 3.749912
v -143.497162 -51.456819 5.000000
v -142.960796 -52.487512 5.000000
v -142.374897 -53.506370 5.000000
v -143.352308 -53.070078 3.749912
v -143.741198 -52.355170 3.749912
v -144.474382 -52.297616 2.499815
v -141.741791 -54.512177 5.000000
v -143.268404 -54.441977 2.500000
v -144.095516 -53.017898 2.499877
v -141.405487 -54.522371 5.000000
v -141.398258 -54.522071 5.000000
v -141.058455 -54.530210 5.000000
v -141.054668 -54.529800 5.000000
v -140.711393 -54.535837 5.000000
v -140.711040 -54.535360 5.000000
v -154.305286 -49.483719 2.499728
v -154.223251 -49.806890 2.499754
v -153.610506 -49.679308 3.749912
v -153.523960 -50.001292 3.749912
v -153.046827 -51.550474 3.749912
v -153.297729 -50.776286 3.749912
v -154.007854 -50.584984 2.499815
v -153.216448 -52.914433 2.500000
v -153.767805 -51.362619 2.499877
v -163.154335 -46.012578 2.499728
v -163.133049 -46.345320 2.499754
v -162.507305 -46.332502 3.749912
v -162.481403 -46.664910 3.749912
v -162.297058 -48.275385 3.749912
v -162.401428 -47.468271 3.749912
v -163.064308 -47.149744 2.499815
v -162.714405 -49.584951 2.500000
v -162.971230 -47.958250 2.499877
v -171.214867 -40.974531 2.499728
v -171.255112 -41.305513 2.499754
v -170.637665 -41.407900 3.749912
v -170.673256 -41.739402 3.749912
v -170.788002 -43.356328 3.749912
v -170.742283 -42.543783 3.749912
v -171.335335 -42.108870 2.499815
v -171.438866 -44.566913 2.500000
v -171.392403 -42.920713 2.499877
v -178.212414 -34.541144 2.499728
v -178.312798 -34.859099 2.499754
v -177.724667 -35.073197 3.749912
v -177.820587 -35.392513 3.749912
v -177.250671 -35.671020 5.000000
v -177.548656 -36.794064 5.000000
v -177.802086 -37.941735 5.000000
v -178.230476 -36.960826 3.749912
v -178.036232 -36.170521 3.749912
v -178.539295 -35.634036 2.499815
v -178.011818 -39.111557 5.000000
v -179.092693 -38.031204 2.500000
v -178.744545 -36.421571 2.499877
v -177.257614 -35.663967 5.000000
v -177.555866 -36.787076 5.000000
v -177.809544 -37.934825 5.000000
v -178.019524 -39.104736 5.000000
v -177.769890 -39.345913 5.000000
v -177.764511 -39.350388 5.000000
v -177.518711 -39.585495 5.000000
v -177.515717 -39.587657 5.000000
v -177.266026 -39.823475 5.000000
v -177.265434 -39.823353 5.000000
v -178.219261 -34.534287 7.500272
v -178.319683 -34.852223 7.500247
v -178.751755 -36.414611 7.500123
v -179.100208 -38.024173 7.500000
v -178.699188 -33.995602 8.749909
v -178.804073 -34.312084 8.749909
v -179.258022 -35.868213 8.749909
v -183.908710 -26.931505 2.499728
v -184.065800 -27.225599 2.499754
v -183.527031 -27.544119 3.749912
v -183.680000 -27.840374 3.749912
v -184.371071 -29.306669 3.749912
v -184.034920 -28.565512 3.749912
v -184.430809 -27.945724 2.499815
v -185.415306 -30.200384 2.500000
v -184.777298 -28.682132 2.499877
v -188.109722 -18.404744 2.499728
v -188.318176 -18.664964 2.499754
v -187.847099 -19.077060 3.749912
v -188.051910 -19.340165 3.749912
v -189.000645 -20.654509 3.749912
v -188.534031 -19.987738 3.749912
v -188.809319 -19.305754 2.499815
v -190.191307 -21.341128 2.500000
v -189.285221 -19.965957 2.499877
v -192.825336 -13.569471 5.000000
v -192.823353 -13.575957 5.000000
v -192.737923 -13.905394 5.000000
v -192.736702 -13.908699 5.000000
v -192.648354 -14.240754 5.000000
v -192.647972 -14.240887 5.000000
v -190.274467 0.876898 2.499441
v -190.900860 0.553925 2.499519
v -191.509552 0.217400 2.499598
v -191.797924 0.050046 2.499636
v -191.509819 -0.143599 3.124868
v -191.797009 -0.312948 3.124868
v -191.793556 -0.675817 3.749912
v -193.153019 -1.558684 3.749912
v -192.261314 -1.711269 5.000000
v -193.362064 -2.473268 5.000000
v -190.279388 0.524452 3.124868
v -190.281830 0.172197 3.749912
v -191.139641 -1.013177 5.000000
v -190.903645 -0.159481 3.749912
v -191.507530 -0.504460 3.749912
v -190.903511 0.197140 3.124868
v -194.440346 -3.295399 5.000000
v -194.511318 -1.768817 2.500000
v -193.162632 -1.186271 3.124868
v -193.169632 -0.813795 2.499818
v -191.139870 -1.003749 5.000000
v -192.261753 -1.701649 5.000000
v -193.362694 -2.463466 5.000000
v -194.441185 -3.285425 5.000000
v -194.419193 -3.631840 5.000000
v -194.418507 -3.638537 5.000000
v -194.394970 -3.978109 5.000000
v -194.394493 -3.981530 5.000000
v -194.368553 -4.324217 5.000000
v -194.368305 -4.324366 5.000000
v -190.274506 0.886072 7.500559
v -191.509705 0.226811 7.500402
v -191.798134 0.059512 7.500364
v -193.169975 -0.804065 7.500182
v -194.511852 -1.758829 7.500000
v -190.257168 1.589974 8.749909
v -191.792202 0.784939 8.749909
v -191.501465 0.948161 8.749909
v -193.176022 -0.059229 8.749909
v -189.257317 10.099876 2.499441
v -189.932404 9.897503 2.499519
v -190.592537 9.678552 2.499598
v -190.906773 9.567037 2.499636
v -190.659142 9.323747 3.124868
v -190.972557 9.210054 3.124868
v -191.035843 8.852728 3.749912
v -192.534389 8.234695 3.749912
v -191.685905 7.920860 5.000000
v -192.907925 7.374096 5.000000
v -189.326916 9.754333 3.124868
v -189.394035 9.408525 3.749912
v -190.455055 8.400955 5.000000
v -190.066204 9.196752 3.749912
v -190.723228 8.968614 3.749912
v -190.000553 9.547276 3.124868
v -194.118938 6.764100 5.000000
v -193.908176 8.277728 2.500000
v -192.475395 8.602533 3.124868
v -192.413845 8.969954 2.499818
v -190.453548 8.410196 5.000000
v -191.684532 7.930330 5.000000
v -192.906685 7.383789 5.000000
v -194.117851 6.774012 5.000000
v -194.159851 6.429451 5.000000
v -194.160500 6.422797 5.000000
v -194.199677 6.084629 5.000000
v -194.199924 6.081239 5.000000
v -194.237328 5.739560 5.000000
v -194.237175 5.739439 5.000000
v -189.255581 10.108855 7.500559
v -190.590897 9.687786 7.500402
v -190.905132 9.576332 7.500364
v -192.412338 8.979539 7.500182
v -193.906784 8.287600 7.500000
v -189.109211 10.797585 8.749909
v -190.766029 10.288320 8.749909
v -190.450249 10.395340 8.749909
v -192.281399 9.712803 8.749909
v -186.562767 18.978916 2.499441
v -187.263546 18.904034 2.499519
v -187.952690 18.810112 2.499598
v -188.282051 18.758234 2.499636
v -188.083344 18.473583 3.124868
v -188.412323 18.419421 3.124868
v -188.540173 18.079803 3.749912
v -190.126762 17.747650 3.749912
v -189.350414 17.283255 5.000000
v -190.652084 16.970342 5.000000
v -186.694679 18.652045 3.124868
v -186.824207 18.324459 3.749912
v -188.052292 17.529004 5.000000
v -187.523842 18.239801 3.749912
v -188.211575 18.136270 3.749912
v -187.394905 18.572292 3.124868
v -191.954556 16.593256 5.000000
v -191.469250 18.042383 2.500000
v -190.001202 18.098389 3.124868
v -189.873180 18.448242 2.499818
v -188.049107 17.537752 5.000000
v -189.347286 17.292252 5.000000
v -190.649014 16.979592 5.000000
v -191.951561 16.602752 5.000000
v -192.056198 16.271778 5.000000
v -192.058125 16.265417 5.000000
v -192.158699 15.940145 5.000000
v -192.159615 15.936931 5.000000
v -192.259102 15.607867 5.000000
v -192.259045 15.607812 5.000000
v -186.559334 18.987377 7.500559
v -187.949276 18.818840 7.500402
v -188.278656 18.767025 7.500364
v -189.869843 18.457340 7.500182
v -191.466007 18.051786 7.500000
v -186.288891 19.637482 8.749909
v -188.011074 19.441326 8.749909
v -187.681007 19.488503 8.749909
v -189.606419 19.154060 8.749909
v -182.282600 27.211652 2.499441
v -182.985191 27.266810 2.499519
v -183.679848 27.301116 2.499598
v -184.013138 27.310643 2.499636
v -183.870125 26.994324 3.124868
v -184.203453 27.001534 3.124868
v -184.391518 26.691194 3.749912
v -186.012154 26.656232 3.749912
v -185.334301 26.057088 5.000000
v -186.671314 25.988688 5.000000
v -182.472305 26.914582 3.124868
v -182.659817 26.616373 3.749912
v -184.013157 26.060121 5.000000
v -183.363094 26.661716 3.749912
v -184.058151 26.686320 3.749912
v -183.175240 26.964850 3.124868
v -188.020878 25.857356 5.000000
v -187.277622 27.192628 2.500000
v -185.824261 26.977925 3.124868
v -185.634136 27.298298 2.499818
v -188.020935 25.857348 5.000000
v -184.008427 26.068094 5.000000
v -185.329590 26.065311 5.000000
v -186.666584 25.997167 5.000000
v -188.016167 25.866089 5.000000
v -182.277565 27.219291 7.500559
v -183.674812 27.309022 7.500402
v -184.008102 27.318614 7.500364
v -185.629101 27.306581 7.500182
v -187.272606 27.201228 7.500000
v -181.892281 27.808630 8.749909
v -183.621178 27.932267 8.749909
v -183.288078 27.917991 8.749909
v -185.242119 27.943034 8.749909
v -177.919598 34.862359 2.499728
v -178.245468 34.932969 2.499754
v -178.404388 34.327598 3.749912
v -178.731194 34.393647 3.749912
v -178.955879 33.800454 5.000000
v -180.101585 33.993545 5.000000
v -181.267700 34.139977 5.000000
v -180.330620 34.657066 3.749912
v -179.525776 34.536572 3.749912
v -179.037991 35.086987 2.499815
v -181.476002 35.416863 2.500000
v -182.451820 34.240887 5.000000
v -182.452011 34.240899 5.000000
v -179.841118 35.218716 2.499877
v -170.868015 41.236467 2.499728
v -171.175346 41.365752 2.499754
v -171.442795 40.799894 3.749912
v -171.751900 40.924864 3.749912
v -172.081738 40.383048 5.000000
v -173.172417 40.783367 5.000000
v -174.291744 41.141577 5.000000
v -173.275719 41.477699 3.749912
v -172.506695 41.211362 3.749912
v -171.926079 41.662779 2.499815
v -174.261971 42.435017 2.500000
v -172.691307 41.939836 2.499877
v -162.765236 46.206322 2.499728
v -163.043594 46.389875 2.499754
v -163.410454 45.882792 3.749912
v -163.691349 46.062436 3.749912
v -164.115105 45.590439 5.000000
v -165.113640 46.184344 5.000000
v -166.148052 46.742120 5.000000
v -165.087624 46.885853 3.749912
v -164.380627 46.482749 3.749912
v -163.726959 46.819792 2.499815
v -165.881157 48.008094 2.500000
v -164.428253 47.232742 2.499877
v -153.887234 49.602671 2.499728
v -154.127121 49.834247 2.499754
v -154.580917 49.403210 3.749912
v -154.824009 49.631410 3.749912
v -155.327253 49.245300 5.000000
v -156.199646 50.012560 5.000000
v -157.113953 50.750899 5.000000
v -156.045198 50.697370 3.749912
v -155.424328 50.171223 3.749912
v -154.719849 50.382409 2.499815
v -156.619034 51.946321 2.500000
v -155.333328 50.917196 2.499877
v -144.536314 51.309862 2.499728
v -144.729557 51.581573 2.499754
v -145.254841 51.241264 3.749912
v -145.451841 51.510239 3.749912
v -146.017475 51.223168 5.000000
v -146.734009 52.137651 5.000000
v -147.497072 53.031411 5.000000
v -146.456394 52.782450 3.749912
v -145.942764 52.151175 3.749912
v -145.211468 52.229319 2.499815
v -146.790953 54.115572 2.500000
v -145.716248 52.867727 2.499877
v -135.030918 51.269760 2.499728
v -135.170927 51.572351 2.499754
v -135.749798 51.334352 3.749912
v -135.894041 51.634951 3.749912
v -136.502781 51.456690 5.000000
v -137.039080 52.487259 5.000000
v -137.624893 53.505998 5.000000
v -136.647701 53.070083 3.749912
v -136.258821 52.355180 3.749912
v -135.525637 52.297621 2.499815
v -136.731615 54.441981 2.500000
v -135.904493 53.017907 2.499877
v -125.694723 49.483728 2.499728
v -125.776768 49.806895 2.499754
v -126.389513 49.679317 3.749912
v -126.476049 50.001302 3.749912
v -127.107182 49.937925 5.000000
v -127.444973 51.049480 5.000000
v -127.833633 52.158508 5.000000
v -126.953182 51.550479 3.749912
v -126.702290 50.776291 3.749912
v -125.992155 50.584993 2.499815
v -126.783581 52.914438 2.500000
v -128.271055 53.263383 5.000000
v -128.271303 53.263960 5.000000
v -126.232214 51.362624 2.499877
v -116.845684 46.012583 2.499728
v -116.866951 46.345325 2.499754
v -117.492695 46.332507 3.749912
v -117.518606 46.664915 3.749912
v -118.150635 46.718588 5.000000
v -118.278437 47.873282 5.000000
v -118.456688 49.034839 5.000000
v -117.702951 48.275385 3.749912
v -117.598591 47.468281 3.749912
v -116.935701 47.149749 2.499815
v -117.285604 49.584956 2.500000
v -118.683643 50.201273 5.000000
v -118.683777 50.201893 5.000000
v -117.028780 47.958255 2.499877
v -108.785152 40.974536 2.499728
v -108.744907 41.305518 2.499754
v -109.362354 41.407905 3.749912
v -109.326744 41.739411 3.749912
v -109.938145 41.908307 5.000000
v -109.851589 43.066826 5.000000
v -109.813366 44.241362 5.000000
v -109.212017 43.356333 3.749912
v -109.257746 42.543793 3.749912
v -108.664665 42.108879 2.499815
v -108.561153 44.566917 2.500000
v -109.822140 45.429640 5.000000
v -109.822149 45.430264 5.000000
v -108.607607 42.920723 2.499877
v -101.787586 34.541154 2.499728
v -101.687222 34.859104 2.499754
v -102.275333 35.073204 3.749912
v -102.179422 35.392520 3.749912
v -102.749376 35.670891 5.000000
v -102.451420 36.793792 5.000000
v -102.198029 37.941315 5.000000
v -101.769543 36.960835 3.749912
v -101.963787 36.170526 3.749912
v -101.460724 35.634041 2.499815
v -100.907307 38.031209 2.500000
v -101.255455 36.421578 2.499877
v -96.091309 26.931510 2.499728
v -95.934219 27.225604 2.499754
v -96.472988 27.544124 3.749912
v -96.320028 27.840381 3.749912
v -96.829128 28.218753 5.000000
v -96.329899 29.267795 5.000000
v -95.869961 30.349231 5.000000
v -95.628948 29.306674 3.749912
v -95.965109 28.565516 3.749912
v -95.569191 27.945731 2.499815
v -94.584723 30.200391 2.500000
v -95.448875 31.460452 5.000000
v -95.448694 31.460962 5.000000
v -95.222712 28.682139 2.499877
v -91.890287 18.404748 2.499728
v -91.681833 18.664970 2.499754
v -92.152901 19.077066 3.749912
v -91.948109 19.340169 3.749912
v -92.378998 19.805663 5.000000
v -91.695499 20.745125 5.000000
v -91.044674 21.723647 5.000000
v -90.999365 20.654514 3.749912
v -91.465988 19.987743 3.749912
v -91.190701 19.305761 2.499815
v -89.808693 21.341136 2.500000
v -90.426559 22.738593 5.000000
v -90.426321 22.738996 5.000000
v -90.714798 19.965963 2.499877
v -89.327583 9.251234 2.499728
v -89.074860 9.468722 2.499754
v -89.462185 9.960359 3.749912
v -89.212532 10.181353 3.749912
v -88.038445 11.298988 3.749912
v -88.619633 10.729312 3.749912
v -88.474350 10.008357 2.499815
v -86.741877 11.755131 2.500000
v -87.092133 13.242682 5.000000
v -87.885237 10.569870 2.499877
v -91.215038 -14.497228 8.749912
v -90.724583 -15.006890 8.749912
v -89.550104 -16.350777 8.749912
v -88.199139 -17.066860 7.500000
v -89.325972 -15.642332 7.499864
v -89.217644 -15.286964 6.874868
v -90.519152 -14.314955 7.499728
v -90.420103 -13.968055 6.874868
v -91.016693 -13.812187 7.499674
v -90.921173 -13.468813 6.874868
v -90.828037 -13.124695 6.249912
v -90.737305 -12.779932 5.624956
v -90.137548 -12.923148 5.000000
v -90.229292 -13.272108 5.624956
v -88.907642 -14.216491 5.000000
v -89.008474 -14.574038 5.624956
v -87.741327 -15.608819 5.000000
v -89.111805 -14.930868 6.249912
v -90.323477 -13.620416 6.249912
v -87.838459 -15.930604 5.000000
v -87.940903 -16.262257 5.000000
v -89.085407 -8.230091 5.000000
v -88.009663 -7.791125 5.000000
v -86.941128 -7.301747 5.000000
v -85.881224 -6.764175 5.000000
v -86.076164 -8.174126 7.500000
v -86.041975 -7.945302 7.500000
v -86.016970 -7.773556 7.500000
v -85.995731 -7.624601 7.500000
v -85.945225 -7.257853 7.500000
v -85.763111 -5.740513 5.000000
v -89.381933 -5.286142 8.749912
v -88.806171 -5.697005 8.749912
v -87.404747 -6.802198 8.749912
v -87.314615 -6.064633 7.499864
v -87.273426 -5.695411 6.874868
v -88.731375 -4.979103 7.499728
v -88.697758 -4.619910 6.874868
v -89.312840 -4.576319 7.499674
v -89.282036 -4.221240 6.874868
v -89.253712 -3.865866 6.249912
v -89.227886 -3.510302 5.624956
v -88.612022 -3.540875 5.000000
v -88.638086 -3.900752 5.624956
v -87.165394 -4.586201 5.000000
v -87.198820 -4.956188 5.624956
v -87.234831 -5.325931 6.249912
v -88.666668 -4.260436 6.249912
v -88.496227 -17.943472 7.500000
v -88.420572 -17.724825 7.500000
v -88.364429 -17.560600 7.500000
v -88.316183 -17.418083 7.500000
v -92.217093 -26.294694 7.500000
v -92.396679 -26.618428 7.500000
v -92.470293 -26.749654 7.500000
v -92.555656 -26.900768 7.500000
v -92.670193 -27.101789 7.500000
v -94.709473 -23.214643 8.749912
v -94.321012 -23.805749 8.749912
v -93.413467 -25.342565 8.749912
v -93.062983 -24.687364 7.499864
v -92.891197 -24.357953 6.874868
v -93.991938 -23.163345 7.499728
v -93.830833 -22.840552 6.874868
v -94.388628 -22.577713 7.499674
v -94.231634 -22.257738 6.874868
v -94.076853 -21.936593 6.249912
v -93.924313 -21.614373 5.624956
v -93.361092 -21.865354 5.000000
v -93.515396 -22.191515 5.624956
v -92.389784 -23.362651 5.000000
v -92.554588 -23.695602 5.624956
v -92.721729 -24.027369 6.249912
v -93.671980 -22.516584 6.249912
v -97.862244 -34.627109 7.500000
v -98.098259 -34.912333 7.500000
v -98.194733 -35.027797 7.500000
v -98.306408 -35.160651 7.500000
v -98.455935 -35.337205 7.500000
v -99.746227 -31.141529 8.749912
v -99.473000 -31.793952 8.749912
v -98.863297 -33.471360 8.749912
v -98.398380 -32.891717 7.499864
v -98.168993 -32.599480 6.874868
v -99.031477 -31.222951 7.499728
v -98.813810 -30.935254 6.874868
v -99.313803 -30.574398 7.499674
v -99.100695 -30.288720 6.874868
v -98.889532 -30.001483 6.249912
v -98.680391 -29.712777 5.624956
v -98.172874 -30.062978 5.000000
v -98.384485 -30.355232 5.624956
v -97.493248 -31.713204 5.000000
v -97.716408 -32.010257 5.624956
v -97.941675 -32.305660 6.249912
v -98.598127 -30.645995 6.249912
v -104.942350 -41.780353 7.500000
v -105.226755 -42.017355 7.500000
v -105.342808 -42.113128 7.500000
v -105.476990 -42.223201 7.500000
v -105.656414 -42.369270 7.500000
v -106.153774 -38.007941 8.749912
v -106.005077 -38.699462 8.749912
v -105.713987 -40.460343 8.749912
v -105.150480 -39.975998 7.499864
v -104.871302 -39.730885 6.874868
v -105.466166 -38.219314 7.499728
v -105.199337 -37.976513 6.874868
v -105.624514 -37.529926 7.499674
v -105.362530 -37.288270 6.874868
v -105.102186 -37.044728 6.249912
v -104.843559 -36.799366 5.624956
v -104.409037 -37.236857 5.000000
v -104.670734 -37.485256 5.624956
v -104.044218 -38.983815 5.000000
v -104.318151 -39.234855 5.624956
v -104.593859 -39.483840 6.249912
v -104.934177 -37.731807 6.249912
v -113.216305 -47.510839 7.500000
v -113.539419 -47.691545 7.500000
v -113.671093 -47.764363 7.500000
v -113.823223 -47.847905 7.500000
v -114.026423 -47.958517 7.500000
v -113.713932 -43.580060 8.749912
v -113.694839 -44.287124 8.749912
v -113.732252 -46.071510 8.749912
v -113.089352 -45.698957 7.499864
v -112.769880 -45.509319 6.874868
v -113.076868 -43.914180 7.499728
v -112.769966 -43.724542 6.874868
v -113.105841 -43.207431 7.499674
v -112.803926 -43.018031 6.874868
v -112.503262 -42.826471 6.249912
v -112.203951 -42.632813 5.624956
v -111.857204 -43.142700 5.000000
v -112.160101 -43.338780 5.624956
v -111.819611 -44.926896 5.000000
v -112.135010 -45.123377 5.624956
v -112.451763 -45.317464 6.249912
v -112.464352 -43.532724 6.249912
v -122.402363 -51.623411 7.500000
v -122.753172 -51.741672 7.500000
v -122.895985 -51.789055 7.500000
v -123.060865 -51.843219 7.500000
v -123.280945 -51.914611 7.500000
v -122.169237 -47.668123 8.749912
v -122.280388 -48.366661 8.749912
v -122.645054 -50.113788 8.749912
v -121.944637 -49.865713 7.499864
v -121.595755 -49.738007 6.874868
v -121.604404 -48.113618 7.499728
v -121.267891 -47.983599 6.874868
v -121.503029 -47.413578 7.499674
v -121.171446 -47.282877 6.874868
v -120.840702 -47.149830 6.249912
v -120.510902 -47.014465 5.624956
v -120.263758 -47.579384 5.000000
v -120.597525 -47.716470 5.624956
v -120.554638 -49.340067 5.000000
v -120.900784 -49.475293 5.624956
v -121.247807 -49.607863 6.249912
v -120.932236 -47.851210 6.249912
v -132.187681 -53.978028 7.500000
v -132.554264 -54.029813 7.500000
v -132.703342 -54.050150 7.500000
v -132.875385 -54.073095 7.500000
v -133.104811 -54.102831 7.500000
v -131.231747 -50.132923 8.749912
v -131.469364 -50.799146 8.749912
v -132.148848 -52.449517 8.749912
v -131.414776 -52.334366 7.499864
v -131.048374 -52.272940 6.874868
v -130.758390 -50.674620 7.499728
v -130.403719 -50.608649 6.874868
v -130.530119 -50.005126 7.499674
v -130.180159 -49.937582 6.874868
v -129.830599 -49.867573 6.249912
v -129.481535 -49.795117 5.624956
v -129.342403 -50.395827 5.000000
v -129.695683 -50.469246 5.624956
v -129.951839 -52.073050 5.000000
v -130.316954 -52.142401 5.624956
v -130.682430 -52.208948 6.249912
v -130.049458 -50.540190 6.249912
v -142.239056 -54.494505 7.500000
v -142.608900 -54.478049 7.500000
v -142.759190 -54.470644 7.500000
v -142.932510 -54.461589 7.500000
v -143.163509 -54.448662 7.500000
v -140.592861 -50.890522 8.749912
v -140.948849 -51.501741 8.749912
v -141.920013 -52.999158 8.749912
v -141.177273 -53.020849 7.499864
v -140.805836 -53.027792 6.874868
v -140.227108 -51.509976 7.499728
v -139.866352 -51.510301 6.874868
v -139.879684 -50.893831 7.499674
v -139.523287 -50.891738 6.874868
v -139.166813 -50.887151 6.249912
v -138.810377 -50.880065 5.624956
v -138.783998 -51.496115 5.000000
v -139.144745 -51.503372 5.624956
v -139.691238 -53.032770 5.000000
v -140.062885 -53.033876 5.624956
v -140.434370 -53.032141 6.249912
v -139.505539 -51.508098 6.249912
v -152.214184 -53.155251 7.500000
v -152.574720 -53.071117 7.500000
v -152.721071 -53.036227 7.500000
v -152.889786 -52.995481 7.500000
v -153.114471 -52.940321 7.500000
v -149.933796 -49.915123 8.749912
v -150.396023 -50.450521 8.749912
v -151.625805 -51.743989 8.749912
v -150.899706 -51.901789 7.499864
v -150.535860 -51.976871 6.874868
v -149.688091 -50.591235 7.499728
v -149.333525 -50.657845 6.874868
v -149.233370 -50.049419 7.499674
v -148.882647 -50.112848 6.874868
v -148.531399 -50.173845 6.249912
v -148.179750 -50.232377 5.624956
v -148.267012 -50.842781 5.000000
v -148.622942 -50.783625 5.624956
v -149.441147 -52.186556 5.000000
v -149.806671 -52.119370 5.624956
v -150.171528 -52.049398 6.249912
v -148.978453 -50.721979 6.249912
v -161.773396 -50.005879 7.500000
v -162.112312 -49.856930 7.500000
v -162.249775 -49.795737 7.500000
v -162.408104 -49.724684 7.500000
v -162.618847 -49.629183 7.500000
v -158.936443 -47.239943 8.749912
v -159.489193 -47.681284 8.749912
v -160.935707 -48.726759 8.749912
v -160.250969 -49.015293 7.499864
v -159.907103 -49.155951 6.874868
v -158.819170 -47.949686 7.499728
v -158.482876 -48.080316 6.874868
v -158.272629 -47.500653 7.499674
v -157.939529 -47.627449 6.874868
v -157.605486 -47.751942 6.249912
v -157.270555 -47.874098 5.624956
v -157.468510 -48.458076 5.000000
v -157.807512 -48.334522 5.624956
v -158.869553 -49.563222 5.000000
v -159.216518 -49.430013 5.624956
v -159.562302 -49.294190 6.249912
v -158.145647 -48.208604 6.249912
v -170.591125 -45.153627 7.500000
v -170.896912 -44.944944 7.500000
v -171.020775 -44.859533 7.500000
v -171.163368 -44.760594 7.500000
v -171.352978 -44.627995 7.500000
v -167.294254 -42.956076 8.749912
v -167.918663 -43.288336 8.749912
v -169.532661 -44.050212 8.749912
v -168.912621 -44.459658 7.499864
v -168.600445 -44.661102 6.874868
v -167.309380 -43.675289 7.499728
v -167.002831 -43.865480 6.874868
v -166.689644 -43.334322 7.499674
v -166.385517 -43.520169 6.874868
v -166.080017 -43.703928 6.249912
v -165.773258 -43.885541 5.624956
v -166.075134 -44.423203 5.000000
v -166.385670 -44.239464 5.624956
v -167.655411 -45.252090 5.000000
v -167.971992 -45.057392 5.624956
v -168.286915 -44.860349 6.249912
v -166.694908 -44.053550 6.249912
v -178.367119 -38.763745 7.500000
v -178.629360 -38.502421 7.500000
v -178.735428 -38.395705 7.500000
v -178.857422 -38.272252 7.500000
v -179.019432 -38.107071 7.500000
v -174.722595 -37.209408 8.749912
v -175.397434 -37.421277 8.749912
v -177.123947 -37.873604 8.749912
v -176.589680 -38.390014 7.499864
v -176.319847 -38.645389 6.874868
v -174.869614 -37.913594 7.499728
v -174.603233 -38.156879 6.874868
v -174.197769 -37.692311 7.499674
v -173.932991 -37.930875 6.874868
v -173.666458 -38.167636 6.249912
v -173.398266 -38.402526 5.624956
v -173.793812 -38.875568 5.000000
v -174.065285 -38.637893 5.624956
v -175.499496 -39.399972 5.000000
v -175.774899 -39.150410 5.624956
v -176.048260 -38.898854 6.249912
v -174.335098 -38.398330 6.249912
v -185.046349 -30.748763 7.500000
v -185.130997 -30.624375 7.500000
v -185.228233 -30.480607 7.500000
v -185.357113 -30.288472 7.500000
v -189.779205 -22.286417 7.500000
v -189.929333 -21.948009 7.500000
v -189.989681 -21.810186 7.500000
v -190.058842 -21.650999 7.500000
v -190.150223 -21.438451 7.500000
v -185.819283 -22.153602 8.749912
v -186.525078 -22.107377 8.749912
v -188.298416 -21.905477 8.749912
v -187.986774 -22.580016 7.499864
v -187.827415 -22.915618 6.874868
v -186.210747 -22.757125 7.499728
v -186.050243 -23.080211 6.874868
v -185.504341 -22.793479 7.499674
v -185.343609 -23.111589 6.874868
v -185.180626 -23.428643 6.249912
v -185.015392 -23.744550 5.624956
v -185.555096 -24.042764 5.000000
v -185.722389 -23.723071 5.624956
v -187.335110 -23.915582 5.000000
v -187.501698 -23.583395 5.624956
v -187.665730 -23.250077 6.249912
v -185.887451 -23.402214 6.249912
v -193.026657 -12.760088 7.500000
v -193.112049 -12.399861 7.500000
v -193.146038 -12.253292 7.500000
v -193.184776 -12.084110 7.500000
v -193.235550 -11.858387 7.500000
v -189.109745 -13.357170 8.749912
v -189.795036 -13.182042 8.749912
v -191.501083 -12.657731 8.749912
v -191.318684 -13.378049 7.499864
v -191.223717 -13.737218 6.874868
v -189.605446 -13.878483 7.499728
v -189.507046 -14.225562 6.874868
v -188.917751 -14.044020 7.499674
v -188.818207 -14.386250 6.874868
v -188.716240 -14.727857 6.249912
v -188.611889 -15.068742 5.624956
v -189.197197 -15.262706 5.000000
v -189.302902 -14.917717 5.624956
v -190.923576 -14.810604 5.000000
v -191.026249 -14.453474 5.624956
v -191.126232 -14.095690 6.249912
v -189.406185 -14.571997 6.249912
v -194.468346 -2.799249 7.500000
v -194.486084 -2.429464 7.500000
v -194.492588 -2.279143 7.500000
v -194.499550 -2.105726 7.500000
v -194.507999 -1.874516 7.500000
v -190.727844 -4.105892 8.749912
v -191.369305 -3.807822 8.749912
v -192.949944 -2.978957 8.749912
v -192.903023 -3.720525 7.499864
v -192.875652 -4.091029 6.874868
v -191.310921 -4.527243 7.499728
v -191.277962 -4.886495 6.874868
v -190.665340 -4.816325 7.499674
v -190.630379 -5.171019 6.874868
v -190.592918 -5.525546 6.249912
v -190.552979 -5.879803 5.624956
v -191.163960 -5.962913 5.000000
v -191.204472 -5.604376 5.624956
v -192.777901 -5.201269 5.000000
v -192.813148 -4.831374 5.624956
v -192.845707 -4.461311 6.249912
v -191.242466 -5.245564 6.249912
v -194.055214 7.256900 7.500000
v -194.004688 7.623649 7.500000
v -193.983459 7.772604 7.500000
v -193.958454 7.944350 7.500000
v -193.924255 8.173174 7.500000
v -190.618477 5.285190 8.749912
v -191.194248 5.696052 8.749912
v -192.595673 6.801246 8.749912
v -192.685814 6.063681 7.499864
v -192.726994 5.694458 6.874868
v -191.269035 4.978151 7.499728
v -191.302662 4.618959 6.874868
v -190.687580 4.575367 7.499674
v -190.718384 4.220287 6.874868
v -190.746708 3.864914 6.249912
v -190.772533 3.509350 5.624956
v -191.388397 3.539923 5.000000
v -191.362343 3.899800 5.624956
v -192.834949 4.585193 5.000000
v -192.801609 4.955236 5.624956
v -192.765598 5.324979 6.249912
v -191.333752 4.259484 6.249912
v -191.801262 17.065909 7.500000
v -191.684227 17.417132 7.500000
v -191.635990 17.559646 7.500000
v -191.579857 17.723873 7.500000
v -191.504192 17.942520 7.500000
v -188.785362 14.496275 8.749912
v -189.275837 15.005938 8.749912
v -190.450325 16.349823 8.749912
v -190.674438 15.641379 7.499864
v -190.782776 15.286012 6.874868
v -189.481277 14.314003 7.499728
v -189.580307 13.967103 6.874868
v -188.983727 13.811234 7.499675
v -189.079247 13.467860 6.874868
v -189.172382 13.123742 6.249912
v -189.263115 12.778980 5.624956
v -189.862862 12.922195 5.000000
v -189.771118 13.271155 5.624956
v -191.092758 14.215513 5.000000
v -190.991936 14.573085 5.624956
v -190.888615 14.929916 6.249912
v -189.676933 13.619463 6.249912
v -187.330208 27.100837 7.500000
v -187.444763 26.899817 7.500000
v -187.530117 26.748700 7.500000
v -187.603722 26.617477 7.500000
v -187.783318 26.293740 7.500000
v -188.501263 24.944651 5.000000
v -185.290947 23.213692 8.749912
v -185.679398 23.804798 8.749912
v -186.586952 25.341611 8.749912
v -186.937447 24.686413 7.499864
v -187.109222 24.357002 6.874868
v -186.008492 23.162394 7.499728
v -186.169586 22.839599 6.874868
v -185.611782 22.576761 7.499675
v -185.768776 22.256787 6.874868
v -185.923576 21.935642 6.249912
v -186.076088 21.613421 5.624956
v -186.639328 21.864402 5.000000
v -186.485023 22.190561 5.624956
v -187.610645 23.361719 5.000000
v -187.445831 23.694649 5.624956
v -187.278690 24.026418 6.249912
v -186.328430 22.515633 6.249912
v -181.544476 35.336254 7.500000
v -181.694012 35.159702 7.500000
v -181.805687 35.026844 7.500000
v -181.902161 34.911380 7.500000
v -182.138176 34.626155 7.500000
v -183.091774 33.431957 5.000000
v -180.254192 31.140578 8.749912
v -180.527420 31.792998 8.749912
v -181.137123 33.470407 8.749912
v -181.602039 32.890766 7.499864
v -181.831417 32.598526 6.874868
v -180.968933 31.222000 7.499728
v -181.186600 30.934303 6.874868
v -180.686607 30.573447 7.499675
v -180.899715 30.287766 6.874868
v -181.110878 30.000532 6.249912
v -181.320019 29.711826 5.624956
v -181.827545 30.062027 5.000000
v -181.615944 30.354280 5.624956
v -182.507210 31.712327 5.000000
v -182.284012 32.009304 5.624956
v -182.058754 32.304711 6.249912
v -181.402283 30.645041 6.249912
v -174.344006 42.368321 7.500000
v -174.523430 42.222247 7.500000
v -174.657631 42.112174 7.500000
v -174.773674 42.016401 7.500000
v -175.058060 41.779404 7.500000
v -173.846626 38.006988 8.749912
v -173.995323 38.698509 8.749912
v -174.286442 40.459390 8.749912
v -174.849930 39.975045 7.499864
v -175.129128 39.729934 6.874868
v -174.534264 38.218360 7.499728
v -174.801083 37.975559 6.874868
v -174.375896 37.528973 7.499675
v -174.637871 37.287319 6.874868
v -174.898224 37.043774 6.249912
v -175.156860 36.798413 5.624956
v -175.329685 37.484303 5.624956
v -175.682259 39.233906 5.624956
v -175.406551 39.482887 6.249912
v -175.066242 37.730858 6.249912
v -165.974007 47.957563 7.500000
v -166.177197 47.846951 7.500000
v -166.329327 47.763410 7.500000
v -166.460991 47.690592 7.500000
v -166.784096 47.509885 7.500000
v -166.286488 43.579106 8.749912
v -166.305580 44.286175 8.749912
v -166.268158 46.070561 8.749912
v -166.911068 45.698004 7.499864
v -167.230530 45.508370 6.874868
v -166.923561 43.913226 7.499728
v -167.230453 43.723588 6.874868
v -166.894569 43.206482 7.499675
v -167.196503 43.017077 6.874868
v -167.497158 42.825518 6.249912
v -167.796478 42.631860 5.624956
v -167.840309 43.337827 5.624956
v -167.865410 45.122423 5.624956
v -167.548637 45.316510 6.249912
v -167.536049 43.531775 6.249912
v -156.719465 51.913657 7.500000
v -156.939545 51.842270 7.500000
v -157.104435 51.788101 7.500000
v -157.247238 51.740718 7.500000
v -157.598057 51.622458 7.500000
v -157.831173 47.667170 8.749912
v -157.720032 48.365707 8.749912
v -157.355375 50.112834 8.749912
v -158.055782 49.864759 7.499864
v -158.404665 49.737053 6.874868
v -158.396015 48.112669 7.499728
v -158.732529 47.982645 6.874868
v -158.497391 47.412629 7.499675
v -158.828964 47.281928 6.874868
v -159.159718 47.148876 6.249912
v -159.489517 47.013516 5.624956
v -159.402895 47.715516 5.624956
v -159.099636 49.474339 5.624956
v -158.752613 49.606915 6.249912
v -159.068174 47.850256 6.249912
v -146.895599 54.101877 7.500000
v -147.125044 54.072142 7.500000
v -147.297077 54.049196 7.500000
v -147.446156 54.028859 7.500000
v -147.812729 53.977079 7.500000
v -148.768663 50.131969 8.749912
v -148.531055 50.798192 8.749912
v -147.851562 52.448564 8.749912
v -148.585644 52.333412 7.499864
v -148.952045 52.271986 6.874868
v -149.242020 50.673666 7.499728
v -149.596691 50.607696 6.874868
v -149.470310 50.004177 7.499675
v -149.820251 49.936628 6.874868
v -150.169811 49.866619 6.249912
v -150.518875 49.794164 5.624956
v -150.304737 50.468292 5.624956
v -149.683456 52.141447 5.624956
v -149.317980 52.207999 6.249912
v -149.950962 50.539236 6.249912
v -136.836910 54.447708 7.500000
v -137.067919 54.460635 7.500000
v -137.241230 54.469690 7.500000
v -137.391510 54.477096 7.500000
v -137.761354 54.493551 7.500000
v -139.407558 50.889573 8.749912
v -139.051571 51.500788 8.749912
v -138.080397 52.998204 8.749912
v -138.823137 53.019896 7.499864
v -139.194584 53.026843 6.874868
v -139.773312 51.509023 7.499728
v -140.134077 51.509347 6.874868
v -140.120726 50.892878 7.499675
v -140.477123 50.890784 6.874868
v -140.833607 50.886197 6.249912
v -141.190033 50.879111 5.624956
v -140.855665 51.502419 5.624956
v -139.937534 53.032928 5.624956
v -139.566040 53.031187 6.249912
v -140.494890 51.507149 6.249912
v -126.885939 52.939367 7.500000
v -127.110634 52.994528 7.500000
v -127.279339 53.035274 7.500000
v -127.425709 53.070168 7.500000
v -127.786226 53.154302 7.500000
v -129.280291 53.475637 5.000000
v -130.066624 49.914174 8.749912
v -129.604387 50.449567 8.749912
v -128.374605 51.743035 8.749912
v -129.100704 51.900835 7.499864
v -129.464550 51.975918 6.874868
v -130.312328 50.590281 7.499728
v -130.666885 50.656891 6.874868
v -130.767040 50.048466 7.499675
v -131.117764 50.111899 6.874868
v -131.469011 50.172892 6.249912
v -131.820679 50.231423 5.624956
v -131.733418 50.841832 5.000000
v -131.377468 50.782676 5.624956
v -130.559063 52.185831 5.000000
v -130.193739 52.118416 5.624956
v -129.828901 52.048445 6.249912
v -131.021957 50.721025 6.249912
v -117.381573 49.628229 7.500000
v -117.592297 49.723730 7.500000
v -117.750645 49.794788 7.500000
v -117.888098 49.855981 7.500000
v -108.647442 44.627042 7.500000
v -108.837032 44.759641 7.500000
v -108.979626 44.858580 7.500000
v -109.103498 44.943991 7.500000
v -109.409285 45.152674 7.500000
v -110.686378 45.992036 5.000000
v -112.706165 42.955122 8.749912
v -112.081738 43.287387 8.749912
v -110.467739 44.049258 8.749912
v -111.087809 44.458704 7.499864
v -111.399965 44.660153 6.874868
v -112.691040 43.674335 7.499728
v -112.997599 43.864527 6.874868
v -113.310776 43.333368 7.499675
v -113.614902 43.519216 6.874868
v -113.920393 43.702974 6.249912
v -114.227161 43.884587 5.624956
v -113.925285 44.422250 5.000000
v -113.614750 44.238510 5.624956
v -112.344732 45.251269 5.000000
v -112.028437 45.056438 5.624956
v -111.713505 44.859395 6.249912
v -113.305521 44.052601 6.249912
v -100.980997 38.106117 7.500000
v -101.142998 38.271298 7.500000
v -101.264982 38.394756 7.500000
v -101.371059 38.501468 7.500000
v -101.633282 38.762791 7.500000
v -105.277834 37.208455 8.749912
v -104.602985 37.420323 8.749912
v -102.876472 37.872653 8.749912
v -103.410740 38.389060 7.499864
v -103.680573 38.644440 6.874868
v -105.130806 37.912643 7.499728
v -105.397196 38.155925 6.874868
v -105.802641 37.691357 7.499675
v -106.067438 37.929921 6.874868
v -106.333961 38.166683 6.249912
v -106.602144 38.401577 5.624956
v -105.935125 38.636944 5.624956
v -104.225521 39.149461 5.624956
v -103.952160 38.897903 6.249912
v -105.665312 38.397377 6.249912
v -94.643307 30.287519 7.500000
v -94.772205 30.479655 7.500000
v -94.869423 30.623424 7.500000
v -94.954081 30.747812 7.500000
v -95.163822 31.052871 7.500000
v -96.051464 32.296886 5.000000
v -99.031925 30.194681 8.749912
v -98.329639 30.278938 8.749912
v -96.549406 30.406322 8.749912
v -96.979694 31.012111 7.499864
v -97.198000 31.312718 6.874868
v -98.758001 30.859864 7.499728
v -98.975153 31.147952 6.874868
v -99.459057 30.765796 7.499675
v -99.675512 31.048954 6.874868
v -99.893999 31.330659 6.249912
v -100.114450 31.610827 5.624956
v -99.638729 32.003136 5.000000
v -99.415541 31.719625 5.624956
v -97.865429 32.205212 5.000000
v -97.640867 31.909275 5.624956
v -97.418385 31.611772 6.249912
v -99.194345 31.434560 6.249912
v -89.850187 21.437497 7.500000
v -89.941578 21.650047 7.500000
v -90.010738 21.809235 7.500000
v -90.071087 21.947057 7.500000
v -90.221214 22.285464 7.500000
v -90.865154 23.671403 5.000000
v -94.181137 22.152648 8.749912
v -93.475323 22.106426 8.749912
v -91.702003 21.904523 8.749912
v -92.013645 22.579064 7.499864
v -92.172995 22.914665 6.874868
v -93.789654 22.756171 7.499728
v -93.950176 23.079257 6.874868
v -94.496059 22.792525 7.499675
v -94.656801 23.110635 6.874868
v -94.819803 23.427691 6.249912
v -94.985018 23.743596 5.624956
v -94.445314 24.041810 5.000000
v -94.278021 23.722117 5.624956
v -92.665081 23.914604 5.000000
v -92.498722 23.582442 5.624956
v -92.334690 23.249125 6.249912
v -94.112968 23.401263 6.249912
v -86.764870 11.857435 7.500000
v -86.815653 12.083156 7.500000
v -86.854372 12.252339 7.500000
v -86.888371 12.398908 7.500000
v -86.973763 12.759137 7.500000
v -87.352076 14.239802 5.000000
v -90.890675 13.356217 8.749912
v -90.205364 13.181088 8.749912
v -88.499336 12.656778 8.749912
v -88.681736 13.377097 7.499864
v -88.776703 13.736265 6.874868
v -90.394955 13.877531 7.499728
v -90.493374 14.224609 6.874868
v -91.082659 14.043068 7.499675
v -91.182203 14.385297 6.874868
v -91.284170 14.726903 6.249912
v -91.388531 15.067790 5.624956
v -90.803213 15.261754 5.000000
v -90.697508 14.916766 5.624956
v -89.076662 14.809597 5.000000
v -88.974171 14.452522 5.624956
v -88.874187 14.094739 6.249912
v -90.594234 14.571044 6.249912
v -85.492420 1.873563 7.500000
v -85.500851 2.104773 7.500000
v -85.507832 2.278191 7.500000
v -85.514326 2.428511 7.500000
v -85.532064 2.798297 7.500000
v -85.631866 4.323265 5.000000
v -89.272566 4.104940 8.749912
v -88.631115 3.806869 8.749912
v -87.050476 2.978005 8.749912
v -87.097406 3.719572 7.499864
v -87.124767 4.090077 6.874868
v -88.689508 4.526291 7.499728
v -88.722467 4.885543 6.874868
v -89.335079 4.815373 7.499674
v -89.370050 5.170068 6.874868
v -89.407501 5.524594 6.249912
v -89.447451 5.878850 5.624956
v -88.836460 5.961961 5.000000
v -88.795948 5.603424 5.624956
v -87.222385 5.200251 5.000000
v -87.187252 4.830422 5.624956
v -87.154713 4.460358 6.249912
v -88.757954 5.244612 6.249912
v -188.346157 25.244021 5.000000
v -188.184528 25.551202 5.000000
v -182.884407 33.697777 5.000000
v -182.669067 33.970027 5.000000
v -128.950214 53.408933 5.000000
v -128.610535 53.337526 5.000000
v -119.324493 50.469151 5.000000
v -119.003706 50.336542 5.000000
v -113.867731 44.465036 5.000000
v -112.843513 45.013671 5.000000
v -111.785069 45.524607 5.000000
v -110.695009 45.998144 5.000000
v -110.402851 45.810704 5.000000
v -110.111904 45.621405 5.000000
v -129.356098 -50.465255 5.000000
v -129.743376 -51.560712 5.000000
v -130.181370 -52.651362 5.000000
v -130.667906 -53.735681 5.000000
v -95.852757 32.025483 5.000000
v -95.649824 31.743865 5.000000
v -94.374075 24.048064 5.000000
v -93.214445 23.975346 5.000000
v -92.045574 23.852549 5.000000
v -90.869503 23.681316 5.000000
v -90.719776 23.368154 5.000000
v -90.572052 23.054042 5.000000
v -87.264977 13.915045 5.000000
v -87.177486 13.579140 5.000000
v -85.606012 3.988080 5.000000
v -85.581732 3.641816 5.000000
v -93.313465 -21.918085 5.000000
v -92.672672 -22.887309 5.000000
v -92.066259 -23.894095 5.000000
v -91.496677 -24.940686 5.000000
v -91.494160 -24.935811 5.000000
v -88.548384 -3.572884 5.000000
v -87.600727 -4.245173 5.000000
v -86.671572 -4.964914 5.000000
v -85.761805 -5.729619 5.000000
v -85.799360 -6.074695 5.000000
v -85.839128 -6.419525 5.000000
v -85.881071 -6.764094 5.000000
v -89.407444 -9.678472 2.499728
v -89.093227 -9.566963 2.499754
v -89.276791 -8.968607 3.749912
v -88.964176 -8.852722 3.749912
v -87.465620 -8.234689 3.749912
v -88.213367 -8.555946 3.749912
v -88.338327 -9.280701 2.499815
v -86.091833 -8.277723 2.500000
v -87.586155 -8.969914 2.499877
v -86.015272 -7.762712 2.500000
v -85.994062 -7.613753 2.500000
v -85.943623 -7.246994 2.500000
v -86.074390 -8.163293 2.500000
v -86.040249 -7.934462 2.500000
v -89.252777 -3.855745 3.749909
v -89.311762 -4.566108 2.500326
v -89.345016 -4.921342 1.874864
v -89.380732 -5.276045 1.249909
v -88.804884 -5.686799 1.249909
v -88.845978 -6.045268 0.624955
v -88.142996 -6.588727 0.624955
v -89.418926 -5.630490 0.624955
v -87.452116 -7.159984 0.624955
v -87.233620 -5.315426 3.749909
v -87.313251 -6.054038 2.500136
v -87.356968 -6.423134 1.874864
v -88.055782 -5.861608 1.874864
v -87.403259 -6.791726 1.249909
v -88.098116 -6.225320 1.249909
v -87.944069 -4.768712 3.749909
v -88.665657 -4.250203 3.749909
v -88.730221 -4.968780 2.500272
v -88.015976 -5.497384 2.500204
v -88.766308 -5.328050 1.874864
v -88.360863 -17.550205 2.500000
v -88.312635 -17.407681 2.500000
v -88.492575 -17.933104 2.500000
v -88.416967 -17.714443 2.500000
v -92.464962 -26.740048 2.500000
v -92.391376 -26.608810 2.500000
v -92.211847 -26.285040 2.500000
v -92.664795 -27.092223 2.500000
v -92.550297 -26.891179 2.500000
v -94.072475 -21.927390 3.749909
v -94.384098 -22.568476 2.500326
v -94.543428 -22.887709 1.874864
v -94.704866 -23.205559 1.249909
v -94.316292 -23.796592 1.249909
v -94.484100 -24.116011 0.624955
v -94.024906 -24.876719 0.624955
v -94.868526 -23.522270 0.624955
v -93.587046 -25.658972 0.624955
v -92.716961 -24.017906 3.749909
v -93.058043 -24.677873 2.500136
v -93.232145 -25.006251 1.874864
v -93.680916 -24.230206 1.874864
v -93.408451 -25.333233 1.249909
v -93.851776 -24.554064 1.249909
v -93.181953 -23.251462 3.749909
v -93.667507 -22.507303 3.749909
v -93.987284 -23.154032 2.500272
v -93.512220 -23.904958 2.500204
v -94.150715 -23.476005 1.874864
v -98.187809 -35.019290 2.500000
v -98.091354 -34.903808 2.500000
v -98.448944 -35.328751 2.500000
v -98.299456 -35.152168 2.500000
v -105.334511 -42.105989 2.500000
v -105.218487 -42.010202 2.500000
v -105.648069 -42.362199 2.500000
v -105.468683 -42.216091 2.500000
v -113.661709 -47.758827 2.500000
v -113.530064 -47.685986 2.500000
v -114.017010 -47.953053 2.500000
v -113.813829 -47.842398 2.500000
v -122.885838 -51.785288 2.500000
v -122.743044 -51.737881 2.500000
v -123.270779 -51.910925 2.500000
v -123.050709 -51.839490 2.500000
v -132.692766 -54.048266 2.500000
v -132.543688 -54.027905 2.500000
v -132.177124 -53.976049 2.500000
v -133.094225 -54.101028 2.500000
v -132.864790 -54.071245 2.500000
v -129.820919 -49.865160 3.749909
v -130.520306 -50.002832 2.500326
v -130.871077 -50.068059 1.874864
v -131.222019 -50.130777 1.249909
v -131.459503 -50.797043 1.249909
v -131.815538 -50.855622 0.624955
v -132.145872 -51.680493 0.624955
v -131.573391 -50.191035 0.624955
v -132.506256 -52.501326 0.624955
v -130.672321 -52.206697 3.749909
v -131.404524 -52.332239 2.500136
v -131.771498 -52.391191 1.874864
v -131.422634 -51.565390 1.874864
v -132.138691 -52.447543 1.249909
v -131.784058 -51.624212 1.249909
v -130.340900 -51.373754 3.749909
v -130.039654 -50.537820 3.749909
v -130.748463 -50.672364 2.500272
v -131.061430 -51.504006 2.500204
v -131.103897 -50.735974 1.874864
v -142.748518 -54.470696 2.500000
v -142.598238 -54.478068 2.500000
v -143.152847 -54.448786 2.500000
v -142.921848 -54.461675 2.500000
v -152.710695 -53.038187 2.500000
v -152.564335 -53.073053 2.500000
v -153.104115 -52.942362 2.500000
v -152.879410 -52.997475 2.500000
v -162.240009 -49.799528 2.500000
v -162.102547 -49.860697 2.500000
v -162.609119 -49.633045 2.500000
v -162.398357 -49.728508 2.500000
v -171.011982 -44.865007 2.500000
v -170.888081 -44.950395 2.500000
v -171.344204 -44.633532 2.500000
v -171.154594 -44.766097 2.500000
v -178.727856 -38.402665 2.500000
v -178.621769 -38.509357 2.500000
v -179.011898 -38.114083 2.500000
v -178.849869 -38.279233 2.500000
v -185.124912 -30.632563 2.500000
v -185.040245 -30.756934 2.500000
v -185.351086 -30.296700 2.500000
v -185.222168 -30.488811 2.500000
v -189.985294 -21.819305 2.500000
v -189.924908 -21.957116 2.500000
v -190.145912 -21.447601 2.500000
v -190.054474 -21.660132 2.500000
v -193.143501 -12.263017 2.500000
v -193.109455 -12.409579 2.500000
v -193.233070 -11.868129 2.500000
v -193.182240 -12.093842 2.500000
v -194.491940 -2.289127 2.500000
v -194.485435 -2.439446 2.500000
v -194.507427 -1.884502 2.500000
v -194.498940 -2.115711 2.500000
v -193.984737 7.762717 2.500000
v -194.005947 7.613758 2.500000
v -193.925629 8.163298 2.500000
v -193.959770 7.934468 2.500000
v -191.639156 17.550211 2.500000
v -191.687374 17.407687 2.500000
v -191.507435 17.933109 2.500000
v -191.583042 17.714449 2.500000
v -187.535057 26.740053 2.500000
v -187.608643 26.608815 2.500000
v -187.335224 27.092228 2.500000
v -187.449722 26.891184 2.500000
v -181.812210 35.019295 2.500000
v -181.908665 34.903817 2.500000
v -181.551075 35.328755 2.500000
v -181.700554 35.152173 2.500000
v -174.665489 42.105999 2.500000
v -174.781532 42.010202 2.500000
v -174.351940 42.362204 2.500000
v -174.531345 42.216101 2.500000
v -166.338310 47.758832 2.500000
v -166.469955 47.685990 2.500000
v -165.983009 47.953057 2.500000
v -166.186180 47.842402 2.500000
v -157.114182 51.785293 2.500000
v -157.256975 51.737885 2.500000
v -156.729231 51.910925 2.500000
v -156.949291 51.839495 2.500000
v -147.307253 54.048271 2.500000
v -147.456331 54.027910 2.500000
v -146.905775 54.101033 2.500000
v -147.135220 54.071250 2.500000
v -137.251492 54.470701 2.500000
v -137.401762 54.478078 2.500000
v -136.847172 54.448795 2.500000
v -137.078171 54.461679 2.500000
v -127.289324 53.038197 2.500000
v -127.435694 53.073058 2.500000
v -126.895905 52.942367 2.500000
v -127.120609 52.997479 2.500000
v -117.760000 49.799538 2.500000
v -117.897472 49.860702 2.500000
v -117.390890 49.633050 2.500000
v -117.601643 49.728513 2.500000
v -108.988047 44.865017 2.500000
v -109.111929 44.950399 2.500000
v -109.417753 45.159025 2.500000
v -108.655806 44.633541 2.500000
v -108.845425 44.766102 2.500000
v -113.928499 43.708405 3.749909
v -113.318892 43.338971 2.500326
v -113.015728 43.150859 1.874864
v -112.714128 42.960787 1.249909
v -112.089758 43.293166 1.249909
v -111.787186 43.096604 0.624955
v -110.987358 43.483648 0.624955
v -112.413864 42.768602 0.624955
v -110.168037 43.847461 0.624955
v -111.721821 44.865246 3.749909
v -111.096144 44.464731 2.500136
v -110.785236 44.261074 1.874864
v -111.599369 43.885822 1.874864
v -110.475912 44.055347 1.249909
v -111.292667 43.685808 1.249909
v -112.527905 44.472966 3.749909
v -113.313694 44.058151 3.749909
v -112.699223 43.680058 2.500272
v -111.907673 44.083805 2.500204
v -112.393703 43.487611 1.874864
v -101.272154 38.402672 2.500000
v -101.378241 38.509364 2.500000
v -100.988111 38.114085 2.500000
v -101.150150 38.279235 2.500000
v -94.875097 30.632567 2.500000
v -94.959774 30.756938 2.500000
v -94.648914 30.296705 2.500000
v -94.777851 30.488818 2.500000
v -90.014715 21.819310 2.500000
v -90.075102 21.957123 2.500000
v -90.225286 22.295499 2.500000
v -89.854107 21.447606 2.500000
v -89.945536 21.660137 2.500000
v -94.824047 23.436754 3.749909
v -94.500246 22.801740 2.500326
v -94.341507 22.482209 1.874864
v -94.185143 22.161832 1.249909
v -93.479328 22.115743 1.249909
v -93.325548 21.789336 0.624955
v -92.441769 21.697352 0.624955
v -94.031029 21.840370 0.624955
v -91.553640 21.575358 0.624955
v -92.338905 23.258660 3.749909
v -92.017784 22.588756 2.500136
v -91.860647 22.251928 1.874864
v -92.750397 22.361472 1.874864
v -91.705961 21.914182 1.249909
v -92.594919 22.029953 1.249909
v -93.230753 23.349481 3.749909
v -94.117222 23.410459 3.749909
v -93.793831 22.765524 2.500272
v -92.908287 22.692099 2.500204
v -93.635387 22.441068 1.874864
v -86.856518 12.263023 2.500000
v -86.890554 12.409585 2.500000
v -86.766949 11.868135 2.500000
v -86.817770 12.093847 2.500000
v -85.508070 2.289132 2.500000
v -85.514593 2.439452 2.500000
v -85.492573 1.884508 2.500000
v -85.501060 2.115716 2.500000
usemtl 156,156,156
f 1 2 3
f 3 2 4
f 3 4 5
f 5 4 6
f 5 6 7
f 7 6 8
f 7 8 9
f 9 8 10
f 9 10 11
f 11 10 12
f 11 12 13
f 13 12 14
f 13 14 15
f 15 14 16
f 15 16 17
f 15 17 18
f 18 17 19
f 18 19 20
f 20 19 21
f 20 21 22
f 22 21 23
f 22 23 24
f 24 23 25
f 24 25 26
f 26 25 27
f 26 27 28
f 28 27 29
f 28 29 30
f 30 29 31
f 30 31 32
f 32 31 33
f 32 33 34
f 34 33 35
f 34 35 36
f 36 35 37
f 36 37 38
f 38 37 39
f 38 39 40
f 40 39 41
f 40 41 42
f 43 44 45
f 45 44 46
f 46 44 47
f 46 47 48
f 48 47 49
f 48 49 50
f 50 49 51
f 50 51 52
f 52 51 53
f 52 53 54
f 54 53 55
f 54 55 56
f 56 55 57
f 56 57 58
f 58 57 59
f 58 59 60
f 60 59 61
f 60 61 62
f 62 61 63
f 62 63 64
f 64 63 65
f 64 65 66
f 66 65 67
f 66 67 68
f 68 67 69
f 68 69 70
f 70 69 71
f 70 71 72
f 72 71 73
f 72 73 74
f 74 73 75
f 74 75 76
f 76 75 77
f 76 77 78
f 78 77 79
f 78 79 80
f 80 79 81
f 80 81 82
f 82 81 83
f 82 83 84
f 85 86 87
f 87 86 88
f 88 86 89
f 88 89 90
f 90 89 91
f 90 91 92
f 92 91 93
f 92 93 94
f 94 93 95
f 94 95 96
f 96 95 97
f 96 97 98
f 98 97 99
f 98 99 100
f 100 99 101
f 100 101 102
f 102 101 103
f 103 101 104
f 103 104 105
f 105 104 106
f 105 106 107
f 107 106 108
f 107 108 109
f 109 108 110
f 109 110 111
f 111 110 112
f 111 112 113
f 113 112 114
f 113 114 115
f 115 114 116
f 115 116 117
f 117 116 118
f 117 118 119
f 119 118 120
f 119 120 121
f 121 120 122
f 121 122 123
f 123 122 124
f 123 124 125
f 125 124 126
f 127 128 129
f 129 128 130
f 129 130 131
f 131 130 132
f 131 132 133
f 133 132 134
f 133 134 135
f 135 134 136
f 135 136 137
f 137 136 138
f 137 138 139
f 139 138 140
f 139 140 141
f 141 140 142
f 141 142 143
f 143 142 144
f 143 144 145
f 145 144 146
f 145 146 147
f 147 146 148
f 147 148 149
f 149 148 150
f 149 150 151
f 151 150 152
f 151 152 153
f 153 152 154
f 153 154 155
f 155 154 156
f 155 156 157
f 157 156 158
f 157 158 159
f 159 158 160
f 159 160 161
f 161 160 162
f 161 162 163
f 163 162 164
f 163 164 165
f 165 164 166
f 165 166 167
f 167 166 168
f 167 168 169
f 169 168 170
f 169 170 171
f 171 170 172
f 171 172 173
f 173 172 174
f 173 174 175
f 175 174 176
f 175 176 177
f 177 176 178
f 177 178 179
f 179 178 180
f 179 180 127
f 127 180 128
f 181 182 183
f 183 182 184
f 183 184 185
f 183 185 186
f 186 185 187
f 186 187 188
f 188 187 189
f 188 189 190
f 190 189 191
f 190 191 192
f 192 191 193
f 192 193 194
f 194 193 195
f 194 195 196
f 196 195 197
f 196 197 198
f 198 197 199
f 198 199 200
f 200 199 201
f 200 201 202
f 202 201 203
f 202 203 204
f 204 203 205
f 204 205 206
f 206 205 207
f 206 207 208
f 208 207 209
f 209 207 210
f 182 181 211
f 211 181 212
f 210 85 209
f 209 85 87
f 213 214 215
f 215 214 216
f 215 216 217
f 217 216 218
f 217 218 219
f 219 218 220
f 219 220 221
f 221 220 222
f 221 222 223
f 223 222 224
f 223 224 225
f 225 224 226
f 225 226 227
f 227 226 228
f 227 228 229
f 229 228 230
f 229 230 231
f 231 230 232
f 231 232 233
f 233 232 234
f 233 234 235
f 235 234 236
f 235 236 237
f 237 236 238
f 237 238 239
f 239 238 240
f 239 240 241
f 241 240 242
f 241 242 243
f 243 242 244
f 243 244 245
f 245 244 246
f 245 246 247
f 247 246 248
f 247 248 249
f 249 248 250
f 249 250 251
f 251 250 252
f 251 252 212
f 212 252 211
f 253 254 255
f 255 254 256
f 255 256 257
f 257 256 258
f 257 258 259
f 259 258 260
f 259 260 261
f 261 260 262
f 261 262 263
f 263 262 264
f 263 264 265
f 265 264 266
f 265 266 267
f 267 266 268
f 267 268 269
f 269 268 270
f 269 270 271
f 271 270 272
f 271 272 273
f 273 272 274
f 273 274 275
f 275 274 276
f 275 276 277
f 277 276 278
f 277 278 279
f 279 278 280
f 279 280 281
f 281 280 282
f 281 282 283
f 283 282 284
f 283 284 285
f 285 284 286
f 285 286 287
f 287 286 288
f 287 288 289
f 289 288 290
f 289 290 291
f 291 290 292
f 291 292 293
f 293 292 294
f 293 294 295
f 295 294 296
f 295 296 297
f 297 296 298
f 297 298 299
f 299 298 300
f 299 300 301
f 301 300 302
f 301 302 303
f 303 302 304
f 303 304 305
f 305 304 306
f 305 306 253
f 253 306 254
f 307 308 309
f 309 308 310
f 309 310 311
f 309 311 312
f 312 311 313
f 312 313 314
f 314 313 315
f 314 315 316
f 316 315 317
f 316 317 318
f 318 317 319
f 318 319 320
f 320 319 321
f 320 321 322
f 322 321 323
f 322 323 324
f 324 323 325
f 324 325 326
f 326 325 327
f 326 327 328
f 328 327 329
f 328 329 330
f 330 329 331
f 330 331 332
f 332 331 333
f 332 333 334
f 334 333 335
f 335 333 336
f 308 307 83
f 83 307 84
f 2 1 336
f 336 1 335
f 337 338 339
f 339 338 340
f 339 340 341
f 341 340 342
f 341 342 343
f 343 342 344
f 343 344 345
f 345 344 346
f 345 346 347
f 347 346 348
f 347 348 349
f 349 348 350
f 349 350 351
f 351 350 352
f 351 352 353
f 353 352 354
f 353 354 355
f 355 354 356
f 355 356 357
f 357 356 358
f 357 358 359
f 359 358 360
f 359 360 361
f 361 360 362
f 361 362 363
f 363 362 364
f 363 364 365
f 365 364 366
f 365 366 367
f 367 366 368
f 367 368 369
f 369 368 370
f 369 370 371
f 371 370 372
f 371 372 373
f 373 372 374
f 373 374 375
f 375 374 376
f 375 376 377
f 377 376 378
f 377 378 379
f 379 378 380
f 379 380 381
f 381 380 382
f 381 382 383
f 383 382 384
f 383 384 385
f 385 384 386
f 385 386 387
f 387 386 388
f 387 388 389
f 389 388 390
f 389 390 337
f 337 390 338
f 391 392 393
f 393 392 394
f 393 394 395
f 393 395 396
f 396 395 397
f 396 397 398
f 398 397 399
f 398 399 400
f 400 399 401
f 400 401 402
f 402 401 403
f 402 403 404
f 404 403 405
f 404 405 406
f 406 405 407
f 406 407 408
f 408 407 409
f 408 409 410
f 410 409 411
f 410 411 412
f 412 411 413
f 412 413 414
f 414 413 415
f 414 415 416
f 416 415 417
f 416 417 418
f 418 417 419
f 419 417 420
f 41 392 42
f 42 392 391
f 214 213 420
f 420 213 419
f 132 130 201
f 201 130 128
f 201 128 203
f 203 128 180
f 203 180 205
f 205 180 178
f 205 178 207
f 207 178 176
f 207 176 210
f 210 176 174
f 210 174 172
f 170 421 172
f 172 421 422
f 172 422 210
f 210 422 85
f 85 422 423
f 85 423 424
f 170 168 421
f 421 168 166
f 421 166 425
f 425 166 164
f 425 164 162
f 162 160 425
f 425 160 426
f 426 160 427
f 426 427 428
f 160 158 427
f 427 158 429
f 429 158 156
f 429 156 154
f 429 154 182
f 182 154 152
f 182 152 184
f 184 152 150
f 184 150 185
f 185 150 148
f 185 148 187
f 187 148 146
f 187 146 189
f 189 146 144
f 189 144 191
f 191 144 142
f 191 142 193
f 193 142 140
f 193 140 138
f 193 138 195
f 195 138 136
f 195 136 197
f 197 136 134
f 197 134 199
f 199 134 132
f 199 132 201
f 258 256 430
f 430 256 254
f 430 254 308
f 308 254 306
f 308 306 304
f 308 304 310
f 310 304 302
f 310 302 311
f 311 302 300
f 311 300 313
f 313 300 298
f 313 298 315
f 315 298 296
f 315 296 317
f 317 296 294
f 317 294 292
f 317 292 319
f 319 292 290
f 319 290 321
f 321 290 288
f 321 288 323
f 323 288 286
f 323 286 284
f 323 284 325
f 325 284 282
f 325 282 327
f 327 282 280
f 327 280 329
f 329 280 278
f 329 278 331
f 331 278 276
f 331 276 333
f 333 276 336
f 336 276 274
f 336 274 272
f 270 431 272
f 272 431 432
f 272 432 336
f 336 432 2
f 2 432 433
f 2 433 434
f 270 268 431
f 431 268 266
f 431 266 435
f 435 266 264
f 435 264 262
f 262 260 435
f 435 260 436
f 436 260 437
f 436 437 438
f 260 258 437
f 437 258 430
f 439 440 441
f 441 440 442
f 441 442 443
f 443 442 444
f 444 442 438
f 444 438 445
f 445 438 446
f 445 446 447
f 447 446 448
f 448 446 449
f 449 446 450
f 450 446 451
f 440 439 452
f 452 439 453
f 452 453 454
f 454 455 452
f 442 436 438
f 431 456 432
f 432 456 457
f 457 456 458
f 457 458 459
f 459 458 460
f 459 460 461
f 460 458 462
f 462 458 463
f 462 463 464
f 464 463 465
f 465 463 466
f 466 463 467
f 467 463 468
f 461 469 459
f 459 469 470
f 470 469 471
f 470 471 472
f 472 473 470
f 470 473 474
f 470 474 475
f 2 434 4
f 4 434 476
f 4 476 477
f 477 476 478
f 477 478 479
f 478 476 480
f 480 476 481
f 480 481 482
f 482 481 483
f 483 481 484
f 484 481 485
f 485 481 486
f 479 487 477
f 477 487 488
f 488 487 489
f 489 487 490
f 490 487 491
f 491 487 492
f 492 487 493
f 477 494 4
f 4 494 495
f 4 495 6
f 6 495 496
f 6 496 8
f 8 496 10
f 10 496 497
f 10 497 498
f 499 500 498
f 498 500 501
f 498 501 502
f 502 501 503
f 502 503 504
f 505 506 499
f 499 506 507
f 499 507 508
f 508 509 499
f 499 509 500
f 510 511 504
f 504 511 512
f 504 512 513
f 513 514 504
f 504 514 515
f 504 515 502
f 498 502 10
f 10 502 516
f 10 516 12
f 12 516 517
f 12 517 14
f 14 517 518
f 14 518 16
f 16 518 519
f 16 519 17
f 17 519 520
f 17 520 521
f 521 520 522
f 521 522 523
f 522 520 524
f 524 520 525
f 524 525 526
f 526 525 527
f 527 525 528
f 528 525 529
f 529 525 530
f 523 531 521
f 521 531 532
f 532 531 533
f 533 531 534
f 534 531 535
f 535 531 536
f 536 531 537
f 521 538 17
f 17 538 19
f 19 538 539
f 19 539 21
f 21 539 540
f 21 540 23
f 23 540 541
f 23 541 25
f 25 541 542
f 25 542 543
f 543 542 544
f 543 544 545
f 544 542 546
f 546 542 547
f 546 547 548
f 548 547 549
f 549 547 550
f 550 547 551
f 551 547 552
f 545 553 543
f 543 553 554
f 554 553 555
f 555 553 556
f 556 553 557
f 557 553 558
f 558 553 559
f 543 560 25
f 25 560 561
f 25 561 27
f 27 561 562
f 27 562 29
f 29 562 31
f 31 562 563
f 31 563 564
f 565 566 564
f 564 566 567
f 564 567 568
f 568 567 569
f 568 569 570
f 571 572 565
f 565 572 573
f 565 573 574
f 574 575 565
f 565 575 566
f 576 577 570
f 570 577 578
f 570 578 579
f 579 580 570
f 570 580 581
f 570 581 568
f 564 568 31
f 31 568 582
f 31 582 33
f 33 582 583
f 33 583 35
f 35 583 584
f 35 584 37
f 37 584 585
f 37 585 39
f 39 585 586
f 39 586 587
f 587 586 588
f 587 588 589
f 588 586 590
f 590 586 591
f 590 591 592
f 592 591 593
f 593 591 594
f 594 591 595
f 595 591 596
f 589 597 587
f 587 597 598
f 598 597 599
f 599 597 600
f 600 597 601
f 601 597 602
f 602 597 603
f 587 604 39
f 39 604 41
f 41 604 605
f 41 605 606
f 607 608 606
f 606 608 609
f 606 609 392
f 392 609 378
f 392 378 376
f 608 607 610
f 610 607 611
f 610 611 612
f 612 611 613
f 613 611 614
f 613 614 615
f 615 614 616
f 616 614 617
f 617 614 618
f 618 614 619
f 612 620 610
f 610 620 621
f 610 621 622
f 622 621 623
f 623 621 624
f 624 621 625
f 625 621 626
f 626 621 627
f 628 382 609
f 609 382 380
f 609 380 378
f 629 388 628
f 628 388 386
f 628 386 384
f 630 631 629
f 629 631 632
f 629 632 390
f 390 632 633
f 390 633 338
f 338 633 340
f 340 633 342
f 342 633 420
f 342 420 344
f 344 420 346
f 346 420 417
f 346 417 348
f 348 417 415
f 348 415 350
f 350 415 413
f 350 413 352
f 352 413 411
f 352 411 354
f 354 411 409
f 354 409 356
f 356 409 407
f 356 407 358
f 358 407 360
f 360 407 405
f 360 405 362
f 362 405 403
f 362 403 364
f 364 403 401
f 364 401 366
f 366 401 399
f 366 399 368
f 368 399 397
f 368 397 370
f 370 397 395
f 370 395 372
f 372 395 394
f 372 394 374
f 374 394 392
f 374 392 376
f 634 635 630
f 630 635 636
f 630 636 631
f 631 636 637
f 631 637 638
f 639 640 634
f 634 640 641
f 634 641 642
f 642 643 634
f 634 643 635
f 644 645 638
f 638 645 646
f 638 646 647
f 647 648 638
f 638 648 649
f 638 649 631
f 633 650 420
f 420 650 214
f 214 650 651
f 214 651 652
f 652 651 653
f 653 651 654
f 653 654 655
f 655 654 656
f 656 654 657
f 656 657 658
f 658 657 659
f 658 659 660
f 660 661 658
f 658 661 662
f 655 663 653
f 653 663 664
f 653 664 665
f 665 664 666
f 666 664 667
f 667 664 668
f 668 664 669
f 669 664 670
f 652 671 214
f 214 671 216
f 216 671 672
f 216 672 218
f 218 672 673
f 218 673 674
f 675 676 674
f 674 676 677
f 674 677 678
f 678 677 679
f 678 679 680
f 675 681 676
f 676 681 682
f 676 682 683
f 683 684 676
f 676 684 685
f 686 687 680
f 680 687 688
f 680 688 689
f 689 690 680
f 680 690 691
f 680 691 678
f 674 678 218
f 218 678 692
f 218 692 220
f 220 692 693
f 220 693 222
f 222 693 694
f 222 694 224
f 224 694 695
f 224 695 226
f 226 695 696
f 226 696 697
f 697 696 698
f 697 698 699
f 698 696 700
f 700 696 701
f 700 701 702
f 702 703 700
f 700 703 704
f 700 704 705
f 705 706 700
f 699 707 697
f 697 707 708
f 708 707 709
f 709 707 710
f 710 707 711
f 711 707 712
f 712 707 713
f 697 714 226
f 226 714 228
f 228 714 715
f 228 715 230
f 230 715 716
f 230 716 232
f 232 716 717
f 232 717 234
f 234 717 718
f 234 718 719
f 719 718 720
f 719 720 721
f 720 718 722
f 722 718 723
f 722 723 724
f 724 725 722
f 722 725 726
f 722 726 727
f 727 728 722
f 721 729 719
f 719 729 730
f 730 729 731
f 731 729 732
f 732 729 733
f 733 729 734
f 734 729 735
f 719 736 234
f 234 736 737
f 234 737 236
f 236 737 238
f 238 737 738
f 238 738 240
f 240 738 739
f 240 739 740
f 741 742 740
f 740 742 743
f 740 743 744
f 744 743 745
f 744 745 746
f 741 747 742
f 742 747 748
f 742 748 749
f 749 750 742
f 742 750 751
f 752 753 746
f 746 753 754
f 746 754 755
f 755 756 746
f 746 756 757
f 746 757 744
f 740 744 240
f 240 744 758
f 240 758 242
f 242 758 759
f 242 759 244
f 244 759 760
f 244 760 246
f 246 760 761
f 246 761 248
f 248 761 762
f 248 762 763
f 763 762 764
f 763 764 765
f 764 762 766
f 766 762 767
f 766 767 768
f 768 769 766
f 766 769 770
f 766 770 771
f 771 772 766
f 765 773 763
f 763 773 774
f 774 773 775
f 775 773 776
f 776 773 777
f 777 773 778
f 778 773 779
f 763 780 248
f 248 780 250
f 250 780 781
f 250 781 252
f 252 781 782
f 252 782 211
f 211 782 783
f 211 783 784
f 784 783 785
f 784 785 786
f 786 785 787
f 786 787 788
f 787 785 789
f 789 785 790
f 789 790 791
f 791 792 789
f 789 792 793
f 789 793 794
f 794 795 789
f 788 796 786
f 786 796 797
f 797 796 798
f 797 798 799
f 799 798 800
f 800 798 801
f 801 798 802
f 784 803 211
f 211 803 182
f 182 803 429
f 804 805 428
f 428 805 806
f 428 806 807
f 807 806 808
f 807 808 809
f 804 810 805
f 805 810 811
f 805 811 812
f 812 813 805
f 805 813 814
f 807 809 815
f 815 809 816
f 815 816 817
f 817 818 815
f 815 818 819
f 815 819 820
f 807 426 428
f 421 821 422
f 422 821 822
f 822 821 823
f 822 823 824
f 824 823 825
f 824 825 826
f 827 828 823
f 823 828 829
f 823 829 825
f 827 830 828
f 828 830 831
f 828 831 832
f 832 833 828
f 828 833 834
f 824 826 835
f 835 826 836
f 835 836 837
f 837 838 835
f 835 838 839
f 835 839 840
f 424 841 85
f 85 841 842
f 85 842 843
f 844 845 841
f 841 845 846
f 841 846 847
f 844 848 845
f 845 848 849
f 845 849 850
f 850 851 845
f 845 851 852
f 841 847 842
f 842 847 853
f 842 853 854
f 854 853 855
f 854 855 856
f 856 857 854
f 854 857 858
f 854 858 859
f 85 843 86
f 86 843 860
f 86 860 89
f 89 860 861
f 89 861 91
f 91 861 93
f 93 861 862
f 93 862 863
f 864 865 863
f 863 865 866
f 863 866 867
f 864 868 865
f 865 868 869
f 865 869 870
f 870 871 865
f 865 871 872
f 863 867 873
f 873 867 874
f 873 874 875
f 875 874 876
f 875 876 877
f 877 878 875
f 875 878 879
f 875 879 880
f 863 873 93
f 93 873 881
f 93 881 95
f 95 881 882
f 95 882 97
f 97 882 883
f 97 883 99
f 99 883 884
f 99 884 101
f 101 884 885
f 101 885 886
f 886 885 887
f 886 887 888
f 889 890 885
f 885 890 891
f 885 891 887
f 889 892 890
f 890 892 893
f 890 893 894
f 894 895 890
f 890 895 896
f 886 888 897
f 897 888 898
f 897 898 899
f 899 900 897
f 897 900 901
f 897 901 902
f 886 903 101
f 101 903 104
f 104 903 904
f 104 904 106
f 106 904 905
f 106 905 108
f 108 905 906
f 108 906 110
f 110 906 907
f 110 907 908
f 908 907 909
f 908 909 910
f 911 912 907
f 907 912 909
f 908 910 913
f 913 910 914
f 913 914 915
f 915 916 913
f 913 916 917
f 913 917 918
f 908 919 110
f 110 919 920
f 110 920 112
f 112 920 921
f 112 921 114
f 114 921 116
f 116 921 922
f 116 922 923
f 924 925 923
f 923 925 926
f 923 926 927
f 927 926 928
f 927 928 929
f 929 928 930
f 929 930 931
f 931 932 929
f 929 932 933
f 929 933 934
f 923 927 116
f 116 927 935
f 116 935 118
f 118 935 936
f 118 936 120
f 120 936 937
f 120 937 122
f 122 937 938
f 122 938 124
f 124 938 939
f 124 939 940
f 940 939 941
f 940 941 942
f 943 944 939
f 939 944 941
f 940 942 945
f 945 942 946
f 945 946 947
f 947 948 945
f 945 948 949
f 945 949 950
f 940 951 124
f 124 951 126
f 126 951 952
f 126 952 953
f 954 955 953
f 953 955 956
f 953 956 957
f 957 956 958
f 957 958 959
f 955 954 960
f 960 954 961
f 960 961 962
f 962 961 963
f 963 961 964
f 962 965 960
f 960 965 966
f 966 965 967
f 966 967 968
f 968 969 966
f 966 969 970
f 966 970 971
f 972 973 956
f 956 973 974
f 956 974 958
f 975 976 972
f 972 976 977
f 972 977 978
f 979 980 975
f 975 980 981
f 975 981 976
f 976 981 982
f 982 981 983
f 982 983 984
f 984 983 985
f 985 983 986
f 985 986 987
f 987 986 988
f 988 986 989
f 988 989 990
f 990 989 991
f 990 991 992
f 992 991 993
f 992 993 994
f 994 993 995
f 994 995 996
f 996 995 997
f 996 997 998
f 998 997 999
f 999 997 1000
f 999 1000 1001
f 1001 1000 1002
f 1001 1002 1003
f 1003 1002 1004
f 1003 1004 1005
f 1005 1004 1006
f 1006 1004 1007
f 1006 1007 1008
f 1008 1007 1009
f 1008 1009 1010
f 1010 1009 1011
f 1010 1011 1012
f 1012 1011 1013
f 1012 1013 1014
f 1014 1013 1015
f 1014 1015 1016
f 1016 1015 957
f 1016 957 959
f 1017 1018 979
f 979 1018 1019
f 979 1019 1020
f 1021 1022 1017
f 1017 1022 1023
f 1017 1023 1024
f 1024 1025 1017
f 1017 1025 1018
f 979 1020 980
f 980 1020 1026
f 980 1026 1027
f 1027 1026 1028
f 1027 1028 1029
f 1029 1030 1027
f 1027 1030 1031
f 1027 1031 1032
f 983 1033 986
f 986 1033 43
f 43 1033 1034
f 43 1034 1035
f 1035 1034 1036
f 1036 1034 1037
f 1036 1037 1038
f 1038 1037 1039
f 1039 1037 1040
f 1040 1037 1041
f 1040 1041 1042
f 1042 1041 1043
f 1042 1043 1044
f 1044 1045 1042
f 1042 1045 1046
f 1038 1047 1036
f 1036 1047 1048
f 1048 1047 1049
f 1048 1049 1050
f 1050 1049 1051
f 1050 1051 1052
f 1052 1053 1050
f 1035 1054 43
f 43 1054 1055
f 43 1055 44
f 44 1055 47
f 47 1055 1056
f 47 1056 1057
f 1058 1059 1057
f 1057 1059 1060
f 1057 1060 1061
f 1059 1058 1062
f 1062 1058 1063
f 1062 1063 1064
f 1064 1065 1062
f 1062 1065 1066
f 1057 1061 1067
f 1067 1061 1068
f 1067 1068 1069
f 1069 1068 1070
f 1069 1070 1071
f 1071 1072 1069
f 1069 1072 1073
f 1069 1073 1074
f 1057 1067 47
f 47 1067 1075
f 47 1075 49
f 49 1075 1076
f 49 1076 51
f 51 1076 1077
f 51 1077 53
f 53 1077 1078
f 53 1078 55
f 55 1078 1079
f 55 1079 1080
f 1080 1079 1081
f 1080 1081 1082
f 1083 1084 1079
f 1079 1084 1085
f 1079 1085 1081
f 1083 1086 1084
f 1084 1086 1087
f 1084 1087 1088
f 1088 1089 1084
f 1084 1089 1090
f 1080 1082 1091
f 1091 1082 1092
f 1091 1092 1093
f 1093 1094 1091
f 1091 1094 1095
f 1091 1095 1096
f 1080 1097 55
f 55 1097 57
f 57 1097 1098
f 57 1098 59
f 59 1098 1099
f 59 1099 61
f 61 1099 1100
f 61 1100 63
f 63 1100 1101
f 63 1101 1102
f 1102 1101 1103
f 1102 1103 1104
f 1103 1101 1105
f 1105 1101 1106
f 1105 1106 1107
f 1107 1106 1108
f 1108 1106 1109
f 1109 1106 1110
f 1110 1106 1111
f 1104 1112 1102
f 1102 1112 1113
f 1113 1112 1114
f 1113 1114 1115
f 1115 1116 1113
f 1113 1116 1117
f 1113 1117 1118
f 1102 1119 63
f 63 1119 1120
f 63 1120 65
f 65 1120 67
f 67 1120 1121
f 67 1121 69
f 69 1121 1122
f 69 1122 1123
f 1124 1125 1123
f 1123 1125 1126
f 1123 1126 1127
f 1127 1126 1128
f 1127 1128 1129
f 1130 1131 1124
f 1124 1131 1132
f 1124 1132 1133
f 1133 1134 1124
f 1124 1134 1125
f 1135 1136 1129
f 1129 1136 1137
f 1129 1137 1138
f 1138 1139 1129
f 1129 1139 1140
f 1129 1140 1127
f 1123 1127 69
f 69 1127 1141
f 69 1141 71
f 71 1141 1142
f 71 1142 73
f 73 1142 1143
f 73 1143 75
f 75 1143 1144
f 75 1144 77
f 77 1144 1145
f 77 1145 1146
f 1146 1145 1147
f 1146 1147 1148
f 1147 1145 1149
f 1149 1145 1150
f 1149 1150 1151
f 1151 1150 1152
f 1152 1150 1153
f 1153 1150 1154
f 1154 1150 1155
f 1148 1156 1146
f 1146 1156 1157
f 1157 1156 1158
f 1157 1158 1159
f 1159 1158 1160
f 1160 1158 1161
f 1161 1158 1162
f 1146 1163 77
f 77 1163 79
f 79 1163 1164
f 79 1164 81
f 81 1164 1165
f 81 1165 83
f 83 1165 1166
f 83 1166 1167
f 1167 1166 1168
f 1167 1168 1169
f 1169 1168 1170
f 1169 1170 1171
f 1170 1168 1172
f 1172 1168 1173
f 1172 1173 1174
f 1174 1173 1175
f 1175 1173 1176
f 1176 1173 1177
f 1177 1173 1178
f 1171 1179 1169
f 1169 1179 1180
f 1180 1179 1181
f 1180 1181 1182
f 1182 1181 1183
f 1183 1181 1184
f 1184 1181 1185
f 1167 1186 83
f 83 1186 308
f 308 1186 430
f 978 973 972
f 390 388 629
f 384 382 628
f 392 41 606
f 957 126 953
f 1187 1006 1188
f 1188 1006 1008
f 1188 1008 1189
f 1189 1008 1010
f 1189 1010 1190
f 1190 1010 1012
f 1190 1012 1191
f 1191 1012 1014
f 1191 1014 1192
f 1192 1014 1016
f 1192 1016 1193
f 1193 1016 959
f 1193 959 1194
f 1194 959 958
f 1194 958 1195
f 1195 958 974
f 1195 974 1196
f 1196 974 973
f 1196 973 1197
f 1197 973 978
f 1197 978 1198
f 1198 978 977
f 1198 977 1199
f 1199 977 976
f 1199 976 1200
f 1200 976 982
f 1200 982 1201
f 1201 982 984
f 1201 984 1202
f 1202 984 985
f 1202 985 1203
f 1203 985 987
f 1203 987 1204
f 1204 987 988
f 1204 988 1205
f 1205 988 990
f 1205 990 1206
f 1206 990 992
f 1206 992 1207
f 1207 992 994
f 1207 994 1208
f 1208 994 996
f 1208 996 1209
f 1209 996 998
f 1209 998 1210
f 1210 998 999
f 1210 999 1211
f 1211 999 1001
f 1211 1001 1212
f 1212 1001 1003
f 1212 1003 1213
f 1213 1003 1005
f 1213 1005 1187
f 1187 1005 1006
f 1214 957 1215
f 1215 957 1015
f 1215 1015 1013
f 1215 1013 1216
f 1216 1013 1011
f 1216 1011 1217
f 1217 1011 1009
f 1217 1009 1218
f 1218 1009 1007
f 1218 1007 1219
f 1219 1007 1004
f 1219 1004 1220
f 1220 1004 1002
f 1220 1002 1221
f 1221 1002 1000
f 1221 1000 1222
f 1222 1000 997
f 1222 997 1223
f 1223 997 995
f 1223 995 1224
f 1224 995 993
f 1224 993 1225
f 1225 993 991
f 1225 991 1226
f 1226 991 989
f 1226 989 1227
f 1227 989 1228
f 1228 989 986
f 957 1214 126
f 126 1214 125
f 986 43 1228
f 1228 43 45
f 1229 1230 1231
f 1231 1230 1232
f 1231 1232 1233
f 1234 1235 1229
f 1229 1235 1236
f 1229 1236 1237
f 1238 1239 1234
f 1234 1239 1240
f 1234 1240 1235
f 1241 1242 1238
f 1238 1242 1243
f 1238 1243 1244
f 1245 1246 1241
f 1241 1246 1247
f 1241 1247 1242
f 1248 1249 1245
f 1245 1249 1250
f 1245 1250 1251
f 1252 1253 1248
f 1248 1253 1254
f 1248 1254 1249
f 1255 1256 1252
f 1252 1256 1257
f 1252 1257 1258
f 1259 1260 1255
f 1255 1260 1261
f 1255 1261 1262
f 1262 1261 1263
f 1263 1261 1264
f 1263 1264 1265
f 1265 1264 1266
f 1265 1266 1267
f 1267 1266 1268
f 1267 1268 1269
f 1269 1268 1270
f 1269 1270 1271
f 1271 1270 1272
f 1271 1272 1273
f 1273 1272 1274
f 1273 1274 1275
f 1275 1274 1276
f 1275 1276 1277
f 1277 1276 1278
f 1279 1280 1259
f 1259 1280 1281
f 1259 1281 1282
f 1283 1284 1279
f 1279 1284 1285
f 1279 1285 1280
f 1286 1287 1283
f 1283 1287 1288
f 1283 1288 1289
f 1290 1291 1286
f 1286 1291 1292
f 1286 1292 1287
f 1293 1294 1290
f 1290 1294 1295
f 1290 1295 1296
f 1297 1298 1293
f 1293 1298 1299
f 1293 1299 1300
f 1301 1302 1297
f 1297 1302 1303
f 1297 1303 1298
f 1304 1305 1301
f 1301 1305 1306
f 1301 1306 1307
f 1308 1309 1304
f 1304 1309 1310
f 1304 1310 1311
f 1312 1313 1308
f 1308 1313 1314
f 1308 1314 1315
f 1312 1316 1313
f 1313 1316 1317
f 1313 1317 1318
f 1318 1319 1313
f 1313 1319 1320
f 1313 1320 1321
f 1321 1322 1313
f 1313 1322 1323
f 1323 1322 1324
f 1324 1322 1325
f 1325 1322 1326
f 1325 1326 1327
f 1327 1326 1328
f 1327 1328 1329
f 1329 1328 1330
f 1329 1330 1331
f 1331 1330 1332
f 1331 1332 1333
f 1333 1332 1334
f 1333 1334 1335
f 1335 1334 1336
f 1335 1336 1337
f 1337 1336 1338
f 1338 1336 1339
f 1339 1336 1340
f 1339 1340 1341
f 1341 1340 1342
f 1341 1342 1343
f 1343 1342 1344
f 1343 1344 1345
f 1345 1344 1346
f 1345 1346 1347
f 1342 1340 1348
f 1348 1340 1349
f 1348 1349 1350
f 1350 1349 1351
f 1351 1349 1352
f 1352 1349 1353
f 1352 1353 1354
f 1354 1353 1355
f 1354 1355 1356
f 1356 1355 1357
f 1356 1357 1358
f 1358 1357 1359
f 1358 1359 1360
f 1360 1359 1361
f 1360 1361 1362
f 1353 1363 1355
f 1355 1363 1364
f 1364 1363 1365
f 1365 1363 1366
f 1366 1363 1367
f 1366 1367 1368
f 1368 1367 1369
f 1369 1367 1370
f 1369 1370 1371
f 1371 1370 1372
f 1371 1372 1373
f 1373 1372 1374
f 1373 1374 1375
f 1375 1374 1376
f 1375 1376 1377
f 1377 1376 1378
f 1377 1378 1379
f 1379 1378 1380
f 1379 1380 1381
f 1381 1380 1382
f 1381 1382 1383
f 1383 1382 1384
f 1383 1384 1385
f 1385 1384 1386
f 1367 1387 1370
f 1370 1387 1388
f 1388 1387 1389
f 1389 1387 1390
f 1390 1387 1391
f 1390 1391 1392
f 1392 1391 1393
f 1393 1391 1394
f 1393 1394 1395
f 1395 1394 1396
f 1396 1394 1397
f 1397 1394 1398
f 1397 1398 1399
f 1399 1398 1400
f 1400 1398 1401
f 1401 1398 1402
f 1401 1402 1403
f 1403 1402 1404
f 1404 1402 1405
f 1404 1405 1406
f 1406 1405 1407
f 1406 1407 1408
f 1408 1409 1406
f 1406 1409 1410
f 1406 1410 1411
f 1411 1412 1406
f 1406 1412 1413
f 1406 1413 1414
f 1414 1415 1406
f 1406 1415 1416
f 1406 1416 1417
f 1417 1416 1418
f 1417 1418 1419
f 1419 1420 1417
f 1417 1420 1421
f 1417 1421 1422
f 1422 1423 1417
f 1417 1423 1424
f 1417 1424 1425
f 1425 1426 1417
f 1417 1426 1427
f 1417 1427 1428
f 1417 1428 1429
f 1429 1428 1430
f 1429 1430 1431
f 1431 1430 1432
f 1432 1430 1433
f 1432 1433 1434
f 1434 1433 1435
f 1435 1433 1436
f 1436 1433 1437
f 1436 1437 1438
f 1438 1437 1439
f 1439 1437 1440
f 1439 1440 1441
f 1441 1440 1442
f 1442 1440 1443
f 1443 1440 1444
f 1443 1444 1445
f 1445 1444 1446
f 1445 1446 1447
f 1447 1446 1448
f 1447 1448 1449
f 1449 1448 1450
f 1449 1450 1451
f 1446 1444 1452
f 1452 1444 1453
f 1452 1453 1454
f 1454 1453 1455
f 1455 1453 1233
f 1233 1453 1231
f 1449 1451 1456
f 1456 1451 1457
f 1456 1457 1458
f 1458 1457 1459
f 1458 1459 1460
f 1460 1459 1461
f 1460 1461 1462
f 1462 1461 1463
f 1462 1463 1464
f 1464 1463 1465
f 1464 1465 1466
f 1436 1438 1467
f 1467 1438 1468
f 1467 1468 1469
f 1467 1469 1470
f 1470 1469 1471
f 1470 1471 1472
f 1472 1471 1473
f 1472 1473 1474
f 1474 1473 1475
f 1474 1475 1476
f 1476 1475 1477
f 1476 1477 1478
f 1478 1477 1479
f 1478 1479 1480
f 1480 1479 1481
f 1480 1481 1482
f 1429 1483 1417
f 1417 1483 1484
f 1417 1484 1485
f 1485 1486 1417
f 1417 1486 1487
f 1417 1487 1488
f 1488 1487 1489
f 1488 1489 1490
f 1490 1489 1491
f 1490 1491 1492
f 1492 1491 1493
f 1492 1493 1494
f 1417 1495 1406
f 1406 1495 1496
f 1406 1496 1497
f 1497 1498 1406
f 1406 1498 1499
f 1406 1499 1500
f 1500 1499 1501
f 1500 1501 1502
f 1502 1501 1503
f 1502 1503 1504
f 1502 1504 1505
f 1505 1504 1506
f 1505 1506 1507
f 1507 1508 1505
f 1505 1508 1509
f 1505 1509 1510
f 1510 1511 1505
f 1505 1511 1512
f 1505 1512 1513
f 1513 1512 1514
f 1514 1512 1515
f 1514 1515 1516
f 1516 1515 1517
f 1517 1515 1518
f 1518 1515 1519
f 1518 1519 1520
f 1511 1521 1512
f 1522 1523 1512
f 1512 1523 1524
f 1512 1524 1525
f 1522 1526 1523
f 1525 1527 1512
f 1512 1527 1515
f 1520 1528 1518
f 1518 1528 1529
f 1518 1529 1530
f 1518 1530 1531
f 1531 1530 1532
f 1531 1532 1533
f 1534 1535 1533
f 1533 1535 1536
f 1533 1536 1537
f 1534 1538 1535
f 1535 1538 1539
f 1535 1539 1540
f 1535 1540 1541
f 1541 1540 1542
f 1541 1542 1543
f 1543 1542 1544
f 1543 1544 1545
f 1545 1544 1546
f 1545 1546 1547
f 1547 1546 1548
f 1547 1548 1549
f 1549 1548 1550
f 1549 1550 1551
f 1535 1552 1536
f 1536 1552 1553
f 1536 1553 1554
f 1554 1555 1536
f 1536 1555 1556
f 1536 1556 1557
f 1558 1559 1557
f 1557 1559 1560
f 1557 1560 1561
f 1558 1562 1559
f 1559 1562 1563
f 1559 1563 1564
f 1564 1565 1559
f 1559 1565 1566
f 1559 1566 1567
f 1568 1569 1567
f 1567 1569 1570
f 1567 1570 1571
f 1569 1568 1572
f 1572 1568 1573
f 1572 1573 1574
f 1571 1575 1567
f 1567 1575 1576
f 1567 1576 1577
f 1578 1579 1577
f 1577 1579 1580
f 1577 1580 1581
f 1578 1582 1579
f 1579 1582 1583
f 1579 1583 1584
f 1584 1585 1579
f 1579 1585 1586
f 1586 1585 1587
f 1586 1587 1588
f 1588 1587 1589
f 1588 1589 1590
f 1590 1589 1591
f 1591 1589 1592
f 1592 1589 1593
f 1593 1589 1594
f 1594 1589 1595
f 1595 1589 1596
f 1595 1596 1597
f 1598 1599 1585
f 1585 1599 1600
f 1585 1600 1601
f 1599 1598 1602
f 1602 1598 1603
f 1602 1603 1604
f 1602 1604 1605
f 1605 1604 1606
f 1605 1606 1607
f 1607 1606 1608
f 1607 1608 1609
f 1609 1608 1610
f 1609 1610 1611
f 1611 1610 1612
f 1611 1612 1613
f 1613 1612 1614
f 1613 1614 1615
f 1615 1614 1616
f 1615 1616 1617
f 1599 1618 1600
f 1600 1618 1619
f 1600 1619 1620
f 1620 1621 1600
f 1600 1621 1622
f 1622 1621 1623
f 1622 1623 1624
f 1624 1623 1625
f 1624 1625 1626
f 1626 1625 1627
f 1626 1627 1628
f 1628 1627 1629
f 1628 1629 1630
f 1630 1629 1631
f 1630 1631 1632
f 1632 1631 1633
f 1632 1633 1634
f 1634 1633 1635
f 1634 1635 1636
f 1636 1635 1637
f 1636 1637 1638
f 1638 1637 1639
f 1638 1639 1640
f 1640 1639 1641
f 1642 1643 1621
f 1621 1643 1644
f 1621 1644 1645
f 1642 1646 1643
f 1643 1646 1647
f 1643 1647 1648
f 1649 1650 1648
f 1648 1650 1651
f 1648 1651 1652
f 1650 1649 1653
f 1653 1649 1654
f 1653 1654 1655
f 1655 1654 1656
f 1655 1656 1657
f 1657 1656 1658
f 1657 1658 1659
f 1659 1658 1660
f 1659 1660 1661
f 1652 1662 1648
f 1648 1662 1643
f 1645 1623 1621
f 1601 1587 1585
f 1597 1663 1595
f 1595 1663 1664
f 1595 1664 1665
f 1665 1666 1595
f 1595 1666 1667
f 1667 1666 1668
f 1667 1668 1669
f 1669 1668 1670
f 1581 1671 1577
f 1577 1671 1567
f 1671 1559 1567
f 1672 1673 1559
f 1559 1673 1674
f 1559 1674 1675
f 1673 1672 1676
f 1676 1672 1677
f 1676 1677 1678
f 1678 1677 1679
f 1678 1679 1680
f 1680 1679 1681
f 1680 1681 1682
f 1682 1681 1683
f 1682 1683 1684
f 1684 1683 1685
f 1684 1685 1686
f 1686 1685 1687
f 1675 1560 1559
f 1561 1536 1557
f 1688 1689 1537
f 1537 1689 1690
f 1537 1690 1533
f 1533 1690 1531
f 1689 1688 1691
f 1691 1688 1692
f 1691 1692 1693
f 1693 1692 1694
f 1693 1694 1695
f 1695 1694 1696
f 1696 1694 1697
f 1697 1694 1698
f 1698 1694 1699
f 1699 1694 1700
f 1699 1700 1701
f 1701 1702 1699
f 1699 1702 1703
f 1699 1703 1704
f 1705 1706 1704
f 1704 1706 1699
f 1707 1708 1505
f 1505 1708 1709
f 1505 1709 1710
f 1708 1707 1711
f 1711 1707 1712
f 1711 1712 1713
f 1713 1712 1714
f 1713 1714 1715
f 1715 1714 1716
f 1715 1716 1717
f 1717 1716 1718
f 1710 1719 1505
f 1505 1719 1720
f 1505 1720 1502
f 1401 1403 1721
f 1721 1403 1722
f 1721 1722 1723
f 1723 1722 1724
f 1723 1724 1725
f 1725 1724 1726
f 1725 1726 1727
f 1727 1726 1728
f 1727 1728 1729
f 1729 1728 1730
f 1730 1728 1731
f 1731 1728 1732
f 1732 1728 1733
f 1732 1733 1734
f 1734 1735 1732
f 1732 1735 1736
f 1393 1395 1737
f 1737 1395 1738
f 1737 1738 1739
f 1739 1738 1740
f 1739 1740 1741
f 1741 1740 1742
f 1741 1742 1743
f 1743 1742 1744
f 1743 1744 1745
f 1745 1744 1746
f 1745 1746 1747
f 1747 1746 1748
f 1747 1748 1749
f 1749 1748 1750
f 1749 1750 1751
f 1751 1750 1752
f 1360 1362 1753
f 1753 1362 1754
f 1753 1754 1755
f 1755 1754 1756
f 1755 1756 1757
f 1757 1756 1758
f 1757 1758 1759
f 1759 1758 1760
f 1759 1760 1761
f 1345 1347 1762
f 1762 1347 1763
f 1762 1763 1764
f 1764 1763 1765
f 1764 1765 1766
f 1766 1765 1767
f 1766 1767 1768
f 1768 1767 1769
f 1768 1769 1770
f 1770 1769 1771
f 1770 1771 1772
f 1773 1774 1313
f 1313 1774 1775
f 1313 1775 1776
f 1773 1777 1774
f 1776 1778 1313
f 1313 1778 1779
f 1313 1779 1314
f 1315 1780 1308
f 1308 1780 1781
f 1308 1781 1782
f 1782 1783 1308
f 1308 1783 1784
f 1308 1784 1785
f 1785 1784 1786
f 1786 1784 1787
f 1786 1787 1788
f 1788 1787 1789
f 1788 1789 1790
f 1788 1790 1791
f 1791 1790 1792
f 1791 1792 1793
f 1793 1792 1794
f 1793 1794 1795
f 1795 1794 1796
f 1795 1796 1797
f 1797 1796 1798
f 1797 1798 1799
f 1799 1798 1800
f 1799 1800 1801
f 1801 1800 1802
f 1801 1802 1803
f 1785 1804 1308
f 1308 1804 1805
f 1308 1805 1806
f 1807 1808 1806
f 1806 1808 1809
f 1806 1809 1308
f 1308 1809 1810
f 1308 1810 1811
f 1808 1807 1812
f 1812 1807 1813
f 1812 1813 1814
f 1812 1814 1815
f 1815 1814 1816
f 1815 1816 1817
f 1817 1816 1818
f 1817 1818 1819
f 1819 1818 1820
f 1819 1820 1821
f 1821 1820 1822
f 1821 1822 1823
f 1823 1822 1824
f 1823 1824 1825
f 1825 1824 1826
f 1825 1826 1827
f 1811 1828 1308
f 1308 1828 1829
f 1308 1829 1830
f 1829 1828 1831
f 1831 1828 1832
f 1831 1832 1833
f 1833 1832 1834
f 1833 1834 1835
f 1833 1835 1836
f 1836 1835 1837
f 1836 1837 1838
f 1838 1837 1839
f 1838 1839 1840
f 1840 1839 1841
f 1840 1841 1842
f 1842 1841 1843
f 1842 1843 1844
f 1844 1843 1845
f 1844 1845 1846
f 1846 1845 1847
f 1846 1847 1848
f 1830 1849 1308
f 1308 1849 1850
f 1308 1850 1851
f 1852 1853 1851
f 1851 1853 1854
f 1851 1854 1308
f 1308 1854 1855
f 1308 1855 1856
f 1852 1857 1853
f 1853 1857 1858
f 1858 1857 1859
f 1858 1859 1860
f 1860 1859 1861
f 1860 1861 1862
f 1862 1861 1863
f 1862 1863 1864
f 1864 1863 1865
f 1864 1865 1866
f 1866 1865 1867
f 1866 1867 1868
f 1868 1867 1869
f 1868 1869 1870
f 1856 1871 1308
f 1308 1871 1872
f 1308 1872 1873
f 1874 1875 1873
f 1873 1875 1876
f 1873 1876 1308
f 1308 1876 1877
f 1308 1877 1878
f 1874 1879 1875
f 1875 1879 1880
f 1880 1879 1881
f 1880 1881 1882
f 1882 1881 1883
f 1882 1883 1884
f 1884 1883 1885
f 1884 1885 1886
f 1886 1885 1887
f 1886 1887 1888
f 1888 1887 1889
f 1888 1889 1890
f 1890 1889 1891
f 1890 1891 1892
f 1878 1893 1308
f 1308 1893 1894
f 1308 1894 1895
f 1896 1897 1895
f 1895 1897 1898
f 1895 1898 1308
f 1308 1898 1899
f 1308 1899 1900
f 1897 1896 1901
f 1901 1896 1902
f 1901 1902 1903
f 1903 1902 1904
f 1903 1904 1905
f 1903 1905 1906
f 1906 1905 1907
f 1906 1907 1908
f 1908 1907 1909
f 1908 1909 1910
f 1910 1909 1911
f 1910 1911 1912
f 1912 1911 1913
f 1912 1913 1914
f 1900 1309 1308
f 1915 1916 1311
f 1311 1916 1305
f 1311 1305 1304
f 1916 1915 1917
f 1917 1915 1918
f 1917 1918 1919
f 1919 1918 1920
f 1919 1920 1921
f 1921 1920 1922
f 1921 1922 1923
f 1923 1922 1924
f 1923 1924 1925
f 1925 1924 1926
f 1925 1926 1927
f 1927 1926 1928
f 1927 1928 1929
f 1929 1928 1930
f 1307 1302 1301
f 1299 1298 1931
f 1931 1298 1932
f 1931 1932 1933
f 1933 1932 1934
f 1933 1934 1935
f 1935 1934 1936
f 1935 1936 1937
f 1937 1936 1938
f 1937 1938 1939
f 1939 1938 1940
f 1939 1940 1941
f 1941 1940 1942
f 1941 1942 1943
f 1943 1942 1944
f 1943 1944 1945
f 1945 1944 1946
f 1300 1294 1293
f 1296 1291 1290
f 1292 1291 1947
f 1947 1291 1948
f 1947 1948 1949
f 1949 1948 1950
f 1949 1950 1951
f 1951 1950 1952
f 1951 1952 1953
f 1953 1952 1954
f 1953 1954 1955
f 1955 1954 1956
f 1955 1956 1957
f 1957 1956 1958
f 1957 1958 1959
f 1959 1958 1960
f 1959 1960 1961
f 1961 1960 1962
f 1289 1963 1283
f 1283 1963 1284
f 1285 1284 1964
f 1964 1284 1965
f 1964 1965 1966
f 1966 1965 1967
f 1966 1967 1968
f 1968 1967 1969
f 1968 1969 1970
f 1970 1969 1971
f 1970 1971 1972
f 1972 1971 1973
f 1972 1973 1974
f 1974 1973 1975
f 1974 1975 1976
f 1976 1975 1977
f 1976 1977 1978
f 1978 1977 1979
f 1282 1260 1259
f 1262 1256 1255
f 1258 1253 1252
f 1980 1981 1253
f 1253 1981 1982
f 1253 1982 1983
f 1984 1985 1980
f 1980 1985 1986
f 1980 1986 1981
f 1987 1988 1984
f 1984 1988 1985
f 1983 1989 1253
f 1253 1989 1990
f 1253 1990 1254
f 1251 1246 1245
f 1991 1992 1246
f 1246 1992 1993
f 1246 1993 1994
f 1995 1996 1991
f 1991 1996 1997
f 1991 1997 1992
f 1998 1999 1995
f 1995 1999 1996
f 1994 2000 1246
f 1246 2000 2001
f 1246 2001 1247
f 1244 1239 1238
f 2002 2003 1239
f 1239 2003 2004
f 1239 2004 2005
f 2006 2007 2002
f 2002 2007 2008
f 2002 2008 2003
f 2009 2010 2006
f 2006 2010 2007
f 2005 2011 1239
f 1239 2011 2012
f 1239 2012 1240
f 1237 1230 1229
f 2013 2014 1230
f 1230 2014 2015
f 1230 2015 2016
f 2014 2013 2017
f 2017 2013 2018
f 2017 2018 2019
f 2019 2018 2020
f 2019 2020 2021
f 2016 2022 1230
f 1230 2022 2023
f 1230 2023 1232
f 2024 1229 2025
f 2025 1229 1231
f 2025 1231 2026
f 2026 1231 1453
f 2026 1453 2027
f 2027 1453 1444
f 2027 1444 2028
f 2028 1444 1440
f 2028 1440 2029
f 2029 1440 1437
f 2029 1437 2030
f 2030 1437 1433
f 2030 1433 2031
f 2031 1433 1430
f 2031 1430 2032
f 2032 1430 1428
f 2032 1428 2033
f 2033 1428 1427
f 2033 1427 2034
f 2034 1427 1426
f 2034 1426 2035
f 2035 1426 1425
f 2035 1425 2036
f 2036 1425 1424
f 2036 1424 2037
f 2037 1424 1423
f 2037 1423 2038
f 2038 1423 1422
f 2038 1422 2039
f 2039 1422 1421
f 2039 1421 2040
f 2040 1421 1420
f 2040 1420 2041
f 2041 1420 1419
f 2041 1419 2042
f 2042 1419 1418
f 2042 1418 2043
f 2043 1418 1416
f 2043 1416 2044
f 2044 1416 1415
f 2044 1415 2045
f 2045 1415 1414
f 2045 1414 2046
f 2046 1414 1413
f 2046 1413 2047
f 2047 1413 1412
f 2047 1412 2048
f 2048 1412 1411
f 2048 1411 2049
f 2049 1411 1410
f 2049 1410 2050
f 2050 1410 1409
f 2050 1409 2051
f 2051 1409 1408
f 2051 1408 2052
f 2052 1408 1407
f 2052 1407 2053
f 2053 1407 1405
f 2053 1405 2054
f 2054 1405 1402
f 2054 1402 2055
f 2055 1402 1398
f 2055 1398 2056
f 2056 1398 1394
f 2056 1394 2057
f 2057 1394 1391
f 2057 1391 2058
f 2058 1391 1387
f 2058 1387 2059
f 2059 1387 1367
f 2059 1367 2060
f 2060 1367 1363
f 2060 1363 2061
f 2061 1363 1353
f 2061 1353 2062
f 2062 1353 1349
f 2062 1349 2063
f 2063 1349 1340
f 2063 1340 2064
f 2064 1340 1336
f 2064 1336 2065
f 2065 1336 1334
f 2065 1334 2066
f 2066 1334 1332
f 2066 1332 2067
f 2067 1332 1330
f 2067 1330 2068
f 2068 1330 1328
f 2068 1328 2069
f 2069 1328 1326
f 2069 1326 2070
f 2070 1326 1322
f 2070 1322 2071
f 2071 1322 1321
f 2071 1321 2072
f 2072 1321 1320
f 2072 1320 2073
f 2073 1320 1319
f 2073 1319 2074
f 2074 1319 1318
f 2074 1318 2075
f 2075 1318 1317
f 2075 1317 2076
f 2076 1317 1316
f 2076 1316 2077
f 2077 1316 1312
f 2077 1312 2078
f 2078 1312 1308
f 2078 1308 2079
f 2079 1308 1304
f 2079 1304 2080
f 2080 1304 1301
f 2080 1301 2081
f 2081 1301 1297
f 2081 1297 2082
f 2082 1297 1293
f 2082 1293 2083
f 2083 1293 1290
f 2083 1290 2084
f 2084 1290 1286
f 2084 1286 2085
f 2085 1286 1283
f 2085 1283 2086
f 2086 1283 1279
f 2086 1279 2087
f 2087 1279 1259
f 2087 1259 2088
f 2088 1259 1255
f 2088 1255 2089
f 2089 1255 1252
f 2089 1252 2090
f 2090 1252 1248
f 2090 1248 2091
f 2091 1248 1245
f 2091 1245 2092
f 2092 1245 1241
f 2092 1241 2093
f 2093 1241 1238
f 2093 1238 2094
f 2094 1238 1234
f 2094 1234 2024
f 2024 1234 1229
f 127 129 202
f 202 129 131
f 202 131 200
f 200 131 133
f 200 133 198
f 198 133 135
f 198 135 196
f 196 135 137
f 196 137 194
f 194 137 139
f 194 139 141
f 194 141 192
f 192 141 143
f 192 143 190
f 190 143 145
f 190 145 188
f 188 145 147
f 188 147 186
f 186 147 149
f 186 149 183
f 183 149 151
f 183 151 181
f 181 151 153
f 181 153 155
f 181 155 212
f 212 155 157
f 212 157 159
f 159 161 212
f 212 161 2034
f 212 2034 2035
f 161 163 2034
f 2034 163 2033
f 2033 163 87
f 2033 87 2032
f 2032 87 2031
f 2031 87 2030
f 2030 87 88
f 2030 88 90
f 163 165 87
f 87 165 167
f 87 167 169
f 169 171 87
f 87 171 209
f 209 171 173
f 209 173 175
f 209 175 208
f 208 175 177
f 208 177 206
f 206 177 179
f 206 179 204
f 204 179 127
f 204 127 202
f 257 84 255
f 255 84 307
f 255 307 253
f 253 307 305
f 305 307 303
f 303 307 309
f 303 309 301
f 301 309 312
f 301 312 299
f 299 312 314
f 299 314 297
f 297 314 316
f 297 316 295
f 295 316 318
f 295 318 320
f 257 259 84
f 84 259 261
f 84 261 2070
f 2070 261 2069
f 2069 261 263
f 2069 263 1
f 1 263 265
f 1 265 267
f 267 269 1
f 1 269 335
f 335 269 271
f 335 271 273
f 273 275 335
f 335 275 334
f 334 275 332
f 332 275 277
f 332 277 330
f 330 277 279
f 330 279 328
f 328 279 281
f 328 281 326
f 326 281 283
f 326 283 324
f 324 283 285
f 324 285 287
f 324 287 322
f 322 287 289
f 322 289 291
f 291 293 322
f 322 293 295
f 322 295 320
f 337 339 213
f 213 339 341
f 213 341 419
f 419 341 343
f 419 343 345
f 419 345 418
f 418 345 347
f 418 347 416
f 416 347 349
f 416 349 414
f 414 349 351
f 414 351 412
f 412 351 353
f 412 353 410
f 410 353 355
f 410 355 408
f 408 355 357
f 408 357 359
f 408 359 406
f 406 359 361
f 406 361 404
f 404 361 363
f 404 363 402
f 402 363 365
f 402 365 400
f 400 365 367
f 400 367 398
f 398 367 369
f 398 369 396
f 396 369 371
f 396 371 393
f 393 371 373
f 393 373 391
f 391 373 375
f 391 375 377
f 377 379 391
f 391 379 42
f 42 379 381
f 42 381 383
f 383 385 42
f 42 385 2052
f 42 2052 2053
f 385 387 2052
f 2052 387 2051
f 2051 387 213
f 2051 213 2050
f 2050 213 2049
f 2049 213 2048
f 2048 213 215
f 2048 215 217
f 387 389 213
f 213 389 337
f 1189 1218 1188
f 1188 1218 1219
f 1188 1219 1187
f 1187 1219 1220
f 1187 1220 1213
f 1213 1220 1212
f 1212 1220 1221
f 1212 1221 1211
f 1211 1221 1222
f 1211 1222 1210
f 1210 1222 1223
f 1210 1223 1209
f 1209 1223 1208
f 1208 1223 1224
f 1208 1224 1225
f 1218 1189 1217
f 1217 1189 1190
f 1217 1190 1216
f 1216 1190 1191
f 1216 1191 1215
f 1215 1191 1192
f 1215 1192 1214
f 1214 1192 1193
f 1214 1193 1194
f 1194 1195 1214
f 1214 1195 125
f 125 1195 1196
f 125 1196 1197
f 1197 1198 125
f 125 1198 2088
f 125 2088 2089
f 1199 45 1198
f 1198 45 2087
f 1198 2087 2088
f 1199 1200 45
f 45 1200 1201
f 45 1201 1202
f 1202 1203 45
f 45 1203 1204
f 45 1204 1205
f 1205 1206 45
f 45 1206 1207
f 45 1207 1208
f 2026 103 2025
f 2025 103 105
f 2025 105 107
f 2027 100 2026
f 2026 100 102
f 2026 102 103
f 100 2027 98
f 98 2027 2028
f 98 2028 96
f 96 2028 94
f 94 2028 2029
f 94 2029 92
f 92 2029 90
f 90 2029 2030
f 2035 2036 212
f 212 2036 2037
f 212 2037 251
f 251 2037 2038
f 251 2038 249
f 249 2038 2039
f 249 2039 247
f 247 2039 245
f 245 2039 2040
f 245 2040 243
f 243 2040 241
f 241 2040 2041
f 241 2041 239
f 239 2041 237
f 237 2041 2042
f 237 2042 235
f 235 2042 233
f 233 2042 2043
f 233 2043 231
f 231 2043 2044
f 231 2044 229
f 229 2044 227
f 227 2044 2045
f 227 2045 225
f 225 2045 223
f 223 2045 2046
f 223 2046 221
f 221 2046 219
f 219 2046 2047
f 219 2047 217
f 217 2047 2048
f 2053 2054 42
f 42 2054 2055
f 42 2055 40
f 40 2055 2056
f 40 2056 38
f 38 2056 36
f 36 2056 2057
f 36 2057 34
f 34 2057 32
f 32 2057 2058
f 32 2058 30
f 30 2058 2059
f 30 2059 28
f 28 2059 26
f 26 2059 2060
f 26 2060 24
f 24 2060 22
f 22 2060 2061
f 22 2061 20
f 20 2061 18
f 18 2061 2062
f 18 2062 15
f 15 2062 13
f 13 2062 2063
f 13 2063 11
f 11 2063 2064
f 11 2064 9
f 9 2064 7
f 7 2064 2065
f 7 2065 5
f 5 2065 3
f 3 2065 2066
f 3 2066 1
f 1 2066 2067
f 1 2067 2068
f 2068 2069 1
f 2070 2071 84
f 84 2071 2072
f 84 2072 2073
f 84 2073 82
f 82 2073 2074
f 82 2074 2075
f 2075 2076 82
f 82 2076 2077
f 82 2077 2078
f 2078 2079 82
f 82 2079 80
f 80 2079 2080
f 80 2080 78
f 78 2080 76
f 76 2080 74
f 74 2080 72
f 72 2080 70
f 70 2080 68
f 68 2080 66
f 66 2080 64
f 64 2080 62
f 62 2080 60
f 60 2080 58
f 58 2080 56
f 56 2080 2081
f 56 2081 54
f 54 2081 52
f 52 2081 2082
f 52 2082 50
f 50 2082 48
f 48 2082 2083
f 48 2083 46
f 46 2083 2084
f 46 2084 45
f 45 2084 2085
f 45 2085 2086
f 2086 2087 45
f 2089 2090 125
f 125 2090 2091
f 125 2091 123
f 123 2091 121
f 121 2091 2092
f 121 2092 119
f 119 2092 117
f 117 2092 2093
f 117 2093 115
f 115 2093 113
f 113 2093 2094
f 113 2094 111
f 111 2094 2024
f 111 2024 109
f 109 2024 107
f 107 2024 2025
f 1225 1226 1208
f 1208 1226 1227
f 1208 1227 1228
f 1228 45 1208
f 452 2095 440
f 440 2095 2096
f 440 2096 2097
f 2097 2096 2098
f 2097 2098 2099
f 2099 2098 2100
f 2099 2100 2101
f 2101 2100 2102
f 2101 2102 2103
f 2103 2102 2104
f 2103 2104 2105
f 2105 2104 2106
f 2105 2106 2107
f 2107 2106 2108
f 2107 2108 2109
f 2109 2108 2110
f 2109 2110 2111
f 2111 2110 2112
f 2111 2112 2113
f 2113 2112 2114
f 2113 2114 2115
f 2115 2114 2116
f 2115 2116 2109
f 2109 2116 2107
f 2095 452 2117
f 2117 452 455
f 2117 455 2118
f 2118 455 454
f 2118 454 2119
f 2119 454 453
f 2119 453 2120
f 2120 453 439
f 2120 439 2121
f 2121 439 2122
f 2121 2122 2123
f 2123 2122 2106
f 2123 2106 2104
f 2122 439 2124
f 2124 439 441
f 2124 441 2125
f 2125 441 2110
f 2125 2110 2108
f 441 2112 2110
f 2114 2126 2116
f 2116 2126 2107
f 2127 2128 2126
f 2126 2128 2105
f 2126 2105 2107
f 2129 2130 2127
f 2127 2130 2103
f 2127 2103 2105
f 2130 2129 2131
f 2131 2129 2132
f 2131 2132 2101
f 2101 2132 2099
f 2099 2132 2133
f 2133 2132 2134
f 2133 2134 2099
f 2099 2134 2097
f 2121 2123 2120
f 2120 2123 2135
f 2120 2135 2119
f 2119 2135 2136
f 2119 2136 2118
f 2118 2136 2137
f 2118 2137 2117
f 2117 2137 2096
f 2117 2096 2095
f 2124 2125 2122
f 2122 2125 2108
f 2122 2108 2106
f 2123 2104 2135
f 2135 2104 2102
f 2135 2102 2136
f 2136 2102 2100
f 2136 2100 2137
f 2137 2100 2098
f 2137 2098 2096
f 2103 2130 2131
f 2127 2105 2128
f 2101 2103 2131
f 2111 2113 2115
f 2111 2115 2109
f 2132 2138 2134
f 2134 2138 2139
f 2134 2139 2140
f 2140 2139 2141
f 2140 2141 2142
f 2138 2132 2143
f 2143 2132 2129
f 2143 2129 2127
f 2143 2127 2144
f 2144 2127 2126
f 2144 2126 2145
f 2145 2126 2114
f 2145 2114 2146
f 2146 2114 2112
f 2146 2112 2147
f 2147 2148 2146
f 2140 2142 2149
f 2149 2142 2150
f 2149 2150 2151
f 2151 2150 2152
f 2151 2152 2153
f 2153 2154 2151
f 2151 2154 2155
f 2155 2154 2156
f 441 443 2112
f 2112 443 444
f 2112 444 445
f 445 2157 2112
f 2112 2157 2147
f 2147 2157 2148
f 2148 2157 2158
f 2148 2158 1828
f 1828 2158 2159
f 1828 1811 2148
f 2148 1811 1810
f 2148 1810 1809
f 2160 2161 2159
f 2159 2161 2162
f 2159 2162 2163
f 2163 2162 2164
f 2163 2164 2165
f 2165 2164 2166
f 2165 2166 2167
f 2167 2166 2168
f 2167 2168 2169
f 2169 2168 2170
f 2169 2170 2171
f 2171 2170 2172
f 2171 2172 2173
f 2173 2172 2174
f 2173 2174 2175
f 2175 2174 2176
f 2175 2176 2177
f 2177 2176 1841
f 2177 1841 2178
f 2178 1841 1839
f 2178 1839 2177
f 2177 1839 2179
f 2177 2179 2180
f 2180 2179 2181
f 2180 2181 2182
f 2182 2181 1835
f 2182 1835 2183
f 2183 1835 2184
f 2183 2184 1834
f 1834 2184 1835
f 2185 2186 2160
f 2160 2186 2162
f 2160 2162 2161
f 2187 2188 2185
f 2185 2188 2189
f 2185 2189 2186
f 2186 2189 2164
f 2186 2164 2162
f 2188 2187 2190
f 2190 2187 2191
f 2190 2191 2192
f 2192 2191 2193
f 2192 2193 2194
f 2194 2193 2195
f 2194 2195 2174
f 2174 2195 2176
f 1839 1837 2179
f 2179 1837 2181
f 1837 1835 2181
f 1832 2196 1834
f 1834 2196 2197
f 1834 2197 2183
f 2183 2197 2169
f 2183 2169 2171
f 1828 2198 1832
f 1832 2198 2199
f 1832 2199 2196
f 2196 2199 2197
f 2159 2163 1828
f 1828 2163 2200
f 1828 2200 2198
f 2198 2200 2201
f 2198 2201 2199
f 2199 2201 2197
f 2192 2194 2172
f 2172 2194 2174
f 2190 2192 2170
f 2170 2192 2172
f 2188 2190 2168
f 2168 2190 2170
f 2189 2188 2166
f 2166 2188 2168
f 2166 2164 2189
f 2177 2180 2175
f 2175 2180 2173
f 2180 2182 2173
f 2173 2182 2171
f 2182 2183 2171
f 2169 2197 2167
f 2167 2197 2201
f 2167 2201 2165
f 2165 2201 2200
f 2165 2200 2163
f 464 2202 462
f 462 2202 2203
f 462 2203 2204
f 2204 2203 2205
f 2204 2205 2206
f 2206 2205 2207
f 2206 2207 2208
f 2208 2207 2209
f 2208 2209 2210
f 2210 2209 2211
f 2210 2211 2212
f 2212 2211 2213
f 2212 2213 2214
f 2214 2213 2215
f 2214 2215 2216
f 2216 2215 2217
f 2216 2217 2218
f 2218 2217 2219
f 2218 2219 2220
f 2220 2219 2221
f 2220 2221 2222
f 465 2223 464
f 464 2223 2224
f 464 2224 2202
f 2202 2224 2203
f 466 2225 465
f 465 2225 2209
f 465 2209 2207
f 467 2226 466
f 466 2226 2211
f 466 2211 2209
f 468 2227 467
f 467 2227 2211
f 467 2211 2226
f 463 2228 468
f 468 2228 2215
f 468 2215 2213
f 2228 463 2215
f 2215 463 2217
f 2220 2222 2229
f 2229 2222 2230
f 2229 2230 2231
f 2231 2230 2232
f 2231 2232 2233
f 2233 2232 2234
f 2233 2234 2212
f 2212 2234 2210
f 2230 2235 2232
f 2232 2235 2236
f 2232 2236 2234
f 2234 2236 2237
f 2234 2237 2210
f 2210 2237 2208
f 2236 2235 2238
f 2238 2235 2239
f 2238 2239 2240
f 2240 2239 2241
f 2240 2241 2242
f 462 2204 2242
f 2242 2204 2243
f 2242 2243 2240
f 2240 2243 2244
f 2240 2244 2238
f 2238 2244 2237
f 2238 2237 2236
f 2211 2227 2213
f 2213 2227 468
f 466 2209 2225
f 465 2207 2223
f 2223 2207 2205
f 2223 2205 2224
f 2224 2205 2203
f 2214 2216 2245
f 2245 2216 2218
f 2245 2218 2229
f 2229 2218 2220
f 2212 2214 2233
f 2233 2214 2245
f 2233 2245 2231
f 2231 2245 2229
f 2206 2208 2244
f 2244 2208 2237
f 2204 2206 2243
f 2243 2206 2244
f 460 462 2246
f 2246 462 2242
f 2246 2242 2247
f 2247 2242 2248
f 2248 2242 2249
f 2248 2249 1806
f 2242 2241 2249
f 2249 2241 2250
f 1806 1805 2248
f 2248 1805 1804
f 2248 1804 1785
f 469 461 2246
f 2246 461 460
f 475 2251 470
f 470 2251 2252
f 470 2252 2253
f 2253 2252 2254
f 2253 2254 2255
f 2255 2254 2256
f 2255 2256 2257
f 2257 2256 2258
f 2257 2258 2259
f 2259 2258 2260
f 2259 2260 2261
f 2261 2260 2262
f 2261 2262 2263
f 2263 2262 2264
f 2263 2264 2265
f 2265 2264 2266
f 2265 2266 2267
f 2267 2266 2246
f 2267 2246 2268
f 2268 2246 2269
f 2268 2269 2270
f 2270 2269 2271
f 2270 2271 2265
f 2265 2271 2263
f 2251 475 2272
f 2272 475 474
f 2272 474 2273
f 2273 474 473
f 2273 473 2274
f 2274 473 472
f 2274 472 2275
f 2275 472 471
f 2275 471 2276
f 2276 471 2277
f 2276 2277 2278
f 2278 2277 2262
f 2278 2262 2260
f 2277 471 2279
f 2279 471 469
f 2279 469 2280
f 2280 469 2266
f 2280 2266 2264
f 469 2246 2266
f 2269 2281 2271
f 2271 2281 2263
f 2282 2283 2281
f 2281 2283 2261
f 2281 2261 2263
f 2284 2285 2282
f 2282 2285 2259
f 2282 2259 2261
f 2285 2284 2286
f 2286 2284 2287
f 2286 2287 2257
f 2257 2287 2255
f 2255 2287 2288
f 2288 2287 2289
f 2288 2289 2255
f 2255 2289 2253
f 2276 2278 2275
f 2275 2278 2290
f 2275 2290 2274
f 2274 2290 2291
f 2274 2291 2273
f 2273 2291 2292
f 2273 2292 2272
f 2272 2292 2252
f 2272 2252 2251
f 2279 2280 2277
f 2277 2280 2264
f 2277 2264 2262
f 2278 2260 2290
f 2290 2260 2258
f 2290 2258 2291
f 2291 2258 2256
f 2291 2256 2292
f 2292 2256 2254
f 2292 2254 2252
f 2259 2285 2286
f 2282 2261 2283
f 2257 2259 2286
f 2267 2268 2270
f 2267 2270 2265
f 482 2293 480
f 480 2293 2294
f 480 2294 2295
f 2295 2294 2296
f 2295 2296 2297
f 2297 2296 2298
f 2297 2298 2299
f 2299 2298 2300
f 2299 2300 2301
f 2301 2300 2302
f 2301 2302 2303
f 2303 2302 2304
f 2303 2304 2305
f 2305 2304 2306
f 2305 2306 2307
f 2307 2306 2308
f 2307 2308 2309
f 2309 2308 2310
f 2309 2310 2311
f 2311 2310 2312
f 2311 2312 2313
f 483 2314 482
f 482 2314 2315
f 482 2315 2293
f 2293 2315 2294
f 484 2316 483
f 483 2316 2300
f 483 2300 2298
f 485 2317 484
f 484 2317 2302
f 484 2302 2300
f 486 2318 485
f 485 2318 2302
f 485 2302 2317
f 481 2319 486
f 486 2319 2306
f 486 2306 2304
f 2319 481 2306
f 2306 481 2308
f 2311 2313 2320
f 2320 2313 2321
f 2320 2321 2322
f 2322 2321 2323
f 2322 2323 2324
f 2324 2323 2325
f 2324 2325 2303
f 2303 2325 2301
f 2321 2326 2323
f 2323 2326 2327
f 2323 2327 2325
f 2325 2327 2328
f 2325 2328 2301
f 2301 2328 2299
f 2327 2326 2329
f 2329 2326 2330
f 2329 2330 2331
f 2331 2330 2332
f 2331 2332 2333
f 480 2295 2333
f 2333 2295 2334
f 2333 2334 2331
f 2331 2334 2335
f 2331 2335 2329
f 2329 2335 2328
f 2329 2328 2327
f 2302 2318 2304
f 2304 2318 486
f 484 2300 2316
f 483 2298 2314
f 2314 2298 2296
f 2314 2296 2315
f 2315 2296 2294
f 2305 2307 2336
f 2336 2307 2309
f 2336 2309 2320
f 2320 2309 2311
f 2303 2305 2324
f 2324 2305 2336
f 2324 2336 2322
f 2322 2336 2320
f 2297 2299 2335
f 2335 2299 2328
f 2295 2297 2334
f 2334 2297 2335
f 478 480 2337
f 2337 480 2333
f 2337 2333 2338
f 2338 2333 2339
f 2339 2333 2340
f 2339 2340 1784
f 2333 2332 2340
f 2340 2332 2341
f 1784 1783 2339
f 2339 1783 1782
f 2339 1782 1781
f 487 479 2337
f 2337 479 478
f 489 2342 488
f 488 2342 2343
f 488 2343 2344
f 2344 2343 2345
f 2344 2345 2346
f 2346 2345 2347
f 2346 2347 2348
f 2348 2347 2349
f 2348 2349 2350
f 2350 2349 2351
f 2350 2351 2352
f 2352 2351 2353
f 2352 2353 2354
f 2354 2353 2355
f 2354 2355 2356
f 2356 2355 2357
f 2356 2357 2358
f 2358 2357 2337
f 2358 2337 2359
f 2359 2337 2360
f 2359 2360 2361
f 2361 2360 2362
f 2361 2362 2356
f 2356 2362 2354
f 2342 489 2363
f 2363 489 490
f 2363 490 2364
f 2364 490 491
f 2364 491 2365
f 2365 491 492
f 2365 492 2366
f 2366 492 493
f 2366 493 2367
f 2367 493 2368
f 2367 2368 2369
f 2369 2368 2353
f 2369 2353 2351
f 2368 493 2370
f 2370 493 487
f 2370 487 2371
f 2371 487 2357
f 2371 2357 2355
f 487 2337 2357
f 2360 2372 2362
f 2362 2372 2354
f 2373 2374 2372
f 2372 2374 2352
f 2372 2352 2354
f 2375 2376 2373
f 2373 2376 2350
f 2373 2350 2352
f 2376 2375 2377
f 2377 2375 2378
f 2377 2378 2348
f 2348 2378 2346
f 2346 2378 2379
f 2379 2378 2380
f 2379 2380 2346
f 2346 2380 2344
f 2367 2369 2366
f 2366 2369 2381
f 2366 2381 2365
f 2365 2381 2382
f 2365 2382 2364
f 2364 2382 2383
f 2364 2383 2363
f 2363 2383 2343
f 2363 2343 2342
f 2370 2371 2368
f 2368 2371 2355
f 2368 2355 2353
f 2369 2351 2381
f 2381 2351 2349
f 2381 2349 2382
f 2382 2349 2347
f 2382 2347 2383
f 2383 2347 2345
f 2383 2345 2343
f 2350 2376 2377
f 2373 2352 2374
f 2348 2350 2377
f 2358 2359 2361
f 2358 2361 2356
f 2384 2385 2386
f 2386 2385 2387
f 2386 2387 2388
f 2388 2387 2389
f 2388 2389 2390
f 2390 2389 2391
f 2390 2391 2392
f 2392 2391 2393
f 2392 2393 2394
f 2394 2393 2395
f 2394 2395 2396
f 2396 2395 2397
f 2396 2397 2398
f 2398 2397 2399
f 2398 2399 2400
f 2400 2399 2401
f 2400 2401 2402
f 2402 2401 1324
f 2402 1324 2403
f 2403 1324 1325
f 2403 1325 2402
f 2402 1325 2404
f 2402 2404 2405
f 2405 2404 2406
f 2405 2406 2407
f 2407 2406 1329
f 2407 1329 2408
f 2408 1329 2409
f 2408 2409 1331
f 1331 2409 1329
f 2410 2411 2384
f 2384 2411 2387
f 2384 2387 2385
f 2412 2413 2410
f 2410 2413 2414
f 2410 2414 2411
f 2411 2414 2389
f 2411 2389 2387
f 2413 2412 2415
f 2415 2412 2416
f 2415 2416 2417
f 2417 2416 2418
f 2417 2418 2419
f 2419 2418 2420
f 2419 2420 2399
f 2399 2420 2401
f 1325 1327 2404
f 2404 1327 2406
f 1327 1329 2406
f 1333 2421 1331
f 1331 2421 2422
f 1331 2422 2408
f 2408 2422 2394
f 2408 2394 2396
f 1335 2423 1333
f 1333 2423 2424
f 1333 2424 2421
f 2421 2424 2422
f 2386 2388 1335
f 1335 2388 2425
f 1335 2425 2423
f 2423 2425 2426
f 2423 2426 2424
f 2424 2426 2422
f 2417 2419 2397
f 2397 2419 2399
f 2415 2417 2395
f 2395 2417 2397
f 2413 2415 2393
f 2393 2415 2395
f 2414 2413 2391
f 2391 2413 2393
f 2391 2389 2414
f 2402 2405 2400
f 2400 2405 2398
f 2405 2407 2398
f 2398 2407 2396
f 2407 2408 2396
f 2394 2422 2392
f 2392 2422 2426
f 2392 2426 2390
f 2390 2426 2425
f 2390 2425 2388
f 2386 1335 2427
f 2427 1335 2428
f 2427 2428 2429
f 2429 2428 2430
f 2429 2430 2431
f 1335 1337 2428
f 2428 1337 1338
f 2428 1338 1339
f 2428 2432 2430
f 2430 2432 2433
f 2430 2433 2434
f 504 503 2431
f 2431 503 501
f 2431 501 500
f 500 2429 2431
f 1341 2435 1339
f 1339 2435 2436
f 1339 2436 2428
f 2428 2436 2437
f 2428 2437 2438
f 2438 2437 2439
f 2438 2439 2440
f 2440 2439 2441
f 2440 2441 2442
f 2442 2441 2443
f 2442 2443 2444
f 2444 2443 2445
f 2444 2445 2446
f 2446 2445 2447
f 2446 2447 2448
f 2448 2447 2449
f 2448 2449 2450
f 2450 2449 1764
f 2450 1764 1766
f 1343 2451 1341
f 1341 2451 2452
f 1341 2452 2435
f 2435 2452 2436
f 1345 2453 1343
f 1343 2453 2454
f 1343 2454 2455
f 2455 2454 2452
f 2455 2452 2451
f 2453 1345 2456
f 2456 1345 1762
f 2456 1762 2449
f 2449 1762 1764
f 2450 1766 2457
f 2457 1766 2458
f 2457 2458 2459
f 2459 2458 2460
f 2459 2460 2461
f 2461 2460 2462
f 2461 2462 2463
f 2463 2462 2464
f 2463 2464 2465
f 2465 2464 2466
f 2465 2466 2467
f 2467 2466 2444
f 2467 2444 2446
f 2458 2468 2460
f 2460 2468 2469
f 2460 2469 2462
f 2462 2469 2470
f 2470 2469 2468
f 2464 2471 2466
f 2466 2471 2444
f 2444 2471 2442
f 2442 2471 2440
f 2450 2457 2448
f 2448 2457 2472
f 2448 2472 2446
f 2446 2472 2467
f 2456 2449 2447
f 2453 2456 2473
f 2473 2456 2447
f 2473 2447 2445
f 2453 2473 2454
f 2454 2473 2474
f 2454 2474 2475
f 2475 2474 2476
f 2475 2476 2437
f 2437 2476 2439
f 2474 2473 2445
f 2436 2452 2475
f 2475 2452 2454
f 1343 2455 2451
f 2459 2461 2472
f 2472 2461 2467
f 2463 2465 2461
f 2461 2465 2467
f 2474 2445 2443
f 2474 2443 2476
f 2476 2443 2441
f 2476 2441 2439
f 2436 2475 2437
f 2457 2459 2472
f 2477 2468 2478
f 2478 2468 2458
f 2478 2458 2479
f 2479 2458 1766
f 2479 1766 2480
f 2480 1766 2481
f 2480 2481 2482
f 2482 2481 2483
f 2482 2483 2484
f 2484 2483 1768
f 2484 1768 1770
f 2481 1766 2485
f 2485 1766 1768
f 2485 1768 2483
f 2484 1770 2486
f 2486 1770 1772
f 2486 1772 2487
f 2488 2489 2487
f 2487 2489 2490
f 2487 2490 2491
f 2491 2490 2492
f 2491 2492 2493
f 2493 2492 2494
f 2493 2494 2486
f 2486 2494 2484
f 2488 2495 2489
f 2489 2495 2496
f 2489 2496 2497
f 2497 2496 2477
f 2497 2477 2498
f 2498 2477 2478
f 2498 2478 2479
f 2483 2481 2485
f 2486 2487 2493
f 2493 2487 2491
f 2497 2498 2499
f 2499 2498 2479
f 2499 2479 2480
f 2489 2497 2500
f 2500 2497 2499
f 2500 2499 2501
f 2501 2499 2480
f 2501 2480 2482
f 2501 2492 2500
f 2500 2492 2490
f 2500 2490 2489
f 2492 2501 2494
f 2494 2501 2482
f 2494 2482 2484
f 526 2502 524
f 524 2502 2503
f 524 2503 2504
f 2504 2503 2505
f 2504 2505 2506
f 2506 2505 2507
f 2506 2507 2508
f 2508 2507 2509
f 2508 2509 2510
f 2510 2509 2511
f 2510 2511 2512
f 2512 2511 2513
f 2512 2513 2514
f 2514 2513 2515
f 2514 2515 2516
f 2516 2515 2517
f 2516 2517 2518
f 2518 2517 2519
f 2518 2519 2520
f 2520 2519 2521
f 2520 2521 2522
f 527 2523 526
f 526 2523 2524
f 526 2524 2502
f 2502 2524 2503
f 528 2525 527
f 527 2525 2509
f 527 2509 2507
f 529 2526 528
f 528 2526 2511
f 528 2511 2509
f 530 2527 529
f 529 2527 2511
f 529 2511 2526
f 525 2528 530
f 530 2528 2515
f 530 2515 2513
f 2528 525 2515
f 2515 525 2517
f 2520 2522 2529
f 2529 2522 2530
f 2529 2530 2531
f 2531 2530 2532
f 2531 2532 2533
f 2533 2532 2534
f 2533 2534 2512
f 2512 2534 2510
f 2530 2535 2532
f 2532 2535 2536
f 2532 2536 2534
f 2534 2536 2537
f 2534 2537 2510
f 2510 2537 2508
f 2536 2535 2538
f 2538 2535 2539
f 2538 2539 2540
f 2540 2539 2541
f 2540 2541 2542
f 524 2504 2542
f 2542 2504 2543
f 2542 2543 2540
f 2540 2543 2544
f 2540 2544 2538
f 2538 2544 2537
f 2538 2537 2536
f 2511 2527 2513
f 2513 2527 530
f 528 2509 2525
f 527 2507 2523
f 2523 2507 2505
f 2523 2505 2524
f 2524 2505 2503
f 2514 2516 2545
f 2545 2516 2518
f 2545 2518 2529
f 2529 2518 2520
f 2512 2514 2533
f 2533 2514 2545
f 2533 2545 2531
f 2531 2545 2529
f 2506 2508 2544
f 2544 2508 2537
f 2504 2506 2543
f 2543 2506 2544
f 2517 2546 2519
f 2519 2546 2547
f 2519 2547 2548
f 2548 2547 2549
f 2548 2549 2550
f 2550 2549 2551
f 2551 2549 2552
f 2551 2552 2553
f 2546 2517 2554
f 2554 2517 525
f 2554 525 520
f 2554 520 2555
f 2555 520 519
f 2555 519 2556
f 2556 519 518
f 2556 518 2552
f 2552 2549 2556
f 2556 2549 2547
f 2556 2547 2555
f 2555 2547 2546
f 2555 2546 2554
f 1354 2557 1352
f 1352 2557 2558
f 1352 2558 2559
f 2559 2558 2560
f 2559 2560 2561
f 2561 2560 2562
f 2561 2562 2563
f 2563 2562 2564
f 2563 2564 2565
f 2565 2564 2566
f 2565 2566 2567
f 2567 2566 2568
f 2567 2568 2569
f 2569 2568 2570
f 2569 2570 2571
f 2571 2570 2572
f 2571 2572 2573
f 2573 2572 1753
f 2573 1753 1755
f 1356 2574 1354
f 1354 2574 2575
f 1354 2575 2557
f 2557 2575 2558
f 1358 2576 1356
f 1356 2576 2577
f 1356 2577 2578
f 2578 2577 2575
f 2578 2575 2574
f 2576 1358 2579
f 2579 1358 1360
f 2579 1360 2572
f 2572 1360 1753
f 2573 1755 2580
f 2580 1755 2581
f 2580 2581 2582
f 2582 2581 2583
f 2582 2583 2584
f 2584 2583 2585
f 2584 2585 2586
f 2586 2585 2587
f 2586 2587 2588
f 2588 2587 2589
f 2588 2589 2590
f 2590 2589 2567
f 2590 2567 2569
f 2581 2591 2583
f 2583 2591 2592
f 2583 2592 2585
f 2585 2592 2593
f 2593 2592 2591
f 2587 2594 2589
f 2589 2594 2567
f 2567 2594 2565
f 2565 2594 2563
f 2573 2580 2571
f 2571 2580 2595
f 2571 2595 2569
f 2569 2595 2590
f 2579 2572 2570
f 2576 2579 2596
f 2596 2579 2570
f 2596 2570 2568
f 2576 2596 2577
f 2577 2596 2597
f 2577 2597 2598
f 2598 2597 2599
f 2598 2599 2560
f 2560 2599 2562
f 2597 2596 2568
f 2558 2575 2598
f 2598 2575 2577
f 1356 2578 2574
f 2582 2584 2595
f 2595 2584 2590
f 2586 2588 2584
f 2584 2588 2590
f 2597 2568 2566
f 2597 2566 2599
f 2599 2566 2564
f 2599 2564 2562
f 2558 2598 2560
f 2580 2582 2595
f 2600 2591 2601
f 2601 2591 2581
f 2601 2581 2602
f 2602 2581 1755
f 2602 1755 2603
f 2603 1755 2604
f 2603 2604 2605
f 2605 2604 2606
f 2605 2606 2607
f 2607 2606 1757
f 2607 1757 1759
f 2604 1755 2608
f 2608 1755 1757
f 2608 1757 2606
f 2607 1759 2609
f 2609 1759 1761
f 2609 1761 2610
f 2611 2612 2610
f 2610 2612 2613
f 2610 2613 2614
f 2614 2613 2615
f 2614 2615 2616
f 2616 2615 2617
f 2616 2617 2609
f 2609 2617 2607
f 2611 2618 2612
f 2612 2618 2619
f 2612 2619 2620
f 2620 2619 2600
f 2620 2600 2621
f 2621 2600 2601
f 2621 2601 2602
f 2606 2604 2608
f 2609 2610 2616
f 2616 2610 2614
f 2620 2621 2622
f 2622 2621 2602
f 2622 2602 2603
f 2612 2620 2623
f 2623 2620 2622
f 2623 2622 2624
f 2624 2622 2603
f 2624 2603 2605
f 2624 2615 2623
f 2623 2615 2613
f 2623 2613 2612
f 2615 2624 2617
f 2617 2624 2605
f 2617 2605 2607
f 548 2625 546
f 546 2625 2626
f 546 2626 2627
f 2627 2626 2628
f 2627 2628 2629
f 2629 2628 2630
f 2629 2630 2631
f 2631 2630 2632
f 2631 2632 2633
f 2633 2632 2634
f 2633 2634 2635
f 2635 2634 2636
f 2635 2636 2637
f 2637 2636 2638
f 2637 2638 2639
f 2639 2638 2640
f 2639 2640 2641
f 2641 2640 2642
f 2641 2642 2643
f 2643 2642 2644
f 2643 2644 2645
f 549 2646 548
f 548 2646 2647
f 548 2647 2625
f 2625 2647 2626
f 550 2648 549
f 549 2648 2632
f 549 2632 2630
f 551 2649 550
f 550 2649 2634
f 550 2634 2632
f 552 2650 551
f 551 2650 2634
f 551 2634 2649
f 547 2651 552
f 552 2651 2638
f 552 2638 2636
f 2651 547 2638
f 2638 547 2640
f 2643 2645 2652
f 2652 2645 2653
f 2652 2653 2654
f 2654 2653 2655
f 2654 2655 2656
f 2656 2655 2657
f 2656 2657 2635
f 2635 2657 2633
f 2653 2658 2655
f 2655 2658 2659
f 2655 2659 2657
f 2657 2659 2660
f 2657 2660 2633
f 2633 2660 2631
f 2659 2658 2661
f 2661 2658 2662
f 2661 2662 2663
f 2663 2662 2664
f 2663 2664 2665
f 546 2627 2665
f 2665 2627 2666
f 2665 2666 2663
f 2663 2666 2667
f 2663 2667 2661
f 2661 2667 2660
f 2661 2660 2659
f 2634 2650 2636
f 2636 2650 552
f 550 2632 2648
f 549 2630 2646
f 2646 2630 2628
f 2646 2628 2647
f 2647 2628 2626
f 2637 2639 2668
f 2668 2639 2641
f 2668 2641 2652
f 2652 2641 2643
f 2635 2637 2656
f 2656 2637 2668
f 2656 2668 2654
f 2654 2668 2652
f 2629 2631 2667
f 2667 2631 2660
f 2627 2629 2666
f 2666 2629 2667
f 544 546 2669
f 2669 546 2665
f 2669 2665 2670
f 2670 2665 2671
f 2671 2665 2672
f 2671 2672 1364
f 2665 2664 2672
f 2672 2664 2673
f 1364 1365 2671
f 2671 1365 1366
f 2671 1366 1368
f 553 545 2669
f 2669 545 544
f 555 2674 554
f 554 2674 2675
f 554 2675 2676
f 2676 2675 2677
f 2676 2677 2678
f 2678 2677 2679
f 2678 2679 2680
f 2680 2679 2681
f 2680 2681 2682
f 2682 2681 2683
f 2682 2683 2684
f 2684 2683 2685
f 2684 2685 2686
f 2686 2685 2687
f 2686 2687 2688
f 2688 2687 2689
f 2688 2689 2690
f 2690 2689 2669
f 2690 2669 2691
f 2691 2669 2692
f 2691 2692 2693
f 2693 2692 2694
f 2693 2694 2688
f 2688 2694 2686
f 2674 555 2695
f 2695 555 556
f 2695 556 2696
f 2696 556 557
f 2696 557 2697
f 2697 557 558
f 2697 558 2698
f 2698 558 559
f 2698 559 2699
f 2699 559 2700
f 2699 2700 2701
f 2701 2700 2685
f 2701 2685 2683
f 2700 559 2702
f 2702 559 553
f 2702 553 2703
f 2703 553 2689
f 2703 2689 2687
f 553 2669 2689
f 2692 2704 2694
f 2694 2704 2686
f 2705 2706 2704
f 2704 2706 2684
f 2704 2684 2686
f 2707 2708 2705
f 2705 2708 2682
f 2705 2682 2684
f 2708 2707 2709
f 2709 2707 2710
f 2709 2710 2680
f 2680 2710 2678
f 2678 2710 2711
f 2711 2710 2712
f 2711 2712 2678
f 2678 2712 2676
f 2699 2701 2698
f 2698 2701 2713
f 2698 2713 2697
f 2697 2713 2714
f 2697 2714 2696
f 2696 2714 2715
f 2696 2715 2695
f 2695 2715 2675
f 2695 2675 2674
f 2702 2703 2700
f 2700 2703 2687
f 2700 2687 2685
f 2701 2683 2713
f 2713 2683 2681
f 2713 2681 2714
f 2714 2681 2679
f 2714 2679 2715
f 2715 2679 2677
f 2715 2677 2675
f 2682 2708 2709
f 2705 2684 2706
f 2680 2682 2709
f 2690 2691 2693
f 2690 2693 2688
f 2716 2717 2718
f 2718 2717 2719
f 2718 2719 2720
f 2720 2719 2721
f 2720 2721 2722
f 2722 2721 2723
f 2722 2723 2724
f 2724 2723 2725
f 2724 2725 2726
f 2726 2725 2727
f 2726 2727 2728
f 2728 2727 2729
f 2728 2729 2730
f 2730 2729 2731
f 2730 2731 2732
f 2732 2731 2733
f 2732 2733 2734
f 2734 2733 1380
f 2734 1380 2735
f 2735 1380 1378
f 2735 1378 2734
f 2734 1378 2736
f 2734 2736 2737
f 2737 2736 2738
f 2737 2738 2739
f 2739 2738 1374
f 2739 1374 2740
f 2740 1374 2741
f 2740 2741 1372
f 1372 2741 1374
f 2742 2743 2716
f 2716 2743 2719
f 2716 2719 2717
f 2744 2745 2742
f 2742 2745 2746
f 2742 2746 2743
f 2743 2746 2721
f 2743 2721 2719
f 2745 2744 2747
f 2747 2744 2748
f 2747 2748 2749
f 2749 2748 2750
f 2749 2750 2751
f 2751 2750 2752
f 2751 2752 2731
f 2731 2752 2733
f 1378 1376 2736
f 2736 1376 2738
f 1376 1374 2738
f 1370 2753 1372
f 1372 2753 2754
f 1372 2754 2740
f 2740 2754 2726
f 2740 2726 2728
f 1388 2755 1370
f 1370 2755 2756
f 1370 2756 2753
f 2753 2756 2754
f 2718 2720 1388
f 1388 2720 2757
f 1388 2757 2755
f 2755 2757 2758
f 2755 2758 2756
f 2756 2758 2754
f 2749 2751 2729
f 2729 2751 2731
f 2747 2749 2727
f 2727 2749 2729
f 2745 2747 2725
f 2725 2747 2727
f 2746 2745 2723
f 2723 2745 2725
f 2723 2721 2746
f 2734 2737 2732
f 2732 2737 2730
f 2737 2739 2730
f 2730 2739 2728
f 2739 2740 2728
f 2726 2754 2724
f 2724 2754 2758
f 2724 2758 2722
f 2722 2758 2757
f 2722 2757 2720
f 2718 1388 2759
f 2759 1388 2760
f 2760 1388 2761
f 2760 2761 2762
f 2762 2761 2763
f 2762 2763 2764
f 1388 1389 2761
f 2761 1389 1390
f 2761 1390 1392
f 2761 2765 2763
f 2763 2765 2766
f 2763 2766 2767
f 570 569 2764
f 2764 569 567
f 2764 567 566
f 566 2762 2764
f 1393 2768 1392
f 1392 2768 2769
f 1392 2769 2761
f 2761 2769 2770
f 2761 2770 2771
f 2771 2770 2772
f 2771 2772 2773
f 2773 2772 2774
f 2773 2774 2775
f 2775 2774 2776
f 2775 2776 2777
f 2777 2776 2778
f 2777 2778 2779
f 2779 2778 2780
f 2779 2780 2781
f 2781 2780 2782
f 2781 2782 2783
f 2783 2782 1743
f 2783 1743 1745
f 1737 2784 1393
f 1393 2784 2785
f 1393 2785 2768
f 2768 2785 2769
f 1739 2786 1737
f 1737 2786 2787
f 1737 2787 2788
f 2788 2787 2785
f 2788 2785 2784
f 2786 1739 2789
f 2789 1739 1741
f 2789 1741 2782
f 2782 1741 1743
f 2783 1745 2790
f 2790 1745 2791
f 2790 2791 2792
f 2792 2791 2793
f 2792 2793 2794
f 2794 2793 2795
f 2794 2795 2796
f 2796 2795 2797
f 2796 2797 2798
f 2798 2797 2799
f 2798 2799 2800
f 2800 2799 2777
f 2800 2777 2779
f 2791 2801 2793
f 2793 2801 2802
f 2793 2802 2795
f 2795 2802 2803
f 2803 2802 2801
f 2797 2804 2799
f 2799 2804 2777
f 2777 2804 2775
f 2775 2804 2773
f 2783 2790 2781
f 2781 2790 2805
f 2781 2805 2779
f 2779 2805 2800
f 2789 2782 2780
f 2786 2789 2806
f 2806 2789 2780
f 2806 2780 2778
f 2786 2806 2787
f 2787 2806 2807
f 2787 2807 2808
f 2808 2807 2809
f 2808 2809 2770
f 2770 2809 2772
f 2807 2806 2778
f 2769 2785 2808
f 2808 2785 2787
f 1737 2788 2784
f 2792 2794 2805
f 2805 2794 2800
f 2796 2798 2794
f 2794 2798 2800
f 2807 2778 2776
f 2807 2776 2809
f 2809 2776 2774
f 2809 2774 2772
f 2769 2808 2770
f 2790 2792 2805
f 2810 2801 2811
f 2811 2801 2791
f 2811 2791 2812
f 2812 2791 1745
f 2812 1745 2813
f 2813 1745 2814
f 2813 2814 2815
f 2815 2814 2816
f 2815 2816 2817
f 2817 2816 1747
f 2817 1747 1749
f 2814 1745 2818
f 2818 1745 1747
f 2818 1747 2816
f 2817 1749 2819
f 2819 1749 1751
f 2819 1751 2820
f 2821 2822 2820
f 2820 2822 2823
f 2820 2823 2824
f 2824 2823 2825
f 2824 2825 2826
f 2826 2825 2827
f 2826 2827 2819
f 2819 2827 2817
f 2821 2828 2822
f 2822 2828 2829
f 2822 2829 2830
f 2830 2829 2810
f 2830 2810 2831
f 2831 2810 2811
f 2831 2811 2812
f 2816 2814 2818
f 2819 2820 2826
f 2826 2820 2824
f 2830 2831 2832
f 2832 2831 2812
f 2832 2812 2813
f 2822 2830 2833
f 2833 2830 2832
f 2833 2832 2834
f 2834 2832 2813
f 2834 2813 2815
f 2834 2825 2833
f 2833 2825 2823
f 2833 2823 2822
f 2825 2834 2827
f 2827 2834 2815
f 2827 2815 2817
f 592 2835 590
f 590 2835 2836
f 590 2836 2837
f 2837 2836 2838
f 2837 2838 2839
f 2839 2838 2840
f 2839 2840 2841
f 2841 2840 2842
f 2841 2842 2843
f 2843 2842 2844
f 2843 2844 2845
f 2845 2844 2846
f 2845 2846 2847
f 2847 2846 2848
f 2847 2848 2849
f 2849 2848 2850
f 2849 2850 2851
f 2851 2850 2852
f 2851 2852 2853
f 2853 2852 2854
f 2853 2854 2855
f 593 2856 592
f 592 2856 2857
f 592 2857 2835
f 2835 2857 2836
f 594 2858 593
f 593 2858 2842
f 593 2842 2840
f 595 2859 594
f 594 2859 2844
f 594 2844 2842
f 596 2860 595
f 595 2860 2844
f 595 2844 2859
f 591 2861 596
f 596 2861 2848
f 596 2848 2846
f 2861 591 2848
f 2848 591 2850
f 2853 2855 2862
f 2862 2855 2863
f 2862 2863 2864
f 2864 2863 2865
f 2864 2865 2866
f 2866 2865 2867
f 2866 2867 2845
f 2845 2867 2843
f 2863 2868 2865
f 2865 2868 2869
f 2865 2869 2867
f 2867 2869 2870
f 2867 2870 2843
f 2843 2870 2841
f 2869 2868 2871
f 2871 2868 2872
f 2871 2872 2873
f 2873 2872 2874
f 2873 2874 2875
f 590 2837 2875
f 2875 2837 2876
f 2875 2876 2873
f 2873 2876 2877
f 2873 2877 2871
f 2871 2877 2870
f 2871 2870 2869
f 2844 2860 2846
f 2846 2860 596
f 594 2842 2858
f 593 2840 2856
f 2856 2840 2838
f 2856 2838 2857
f 2857 2838 2836
f 2847 2849 2878
f 2878 2849 2851
f 2878 2851 2862
f 2862 2851 2853
f 2845 2847 2866
f 2866 2847 2878
f 2866 2878 2864
f 2864 2878 2862
f 2839 2841 2877
f 2877 2841 2870
f 2837 2839 2876
f 2876 2839 2877
f 588 590 2879
f 2879 590 2875
f 2879 2875 2880
f 2880 2875 2881
f 2881 2875 2882
f 2881 2882 1396
f 2875 2874 2882
f 2882 2874 2883
f 2882 2883 2884
f 1396 1397 2881
f 2881 1397 1399
f 2881 1399 1400
f 597 589 2879
f 2879 589 588
f 599 2885 598
f 598 2885 2886
f 598 2886 2887
f 2887 2886 2888
f 2887 2888 2889
f 2889 2888 2890
f 2889 2890 2891
f 2891 2890 2892
f 2891 2892 2893
f 2893 2892 2894
f 2893 2894 2895
f 2895 2894 2896
f 2895 2896 2897
f 2897 2896 2898
f 2897 2898 2899
f 2899 2898 2900
f 2899 2900 2901
f 2901 2900 2879
f 2901 2879 2902
f 2902 2879 2903
f 2902 2903 2904
f 2904 2903 2905
f 2904 2905 2899
f 2899 2905 2897
f 2885 599 2906
f 2906 599 600
f 2906 600 2907
f 2907 600 601
f 2907 601 2908
f 2908 601 602
f 2908 602 2909
f 2909 602 603
f 2909 603 2910
f 2910 603 2911
f 2910 2911 2912
f 2912 2911 2896
f 2912 2896 2894
f 2911 603 2913
f 2913 603 597
f 2913 597 2914
f 2914 597 2900
f 2914 2900 2898
f 597 2879 2900
f 2903 2915 2905
f 2905 2915 2897
f 2916 2917 2915
f 2915 2917 2895
f 2915 2895 2897
f 2918 2919 2916
f 2916 2919 2893
f 2916 2893 2895
f 2919 2918 2920
f 2920 2918 2921
f 2920 2921 2891
f 2891 2921 2889
f 2889 2921 2922
f 2922 2921 2923
f 2922 2923 2889
f 2889 2923 2887
f 2910 2912 2909
f 2909 2912 2924
f 2909 2924 2908
f 2908 2924 2925
f 2908 2925 2907
f 2907 2925 2926
f 2907 2926 2906
f 2906 2926 2886
f 2906 2886 2885
f 2913 2914 2911
f 2911 2914 2898
f 2911 2898 2896
f 2912 2894 2924
f 2924 2894 2892
f 2924 2892 2925
f 2925 2892 2890
f 2925 2890 2926
f 2926 2890 2888
f 2926 2888 2886
f 2893 2919 2920
f 2916 2895 2917
f 2891 2893 2920
f 2901 2902 2904
f 2901 2904 2899
f 2927 2928 2929
f 2929 2928 2930
f 2929 2930 2931
f 2931 2930 2932
f 2931 2932 2933
f 2933 2932 2934
f 2933 2934 2935
f 2935 2934 2936
f 2935 2936 2937
f 2937 2936 2938
f 2937 2938 2939
f 2939 2938 2940
f 2939 2940 2941
f 2941 2940 2942
f 2941 2942 2943
f 2943 2942 2944
f 2943 2944 2945
f 2945 2944 1733
f 2945 1733 2946
f 2946 1733 1728
f 2946 1728 2945
f 2945 1728 2947
f 2945 2947 2948
f 2948 2947 2949
f 2948 2949 2950
f 2950 2949 1724
f 2950 1724 2951
f 2951 1724 2952
f 2951 2952 1722
f 1722 2952 1724
f 2953 2954 2927
f 2927 2954 2930
f 2927 2930 2928
f 2955 2956 2953
f 2953 2956 2957
f 2953 2957 2954
f 2954 2957 2932
f 2954 2932 2930
f 2956 2955 2958
f 2958 2955 2959
f 2958 2959 2960
f 2960 2959 2961
f 2960 2961 2962
f 2962 2961 2963
f 2962 2963 2942
f 2942 2963 2944
f 1728 1726 2947
f 2947 1726 2949
f 1726 1724 2949
f 1403 2964 1722
f 1722 2964 2965
f 1722 2965 2951
f 2951 2965 2937
f 2951 2937 2939
f 1404 2966 1403
f 1403 2966 2967
f 1403 2967 2964
f 2964 2967 2965
f 2929 2931 1404
f 1404 2931 2968
f 1404 2968 2966
f 2966 2968 2969
f 2966 2969 2967
f 2967 2969 2965
f 2960 2962 2940
f 2940 2962 2942
f 2958 2960 2938
f 2938 2960 2940
f 2956 2958 2936
f 2936 2958 2938
f 2957 2956 2934
f 2934 2956 2936
f 2934 2932 2957
f 2945 2948 2943
f 2943 2948 2941
f 2948 2950 2941
f 2941 2950 2939
f 2950 2951 2939
f 2937 2965 2935
f 2935 2965 2969
f 2935 2969 2933
f 2933 2969 2968
f 2933 2968 2931
f 2929 1404 2970
f 2970 1404 2971
f 2971 1404 2972
f 2971 2972 2973
f 2973 2972 2974
f 2973 2974 2975
f 1404 1406 2972
f 2972 1406 1500
f 2972 1500 1502
f 2972 2976 2974
f 2974 2976 2977
f 2974 2977 2978
f 621 620 2975
f 2975 620 612
f 2975 612 613
f 613 2973 2975
f 1720 2979 1502
f 1502 2979 2980
f 1502 2980 2972
f 2972 2980 2981
f 2972 2981 2982
f 2982 2981 2983
f 2982 2983 2984
f 2984 2983 2985
f 2984 2985 2986
f 2986 2985 2987
f 2986 2987 2988
f 2988 2987 2989
f 2988 2989 2990
f 2990 2989 2991
f 2990 2991 2992
f 2992 2991 2993
f 2992 2993 2994
f 2994 2993 1708
f 2994 1708 1711
f 1719 2995 1720
f 1720 2995 2996
f 1720 2996 2979
f 2979 2996 2980
f 1710 2997 1719
f 1719 2997 2998
f 1719 2998 2999
f 2999 2998 2996
f 2999 2996 2995
f 2997 1710 3000
f 3000 1710 1709
f 3000 1709 2993
f 2993 1709 1708
f 2994 1711 3001
f 3001 1711 3002
f 3001 3002 3003
f 3003 3002 3004
f 3003 3004 3005
f 3005 3004 3006
f 3005 3006 3007
f 3007 3006 3008
f 3007 3008 3009
f 3009 3008 3010
f 3009 3010 3011
f 3011 3010 2988
f 3011 2988 2990
f 3002 3012 3004
f 3004 3012 3013
f 3004 3013 3006
f 3006 3013 3014
f 3014 3013 3012
f 3008 3015 3010
f 3010 3015 2988
f 2988 3015 2986
f 2986 3015 2984
f 2994 3001 2992
f 2992 3001 3016
f 2992 3016 2990
f 2990 3016 3011
f 3000 2993 2991
f 2997 3000 3017
f 3017 3000 2991
f 3017 2991 2989
f 2997 3017 2998
f 2998 3017 3018
f 2998 3018 3019
f 3019 3018 3020
f 3019 3020 2981
f 2981 3020 2983
f 3018 3017 2989
f 2980 2996 3019
f 3019 2996 2998
f 1719 2999 2995
f 3003 3005 3016
f 3016 3005 3011
f 3007 3009 3005
f 3005 3009 3011
f 3018 2989 2987
f 3018 2987 3020
f 3020 2987 2985
f 3020 2985 2983
f 2980 3019 2981
f 3001 3003 3016
f 3021 3012 3022
f 3022 3012 3002
f 3022 3002 3023
f 3023 3002 1711
f 3023 1711 3024
f 3024 1711 3025
f 3024 3025 3026
f 3026 3025 3027
f 3026 3027 3028
f 3028 3027 1713
f 3028 1713 1715
f 3025 1711 3029
f 3029 1711 1713
f 3029 1713 3027
f 3028 1715 3030
f 3030 1715 1717
f 3030 1717 3031
f 3032 3033 3031
f 3031 3033 3034
f 3031 3034 3035
f 3035 3034 3036
f 3035 3036 3037
f 3037 3036 3038
f 3037 3038 3030
f 3030 3038 3028
f 3032 3039 3033
f 3033 3039 3040
f 3033 3040 3041
f 3041 3040 3021
f 3041 3021 3042
f 3042 3021 3022
f 3042 3022 3023
f 3027 3025 3029
f 3030 3031 3037
f 3037 3031 3035
f 3041 3042 3043
f 3043 3042 3023
f 3043 3023 3024
f 3033 3041 3044
f 3044 3041 3043
f 3044 3043 3045
f 3045 3043 3024
f 3045 3024 3026
f 3045 3036 3044
f 3044 3036 3034
f 3044 3034 3033
f 3036 3045 3038
f 3038 3045 3026
f 3038 3026 3028
f 1182 3046 1180
f 1180 3046 3047
f 1180 3047 3048
f 3048 3047 3049
f 3048 3049 3050
f 3050 3049 3051
f 3050 3051 3052
f 3052 3051 3053
f 3052 3053 3054
f 3054 3053 3055
f 3054 3055 3056
f 3056 3055 3057
f 3056 3057 3058
f 3058 3057 3059
f 3058 3059 3060
f 3060 3059 3061
f 3060 3061 3062
f 3062 3061 3063
f 3062 3063 3064
f 3064 3063 3065
f 3064 3065 3066
f 3066 3065 3067
f 3066 3067 3060
f 3060 3067 3058
f 3046 1182 3068
f 3068 1182 1183
f 3068 1183 3069
f 3069 1183 1184
f 3069 1184 3070
f 3070 1184 1185
f 3070 1185 3071
f 3071 1185 1181
f 3071 1181 3072
f 3072 1181 3073
f 3072 3073 3074
f 3074 3073 3057
f 3074 3057 3055
f 3073 1181 3075
f 3075 1181 1179
f 3075 1179 3076
f 3076 1179 3061
f 3076 3061 3059
f 1179 3063 3061
f 3065 3077 3067
f 3067 3077 3058
f 3078 3079 3077
f 3077 3079 3056
f 3077 3056 3058
f 3080 3081 3078
f 3078 3081 3054
f 3078 3054 3056
f 3081 3080 3082
f 3082 3080 3083
f 3082 3083 3052
f 3052 3083 3050
f 3050 3083 3084
f 3084 3083 3085
f 3084 3085 3050
f 3050 3085 3048
f 3072 3074 3071
f 3071 3074 3086
f 3071 3086 3070
f 3070 3086 3087
f 3070 3087 3069
f 3069 3087 3088
f 3069 3088 3068
f 3068 3088 3047
f 3068 3047 3046
f 3075 3076 3073
f 3073 3076 3059
f 3073 3059 3057
f 3074 3055 3086
f 3086 3055 3053
f 3086 3053 3087
f 3087 3053 3051
f 3087 3051 3088
f 3088 3051 3049
f 3088 3049 3047
f 3054 3081 3082
f 3078 3056 3079
f 3052 3054 3082
f 3062 3064 3066
f 3062 3066 3060
f 1179 1171 3063
f 3063 1171 1170
f 3063 1170 1172
f 1172 3089 3063
f 3063 3089 3090
f 3090 3089 3091
f 3090 3091 1850
f 3089 3092 3091
f 3091 3092 3093
f 1850 1849 3090
f 3090 1849 1830
f 3090 1830 1829
f 1174 3094 1172
f 1172 3094 3095
f 1172 3095 3096
f 3096 3095 3097
f 3096 3097 3098
f 3098 3097 3099
f 3098 3099 3100
f 3100 3099 3101
f 3100 3101 3102
f 3102 3101 3103
f 3102 3103 3104
f 3104 3103 3105
f 3104 3105 3106
f 3106 3105 3107
f 3106 3107 3108
f 3108 3107 3109
f 3108 3109 3110
f 3110 3109 3111
f 3110 3111 3112
f 3112 3111 3113
f 3112 3113 3114
f 1175 3115 1174
f 1174 3115 3116
f 1174 3116 3094
f 3094 3116 3095
f 1176 3117 1175
f 1175 3117 3101
f 1175 3101 3099
f 1177 3118 1176
f 1176 3118 3103
f 1176 3103 3101
f 1178 3119 1177
f 1177 3119 3103
f 1177 3103 3118
f 1173 3120 1178
f 1178 3120 3107
f 1178 3107 3105
f 3120 1173 3107
f 3107 1173 3109
f 3112 3114 3121
f 3121 3114 3122
f 3121 3122 3123
f 3123 3122 3124
f 3123 3124 3125
f 3125 3124 3126
f 3125 3126 3104
f 3104 3126 3102
f 3122 3127 3124
f 3124 3127 3128
f 3124 3128 3126
f 3126 3128 3129
f 3126 3129 3102
f 3102 3129 3100
f 3128 3127 3130
f 3130 3127 3131
f 3130 3131 3132
f 3132 3131 3092
f 3132 3092 3089
f 1172 3096 3089
f 3089 3096 3133
f 3089 3133 3132
f 3132 3133 3134
f 3132 3134 3130
f 3130 3134 3129
f 3130 3129 3128
f 3103 3119 3105
f 3105 3119 1178
f 1176 3101 3117
f 1175 3099 3115
f 3115 3099 3097
f 3115 3097 3116
f 3116 3097 3095
f 3106 3108 3135
f 3135 3108 3110
f 3135 3110 3121
f 3121 3110 3112
f 3104 3106 3125
f 3125 3106 3135
f 3125 3135 3123
f 3123 3135 3121
f 3098 3100 3134
f 3134 3100 3129
f 3096 3098 3133
f 3133 3098 3134
f 3109 3136 3111
f 3111 3136 3137
f 3111 3137 3138
f 3138 3137 3139
f 3138 3139 3140
f 3140 3139 3141
f 3141 3139 3142
f 3141 3142 3143
f 3136 3109 3144
f 3144 3109 1173
f 3144 1173 1168
f 3144 1168 3145
f 3145 1168 1166
f 3145 1166 3146
f 3146 1166 1165
f 3146 1165 3142
f 3142 3139 3146
f 3146 3139 3137
f 3146 3137 3145
f 3145 3137 3136
f 3145 3136 3144
f 1854 3147 1855
f 1855 3147 3148
f 1855 3148 3149
f 3149 3148 3150
f 3149 3150 3151
f 3151 3150 3152
f 3151 3152 3153
f 3153 3152 3154
f 3153 3154 3155
f 3155 3154 3156
f 3155 3156 3157
f 3157 3156 3158
f 3157 3158 3159
f 3159 3158 3160
f 3159 3160 3161
f 3161 3160 3162
f 3161 3162 3163
f 3163 3162 1862
f 3163 1862 1864
f 1853 3164 1854
f 1854 3164 3165
f 1854 3165 3147
f 3147 3165 3148
f 1858 3166 1853
f 1853 3166 3167
f 1853 3167 3168
f 3168 3167 3165
f 3168 3165 3164
f 3166 1858 3169
f 3169 1858 1860
f 3169 1860 3162
f 3162 1860 1862
f 3163 1864 3170
f 3170 1864 3171
f 3170 3171 3172
f 3172 3171 3173
f 3172 3173 3174
f 3174 3173 3175
f 3174 3175 3176
f 3176 3175 3177
f 3176 3177 3178
f 3178 3177 3179
f 3178 3179 3180
f 3180 3179 3157
f 3180 3157 3159
f 3171 3181 3173
f 3173 3181 3182
f 3173 3182 3183
f 3183 3182 3184
f 3183 3184 3175
f 3177 3185 3179
f 3179 3185 3157
f 3157 3185 3155
f 3155 3185 3153
f 3175 3173 3183
f 3163 3170 3161
f 3161 3170 3186
f 3161 3186 3159
f 3159 3186 3180
f 3169 3162 3160
f 3166 3169 3187
f 3187 3169 3160
f 3187 3160 3158
f 3166 3187 3167
f 3167 3187 3188
f 3167 3188 3189
f 3189 3188 3190
f 3189 3190 3150
f 3150 3190 3152
f 3188 3187 3158
f 3148 3165 3189
f 3189 3165 3167
f 1853 3168 3164
f 3172 3174 3186
f 3186 3174 3180
f 3176 3178 3174
f 3174 3178 3180
f 3188 3158 3156
f 3188 3156 3190
f 3190 3156 3154
f 3190 3154 3152
f 3148 3189 3150
f 3170 3172 3186
f 3191 3181 3192
f 3192 3181 3171
f 3192 3171 3193
f 3193 3171 1864
f 3193 1864 3194
f 3194 1864 3195
f 3194 3195 3196
f 3196 3195 3197
f 3196 3197 3198
f 3198 3197 1866
f 3198 1866 1868
f 3195 1864 3199
f 3199 1864 1866
f 3199 1866 3197
f 3198 1868 3200
f 3200 1868 1870
f 3200 1870 3201
f 3202 3203 3201
f 3201 3203 3204
f 3201 3204 3205
f 3205 3204 3206
f 3205 3206 3207
f 3207 3206 3208
f 3207 3208 3200
f 3200 3208 3198
f 3202 3209 3203
f 3203 3209 3210
f 3203 3210 3211
f 3211 3210 3191
f 3211 3191 3212
f 3212 3191 3192
f 3212 3192 3193
f 3197 3195 3199
f 3200 3201 3207
f 3207 3201 3205
f 3211 3212 3213
f 3213 3212 3193
f 3213 3193 3194
f 3203 3211 3214
f 3214 3211 3213
f 3214 3213 3215
f 3215 3213 3194
f 3215 3194 3196
f 3215 3206 3214
f 3214 3206 3204
f 3214 3204 3203
f 3206 3215 3208
f 3208 3215 3196
f 3208 3196 3198
f 1151 3216 1149
f 1149 3216 3217
f 1149 3217 3218
f 3218 3217 3219
f 3218 3219 3220
f 3220 3219 3221
f 3220 3221 3222
f 3222 3221 3223
f 3222 3223 3224
f 3224 3223 3225
f 3224 3225 3226
f 3226 3225 3227
f 3226 3227 3228
f 3228 3227 3229
f 3228 3229 3230
f 3230 3229 3231
f 3230 3231 3232
f 3232 3231 3233
f 3232 3233 3234
f 3234 3233 3235
f 3234 3235 3236
f 1152 3237 1151
f 1151 3237 3238
f 1151 3238 3216
f 3216 3238 3217
f 1153 3239 1152
f 1152 3239 3223
f 1152 3223 3221
f 1154 3240 1153
f 1153 3240 3225
f 1153 3225 3223
f 1155 3241 1154
f 1154 3241 3225
f 1154 3225 3240
f 1150 3242 1155
f 1155 3242 3229
f 1155 3229 3227
f 3242 1150 3229
f 3229 1150 3231
f 3234 3236 3243
f 3243 3236 3244
f 3243 3244 3245
f 3245 3244 3246
f 3245 3246 3247
f 3247 3246 3248
f 3247 3248 3226
f 3226 3248 3224
f 3244 3249 3246
f 3246 3249 3250
f 3246 3250 3248
f 3248 3250 3251
f 3248 3251 3224
f 3224 3251 3222
f 3250 3249 3252
f 3252 3249 3253
f 3252 3253 3254
f 3254 3253 3255
f 3254 3255 3256
f 1149 3218 3256
f 3256 3218 3257
f 3256 3257 3254
f 3254 3257 3258
f 3254 3258 3252
f 3252 3258 3251
f 3252 3251 3250
f 3225 3241 3227
f 3227 3241 1155
f 1153 3223 3239
f 1152 3221 3237
f 3237 3221 3219
f 3237 3219 3238
f 3238 3219 3217
f 3228 3230 3259
f 3259 3230 3232
f 3259 3232 3243
f 3243 3232 3234
f 3226 3228 3247
f 3247 3228 3259
f 3247 3259 3245
f 3245 3259 3243
f 3220 3222 3258
f 3258 3222 3251
f 3218 3220 3257
f 3257 3220 3258
f 3231 3260 3233
f 3233 3260 3261
f 3233 3261 3262
f 3262 3261 3263
f 3262 3263 3264
f 3264 3263 3265
f 3265 3263 3266
f 3265 3266 3267
f 3260 3231 3268
f 3268 3231 1150
f 3268 1150 1145
f 3268 1145 3269
f 3269 1145 1144
f 3269 1144 3270
f 3270 1144 1143
f 3270 1143 3266
f 3266 3263 3270
f 3270 3263 3261
f 3270 3261 3269
f 3269 3261 3260
f 3269 3260 3268
f 1876 3271 1877
f 1877 3271 3272
f 1877 3272 3273
f 3273 3272 3274
f 3273 3274 3275
f 3275 3274 3276
f 3275 3276 3277
f 3277 3276 3278
f 3277 3278 3279
f 3279 3278 3280
f 3279 3280 3281
f 3281 3280 3282
f 3281 3282 3283
f 3283 3282 3284
f 3283 3284 3285
f 3285 3284 3286
f 3285 3286 3287
f 3287 3286 1884
f 3287 1884 1886
f 1875 3288 1876
f 1876 3288 3289
f 1876 3289 3271
f 3271 3289 3272
f 1880 3290 1875
f 1875 3290 3291
f 1875 3291 3292
f 3292 3291 3289
f 3292 3289 3288
f 3290 1880 3293
f 3293 1880 1882
f 3293 1882 3286
f 3286 1882 1884
f 3287 1886 3294
f 3294 1886 3295
f 3294 3295 3296
f 3296 3295 3297
f 3296 3297 3298
f 3298 3297 3299
f 3298 3299 3300
f 3300 3299 3301
f 3300 3301 3302
f 3302 3301 3303
f 3302 3303 3304
f 3304 3303 3281
f 3304 3281 3283
f 3295 3305 3297
f 3297 3305 3306
f 3297 3306 3299
f 3299 3306 3307
f 3307 3306 3305
f 3301 3308 3303
f 3303 3308 3281
f 3281 3308 3279
f 3279 3308 3277
f 3287 3294 3285
f 3285 3294 3309
f 3285 3309 3283
f 3283 3309 3304
f 3293 3286 3284
f 3290 3293 3310
f 3310 3293 3284
f 3310 3284 3282
f 3290 3310 3291
f 3291 3310 3311
f 3291 3311 3312
f 3312 3311 3313
f 3312 3313 3274
f 3274 3313 3276
f 3311 3310 3282
f 3272 3289 3312
f 3312 3289 3291
f 1875 3292 3288
f 3296 3298 3309
f 3309 3298 3304
f 3300 3302 3298
f 3298 3302 3304
f 3311 3282 3280
f 3311 3280 3313
f 3313 3280 3278
f 3313 3278 3276
f 3272 3312 3274
f 3294 3296 3309
f 3314 3305 3315
f 3315 3305 3295
f 3315 3295 3316
f 3316 3295 1886
f 3316 1886 3317
f 3317 1886 3318
f 3317 3318 3319
f 3319 3318 3320
f 3319 3320 3321
f 3321 3320 1888
f 3321 1888 1890
f 3318 1886 3322
f 3322 1886 1888
f 3322 1888 3320
f 3321 1890 3323
f 3323 1890 1892
f 3323 1892 3324
f 3325 3326 3324
f 3324 3326 3327
f 3324 3327 3328
f 3328 3327 3329
f 3328 3329 3330
f 3330 3329 3331
f 3330 3331 3323
f 3323 3331 3321
f 3325 3332 3326
f 3326 3332 3333
f 3326 3333 3334
f 3334 3333 3314
f 3334 3314 3335
f 3335 3314 3315
f 3335 3315 3316
f 3320 3318 3322
f 3323 3324 3330
f 3330 3324 3328
f 3334 3335 3336
f 3336 3335 3316
f 3336 3316 3317
f 3326 3334 3337
f 3337 3334 3336
f 3337 3336 3338
f 3338 3336 3317
f 3338 3317 3319
f 3338 3329 3337
f 3337 3329 3327
f 3337 3327 3326
f 3329 3338 3331
f 3331 3338 3319
f 3331 3319 3321
f 1134 3339 1125
f 1125 3339 3340
f 1125 3340 3341
f 3341 3340 3342
f 3341 3342 3343
f 3343 3342 3344
f 3343 3344 3345
f 3345 3344 3346
f 3345 3346 3347
f 3347 3346 3348
f 3347 3348 3349
f 3349 3348 3350
f 3349 3350 3351
f 3351 3350 3352
f 3351 3352 3353
f 3353 3352 3354
f 3353 3354 3355
f 3355 3354 3356
f 3355 3356 3357
f 3357 3356 3358
f 3357 3358 3359
f 1133 3360 1134
f 1134 3360 3361
f 1134 3361 3339
f 3339 3361 3340
f 1132 3362 1133
f 1133 3362 3346
f 1133 3346 3344
f 1131 3363 1132
f 1132 3363 3348
f 1132 3348 3346
f 1130 3364 1131
f 1131 3364 3348
f 1131 3348 3363
f 1124 3365 1130
f 1130 3365 3352
f 1130 3352 3350
f 3365 1124 3352
f 3352 1124 3354
f 3357 3359 3366
f 3366 3359 3367
f 3366 3367 3368
f 3368 3367 3369
f 3368 3369 3370
f 3370 3369 3371
f 3370 3371 3349
f 3349 3371 3347
f 3367 3372 3369
f 3369 3372 3373
f 3369 3373 3371
f 3371 3373 3374
f 3371 3374 3347
f 3347 3374 3345
f 3373 3372 3375
f 3375 3372 3376
f 3375 3376 3377
f 3377 3376 3378
f 3377 3378 3379
f 1125 3341 3379
f 3379 3341 3380
f 3379 3380 3377
f 3377 3380 3381
f 3377 3381 3375
f 3375 3381 3374
f 3375 3374 3373
f 3348 3364 3350
f 3350 3364 1130
f 1132 3346 3362
f 1133 3344 3360
f 3360 3344 3342
f 3360 3342 3361
f 3361 3342 3340
f 3351 3353 3382
f 3382 3353 3355
f 3382 3355 3366
f 3366 3355 3357
f 3349 3351 3370
f 3370 3351 3382
f 3370 3382 3368
f 3368 3382 3366
f 3343 3345 3381
f 3381 3345 3374
f 3341 3343 3380
f 3380 3343 3381
f 3354 3383 3356
f 3356 3383 3384
f 3356 3384 3385
f 3385 3384 3386
f 3385 3386 3387
f 3387 3386 3388
f 3388 3386 3389
f 3388 3389 3390
f 3383 3354 3391
f 3391 3354 1124
f 3391 1124 1123
f 3391 1123 3392
f 3392 1123 1122
f 3392 1122 3393
f 3393 1122 1121
f 3393 1121 3389
f 3389 3386 3393
f 3393 3386 3384
f 3393 3384 3392
f 3392 3384 3383
f 3392 3383 3391
f 1118 3394 1113
f 1113 3394 3395
f 1113 3395 3396
f 3396 3395 3397
f 3396 3397 3398
f 3398 3397 3399
f 3398 3399 3400
f 3400 3399 3401
f 3400 3401 3402
f 3402 3401 3403
f 3402 3403 3404
f 3404 3403 3405
f 3404 3405 3406
f 3406 3405 3407
f 3406 3407 3408
f 3408 3407 3409
f 3408 3409 3410
f 3410 3409 3411
f 3410 3411 3412
f 3412 3411 3413
f 3412 3413 3414
f 3414 3413 3415
f 3414 3415 3408
f 3408 3415 3406
f 3394 1118 3416
f 3416 1118 1117
f 3416 1117 3417
f 3417 1117 1116
f 3417 1116 3418
f 3418 1116 1115
f 3418 1115 3419
f 3419 1115 1114
f 3419 1114 3420
f 3420 1114 3421
f 3420 3421 3422
f 3422 3421 3405
f 3422 3405 3403
f 3421 1114 3423
f 3423 1114 1112
f 3423 1112 3424
f 3424 1112 3409
f 3424 3409 3407
f 1112 3411 3409
f 3413 3425 3415
f 3415 3425 3406
f 3426 3427 3425
f 3425 3427 3404
f 3425 3404 3406
f 3428 3429 3426
f 3426 3429 3402
f 3426 3402 3404
f 3429 3428 3430
f 3430 3428 3431
f 3430 3431 3400
f 3400 3431 3398
f 3398 3431 3432
f 3432 3431 3433
f 3432 3433 3398
f 3398 3433 3396
f 3420 3422 3419
f 3419 3422 3434
f 3419 3434 3418
f 3418 3434 3435
f 3418 3435 3417
f 3417 3435 3436
f 3417 3436 3416
f 3416 3436 3395
f 3416 3395 3394
f 3423 3424 3421
f 3421 3424 3407
f 3421 3407 3405
f 3422 3403 3434
f 3434 3403 3401
f 3434 3401 3435
f 3435 3401 3399
f 3435 3399 3436
f 3436 3399 3397
f 3436 3397 3395
f 3402 3429 3430
f 3426 3404 3427
f 3400 3402 3430
f 3410 3412 3414
f 3410 3414 3408
f 3437 3433 3438
f 3438 3433 3431
f 3438 3431 3439
f 3439 3431 3428
f 3439 3428 3440
f 3440 3428 3426
f 3440 3426 3441
f 3441 3426 3425
f 3441 3425 3442
f 3442 3425 3413
f 3442 3413 3443
f 3443 3413 3411
f 3443 3411 3444
f 3438 3445 3437
f 3437 3445 3446
f 3437 3446 3447
f 3447 3446 3448
f 3447 3448 3449
f 3449 3448 3450
f 3449 3450 3451
f 3449 3451 3452
f 3452 3451 3453
f 3452 3453 3454
f 1112 1104 3411
f 3411 1104 1103
f 3411 1103 1105
f 1105 3455 3411
f 3411 3455 3444
f 3444 3455 3456
f 3444 3456 1310
f 1310 3456 3457
f 1310 1309 3444
f 3444 1309 1900
f 3444 1900 1899
f 3458 3459 3457
f 3457 3459 3460
f 3457 3460 3461
f 3461 3460 3462
f 3461 3462 3463
f 3463 3462 3464
f 3463 3464 3465
f 3465 3464 3466
f 3465 3466 3467
f 3467 3466 3468
f 3467 3468 3469
f 3469 3468 3470
f 3469 3470 3471
f 3471 3470 3472
f 3471 3472 3473
f 3473 3472 3474
f 3473 3474 3475
f 3475 3474 1924
f 3475 1924 3476
f 3476 1924 1922
f 3476 1922 3475
f 3475 1922 3477
f 3475 3477 3478
f 3478 3477 3479
f 3478 3479 3480
f 3480 3479 1918
f 3480 1918 3481
f 3481 1918 3482
f 3481 3482 1915
f 1915 3482 1918
f 3483 3484 3458
f 3458 3484 3460
f 3458 3460 3459
f 3485 3486 3483
f 3483 3486 3487
f 3483 3487 3484
f 3484 3487 3462
f 3484 3462 3460
f 3486 3485 3488
f 3488 3485 3489
f 3488 3489 3490
f 3490 3489 3491
f 3490 3491 3492
f 3492 3491 3493
f 3492 3493 3472
f 3472 3493 3474
f 1922 1920 3477
f 3477 1920 3479
f 1920 1918 3479
f 1311 3494 1915
f 1915 3494 3495
f 1915 3495 3481
f 3481 3495 3467
f 3481 3467 3469
f 1310 3496 1311
f 1311 3496 3497
f 1311 3497 3494
f 3494 3497 3495
f 3457 3461 1310
f 1310 3461 3498
f 1310 3498 3496
f 3496 3498 3499
f 3496 3499 3497
f 3497 3499 3495
f 3490 3492 3470
f 3470 3492 3472
f 3488 3490 3468
f 3468 3490 3470
f 3486 3488 3466
f 3466 3488 3468
f 3487 3486 3464
f 3464 3486 3466
f 3464 3462 3487
f 3475 3478 3473
f 3473 3478 3471
f 3478 3480 3471
f 3471 3480 3469
f 3480 3481 3469
f 3467 3495 3465
f 3465 3495 3499
f 3465 3499 3463
f 3463 3499 3498
f 3463 3498 3461
f 1096 3500 1091
f 1091 3500 3501
f 1091 3501 3502
f 3502 3501 3503
f 3502 3503 3504
f 3504 3503 3505
f 3504 3505 3506
f 3506 3505 3507
f 3506 3507 3508
f 3508 3507 3509
f 3508 3509 3510
f 3510 3509 3511
f 3510 3511 3512
f 3512 3511 3513
f 3512 3513 3514
f 3514 3513 3515
f 3514 3515 3516
f 3516 3515 3517
f 3516 3517 3518
f 3518 3517 3519
f 3518 3519 3520
f 3520 3519 3521
f 3520 3521 3514
f 3514 3521 3512
f 3500 1096 3522
f 3522 1096 1095
f 3522 1095 3523
f 3523 1095 1094
f 3523 1094 3524
f 3524 1094 1093
f 3524 1093 3525
f 3525 1093 1092
f 3525 1092 3526
f 3526 1092 3527
f 3526 3527 3528
f 3528 3527 3511
f 3528 3511 3509
f 3527 1092 3529
f 3529 1092 1082
f 3529 1082 3530
f 3530 1082 3515
f 3530 3515 3513
f 1082 3517 3515
f 3519 3531 3521
f 3521 3531 3512
f 3532 3533 3531
f 3531 3533 3510
f 3531 3510 3512
f 3534 3535 3532
f 3532 3535 3508
f 3532 3508 3510
f 3535 3534 3536
f 3536 3534 3537
f 3536 3537 3506
f 3506 3537 3504
f 3504 3537 3538
f 3538 3537 3539
f 3538 3539 3504
f 3504 3539 3502
f 3526 3528 3525
f 3525 3528 3540
f 3525 3540 3524
f 3524 3540 3541
f 3524 3541 3523
f 3523 3541 3542
f 3523 3542 3522
f 3522 3542 3501
f 3522 3501 3500
f 3529 3530 3527
f 3527 3530 3513
f 3527 3513 3511
f 3528 3509 3540
f 3540 3509 3507
f 3540 3507 3541
f 3541 3507 3505
f 3541 3505 3542
f 3542 3505 3503
f 3542 3503 3501
f 3508 3535 3536
f 3532 3510 3533
f 3506 3508 3536
f 3516 3518 3520
f 3516 3520 3514
f 3543 3539 3544
f 3544 3539 3537
f 3544 3537 3545
f 3545 3537 3534
f 3545 3534 3546
f 3546 3534 3532
f 3546 3532 3547
f 3547 3532 3531
f 3547 3531 3548
f 3548 3531 3519
f 3548 3519 3549
f 3549 3519 3517
f 3549 3517 3550
f 3544 3551 3543
f 3543 3551 3552
f 3543 3552 3553
f 3553 3552 3554
f 3553 3554 3555
f 3555 3554 3556
f 3555 3556 3557
f 3555 3557 3558
f 3558 3557 3559
f 3558 3559 3560
f 1082 1081 3517
f 3517 1081 1085
f 3517 1085 1084
f 1084 3561 3517
f 3517 3561 3550
f 3550 3561 3562
f 3550 3562 1303
f 1303 3562 3563
f 1303 1302 3550
f 3550 1302 1307
f 3550 1307 1306
f 3564 3565 3563
f 3563 3565 3566
f 3563 3566 3567
f 3567 3566 3568
f 3567 3568 3569
f 3569 3568 3570
f 3569 3570 3571
f 3571 3570 3572
f 3571 3572 3573
f 3573 3572 3574
f 3573 3574 3575
f 3575 3574 3576
f 3575 3576 3577
f 3577 3576 3578
f 3577 3578 3579
f 3579 3578 3580
f 3579 3580 3581
f 3581 3580 1940
f 3581 1940 3582
f 3582 1940 1938
f 3582 1938 3581
f 3581 1938 3583
f 3581 3583 3584
f 3584 3583 3585
f 3584 3585 3586
f 3586 3585 1934
f 3586 1934 3587
f 3587 1934 3588
f 3587 3588 1932
f 1932 3588 1934
f 3589 3590 3564
f 3564 3590 3566
f 3564 3566 3565
f 3591 3592 3589
f 3589 3592 3593
f 3589 3593 3590
f 3590 3593 3568
f 3590 3568 3566
f 3592 3591 3594
f 3594 3591 3595
f 3594 3595 3596
f 3596 3595 3597
f 3596 3597 3598
f 3598 3597 3599
f 3598 3599 3578
f 3578 3599 3580
f 1938 1936 3583
f 3583 1936 3585
f 1936 1934 3585
f 1298 3600 1932
f 1932 3600 3601
f 1932 3601 3587
f 3587 3601 3573
f 3587 3573 3575
f 1303 3602 1298
f 1298 3602 3603
f 1298 3603 3600
f 3600 3603 3601
f 3563 3567 1303
f 1303 3567 3604
f 1303 3604 3602
f 3602 3604 3605
f 3602 3605 3603
f 3603 3605 3601
f 3596 3598 3576
f 3576 3598 3578
f 3594 3596 3574
f 3574 3596 3576
f 3592 3594 3572
f 3572 3594 3574
f 3593 3592 3570
f 3570 3592 3572
f 3570 3568 3593
f 3581 3584 3579
f 3579 3584 3577
f 3584 3586 3577
f 3577 3586 3575
f 3586 3587 3575
f 3573 3601 3571
f 3571 3601 3605
f 3571 3605 3569
f 3569 3605 3604
f 3569 3604 3567
f 1074 3606 1069
f 1069 3606 3607
f 1069 3607 3608
f 3608 3607 3609
f 3608 3609 3610
f 3610 3609 3611
f 3610 3611 3612
f 3612 3611 3613
f 3612 3613 3614
f 3614 3613 3615
f 3614 3615 3616
f 3616 3615 3617
f 3616 3617 3618
f 3618 3617 3619
f 3618 3619 3620
f 3620 3619 3621
f 3620 3621 3622
f 3622 3621 3623
f 3622 3623 3624
f 3624 3623 3625
f 3624 3625 3626
f 3626 3625 3627
f 3626 3627 3620
f 3620 3627 3618
f 3606 1074 3628
f 3628 1074 1073
f 3628 1073 3629
f 3629 1073 1072
f 3629 1072 3630
f 3630 1072 1071
f 3630 1071 3631
f 3631 1071 1070
f 3631 1070 3632
f 3632 1070 3633
f 3632 3633 3634
f 3634 3633 3617
f 3634 3617 3615
f 3633 1070 3635
f 3635 1070 1068
f 3635 1068 3636
f 3636 1068 3621
f 3636 3621 3619
f 1068 3623 3621
f 3625 3637 3627
f 3627 3637 3618
f 3638 3639 3637
f 3637 3639 3616
f 3637 3616 3618
f 3640 3641 3638
f 3638 3641 3614
f 3638 3614 3616
f 3641 3640 3642
f 3642 3640 3643
f 3642 3643 3612
f 3612 3643 3610
f 3610 3643 3644
f 3644 3643 3645
f 3644 3645 3610
f 3610 3645 3608
f 3632 3634 3631
f 3631 3634 3646
f 3631 3646 3630
f 3630 3646 3647
f 3630 3647 3629
f 3629 3647 3648
f 3629 3648 3628
f 3628 3648 3607
f 3628 3607 3606
f 3635 3636 3633
f 3633 3636 3619
f 3633 3619 3617
f 3634 3615 3646
f 3646 3615 3613
f 3646 3613 3647
f 3647 3613 3611
f 3647 3611 3648
f 3648 3611 3609
f 3648 3609 3607
f 3614 3641 3642
f 3638 3616 3639
f 3612 3614 3642
f 3622 3624 3626
f 3622 3626 3620
f 3649 3645 3650
f 3650 3645 3643
f 3650 3643 3651
f 3651 3643 3640
f 3651 3640 3652
f 3652 3640 3638
f 3652 3638 3653
f 3653 3638 3637
f 3653 3637 3654
f 3654 3637 3625
f 3654 3625 3655
f 3655 3625 3623
f 3655 3623 3656
f 3650 3657 3649
f 3649 3657 3658
f 3649 3658 3659
f 3659 3658 3660
f 3659 3660 3661
f 3661 3660 3662
f 3661 3662 3663
f 3661 3663 3664
f 3664 3663 3665
f 3664 3665 3666
f 1068 1061 3623
f 3623 1061 1060
f 3623 1060 1059
f 1059 3667 3623
f 3623 3667 3656
f 3656 3667 3668
f 3656 3668 1296
f 1296 3668 3669
f 1296 1295 3656
f 3656 1295 1294
f 3656 1294 1300
f 3670 3671 3669
f 3669 3671 3672
f 3669 3672 3673
f 3673 3672 3674
f 3673 3674 3675
f 3675 3674 3676
f 3675 3676 3677
f 3677 3676 3678
f 3677 3678 3679
f 3679 3678 3680
f 3679 3680 3681
f 3681 3680 3682
f 3681 3682 3683
f 3683 3682 3684
f 3683 3684 3685
f 3685 3684 3686
f 3685 3686 3687
f 3687 3686 1956
f 3687 1956 3688
f 3688 1956 1954
f 3688 1954 3687
f 3687 1954 3689
f 3687 3689 3690
f 3690 3689 3691
f 3690 3691 3692
f 3692 3691 1950
f 3692 1950 3693
f 3693 1950 3694
f 3693 3694 1948
f 1948 3694 1950
f 3695 3696 3670
f 3670 3696 3672
f 3670 3672 3671
f 3697 3698 3695
f 3695 3698 3699
f 3695 3699 3696
f 3696 3699 3674
f 3696 3674 3672
f 3698 3697 3700
f 3700 3697 3701
f 3700 3701 3702
f 3702 3701 3703
f 3702 3703 3704
f 3704 3703 3705
f 3704 3705 3684
f 3684 3705 3686
f 1954 1952 3689
f 3689 1952 3691
f 1952 1950 3691
f 1291 3706 1948
f 1948 3706 3707
f 1948 3707 3693
f 3693 3707 3679
f 3693 3679 3681
f 1296 3708 1291
f 1291 3708 3709
f 1291 3709 3706
f 3706 3709 3707
f 3669 3673 1296
f 1296 3673 3710
f 1296 3710 3708
f 3708 3710 3711
f 3708 3711 3709
f 3709 3711 3707
f 3702 3704 3682
f 3682 3704 3684
f 3700 3702 3680
f 3680 3702 3682
f 3698 3700 3678
f 3678 3700 3680
f 3699 3698 3676
f 3676 3698 3678
f 3676 3674 3699
f 3687 3690 3685
f 3685 3690 3683
f 3690 3692 3683
f 3683 3692 3681
f 3692 3693 3681
f 3679 3707 3677
f 3677 3707 3711
f 3677 3711 3675
f 3675 3711 3710
f 3675 3710 3673
f 1050 3712 1048
f 1048 3712 3713
f 1048 3713 3714
f 3714 3713 3715
f 3714 3715 3716
f 3716 3715 3717
f 3716 3717 3718
f 3718 3717 3719
f 3718 3719 3720
f 3720 3719 3721
f 3720 3721 3722
f 3722 3721 3723
f 3722 3723 3724
f 3724 3723 3725
f 3724 3725 3726
f 3726 3725 3727
f 3726 3727 3728
f 3728 3727 3729
f 3728 3729 3730
f 3730 3729 3731
f 3730 3731 3732
f 3732 3731 3733
f 3732 3733 3726
f 3726 3733 3724
f 3712 1050 3734
f 3734 1050 1053
f 3734 1053 3735
f 3735 1053 1052
f 3735 1052 3736
f 3736 1052 1051
f 3736 1051 3737
f 3737 1051 1049
f 3737 1049 3738
f 3738 1049 3739
f 3738 3739 3740
f 3740 3739 3723
f 3740 3723 3721
f 3739 1049 3741
f 3741 1049 1047
f 3741 1047 3742
f 3742 1047 3727
f 3742 3727 3725
f 1047 3729 3727
f 3731 3743 3733
f 3733 3743 3724
f 3744 3745 3743
f 3743 3745 3722
f 3743 3722 3724
f 3746 3747 3744
f 3744 3747 3720
f 3744 3720 3722
f 3747 3746 3748
f 3748 3746 3749
f 3748 3749 3718
f 3718 3749 3716
f 3716 3749 3750
f 3750 3749 3751
f 3750 3751 3716
f 3716 3751 3714
f 3738 3740 3737
f 3737 3740 3752
f 3737 3752 3736
f 3736 3752 3753
f 3736 3753 3735
f 3735 3753 3754
f 3735 3754 3734
f 3734 3754 3713
f 3734 3713 3712
f 3741 3742 3739
f 3739 3742 3725
f 3739 3725 3723
f 3740 3721 3752
f 3752 3721 3719
f 3752 3719 3753
f 3753 3719 3717
f 3753 3717 3754
f 3754 3717 3715
f 3754 3715 3713
f 3720 3747 3748
f 3744 3722 3745
f 3718 3720 3748
f 3728 3730 3732
f 3728 3732 3726
f 3755 3751 3756
f 3756 3751 3749
f 3756 3749 3757
f 3757 3749 3746
f 3757 3746 3758
f 3758 3746 3744
f 3758 3744 3759
f 3759 3744 3743
f 3759 3743 3760
f 3760 3743 3731
f 3760 3731 3761
f 3761 3731 3729
f 3761 3729 3762
f 3756 3763 3755
f 3755 3763 3764
f 3755 3764 3765
f 3765 3764 3766
f 3765 3766 3767
f 3767 3766 3768
f 3767 3768 3769
f 3767 3769 3770
f 3770 3769 3771
f 3770 3771 3772
f 1047 1038 3729
f 3729 1038 1039
f 3729 1039 1040
f 1040 3773 3729
f 3729 3773 3762
f 3762 3773 3774
f 3762 3774 1963
f 1963 3774 3775
f 1963 1289 3762
f 3762 1289 1288
f 3762 1288 1287
f 3776 3777 3775
f 3775 3777 3778
f 3775 3778 3779
f 3779 3778 3780
f 3779 3780 3781
f 3781 3780 3782
f 3781 3782 3783
f 3783 3782 3784
f 3783 3784 3785
f 3785 3784 3786
f 3785 3786 3787
f 3787 3786 3788
f 3787 3788 3789
f 3789 3788 3790
f 3789 3790 3791
f 3791 3790 3792
f 3791 3792 3793
f 3793 3792 1973
f 3793 1973 3794
f 3794 1973 1971
f 3794 1971 3793
f 3793 1971 3795
f 3793 3795 3796
f 3796 3795 3797
f 3796 3797 3798
f 3798 3797 1967
f 3798 1967 3799
f 3799 1967 3800
f 3799 3800 1965
f 1965 3800 1967
f 3801 3802 3776
f 3776 3802 3778
f 3776 3778 3777
f 3803 3804 3801
f 3801 3804 3805
f 3801 3805 3802
f 3802 3805 3780
f 3802 3780 3778
f 3804 3803 3806
f 3806 3803 3807
f 3806 3807 3808
f 3808 3807 3809
f 3808 3809 3810
f 3810 3809 3811
f 3810 3811 3790
f 3790 3811 3792
f 1971 1969 3795
f 3795 1969 3797
f 1969 1967 3797
f 1284 3812 1965
f 1965 3812 3813
f 1965 3813 3799
f 3799 3813 3785
f 3799 3785 3787
f 1963 3814 1284
f 1284 3814 3815
f 1284 3815 3812
f 3812 3815 3813
f 3775 3779 1963
f 1963 3779 3816
f 1963 3816 3814
f 3814 3816 3817
f 3814 3817 3815
f 3815 3817 3813
f 3808 3810 3788
f 3788 3810 3790
f 3806 3808 3786
f 3786 3808 3788
f 3804 3806 3784
f 3784 3806 3786
f 3805 3804 3782
f 3782 3804 3784
f 3782 3780 3805
f 3793 3796 3791
f 3791 3796 3789
f 3796 3798 3789
f 3789 3798 3787
f 3798 3799 3787
f 3785 3813 3783
f 3783 3813 3817
f 3783 3817 3781
f 3781 3817 3816
f 3781 3816 3779
f 1032 3818 1027
f 1027 3818 3819
f 1027 3819 3820
f 3820 3819 3821
f 3820 3821 3822
f 3822 3821 3823
f 3822 3823 3824
f 3824 3823 3825
f 3824 3825 3826
f 3826 3825 3827
f 3826 3827 3828
f 3828 3827 3829
f 3828 3829 3830
f 3830 3829 3831
f 3830 3831 3832
f 3832 3831 3833
f 3832 3833 3834
f 3834 3833 3835
f 3834 3835 3836
f 3836 3835 3837
f 3836 3837 3838
f 3838 3837 3839
f 3838 3839 3832
f 3832 3839 3830
f 3818 1032 3840
f 3840 1032 1031
f 3840 1031 3841
f 3841 1031 1030
f 3841 1030 3842
f 3842 1030 1029
f 3842 1029 3843
f 3843 1029 1028
f 3843 1028 3844
f 3844 1028 3845
f 3844 3845 3846
f 3846 3845 3829
f 3846 3829 3827
f 3845 1028 3847
f 3847 1028 1026
f 3847 1026 3848
f 3848 1026 3833
f 3848 3833 3831
f 1026 3835 3833
f 3837 3849 3839
f 3839 3849 3830
f 3850 3851 3849
f 3849 3851 3828
f 3849 3828 3830
f 3852 3853 3850
f 3850 3853 3826
f 3850 3826 3828
f 3853 3852 3854
f 3854 3852 3855
f 3854 3855 3824
f 3824 3855 3822
f 3822 3855 3856
f 3856 3855 3857
f 3856 3857 3822
f 3822 3857 3820
f 3844 3846 3843
f 3843 3846 3858
f 3843 3858 3842
f 3842 3858 3859
f 3842 3859 3841
f 3841 3859 3860
f 3841 3860 3840
f 3840 3860 3819
f 3840 3819 3818
f 3847 3848 3845
f 3845 3848 3831
f 3845 3831 3829
f 3846 3827 3858
f 3858 3827 3825
f 3858 3825 3859
f 3859 3825 3823
f 3859 3823 3860
f 3860 3823 3821
f 3860 3821 3819
f 3826 3853 3854
f 3850 3828 3851
f 3824 3826 3854
f 3834 3836 3838
f 3834 3838 3832
f 3855 3861 3857
f 3857 3861 3862
f 3857 3862 3863
f 3863 3862 3864
f 3863 3864 3865
f 3861 3855 3866
f 3866 3855 3852
f 3866 3852 3850
f 3866 3850 3867
f 3867 3850 3849
f 3867 3849 3868
f 3868 3849 3837
f 3868 3837 3869
f 3869 3837 3835
f 3869 3835 3870
f 3863 3865 3871
f 3871 3865 3872
f 3871 3872 3873
f 3873 3872 3874
f 3873 3874 3875
f 3873 3875 3876
f 3876 3875 3877
f 3876 3877 3878
f 1026 1020 3835
f 3835 1020 1019
f 3835 1019 1018
f 1018 3879 3835
f 3835 3879 3870
f 3870 3879 3880
f 3870 3880 1260
f 1260 3880 3881
f 1260 1282 3870
f 3870 1282 1281
f 3870 1281 1280
f 3882 3883 3881
f 3881 3883 3884
f 3881 3884 3885
f 3885 3884 3886
f 3885 3886 3887
f 3887 3886 3888
f 3887 3888 3889
f 3889 3888 3890
f 3889 3890 3891
f 3891 3890 3892
f 3891 3892 3893
f 3893 3892 3894
f 3893 3894 3895
f 3895 3894 3896
f 3895 3896 3897
f 3897 3896 3898
f 3897 3898 3899
f 3899 3898 1272
f 3899 1272 3900
f 3900 1272 1270
f 3900 1270 3899
f 3899 1270 3901
f 3899 3901 3902
f 3902 3901 3903
f 3902 3903 3904
f 3904 3903 1266
f 3904 1266 3905
f 3905 1266 3906
f 3905 3906 1264
f 1264 3906 1266
f 3907 3908 3882
f 3882 3908 3884
f 3882 3884 3883
f 3909 3910 3907
f 3907 3910 3911
f 3907 3911 3908
f 3908 3911 3886
f 3908 3886 3884
f 3910 3909 3912
f 3912 3909 3913
f 3912 3913 3914
f 3914 3913 3915
f 3914 3915 3916
f 3916 3915 3917
f 3916 3917 3896
f 3896 3917 3898
f 1270 1268 3901
f 3901 1268 3903
f 1268 1266 3903
f 1261 3918 1264
f 1264 3918 3919
f 1264 3919 3905
f 3905 3919 3891
f 3905 3891 3893
f 1260 3920 1261
f 1261 3920 3921
f 1261 3921 3918
f 3918 3921 3919
f 3881 3885 1260
f 1260 3885 3922
f 1260 3922 3920
f 3920 3922 3923
f 3920 3923 3921
f 3921 3923 3919
f 3914 3916 3894
f 3894 3916 3896
f 3912 3914 3892
f 3892 3914 3894
f 3910 3912 3890
f 3890 3912 3892
f 3911 3910 3888
f 3888 3910 3890
f 3888 3886 3911
f 3899 3902 3897
f 3897 3902 3895
f 3902 3904 3895
f 3895 3904 3893
f 3904 3905 3893
f 3891 3919 3889
f 3889 3919 3923
f 3889 3923 3887
f 3887 3923 3922
f 3887 3922 3885
f 3924 3925 3926
f 3926 3925 3927
f 3926 3927 3928
f 3928 3927 3929
f 3928 3929 3930
f 3930 3929 3931
f 3930 3931 3932
f 3932 3931 3933
f 3932 3933 3934
f 3934 3933 3935
f 3934 3935 3936
f 3936 3935 3937
f 3936 3937 3938
f 3938 3937 3939
f 3938 3939 3940
f 3940 3939 3941
f 3940 3941 3942
f 3942 3941 1712
f 3942 1712 3943
f 3943 1712 1707
f 3943 1707 3942
f 3942 1707 3944
f 3942 3944 3945
f 3945 3944 3946
f 3945 3946 3947
f 3947 3946 1513
f 3947 1513 3948
f 3948 1513 3949
f 3948 3949 1514
f 1514 3949 1513
f 3950 3951 3924
f 3924 3951 3927
f 3924 3927 3925
f 3952 3953 3950
f 3950 3953 3954
f 3950 3954 3951
f 3951 3954 3929
f 3951 3929 3927
f 3953 3952 3955
f 3955 3952 3956
f 3955 3956 3957
f 3957 3956 3958
f 3957 3958 3959
f 3959 3958 3960
f 3959 3960 3939
f 3939 3960 3941
f 1707 1505 3944
f 3944 1505 3946
f 1505 1513 3946
f 1516 3961 1514
f 1514 3961 3962
f 1514 3962 3948
f 3948 3962 3934
f 3948 3934 3936
f 1517 3963 1516
f 1516 3963 3964
f 1516 3964 3961
f 3961 3964 3962
f 3926 3928 1517
f 1517 3928 3965
f 1517 3965 3963
f 3963 3965 3966
f 3963 3966 3964
f 3964 3966 3962
f 3957 3959 3937
f 3937 3959 3939
f 3955 3957 3935
f 3935 3957 3937
f 3953 3955 3933
f 3933 3955 3935
f 3954 3953 3931
f 3931 3953 3933
f 3931 3929 3954
f 3942 3945 3940
f 3940 3945 3938
f 3945 3947 3938
f 3938 3947 3936
f 3947 3948 3936
f 3934 3962 3932
f 3932 3962 3966
f 3932 3966 3930
f 3930 3966 3965
f 3930 3965 3928
f 3926 1517 3967
f 3967 1517 3968
f 3968 1517 3969
f 3968 3969 3970
f 3970 3969 3971
f 3970 3971 3972
f 1517 1518 3969
f 3969 1518 1531
f 3969 1531 1690
f 3969 3973 3971
f 3971 3973 3974
f 3971 3974 3975
f 638 637 3972
f 3972 637 636
f 3972 636 635
f 635 3970 3972
f 1689 3976 1690
f 1690 3976 3977
f 1690 3977 3969
f 3969 3977 3978
f 3969 3978 3979
f 3979 3978 3980
f 3979 3980 3981
f 3981 3980 3982
f 3981 3982 3983
f 3983 3982 3984
f 3983 3984 3985
f 3985 3984 3986
f 3985 3986 3987
f 3987 3986 3988
f 3987 3988 3989
f 3989 3988 3990
f 3989 3990 3991
f 3991 3990 1696
f 3991 1696 1697
f 1691 3992 1689
f 1689 3992 3993
f 1689 3993 3976
f 3976 3993 3977
f 1693 3994 1691
f 1691 3994 3995
f 1691 3995 3996
f 3996 3995 3993
f 3996 3993 3992
f 3994 1693 3997
f 3997 1693 1695
f 3997 1695 3990
f 3990 1695 1696
f 3991 1697 3998
f 3998 1697 3999
f 3998 3999 4000
f 4000 3999 4001
f 4000 4001 4002
f 4002 4001 4003
f 4002 4003 4004
f 4004 4003 4005
f 4004 4005 4006
f 4006 4005 4007
f 4006 4007 4008
f 4008 4007 3985
f 4008 3985 3987
f 3999 4009 4001
f 4001 4009 4010
f 4001 4010 4003
f 4003 4010 4011
f 4011 4010 4009
f 4005 4012 4007
f 4007 4012 3985
f 3985 4012 3983
f 3983 4012 3981
f 3991 3998 3989
f 3989 3998 4013
f 3989 4013 3987
f 3987 4013 4008
f 3997 3990 3988
f 3994 3997 4014
f 4014 3997 3988
f 4014 3988 3986
f 3994 4014 3995
f 3995 4014 4015
f 3995 4015 4016
f 4016 4015 4017
f 4016 4017 3978
f 3978 4017 3980
f 4015 4014 3986
f 3977 3993 4016
f 4016 3993 3995
f 1691 3996 3992
f 4000 4002 4013
f 4013 4002 4008
f 4004 4006 4002
f 4002 4006 4008
f 4015 3986 3984
f 4015 3984 4017
f 4017 3984 3982
f 4017 3982 3980
f 3977 4016 3978
f 3998 4000 4013
f 4018 4009 4019
f 4019 4009 3999
f 4019 3999 4020
f 4020 3999 1697
f 4020 1697 4021
f 4021 1697 4022
f 4021 4022 4023
f 4023 4022 4024
f 4023 4024 4025
f 4025 4024 1698
f 4025 1698 1699
f 4022 1697 4026
f 4026 1697 1698
f 4026 1698 4024
f 4025 1699 4027
f 4027 1699 1706
f 4027 1706 4028
f 4029 4030 4028
f 4028 4030 4031
f 4028 4031 4032
f 4032 4031 4033
f 4032 4033 4034
f 4034 4033 4035
f 4034 4035 4027
f 4027 4035 4025
f 4029 4036 4030
f 4030 4036 4037
f 4030 4037 4038
f 4038 4037 4018
f 4038 4018 4039
f 4039 4018 4019
f 4039 4019 4020
f 4024 4022 4026
f 4027 4028 4034
f 4034 4028 4032
f 4038 4039 4040
f 4040 4039 4020
f 4040 4020 4021
f 4030 4038 4041
f 4041 4038 4040
f 4041 4040 4042
f 4042 4040 4021
f 4042 4021 4023
f 4042 4033 4041
f 4041 4033 4031
f 4041 4031 4030
f 4033 4042 4035
f 4035 4042 4023
f 4035 4023 4025
f 666 4043 665
f 665 4043 4044
f 665 4044 4045
f 4045 4044 4046
f 4045 4046 4047
f 4047 4046 4048
f 4047 4048 4049
f 4049 4048 4050
f 4049 4050 4051
f 4051 4050 4052
f 4051 4052 4053
f 4053 4052 4054
f 4053 4054 4055
f 4055 4054 4056
f 4055 4056 4057
f 4057 4056 4058
f 4057 4058 4059
f 4059 4058 4060
f 4059 4060 4061
f 4061 4060 4062
f 4061 4062 4063
f 4063 4062 4064
f 4063 4064 4057
f 4057 4064 4055
f 4043 666 4065
f 4065 666 667
f 4065 667 4066
f 4066 667 668
f 4066 668 4067
f 4067 668 669
f 4067 669 4068
f 4068 669 670
f 4068 670 4069
f 4069 670 4070
f 4069 4070 4071
f 4071 4070 4054
f 4071 4054 4052
f 4070 670 4072
f 4072 670 664
f 4072 664 4073
f 4073 664 4058
f 4073 4058 4056
f 664 4060 4058
f 4062 4074 4064
f 4064 4074 4055
f 4075 4076 4074
f 4074 4076 4053
f 4074 4053 4055
f 4077 4078 4075
f 4075 4078 4051
f 4075 4051 4053
f 4078 4077 4079
f 4079 4077 4080
f 4079 4080 4049
f 4049 4080 4047
f 4047 4080 4081
f 4081 4080 4082
f 4081 4082 4047
f 4047 4082 4045
f 4069 4071 4068
f 4068 4071 4083
f 4068 4083 4067
f 4067 4083 4084
f 4067 4084 4066
f 4066 4084 4085
f 4066 4085 4065
f 4065 4085 4044
f 4065 4044 4043
f 4072 4073 4070
f 4070 4073 4056
f 4070 4056 4054
f 4071 4052 4083
f 4083 4052 4050
f 4083 4050 4084
f 4084 4050 4048
f 4084 4048 4085
f 4085 4048 4046
f 4085 4046 4044
f 4051 4078 4079
f 4075 4053 4076
f 4049 4051 4079
f 4059 4061 4063
f 4059 4063 4057
f 664 663 4060
f 4060 663 655
f 4060 655 656
f 656 4086 4060
f 4060 4086 4087
f 4087 4086 4088
f 4087 4088 1537
f 4086 4089 4088
f 4088 4089 4090
f 4088 4090 4091
f 1537 1536 4087
f 4087 1536 1561
f 4087 1561 1560
f 658 4092 656
f 656 4092 4093
f 656 4093 4094
f 4094 4093 4095
f 4094 4095 4096
f 4096 4095 4097
f 4096 4097 4098
f 4098 4097 4099
f 4098 4099 4100
f 4100 4099 4101
f 4100 4101 4102
f 4102 4101 4103
f 4102 4103 4104
f 4104 4103 4105
f 4104 4105 4106
f 4106 4105 4107
f 4106 4107 4108
f 4108 4107 4109
f 4108 4109 4110
f 4110 4109 4111
f 4110 4111 4112
f 662 4113 658
f 658 4113 4114
f 658 4114 4092
f 4092 4114 4093
f 661 4115 662
f 662 4115 4099
f 662 4099 4097
f 660 4116 661
f 661 4116 4101
f 661 4101 4099
f 659 4117 660
f 660 4117 4101
f 660 4101 4116
f 657 4118 659
f 659 4118 4105
f 659 4105 4103
f 4118 657 4105
f 4105 657 4107
f 4110 4112 4119
f 4119 4112 4120
f 4119 4120 4121
f 4121 4120 4122
f 4121 4122 4123
f 4123 4122 4124
f 4123 4124 4102
f 4102 4124 4100
f 4120 4125 4122
f 4122 4125 4126
f 4122 4126 4124
f 4124 4126 4127
f 4124 4127 4100
f 4100 4127 4098
f 4126 4125 4128
f 4128 4125 4129
f 4128 4129 4130
f 4130 4129 4089
f 4130 4089 4086
f 656 4094 4086
f 4086 4094 4131
f 4086 4131 4130
f 4130 4131 4132
f 4130 4132 4128
f 4128 4132 4127
f 4128 4127 4126
f 4101 4117 4103
f 4103 4117 659
f 661 4099 4115
f 662 4097 4113
f 4113 4097 4095
f 4113 4095 4114
f 4114 4095 4093
f 4104 4106 4133
f 4133 4106 4108
f 4133 4108 4119
f 4119 4108 4110
f 4102 4104 4123
f 4123 4104 4133
f 4123 4133 4121
f 4121 4133 4119
f 4096 4098 4132
f 4132 4098 4127
f 4094 4096 4131
f 4131 4096 4132
f 4107 4134 4109
f 4109 4134 4135
f 4109 4135 4136
f 4136 4135 4137
f 4136 4137 4138
f 4138 4137 4139
f 4139 4137 4140
f 4139 4140 4141
f 4134 4107 4142
f 4142 4107 657
f 4142 657 654
f 4142 654 4143
f 4143 654 651
f 4143 651 4144
f 4144 651 650
f 4144 650 4140
f 4140 4137 4144
f 4144 4137 4135
f 4144 4135 4143
f 4143 4135 4134
f 4143 4134 4142
f 685 4145 676
f 676 4145 4146
f 676 4146 4147
f 4147 4146 4148
f 4147 4148 4149
f 4149 4148 4150
f 4149 4150 4151
f 4151 4150 4152
f 4151 4152 4153
f 4153 4152 4154
f 4153 4154 4155
f 4155 4154 4156
f 4155 4156 4157
f 4157 4156 4158
f 4157 4158 4159
f 4159 4158 4160
f 4159 4160 4161
f 4161 4160 4162
f 4161 4162 4163
f 4163 4162 4164
f 4163 4164 4165
f 684 4166 685
f 685 4166 4167
f 685 4167 4145
f 4145 4167 4146
f 683 4168 684
f 684 4168 4152
f 684 4152 4150
f 682 4169 683
f 683 4169 4154
f 683 4154 4152
f 681 4170 682
f 682 4170 4154
f 682 4154 4169
f 675 4171 681
f 681 4171 4158
f 681 4158 4156
f 4171 675 4158
f 4158 675 4160
f 4163 4165 4172
f 4172 4165 4173
f 4172 4173 4174
f 4174 4173 4175
f 4174 4175 4176
f 4176 4175 4177
f 4176 4177 4155
f 4155 4177 4153
f 4173 4178 4175
f 4175 4178 4179
f 4175 4179 4177
f 4177 4179 4180
f 4177 4180 4153
f 4153 4180 4151
f 4179 4178 4181
f 4181 4178 4182
f 4181 4182 4183
f 4183 4182 4184
f 4183 4184 4185
f 676 4147 4185
f 4185 4147 4186
f 4185 4186 4183
f 4183 4186 4187
f 4183 4187 4181
f 4181 4187 4180
f 4181 4180 4179
f 4154 4170 4156
f 4156 4170 681
f 683 4152 4168
f 684 4150 4166
f 4166 4150 4148
f 4166 4148 4167
f 4167 4148 4146
f 4157 4159 4188
f 4188 4159 4161
f 4188 4161 4172
f 4172 4161 4163
f 4155 4157 4176
f 4176 4157 4188
f 4176 4188 4174
f 4174 4188 4172
f 4149 4151 4187
f 4187 4151 4180
f 4147 4149 4186
f 4186 4149 4187
f 677 676 4189
f 4189 676 4185
f 4189 4185 4190
f 4190 4185 4191
f 4190 4191 1581
f 4185 4184 4191
f 4191 4184 4192
f 4191 4192 4193
f 1581 1580 4190
f 4190 1580 1579
f 4190 1579 1586
f 680 679 4189
f 4189 679 677
f 690 4194 691
f 691 4194 4195
f 691 4195 4196
f 4196 4195 4197
f 4196 4197 4198
f 4198 4197 4199
f 4198 4199 4200
f 4200 4199 4201
f 4200 4201 4202
f 4202 4201 4203
f 4202 4203 4204
f 4204 4203 4205
f 4204 4205 4206
f 4206 4205 4207
f 4206 4207 4208
f 4208 4207 4209
f 4208 4209 4210
f 4210 4209 4189
f 4210 4189 4211
f 4211 4189 4212
f 4211 4212 4213
f 4213 4212 4214
f 4213 4214 4208
f 4208 4214 4206
f 4194 690 4215
f 4215 690 689
f 4215 689 4216
f 4216 689 688
f 4216 688 4217
f 4217 688 687
f 4217 687 4218
f 4218 687 686
f 4218 686 4219
f 4219 686 4220
f 4219 4220 4221
f 4221 4220 4205
f 4221 4205 4203
f 4220 686 4222
f 4222 686 680
f 4222 680 4223
f 4223 680 4209
f 4223 4209 4207
f 680 4189 4209
f 4212 4224 4214
f 4214 4224 4206
f 4225 4226 4224
f 4224 4226 4204
f 4224 4204 4206
f 4227 4228 4225
f 4225 4228 4202
f 4225 4202 4204
f 4228 4227 4229
f 4229 4227 4230
f 4229 4230 4200
f 4200 4230 4198
f 4198 4230 4231
f 4231 4230 4232
f 4231 4232 4198
f 4198 4232 4196
f 4219 4221 4218
f 4218 4221 4233
f 4218 4233 4217
f 4217 4233 4234
f 4217 4234 4216
f 4216 4234 4235
f 4216 4235 4215
f 4215 4235 4195
f 4215 4195 4194
f 4222 4223 4220
f 4220 4223 4207
f 4220 4207 4205
f 4221 4203 4233
f 4233 4203 4201
f 4233 4201 4234
f 4234 4201 4199
f 4234 4199 4235
f 4235 4199 4197
f 4235 4197 4195
f 4202 4228 4229
f 4225 4204 4226
f 4200 4202 4229
f 4210 4211 4213
f 4210 4213 4208
f 1624 4236 1622
f 1622 4236 4237
f 1622 4237 4238
f 4238 4237 4239
f 4238 4239 4240
f 4240 4239 4241
f 4240 4241 4242
f 4242 4241 4243
f 4242 4243 4244
f 4244 4243 4245
f 4244 4245 4246
f 4246 4245 4247
f 4246 4247 4248
f 4248 4247 4249
f 4248 4249 4250
f 4250 4249 4251
f 4250 4251 4252
f 4252 4251 1632
f 4252 1632 1634
f 1626 4253 1624
f 1624 4253 4254
f 1624 4254 4236
f 4236 4254 4237
f 1628 4255 1626
f 1626 4255 4256
f 1626 4256 4257
f 4257 4256 4254
f 4257 4254 4253
f 4255 1628 4258
f 4258 1628 1630
f 4258 1630 4251
f 4251 1630 1632
f 4252 1634 4259
f 4259 1634 4260
f 4259 4260 4261
f 4261 4260 4262
f 4261 4262 4263
f 4263 4262 4264
f 4263 4264 4265
f 4265 4264 4266
f 4265 4266 4267
f 4267 4266 4268
f 4267 4268 4269
f 4269 4268 4246
f 4269 4246 4248
f 4260 4270 4262
f 4262 4270 4271
f 4262 4271 4264
f 4264 4271 4272
f 4272 4271 4270
f 4266 4273 4268
f 4268 4273 4246
f 4246 4273 4244
f 4244 4273 4242
f 4252 4259 4250
f 4250 4259 4274
f 4250 4274 4248
f 4248 4274 4269
f 4258 4251 4249
f 4255 4258 4275
f 4275 4258 4249
f 4275 4249 4247
f 4255 4275 4256
f 4256 4275 4276
f 4256 4276 4277
f 4277 4276 4278
f 4277 4278 4239
f 4239 4278 4241
f 4276 4275 4247
f 4237 4254 4277
f 4277 4254 4256
f 1626 4257 4253
f 4261 4263 4274
f 4274 4263 4269
f 4265 4267 4263
f 4263 4267 4269
f 4276 4247 4245
f 4276 4245 4278
f 4278 4245 4243
f 4278 4243 4241
f 4237 4277 4239
f 4259 4261 4274
f 1622 4238 1600
f 1600 4238 1601
f 1601 4238 1587
f 1587 4238 4279
f 1587 4279 4280
f 4281 4282 4238
f 4238 4282 4283
f 4238 4283 4279
f 4281 4284 4282
f 4282 4284 4285
f 4282 4286 4283
f 4283 4286 700
f 700 4286 698
f 698 4286 699
f 699 4286 707
f 4280 4287 1587
f 4288 4289 4287
f 4287 4289 4290
f 4287 4290 4291
f 4291 4290 4292
f 4291 4292 4293
f 4293 4292 4294
f 4293 4294 4295
f 4295 4294 4296
f 4295 4296 4297
f 4297 4296 4298
f 4297 4298 4299
f 4299 4298 4300
f 4299 4300 4301
f 4301 4300 4302
f 4301 4302 4303
f 4303 4302 4304
f 4303 4304 4305
f 4305 4304 1665
f 4305 1665 4306
f 4306 1665 1664
f 4306 1664 4305
f 4305 1664 4307
f 4305 4307 4308
f 4308 4307 4309
f 4308 4309 4310
f 4310 4309 1597
f 4310 1597 4311
f 4311 1597 4312
f 4311 4312 1596
f 1596 4312 1597
f 4313 4314 4288
f 4288 4314 4290
f 4288 4290 4289
f 4315 4316 4313
f 4313 4316 4317
f 4313 4317 4314
f 4314 4317 4292
f 4314 4292 4290
f 4316 4315 4318
f 4318 4315 4319
f 4318 4319 4320
f 4320 4319 4321
f 4320 4321 4322
f 4322 4321 4323
f 4322 4323 4302
f 4302 4323 4304
f 1664 1663 4307
f 4307 1663 4309
f 1663 1597 4309
f 1589 4324 1596
f 1596 4324 4325
f 1596 4325 4311
f 4311 4325 4297
f 4311 4297 4299
f 1587 4326 1589
f 1589 4326 4327
f 1589 4327 4324
f 4324 4327 4325
f 4287 4291 1587
f 1587 4291 4328
f 1587 4328 4326
f 4326 4328 4329
f 4326 4329 4327
f 4327 4329 4325
f 4320 4322 4300
f 4300 4322 4302
f 4318 4320 4298
f 4298 4320 4300
f 4316 4318 4296
f 4296 4318 4298
f 4317 4316 4294
f 4294 4316 4296
f 4294 4292 4317
f 4305 4308 4303
f 4303 4308 4301
f 4308 4310 4301
f 4301 4310 4299
f 4310 4311 4299
f 4297 4325 4295
f 4295 4325 4329
f 4295 4329 4293
f 4293 4329 4328
f 4293 4328 4291
f 4330 4331 4332
f 4332 4331 4333
f 4332 4333 4334
f 4334 4333 4335
f 4334 4335 4336
f 4336 4335 4337
f 4336 4337 4338
f 4338 4337 4339
f 4338 4339 4340
f 4340 4339 4341
f 4340 4341 4342
f 4342 4341 4343
f 4342 4343 4344
f 4344 4343 4345
f 4344 4345 4346
f 4346 4345 4347
f 4346 4347 4348
f 4348 4347 1635
f 4348 1635 4349
f 4349 1635 1633
f 4349 1633 4348
f 4348 1633 4350
f 4348 4350 4351
f 4351 4350 4352
f 4351 4352 4353
f 4353 4352 1629
f 4353 1629 4354
f 4354 1629 4355
f 4354 4355 1627
f 1627 4355 1629
f 4356 4357 4330
f 4330 4357 4333
f 4330 4333 4331
f 4358 4359 4356
f 4356 4359 4360
f 4356 4360 4357
f 4357 4360 4335
f 4357 4335 4333
f 4359 4358 4361
f 4361 4358 4362
f 4361 4362 4363
f 4363 4362 4364
f 4363 4364 4365
f 4365 4364 4366
f 4365 4366 4345
f 4345 4366 4347
f 1633 1631 4350
f 4350 1631 4352
f 1631 1629 4352
f 1625 4367 1627
f 1627 4367 4368
f 1627 4368 4354
f 4354 4368 4340
f 4354 4340 4342
f 1623 4369 1625
f 1625 4369 4370
f 1625 4370 4367
f 4367 4370 4368
f 4332 4334 1623
f 1623 4334 4371
f 1623 4371 4369
f 4369 4371 4372
f 4369 4372 4370
f 4370 4372 4368
f 4363 4365 4343
f 4343 4365 4345
f 4361 4363 4341
f 4341 4363 4343
f 4359 4361 4339
f 4339 4361 4341
f 4360 4359 4337
f 4337 4359 4339
f 4337 4335 4360
f 4348 4351 4346
f 4346 4351 4344
f 4351 4353 4344
f 4344 4353 4342
f 4353 4354 4342
f 4340 4368 4338
f 4338 4368 4372
f 4338 4372 4336
f 4336 4372 4371
f 4336 4371 4334
f 4364 4373 4366
f 4366 4373 4374
f 4366 4374 4375
f 4375 4374 4376
f 4375 4376 4377
f 4377 4376 4378
f 4377 4378 4379
f 4379 4378 4380
f 4379 4380 4381
f 4381 4380 4382
f 4381 4382 4383
f 4383 4382 4384
f 4383 4384 4385
f 4385 4384 4386
f 4385 4386 4387
f 4373 4364 4388
f 4388 4364 4362
f 4388 4362 4389
f 4389 4362 4358
f 4389 4358 4390
f 4390 4358 4356
f 4390 4356 4391
f 4391 4356 4330
f 4391 4330 4392
f 4392 4330 4332
f 4392 4332 4393
f 4393 4394 4392
f 4332 1623 4393
f 4393 1623 4394
f 4394 1623 4395
f 4394 4395 4396
f 4396 4395 4397
f 4396 4397 722
f 722 4397 720
f 720 4397 721
f 721 4397 729
f 1623 1645 4395
f 4395 1645 1644
f 4395 1644 1643
f 731 4398 730
f 730 4398 4399
f 730 4399 4400
f 4400 4399 4401
f 4400 4401 4402
f 4402 4401 4403
f 4402 4403 4404
f 4404 4403 4405
f 4404 4405 4406
f 4406 4405 4407
f 4406 4407 4408
f 4408 4407 4409
f 4408 4409 4410
f 4410 4409 4411
f 4410 4411 4412
f 4412 4411 4413
f 4412 4413 4414
f 4414 4413 4397
f 4414 4397 4415
f 4415 4397 4416
f 4415 4416 4417
f 4417 4416 4418
f 4417 4418 4412
f 4412 4418 4410
f 4398 731 4419
f 4419 731 732
f 4419 732 4420
f 4420 732 733
f 4420 733 4421
f 4421 733 734
f 4421 734 4422
f 4422 734 735
f 4422 735 4423
f 4423 735 4424
f 4423 4424 4425
f 4425 4424 4409
f 4425 4409 4407
f 4424 735 4426
f 4426 735 729
f 4426 729 4427
f 4427 729 4413
f 4427 4413 4411
f 729 4397 4413
f 4416 4428 4418
f 4418 4428 4410
f 4429 4430 4428
f 4428 4430 4408
f 4428 4408 4410
f 4431 4432 4429
f 4429 4432 4406
f 4429 4406 4408
f 4432 4431 4433
f 4433 4431 4434
f 4433 4434 4404
f 4404 4434 4402
f 4402 4434 4435
f 4435 4434 4436
f 4435 4436 4402
f 4402 4436 4400
f 4423 4425 4422
f 4422 4425 4437
f 4422 4437 4421
f 4421 4437 4438
f 4421 4438 4420
f 4420 4438 4439
f 4420 4439 4419
f 4419 4439 4399
f 4419 4399 4398
f 4426 4427 4424
f 4424 4427 4411
f 4424 4411 4409
f 4425 4407 4437
f 4437 4407 4405
f 4437 4405 4438
f 4438 4405 4403
f 4438 4403 4439
f 4439 4403 4401
f 4439 4401 4399
f 4406 4432 4433
f 4429 4408 4430
f 4404 4406 4433
f 4414 4415 4417
f 4414 4417 4412
f 4440 4441 4442
f 4442 4441 4443
f 4442 4443 4444
f 4444 4443 4445
f 4444 4445 4446
f 4446 4445 4447
f 4446 4447 4448
f 4448 4447 4449
f 4448 4449 4450
f 4450 4449 4451
f 4450 4451 4452
f 4452 4451 4453
f 4452 4453 4454
f 4454 4453 4455
f 4454 4455 4456
f 4456 4455 4457
f 4456 4457 4458
f 4458 4457 1654
f 4458 1654 4459
f 4459 1654 1649
f 4459 1649 4458
f 4458 1649 4460
f 4458 4460 4461
f 4461 4460 4462
f 4461 4462 4463
f 4463 4462 1647
f 4463 1647 4464
f 4464 1647 4465
f 4464 4465 1646
f 1646 4465 1647
f 4466 4467 4440
f 4440 4467 4443
f 4440 4443 4441
f 4468 4469 4466
f 4466 4469 4470
f 4466 4470 4467
f 4467 4470 4445
f 4467 4445 4443
f 4469 4468 4471
f 4471 4468 4472
f 4471 4472 4473
f 4473 4472 4474
f 4473 4474 4475
f 4475 4474 4476
f 4475 4476 4455
f 4455 4476 4457
f 1649 1648 4460
f 4460 1648 4462
f 1648 1647 4462
f 1642 4477 1646
f 1646 4477 4478
f 1646 4478 4464
f 4464 4478 4450
f 4464 4450 4452
f 1621 4479 1642
f 1642 4479 4480
f 1642 4480 4477
f 4477 4480 4478
f 4442 4444 1621
f 1621 4444 4481
f 1621 4481 4479
f 4479 4481 4482
f 4479 4482 4480
f 4480 4482 4478
f 4473 4475 4453
f 4453 4475 4455
f 4471 4473 4451
f 4451 4473 4453
f 4469 4471 4449
f 4449 4471 4451
f 4470 4469 4447
f 4447 4469 4449
f 4447 4445 4470
f 4458 4461 4456
f 4456 4461 4454
f 4461 4463 4454
f 4454 4463 4452
f 4463 4464 4452
f 4450 4478 4448
f 4448 4478 4482
f 4448 4482 4446
f 4446 4482 4481
f 4446 4481 4444
f 4442 1621 4483
f 4483 1621 4484
f 4484 1621 4485
f 4484 4485 4486
f 4486 4485 4487
f 4486 4487 4488
f 1621 1620 4485
f 4485 1620 1619
f 4485 1619 1618
f 4485 4489 4487
f 4487 4489 4490
f 4487 4490 4491
f 746 745 4488
f 4488 745 743
f 4488 743 742
f 742 4486 4488
f 1599 4492 1618
f 1618 4492 4493
f 1618 4493 4485
f 4485 4493 4494
f 4485 4494 4495
f 4495 4494 4496
f 4495 4496 4497
f 4497 4496 4498
f 4497 4498 4499
f 4499 4498 4500
f 4499 4500 4501
f 4501 4500 4502
f 4501 4502 4503
f 4503 4502 4504
f 4503 4504 4505
f 4505 4504 4506
f 4505 4506 4507
f 4507 4506 1609
f 4507 1609 1611
f 1602 4508 1599
f 1599 4508 4509
f 1599 4509 4492
f 4492 4509 4493
f 1605 4510 1602
f 1602 4510 4511
f 1602 4511 4512
f 4512 4511 4509
f 4512 4509 4508
f 4510 1605 4513
f 4513 1605 1607
f 4513 1607 4506
f 4506 1607 1609
f 4507 1611 4514
f 4514 1611 4515
f 4514 4515 4516
f 4516 4515 4517
f 4516 4517 4518
f 4518 4517 4519
f 4518 4519 4520
f 4520 4519 4521
f 4520 4521 4522
f 4522 4521 4523
f 4522 4523 4524
f 4524 4523 4501
f 4524 4501 4503
f 4515 4525 4517
f 4517 4525 4526
f 4517 4526 4519
f 4519 4526 4527
f 4527 4526 4525
f 4521 4528 4523
f 4523 4528 4501
f 4501 4528 4499
f 4499 4528 4497
f 4507 4514 4505
f 4505 4514 4529
f 4505 4529 4503
f 4503 4529 4524
f 4513 4506 4504
f 4510 4513 4530
f 4530 4513 4504
f 4530 4504 4502
f 4510 4530 4511
f 4511 4530 4531
f 4511 4531 4532
f 4532 4531 4533
f 4532 4533 4494
f 4494 4533 4496
f 4531 4530 4502
f 4493 4509 4532
f 4532 4509 4511
f 1602 4512 4508
f 4516 4518 4529
f 4529 4518 4524
f 4520 4522 4518
f 4518 4522 4524
f 4531 4502 4500
f 4531 4500 4533
f 4533 4500 4498
f 4533 4498 4496
f 4493 4532 4494
f 4514 4516 4529
f 4534 4525 4535
f 4535 4525 4515
f 4535 4515 4536
f 4536 4515 1611
f 4536 1611 4537
f 4537 1611 4538
f 4537 4538 4539
f 4539 4538 4540
f 4539 4540 4541
f 4541 4540 1613
f 4541 1613 1615
f 4538 1611 4542
f 4542 1611 1613
f 4542 1613 4540
f 4541 1615 4543
f 4543 1615 1617
f 4543 1617 4544
f 4545 4546 4544
f 4544 4546 4547
f 4544 4547 4548
f 4548 4547 4549
f 4548 4549 4550
f 4550 4549 4551
f 4550 4551 4543
f 4543 4551 4541
f 4545 4552 4546
f 4546 4552 4553
f 4546 4553 4554
f 4554 4553 4534
f 4554 4534 4555
f 4555 4534 4535
f 4555 4535 4536
f 4540 4538 4542
f 4543 4544 4550
f 4550 4544 4548
f 4554 4555 4556
f 4556 4555 4536
f 4556 4536 4537
f 4546 4554 4557
f 4557 4554 4556
f 4557 4556 4558
f 4558 4556 4537
f 4558 4537 4539
f 4558 4549 4557
f 4557 4549 4547
f 4557 4547 4546
f 4549 4558 4551
f 4551 4558 4539
f 4551 4539 4541
f 772 4559 766
f 766 4559 4560
f 766 4560 4561
f 4561 4560 4562
f 4561 4562 4563
f 4563 4562 4564
f 4563 4564 4565
f 4565 4564 4566
f 4565 4566 4567
f 4567 4566 4568
f 4567 4568 4569
f 4569 4568 4570
f 4569 4570 4571
f 4571 4570 4572
f 4571 4572 4573
f 4573 4572 4574
f 4573 4574 4575
f 4575 4574 4576
f 4575 4576 4577
f 4577 4576 4578
f 4577 4578 4579
f 771 4580 772
f 772 4580 4581
f 772 4581 4559
f 4559 4581 4560
f 770 4582 771
f 771 4582 4566
f 771 4566 4564
f 769 4583 770
f 770 4583 4568
f 770 4568 4566
f 768 4584 769
f 769 4584 4568
f 769 4568 4583
f 767 4585 768
f 768 4585 4572
f 768 4572 4570
f 4585 767 4572
f 4572 767 4574
f 4577 4579 4586
f 4586 4579 4587
f 4586 4587 4588
f 4588 4587 4589
f 4588 4589 4590
f 4590 4589 4591
f 4590 4591 4569
f 4569 4591 4567
f 4587 4592 4589
f 4589 4592 4593
f 4589 4593 4591
f 4591 4593 4594
f 4591 4594 4567
f 4567 4594 4565
f 4593 4592 4595
f 4595 4592 4596
f 4595 4596 4597
f 4597 4596 4598
f 4597 4598 4599
f 766 4561 4599
f 4599 4561 4600
f 4599 4600 4597
f 4597 4600 4601
f 4597 4601 4595
f 4595 4601 4594
f 4595 4594 4593
f 4568 4584 4570
f 4570 4584 768
f 770 4566 4582
f 771 4564 4580
f 4580 4564 4562
f 4580 4562 4581
f 4581 4562 4560
f 4571 4573 4602
f 4602 4573 4575
f 4602 4575 4586
f 4586 4575 4577
f 4569 4571 4590
f 4590 4571 4602
f 4590 4602 4588
f 4588 4602 4586
f 4563 4565 4601
f 4601 4565 4594
f 4561 4563 4600
f 4600 4563 4601
f 4574 4603 4576
f 4576 4603 4604
f 4576 4604 4605
f 4605 4604 4606
f 4605 4606 4607
f 4607 4606 4608
f 4608 4606 4609
f 4608 4609 4610
f 4603 4574 4611
f 4611 4574 767
f 4611 767 762
f 4611 762 4612
f 4612 762 761
f 4612 761 4613
f 4613 761 760
f 4613 760 4609
f 4609 4606 4613
f 4613 4606 4604
f 4613 4604 4612
f 4612 4604 4603
f 4612 4603 4611
f 1578 4614 1582
f 1582 4614 4615
f 1582 4615 4616
f 4616 4615 4617
f 4616 4617 4618
f 4618 4617 4619
f 4618 4619 4620
f 4620 4619 4621
f 4620 4621 4622
f 4622 4621 4623
f 4622 4623 4624
f 4624 4623 4625
f 4624 4625 4626
f 4626 4625 4627
f 4626 4627 4628
f 4628 4627 4629
f 4628 4629 4630
f 4630 4629 1571
f 4630 1571 1570
f 1577 4631 1578
f 1578 4631 4632
f 1578 4632 4614
f 4614 4632 4615
f 1576 4633 1577
f 1577 4633 4634
f 1577 4634 4635
f 4635 4634 4632
f 4635 4632 4631
f 4633 1576 4636
f 4636 1576 1575
f 4636 1575 4629
f 4629 1575 1571
f 4630 1570 4637
f 4637 1570 4638
f 4637 4638 4639
f 4639 4638 4640
f 4639 4640 4641
f 4641 4640 4642
f 4641 4642 4643
f 4643 4642 4644
f 4643 4644 4645
f 4645 4644 4646
f 4645 4646 4647
f 4647 4646 4624
f 4647 4624 4626
f 4638 4648 4640
f 4640 4648 4649
f 4640 4649 4642
f 4642 4649 4650
f 4650 4649 4648
f 4644 4651 4646
f 4646 4651 4624
f 4624 4651 4622
f 4622 4651 4620
f 4630 4637 4628
f 4628 4637 4652
f 4628 4652 4626
f 4626 4652 4647
f 4636 4629 4627
f 4633 4636 4653
f 4653 4636 4627
f 4653 4627 4625
f 4633 4653 4634
f 4634 4653 4654
f 4634 4654 4655
f 4655 4654 4656
f 4655 4656 4617
f 4617 4656 4619
f 4654 4653 4625
f 4615 4632 4655
f 4655 4632 4634
f 1577 4635 4631
f 4639 4641 4652
f 4652 4641 4647
f 4643 4645 4641
f 4641 4645 4647
f 4654 4625 4623
f 4654 4623 4656
f 4656 4623 4621
f 4656 4621 4619
f 4615 4655 4617
f 4637 4639 4652
f 4657 4648 4658
f 4658 4648 4638
f 4658 4638 4659
f 4659 4638 1570
f 4659 1570 4660
f 4660 1570 4661
f 4660 4661 4662
f 4662 4661 4663
f 4662 4663 4664
f 4664 4663 1569
f 4664 1569 1572
f 4661 1570 4665
f 4665 1570 1569
f 4665 1569 4663
f 4664 1572 4666
f 4666 1572 1574
f 4666 1574 4667
f 4668 4669 4667
f 4667 4669 4670
f 4667 4670 4671
f 4671 4670 4672
f 4671 4672 4673
f 4673 4672 4674
f 4673 4674 4666
f 4666 4674 4664
f 4668 4675 4669
f 4669 4675 4676
f 4669 4676 4677
f 4677 4676 4657
f 4677 4657 4678
f 4678 4657 4658
f 4678 4658 4659
f 4663 4661 4665
f 4666 4667 4673
f 4673 4667 4671
f 4677 4678 4679
f 4679 4678 4659
f 4679 4659 4660
f 4669 4677 4680
f 4680 4677 4679
f 4680 4679 4681
f 4681 4679 4660
f 4681 4660 4662
f 4681 4672 4680
f 4680 4672 4670
f 4680 4670 4669
f 4672 4681 4674
f 4674 4681 4662
f 4674 4662 4664
f 795 4682 789
f 789 4682 4683
f 789 4683 4684
f 4684 4683 4685
f 4684 4685 4686
f 4686 4685 4687
f 4686 4687 4688
f 4688 4687 4689
f 4688 4689 4690
f 4690 4689 4691
f 4690 4691 4692
f 4692 4691 4693
f 4692 4693 4694
f 4694 4693 4695
f 4694 4695 4696
f 4696 4695 4697
f 4696 4697 4698
f 4698 4697 4699
f 4698 4699 4700
f 4700 4699 4701
f 4700 4701 4702
f 794 4703 795
f 795 4703 4704
f 795 4704 4682
f 4682 4704 4683
f 793 4705 794
f 794 4705 4689
f 794 4689 4687
f 792 4706 793
f 793 4706 4691
f 793 4691 4689
f 791 4707 792
f 792 4707 4691
f 792 4691 4706
f 790 4708 791
f 791 4708 4695
f 791 4695 4693
f 4708 790 4695
f 4695 790 4697
f 4700 4702 4709
f 4709 4702 4710
f 4709 4710 4711
f 4711 4710 4712
f 4711 4712 4713
f 4713 4712 4714
f 4713 4714 4692
f 4692 4714 4690
f 4710 4715 4712
f 4712 4715 4716
f 4712 4716 4714
f 4714 4716 4717
f 4714 4717 4690
f 4690 4717 4688
f 4716 4715 4718
f 4718 4715 4719
f 4718 4719 4720
f 4720 4719 4721
f 4720 4721 4722
f 789 4684 4722
f 4722 4684 4723
f 4722 4723 4720
f 4720 4723 4724
f 4720 4724 4718
f 4718 4724 4717
f 4718 4717 4716
f 4691 4707 4693
f 4693 4707 791
f 793 4689 4705
f 794 4687 4703
f 4703 4687 4685
f 4703 4685 4704
f 4704 4685 4683
f 4694 4696 4725
f 4725 4696 4698
f 4725 4698 4709
f 4709 4698 4700
f 4692 4694 4713
f 4713 4694 4725
f 4713 4725 4711
f 4711 4725 4709
f 4686 4688 4724
f 4724 4688 4717
f 4684 4686 4723
f 4723 4686 4724
f 4697 4726 4699
f 4699 4726 4727
f 4699 4727 4728
f 4728 4727 4729
f 4728 4729 4730
f 4730 4729 4731
f 4731 4729 4732
f 4731 4732 4733
f 4726 4697 4734
f 4734 4697 790
f 4734 790 785
f 4734 785 4735
f 4735 785 783
f 4735 783 4736
f 4736 783 782
f 4736 782 4732
f 4732 4729 4736
f 4736 4729 4727
f 4736 4727 4735
f 4735 4727 4726
f 4735 4726 4734
f 1553 4737 1554
f 1554 4737 4738
f 1554 4738 4739
f 4739 4738 4740
f 4739 4740 4741
f 4741 4740 4742
f 4741 4742 4743
f 4743 4742 4744
f 4743 4744 4745
f 4745 4744 4746
f 4745 4746 4747
f 4747 4746 4748
f 4747 4748 4749
f 4749 4748 4750
f 4749 4750 4751
f 4751 4750 4752
f 4751 4752 4753
f 4753 4752 1543
f 4753 1543 1545
f 1552 4754 1553
f 1553 4754 4755
f 1553 4755 4737
f 4737 4755 4738
f 1535 4756 1552
f 1552 4756 4757
f 1552 4757 4758
f 4758 4757 4755
f 4758 4755 4754
f 4756 1535 4759
f 4759 1535 1541
f 4759 1541 4752
f 4752 1541 1543
f 4753 1545 4760
f 4760 1545 4761
f 4760 4761 4762
f 4762 4761 4763
f 4762 4763 4764
f 4764 4763 4765
f 4764 4765 4766
f 4766 4765 4767
f 4766 4767 4768
f 4768 4767 4769
f 4768 4769 4770
f 4770 4769 4747
f 4770 4747 4749
f 4761 4771 4763
f 4763 4771 4772
f 4763 4772 4765
f 4765 4772 4773
f 4773 4772 4771
f 4767 4774 4769
f 4769 4774 4747
f 4747 4774 4745
f 4745 4774 4743
f 4753 4760 4751
f 4751 4760 4775
f 4751 4775 4749
f 4749 4775 4770
f 4759 4752 4750
f 4756 4759 4776
f 4776 4759 4750
f 4776 4750 4748
f 4756 4776 4757
f 4757 4776 4777
f 4757 4777 4778
f 4778 4777 4779
f 4778 4779 4740
f 4740 4779 4742
f 4777 4776 4748
f 4738 4755 4778
f 4778 4755 4757
f 1552 4758 4754
f 4762 4764 4775
f 4775 4764 4770
f 4766 4768 4764
f 4764 4768 4770
f 4777 4748 4746
f 4777 4746 4779
f 4779 4746 4744
f 4779 4744 4742
f 4738 4778 4740
f 4760 4762 4775
f 4780 4771 4781
f 4781 4771 4761
f 4781 4761 4782
f 4782 4761 1545
f 4782 1545 4783
f 4783 1545 4784
f 4783 4784 4785
f 4785 4784 4786
f 4785 4786 4787
f 4787 4786 1547
f 4787 1547 1549
f 4784 1545 4788
f 4788 1545 1547
f 4788 1547 4786
f 4787 1549 4789
f 4789 1549 1551
f 4789 1551 4790
f 4791 4792 4790
f 4790 4792 4793
f 4790 4793 4794
f 4794 4793 4795
f 4794 4795 4796
f 4796 4795 4797
f 4796 4797 4789
f 4789 4797 4787
f 4791 4798 4792
f 4792 4798 4799
f 4792 4799 4800
f 4800 4799 4780
f 4800 4780 4801
f 4801 4780 4781
f 4801 4781 4782
f 4786 4784 4788
f 4789 4790 4796
f 4796 4790 4794
f 4800 4801 4802
f 4802 4801 4782
f 4802 4782 4783
f 4792 4800 4803
f 4803 4800 4802
f 4803 4802 4804
f 4804 4802 4783
f 4804 4783 4785
f 4804 4795 4803
f 4803 4795 4793
f 4803 4793 4792
f 4795 4804 4797
f 4797 4804 4785
f 4797 4785 4787
f 814 4805 805
f 805 4805 4806
f 805 4806 4807
f 4807 4806 4808
f 4807 4808 4809
f 4809 4808 4810
f 4809 4810 4811
f 4811 4810 4812
f 4811 4812 4813
f 4813 4812 4814
f 4813 4814 4815
f 4815 4814 4816
f 4815 4816 4817
f 4817 4816 4818
f 4817 4818 4819
f 4819 4818 4820
f 4819 4820 4821
f 4821 4820 4822
f 4821 4822 4823
f 4823 4822 4824
f 4823 4824 4825
f 813 4826 814
f 814 4826 4827
f 814 4827 4805
f 4805 4827 4806
f 812 4828 813
f 813 4828 4812
f 813 4812 4810
f 811 4829 812
f 812 4829 4814
f 812 4814 4812
f 810 4830 811
f 811 4830 4814
f 811 4814 4829
f 804 4831 810
f 810 4831 4818
f 810 4818 4816
f 4831 804 4818
f 4818 804 4820
f 4823 4825 4832
f 4832 4825 4833
f 4832 4833 4834
f 4834 4833 4835
f 4834 4835 4836
f 4836 4835 4837
f 4836 4837 4815
f 4815 4837 4813
f 4833 4838 4835
f 4835 4838 4839
f 4835 4839 4837
f 4837 4839 4840
f 4837 4840 4813
f 4813 4840 4811
f 4839 4838 4841
f 4841 4838 4842
f 4841 4842 4843
f 4843 4842 4844
f 4843 4844 4845
f 805 4807 4845
f 4845 4807 4846
f 4845 4846 4843
f 4843 4846 4847
f 4843 4847 4841
f 4841 4847 4840
f 4841 4840 4839
f 4814 4830 4816
f 4816 4830 810
f 812 4812 4828
f 813 4810 4826
f 4826 4810 4808
f 4826 4808 4827
f 4827 4808 4806
f 4817 4819 4848
f 4848 4819 4821
f 4848 4821 4832
f 4832 4821 4823
f 4815 4817 4836
f 4836 4817 4848
f 4836 4848 4834
f 4834 4848 4832
f 4809 4811 4847
f 4847 4811 4840
f 4807 4809 4846
f 4846 4809 4847
f 4820 4849 4822
f 4822 4849 4850
f 4822 4850 4851
f 4851 4850 4852
f 4851 4852 4853
f 4853 4852 4854
f 4854 4852 4855
f 4854 4855 4856
f 4849 4820 4857
f 4857 4820 804
f 4857 804 428
f 4857 428 4858
f 4858 428 427
f 4858 427 4859
f 4859 427 429
f 4859 429 4855
f 4855 4852 4859
f 4859 4852 4850
f 4859 4850 4858
f 4858 4850 4849
f 4858 4849 4857
f 1528 4860 1529
f 1529 4860 4861
f 1529 4861 4862
f 4862 4861 4863
f 4862 4863 4864
f 4864 4863 4865
f 4864 4865 4866
f 4866 4865 4867
f 4866 4867 4868
f 4868 4867 4869
f 4868 4869 4870
f 4870 4869 4871
f 4870 4871 4872
f 4872 4871 4873
f 4872 4873 4874
f 4874 4873 4875
f 4874 4875 4876
f 4876 4875 1527
f 4876 1527 1525
f 1520 4877 1528
f 1528 4877 4878
f 1528 4878 4860
f 4860 4878 4861
f 1519 4879 1520
f 1520 4879 4880
f 1520 4880 4881
f 4881 4880 4878
f 4881 4878 4877
f 4879 1519 4882
f 4882 1519 1515
f 4882 1515 4875
f 4875 1515 1527
f 4876 1525 4883
f 4883 1525 4884
f 4883 4884 4885
f 4885 4884 4886
f 4885 4886 4887
f 4887 4886 4888
f 4887 4888 4889
f 4889 4888 4890
f 4889 4890 4891
f 4891 4890 4892
f 4891 4892 4893
f 4893 4892 4870
f 4893 4870 4872
f 4884 4894 4886
f 4886 4894 4895
f 4886 4895 4888
f 4888 4895 4896
f 4896 4895 4894
f 4890 4897 4892
f 4892 4897 4870
f 4870 4897 4868
f 4868 4897 4866
f 4876 4883 4874
f 4874 4883 4898
f 4874 4898 4872
f 4872 4898 4893
f 4882 4875 4873
f 4879 4882 4899
f 4899 4882 4873
f 4899 4873 4871
f 4879 4899 4880
f 4880 4899 4900
f 4880 4900 4901
f 4901 4900 4902
f 4901 4902 4863
f 4863 4902 4865
f 4900 4899 4871
f 4861 4878 4901
f 4901 4878 4880
f 1520 4881 4877
f 4885 4887 4898
f 4898 4887 4893
f 4889 4891 4887
f 4887 4891 4893
f 4900 4871 4869
f 4900 4869 4902
f 4902 4869 4867
f 4902 4867 4865
f 4861 4901 4863
f 4883 4885 4898
f 4903 4894 4904
f 4904 4894 4884
f 4904 4884 4905
f 4905 4884 1525
f 4905 1525 4906
f 4906 1525 4907
f 4906 4907 4908
f 4908 4907 4909
f 4908 4909 4910
f 4910 4909 1524
f 4910 1524 1523
f 4907 1525 4911
f 4911 1525 1524
f 4911 1524 4909
f 4910 1523 4912
f 4912 1523 1526
f 4912 1526 4913
f 4914 4915 4913
f 4913 4915 4916
f 4913 4916 4917
f 4917 4916 4918
f 4917 4918 4919
f 4919 4918 4920
f 4919 4920 4912
f 4912 4920 4910
f 4914 4921 4915
f 4915 4921 4922
f 4915 4922 4923
f 4923 4922 4903
f 4923 4903 4924
f 4924 4903 4904
f 4924 4904 4905
f 4909 4907 4911
f 4912 4913 4919
f 4919 4913 4917
f 4923 4924 4925
f 4925 4924 4905
f 4925 4905 4906
f 4915 4923 4926
f 4926 4923 4925
f 4926 4925 4927
f 4927 4925 4906
f 4927 4906 4908
f 4927 4918 4926
f 4926 4918 4916
f 4926 4916 4915
f 4918 4927 4920
f 4920 4927 4908
f 4920 4908 4910
f 4928 4929 4930
f 4930 4929 4931
f 4930 4931 4932
f 4932 4931 4933
f 4932 4933 4934
f 4934 4933 4935
f 4934 4935 4936
f 4936 4935 4937
f 4936 4937 4938
f 4938 4937 4939
f 4938 4939 4940
f 4940 4939 4941
f 4940 4941 4942
f 4942 4941 4943
f 4942 4943 4944
f 4944 4943 4945
f 4944 4945 4946
f 4946 4945 1511
f 4946 1511 4947
f 4947 1511 1510
f 4947 1510 4946
f 4946 1510 4948
f 4946 4948 4949
f 4949 4948 4950
f 4949 4950 4951
f 4951 4950 1508
f 4951 1508 4952
f 4952 1508 4953
f 4952 4953 1507
f 1507 4953 1508
f 4954 4955 4928
f 4928 4955 4931
f 4928 4931 4929
f 4956 4957 4954
f 4954 4957 4958
f 4954 4958 4955
f 4955 4958 4933
f 4955 4933 4931
f 4957 4956 4959
f 4959 4956 4960
f 4959 4960 4961
f 4961 4960 4962
f 4961 4962 4963
f 4963 4962 4964
f 4963 4964 4943
f 4943 4964 4945
f 1510 1509 4948
f 4948 1509 4950
f 1509 1508 4950
f 1506 4965 1507
f 1507 4965 4966
f 1507 4966 4952
f 4952 4966 4938
f 4952 4938 4940
f 1504 4967 1506
f 1506 4967 4968
f 1506 4968 4965
f 4965 4968 4966
f 4930 4932 1504
f 1504 4932 4969
f 1504 4969 4967
f 4967 4969 4970
f 4967 4970 4968
f 4968 4970 4966
f 4961 4963 4941
f 4941 4963 4943
f 4959 4961 4939
f 4939 4961 4941
f 4957 4959 4937
f 4937 4959 4939
f 4958 4957 4935
f 4935 4957 4937
f 4935 4933 4958
f 4946 4949 4944
f 4944 4949 4942
f 4949 4951 4942
f 4942 4951 4940
f 4951 4952 4940
f 4938 4966 4936
f 4936 4966 4970
f 4936 4970 4934
f 4934 4970 4969
f 4934 4969 4932
f 4930 1504 4971
f 4971 1504 4972
f 4971 4972 4973
f 4973 4972 4974
f 4973 4974 4975
f 1504 1503 4972
f 4972 1503 1501
f 4972 1501 1499
f 4972 4976 4974
f 4974 4976 4977
f 4974 4977 4978
f 826 825 4975
f 4975 825 829
f 4975 829 828
f 828 4973 4975
f 1498 4979 1499
f 1499 4979 4980
f 1499 4980 4972
f 4972 4980 4981
f 4972 4981 4982
f 4982 4981 4983
f 4982 4983 4984
f 4984 4983 4985
f 4984 4985 4986
f 4986 4985 4987
f 4986 4987 4988
f 4988 4987 4989
f 4988 4989 4990
f 4990 4989 4991
f 4990 4991 4992
f 4992 4991 4993
f 4992 4993 4994
f 4994 4993 1417
f 4994 1417 1488
f 1497 4995 1498
f 1498 4995 4996
f 1498 4996 4979
f 4979 4996 4980
f 1496 4997 1497
f 1497 4997 4998
f 1497 4998 4999
f 4999 4998 4996
f 4999 4996 4995
f 4997 1496 5000
f 5000 1496 1495
f 5000 1495 4993
f 4993 1495 1417
f 4994 1488 5001
f 5001 1488 5002
f 5001 5002 5003
f 5003 5002 5004
f 5003 5004 5005
f 5005 5004 5006
f 5005 5006 5007
f 5007 5006 5008
f 5007 5008 5009
f 5009 5008 5010
f 5009 5010 5011
f 5011 5010 4988
f 5011 4988 4990
f 5002 5012 5004
f 5004 5012 5013
f 5004 5013 5014
f 5014 5013 5015
f 5014 5015 5006
f 5008 5016 5010
f 5010 5016 4988
f 4988 5016 4986
f 4986 5016 4984
f 5006 5004 5014
f 4994 5001 4992
f 4992 5001 5017
f 4992 5017 4990
f 4990 5017 5011
f 5000 4993 4991
f 4997 5000 5018
f 5018 5000 4991
f 5018 4991 4989
f 4997 5018 4998
f 4998 5018 5019
f 4998 5019 5020
f 5020 5019 5021
f 5020 5021 4981
f 4981 5021 4983
f 5019 5018 4989
f 4980 4996 5020
f 5020 4996 4998
f 1497 4999 4995
f 5003 5005 5017
f 5017 5005 5011
f 5007 5009 5005
f 5005 5009 5011
f 5019 4989 4987
f 5019 4987 5021
f 5021 4987 4985
f 5021 4985 4983
f 4980 5020 4981
f 5001 5003 5017
f 5022 5012 5023
f 5023 5012 5002
f 5023 5002 5024
f 5024 5002 1488
f 5024 1488 5025
f 5025 1488 5026
f 5025 5026 5027
f 5027 5026 5028
f 5027 5028 5029
f 5029 5028 1490
f 5029 1490 1492
f 5026 1488 5030
f 5030 1488 1490
f 5030 1490 5028
f 5029 1492 5031
f 5031 1492 1494
f 5031 1494 5032
f 5033 5034 5032
f 5032 5034 5035
f 5032 5035 5036
f 5036 5035 5037
f 5036 5037 5038
f 5038 5037 5039
f 5038 5039 5031
f 5031 5039 5029
f 5033 5040 5034
f 5034 5040 5041
f 5034 5041 5042
f 5042 5041 5022
f 5042 5022 5043
f 5043 5022 5023
f 5043 5023 5024
f 5028 5026 5030
f 5031 5032 5038
f 5038 5032 5036
f 5042 5043 5044
f 5044 5043 5024
f 5044 5024 5025
f 5034 5042 5045
f 5045 5042 5044
f 5045 5044 5046
f 5046 5044 5025
f 5046 5025 5027
f 5046 5037 5045
f 5045 5037 5035
f 5045 5035 5034
f 5037 5046 5039
f 5039 5046 5027
f 5039 5027 5029
f 852 5047 845
f 845 5047 5048
f 845 5048 5049
f 5049 5048 5050
f 5049 5050 5051
f 5051 5050 5052
f 5051 5052 5053
f 5053 5052 5054
f 5053 5054 5055
f 5055 5054 5056
f 5055 5056 5057
f 5057 5056 5058
f 5057 5058 5059
f 5059 5058 5060
f 5059 5060 5061
f 5061 5060 5062
f 5061 5062 5063
f 5063 5062 5064
f 5063 5064 5065
f 5065 5064 5066
f 5065 5066 5067
f 851 5068 852
f 852 5068 5069
f 852 5069 5047
f 5047 5069 5048
f 850 5070 851
f 851 5070 5054
f 851 5054 5052
f 849 5071 850
f 850 5071 5056
f 850 5056 5054
f 848 5072 849
f 849 5072 5056
f 849 5056 5071
f 844 5073 848
f 848 5073 5060
f 848 5060 5058
f 5073 844 5060
f 5060 844 5062
f 5065 5067 5074
f 5074 5067 5075
f 5074 5075 5076
f 5076 5075 5077
f 5076 5077 5078
f 5078 5077 5079
f 5078 5079 5057
f 5057 5079 5055
f 5075 5080 5077
f 5077 5080 5081
f 5077 5081 5079
f 5079 5081 5082
f 5079 5082 5055
f 5055 5082 5053
f 5081 5080 5083
f 5083 5080 5084
f 5083 5084 5085
f 5085 5084 5086
f 5085 5086 5087
f 845 5049 5087
f 5087 5049 5088
f 5087 5088 5085
f 5085 5088 5089
f 5085 5089 5083
f 5083 5089 5082
f 5083 5082 5081
f 5056 5072 5058
f 5058 5072 848
f 850 5054 5070
f 851 5052 5068
f 5068 5052 5050
f 5068 5050 5069
f 5069 5050 5048
f 5059 5061 5090
f 5090 5061 5063
f 5090 5063 5074
f 5074 5063 5065
f 5057 5059 5078
f 5078 5059 5090
f 5078 5090 5076
f 5076 5090 5074
f 5051 5053 5089
f 5089 5053 5082
f 5049 5051 5088
f 5088 5051 5089
f 5062 5091 5064
f 5064 5091 5092
f 5064 5092 5093
f 5093 5092 5094
f 5093 5094 5095
f 5095 5094 5096
f 5096 5094 5097
f 5096 5097 5098
f 5091 5062 5099
f 5099 5062 844
f 5099 844 841
f 5099 841 5100
f 5100 841 424
f 5100 424 5101
f 5101 424 423
f 5101 423 5097
f 5097 5094 5101
f 5101 5094 5092
f 5101 5092 5100
f 5100 5092 5091
f 5100 5091 5099
f 1436 5102 1435
f 1435 5102 5103
f 1435 5103 5104
f 5104 5103 5105
f 5104 5105 5106
f 5106 5105 5107
f 5106 5107 5108
f 5108 5107 5109
f 5108 5109 5110
f 5110 5109 5111
f 5110 5111 5112
f 5112 5111 5113
f 5112 5113 5114
f 5114 5113 5115
f 5114 5115 5116
f 5116 5115 5117
f 5116 5117 5118
f 5118 5117 1474
f 5118 1474 1476
f 1467 5119 1436
f 1436 5119 5120
f 1436 5120 5102
f 5102 5120 5103
f 1470 5121 1467
f 1467 5121 5122
f 1467 5122 5123
f 5123 5122 5120
f 5123 5120 5119
f 5121 1470 5124
f 5124 1470 1472
f 5124 1472 5117
f 5117 1472 1474
f 5118 1476 5125
f 5125 1476 5126
f 5125 5126 5127
f 5127 5126 5128
f 5127 5128 5129
f 5129 5128 5130
f 5129 5130 5131
f 5131 5130 5132
f 5131 5132 5133
f 5133 5132 5134
f 5133 5134 5135
f 5135 5134 5112
f 5135 5112 5114
f 5126 5136 5128
f 5128 5136 5137
f 5128 5137 5130
f 5130 5137 5138
f 5138 5137 5136
f 5132 5139 5134
f 5134 5139 5112
f 5112 5139 5110
f 5110 5139 5108
f 5118 5125 5116
f 5116 5125 5140
f 5116 5140 5114
f 5114 5140 5135
f 5124 5117 5115
f 5121 5124 5141
f 5141 5124 5115
f 5141 5115 5113
f 5121 5141 5122
f 5122 5141 5142
f 5122 5142 5143
f 5143 5142 5144
f 5143 5144 5105
f 5105 5144 5107
f 5142 5141 5113
f 5103 5120 5143
f 5143 5120 5122
f 1467 5123 5119
f 5127 5129 5140
f 5140 5129 5135
f 5131 5133 5129
f 5129 5133 5135
f 5142 5113 5111
f 5142 5111 5144
f 5144 5111 5109
f 5144 5109 5107
f 5103 5143 5105
f 5125 5127 5140
f 5145 5136 5146
f 5146 5136 5126
f 5146 5126 5147
f 5147 5126 1476
f 5147 1476 5148
f 5148 1476 5149
f 5148 5149 5150
f 5150 5149 5151
f 5150 5151 5152
f 5152 5151 1478
f 5152 1478 1480
f 5149 1476 5153
f 5153 1476 1478
f 5153 1478 5151
f 5152 1480 5154
f 5154 1480 1482
f 5154 1482 5155
f 5156 5157 5155
f 5155 5157 5158
f 5155 5158 5159
f 5159 5158 5160
f 5159 5160 5161
f 5161 5160 5162
f 5161 5162 5154
f 5154 5162 5152
f 5156 5163 5157
f 5157 5163 5164
f 5157 5164 5165
f 5165 5164 5145
f 5165 5145 5166
f 5166 5145 5146
f 5166 5146 5147
f 5151 5149 5153
f 5154 5155 5161
f 5161 5155 5159
f 5165 5166 5167
f 5167 5166 5147
f 5167 5147 5148
f 5157 5165 5168
f 5168 5165 5167
f 5168 5167 5169
f 5169 5167 5148
f 5169 5148 5150
f 5169 5160 5168
f 5168 5160 5158
f 5168 5158 5157
f 5160 5169 5162
f 5162 5169 5150
f 5162 5150 5152
f 872 5170 865
f 865 5170 5171
f 865 5171 5172
f 5172 5171 5173
f 5172 5173 5174
f 5174 5173 5175
f 5174 5175 5176
f 5176 5175 5177
f 5176 5177 5178
f 5178 5177 5179
f 5178 5179 5180
f 5180 5179 5181
f 5180 5181 5182
f 5182 5181 5183
f 5182 5183 5184
f 5184 5183 5185
f 5184 5185 5186
f 5186 5185 5187
f 5186 5187 5188
f 5188 5187 5189
f 5188 5189 5190
f 871 5191 872
f 872 5191 5192
f 872 5192 5170
f 5170 5192 5171
f 870 5193 871
f 871 5193 5177
f 871 5177 5175
f 869 5194 870
f 870 5194 5179
f 870 5179 5177
f 868 5195 869
f 869 5195 5179
f 869 5179 5194
f 864 5196 868
f 868 5196 5183
f 868 5183 5181
f 5196 864 5183
f 5183 864 5185
f 5188 5190 5197
f 5197 5190 5198
f 5197 5198 5199
f 5199 5198 5200
f 5199 5200 5201
f 5201 5200 5202
f 5201 5202 5180
f 5180 5202 5178
f 5198 5203 5200
f 5200 5203 5204
f 5200 5204 5202
f 5202 5204 5205
f 5202 5205 5178
f 5178 5205 5176
f 5204 5203 5206
f 5206 5203 5207
f 5206 5207 5208
f 5208 5207 5209
f 5208 5209 5210
f 865 5172 5210
f 5210 5172 5211
f 5210 5211 5208
f 5208 5211 5212
f 5208 5212 5206
f 5206 5212 5205
f 5206 5205 5204
f 5179 5195 5181
f 5181 5195 868
f 870 5177 5193
f 871 5175 5191
f 5191 5175 5173
f 5191 5173 5192
f 5192 5173 5171
f 5182 5184 5213
f 5213 5184 5186
f 5213 5186 5197
f 5197 5186 5188
f 5180 5182 5201
f 5201 5182 5213
f 5201 5213 5199
f 5199 5213 5197
f 5174 5176 5212
f 5212 5176 5205
f 5172 5174 5211
f 5211 5174 5212
f 5185 5214 5187
f 5187 5214 5215
f 5187 5215 5216
f 5216 5215 5217
f 5216 5217 5218
f 5218 5217 5219
f 5219 5217 5220
f 5219 5220 5221
f 5214 5185 5222
f 5222 5185 864
f 5222 864 863
f 5222 863 5223
f 5223 863 862
f 5223 862 5224
f 5224 862 861
f 5224 861 5220
f 5220 5217 5224
f 5224 5217 5215
f 5224 5215 5223
f 5223 5215 5214
f 5223 5214 5222
f 1445 5225 1443
f 1443 5225 5226
f 1443 5226 5227
f 5227 5226 5228
f 5227 5228 5229
f 5229 5228 5230
f 5229 5230 5231
f 5231 5230 5232
f 5231 5232 5233
f 5233 5232 5234
f 5233 5234 5235
f 5235 5234 5236
f 5235 5236 5237
f 5237 5236 5238
f 5237 5238 5239
f 5239 5238 5240
f 5239 5240 5241
f 5241 5240 1458
f 5241 1458 1460
f 1447 5242 1445
f 1445 5242 5243
f 1445 5243 5225
f 5225 5243 5226
f 1449 5244 1447
f 1447 5244 5245
f 1447 5245 5246
f 5246 5245 5243
f 5246 5243 5242
f 5244 1449 5247
f 5247 1449 1456
f 5247 1456 5240
f 5240 1456 1458
f 5241 1460 5248
f 5248 1460 5249
f 5248 5249 5250
f 5250 5249 5251
f 5250 5251 5252
f 5252 5251 5253
f 5252 5253 5254
f 5254 5253 5255
f 5254 5255 5256
f 5256 5255 5257
f 5256 5257 5258
f 5258 5257 5235
f 5258 5235 5237
f 5249 5259 5251
f 5251 5259 5260
f 5251 5260 5253
f 5253 5260 5261
f 5261 5260 5259
f 5255 5262 5257
f 5257 5262 5235
f 5235 5262 5233
f 5233 5262 5231
f 5241 5248 5239
f 5239 5248 5263
f 5239 5263 5237
f 5237 5263 5258
f 5247 5240 5238
f 5244 5247 5264
f 5264 5247 5238
f 5264 5238 5236
f 5244 5264 5245
f 5245 5264 5265
f 5245 5265 5266
f 5266 5265 5267
f 5266 5267 5228
f 5228 5267 5230
f 5265 5264 5236
f 5226 5243 5266
f 5266 5243 5245
f 1447 5246 5242
f 5250 5252 5263
f 5263 5252 5258
f 5254 5256 5252
f 5252 5256 5258
f 5265 5236 5234
f 5265 5234 5267
f 5267 5234 5232
f 5267 5232 5230
f 5226 5266 5228
f 5248 5250 5263
f 5268 5259 5269
f 5269 5259 5249
f 5269 5249 5270
f 5270 5249 1460
f 5270 1460 5271
f 5271 1460 5272
f 5271 5272 5273
f 5273 5272 5274
f 5273 5274 5275
f 5275 5274 1462
f 5275 1462 1464
f 5272 1460 5276
f 5276 1460 1462
f 5276 1462 5274
f 5275 1464 5277
f 5277 1464 1466
f 5277 1466 5278
f 5279 5280 5278
f 5278 5280 5281
f 5278 5281 5282
f 5282 5281 5283
f 5282 5283 5284
f 5284 5283 5285
f 5284 5285 5277
f 5277 5285 5275
f 5279 5286 5280
f 5280 5286 5287
f 5280 5287 5288
f 5288 5287 5268
f 5288 5268 5289
f 5289 5268 5269
f 5289 5269 5270
f 5274 5272 5276
f 5277 5278 5284
f 5284 5278 5282
f 5288 5289 5290
f 5290 5289 5270
f 5290 5270 5271
f 5280 5288 5291
f 5291 5288 5290
f 5291 5290 5292
f 5292 5290 5271
f 5292 5271 5273
f 5292 5283 5291
f 5291 5283 5281
f 5291 5281 5280
f 5283 5292 5285
f 5285 5292 5273
f 5285 5273 5275
f 896 5293 890
f 890 5293 5294
f 890 5294 5295
f 5295 5294 5296
f 5295 5296 5297
f 5297 5296 5298
f 5297 5298 5299
f 5299 5298 5300
f 5299 5300 5301
f 5301 5300 5302
f 5301 5302 5303
f 5303 5302 5304
f 5303 5304 5305
f 5305 5304 5306
f 5305 5306 5307
f 5307 5306 5308
f 5307 5308 5309
f 5309 5308 5310
f 5309 5310 5311
f 5311 5310 5312
f 5311 5312 5313
f 895 5314 896
f 896 5314 5315
f 896 5315 5293
f 5293 5315 5294
f 894 5316 895
f 895 5316 5300
f 895 5300 5298
f 893 5317 894
f 894 5317 5302
f 894 5302 5300
f 892 5318 893
f 893 5318 5302
f 893 5302 5317
f 889 5319 892
f 892 5319 5306
f 892 5306 5304
f 5319 889 5306
f 5306 889 5308
f 5311 5313 5320
f 5320 5313 5321
f 5320 5321 5322
f 5322 5321 5323
f 5322 5323 5324
f 5324 5323 5325
f 5324 5325 5303
f 5303 5325 5301
f 5321 5326 5323
f 5323 5326 5327
f 5323 5327 5325
f 5325 5327 5328
f 5325 5328 5301
f 5301 5328 5299
f 5327 5326 5329
f 5329 5326 5330
f 5329 5330 5331
f 5331 5330 5332
f 5331 5332 5333
f 890 5295 5333
f 5333 5295 5334
f 5333 5334 5331
f 5331 5334 5335
f 5331 5335 5329
f 5329 5335 5328
f 5329 5328 5327
f 5302 5318 5304
f 5304 5318 892
f 894 5300 5316
f 895 5298 5314
f 5314 5298 5296
f 5314 5296 5315
f 5315 5296 5294
f 5305 5307 5336
f 5336 5307 5309
f 5336 5309 5320
f 5320 5309 5311
f 5303 5305 5324
f 5324 5305 5336
f 5324 5336 5322
f 5322 5336 5320
f 5297 5299 5335
f 5335 5299 5328
f 5295 5297 5334
f 5334 5297 5335
f 5308 5337 5310
f 5310 5337 5338
f 5310 5338 5339
f 5339 5338 5340
f 5339 5340 5341
f 5341 5340 5342
f 5342 5340 5343
f 5342 5343 5344
f 5337 5308 5345
f 5345 5308 889
f 5345 889 885
f 5345 885 5346
f 5346 885 884
f 5346 884 5347
f 5347 884 883
f 5347 883 5343
f 5343 5340 5347
f 5347 5340 5338
f 5347 5338 5346
f 5346 5338 5337
f 5346 5337 5345
f 1232 5348 1233
f 1233 5348 5349
f 1233 5349 5350
f 5350 5349 5351
f 5350 5351 5352
f 5352 5351 5353
f 5352 5353 5354
f 5354 5353 5355
f 5354 5355 5356
f 5356 5355 5357
f 5356 5357 5358
f 5358 5357 5359
f 5358 5359 5360
f 5360 5359 5361
f 5360 5361 5362
f 5362 5361 5363
f 5362 5363 5364
f 5364 5363 2015
f 5364 2015 2014
f 2023 5365 1232
f 1232 5365 5366
f 1232 5366 5348
f 5348 5366 5349
f 2022 5367 2023
f 2023 5367 5368
f 2023 5368 5369
f 5369 5368 5366
f 5369 5366 5365
f 5367 2022 5370
f 5370 2022 2016
f 5370 2016 5363
f 5363 2016 2015
f 5364 2014 5371
f 5371 2014 5372
f 5371 5372 5373
f 5373 5372 5374
f 5373 5374 5375
f 5375 5374 5376
f 5375 5376 5377
f 5377 5376 5378
f 5377 5378 5379
f 5379 5378 5380
f 5379 5380 5381
f 5381 5380 5358
f 5381 5358 5360
f 5372 5382 5374
f 5374 5382 5383
f 5374 5383 5376
f 5376 5383 5384
f 5384 5383 5382
f 5378 5385 5380
f 5380 5385 5358
f 5358 5385 5356
f 5356 5385 5354
f 5364 5371 5362
f 5362 5371 5386
f 5362 5386 5360
f 5360 5386 5381
f 5370 5363 5361
f 5367 5370 5387
f 5387 5370 5361
f 5387 5361 5359
f 5367 5387 5368
f 5368 5387 5388
f 5368 5388 5389
f 5389 5388 5390
f 5389 5390 5351
f 5351 5390 5353
f 5388 5387 5359
f 5349 5366 5389
f 5389 5366 5368
f 2023 5369 5365
f 5373 5375 5386
f 5386 5375 5381
f 5377 5379 5375
f 5375 5379 5381
f 5388 5359 5357
f 5388 5357 5390
f 5390 5357 5355
f 5390 5355 5353
f 5349 5389 5351
f 5371 5373 5386
f 5391 5382 5392
f 5392 5382 5372
f 5392 5372 5393
f 5393 5372 2014
f 5393 2014 5394
f 5394 2014 5395
f 5394 5395 5396
f 5396 5395 5397
f 5396 5397 5398
f 5398 5397 2017
f 5398 2017 2019
f 5395 2014 5399
f 5399 2014 2017
f 5399 2017 5397
f 5398 2019 5400
f 5400 2019 2021
f 5400 2021 5401
f 5402 5403 5401
f 5401 5403 5404
f 5401 5404 5405
f 5405 5404 5406
f 5405 5406 5407
f 5407 5406 5408
f 5407 5408 5400
f 5400 5408 5398
f 5402 5409 5403
f 5403 5409 5410
f 5403 5410 5411
f 5411 5410 5391
f 5411 5391 5412
f 5412 5391 5392
f 5412 5392 5393
f 5397 5395 5399
f 5400 5401 5407
f 5407 5401 5405
f 5411 5412 5413
f 5413 5412 5393
f 5413 5393 5394
f 5403 5411 5414
f 5414 5411 5413
f 5414 5413 5415
f 5415 5413 5394
f 5415 5394 5396
f 5415 5406 5414
f 5414 5406 5404
f 5414 5404 5403
f 5406 5415 5408
f 5408 5415 5396
f 5408 5396 5398
f 1240 5416 1235
f 1235 5416 5417
f 1235 5417 5418
f 5418 5417 5419
f 5418 5419 5420
f 5420 5419 5421
f 5420 5421 5422
f 5422 5421 5423
f 5422 5423 5424
f 5424 5423 5425
f 5424 5425 5426
f 5426 5425 5427
f 5426 5427 5428
f 5428 5427 5429
f 5428 5429 5430
f 5430 5429 5431
f 5430 5431 5432
f 5432 5431 2004
f 5432 2004 2003
f 2012 5433 1240
f 1240 5433 5434
f 1240 5434 5416
f 5416 5434 5417
f 2011 5435 2012
f 2012 5435 5436
f 2012 5436 5437
f 5437 5436 5434
f 5437 5434 5433
f 5435 2011 5438
f 5438 2011 2005
f 5438 2005 5431
f 5431 2005 2004
f 5432 2003 5439
f 5439 2003 5440
f 5439 5440 5441
f 5441 5440 5442
f 5441 5442 5443
f 5443 5442 5444
f 5443 5444 5445
f 5445 5444 5446
f 5445 5446 5447
f 5447 5446 5448
f 5447 5448 5449
f 5449 5448 5426
f 5449 5426 5428
f 5440 5450 5442
f 5442 5450 5451
f 5442 5451 5444
f 5444 5451 5452
f 5452 5451 5450
f 5446 5453 5448
f 5448 5453 5426
f 5426 5453 5424
f 5424 5453 5422
f 5432 5439 5430
f 5430 5439 5454
f 5430 5454 5428
f 5428 5454 5449
f 5438 5431 5429
f 5435 5438 5455
f 5455 5438 5429
f 5455 5429 5427
f 5435 5455 5436
f 5436 5455 5456
f 5436 5456 5457
f 5457 5456 5458
f 5457 5458 5419
f 5419 5458 5421
f 5456 5455 5427
f 5417 5434 5457
f 5457 5434 5436
f 2012 5437 5433
f 5441 5443 5454
f 5454 5443 5449
f 5445 5447 5443
f 5443 5447 5449
f 5456 5427 5425
f 5456 5425 5458
f 5458 5425 5423
f 5458 5423 5421
f 5417 5457 5419
f 5439 5441 5454
f 5459 5450 5460
f 5460 5450 5440
f 5460 5440 5461
f 5461 5440 2003
f 5461 2003 5462
f 5462 2003 5463
f 5462 5463 5464
f 5464 5463 5465
f 5464 5465 5466
f 5466 5465 2008
f 5466 2008 2007
f 5463 2003 5467
f 5467 2003 2008
f 5467 2008 5465
f 5466 2007 5468
f 5468 2007 2010
f 5468 2010 5469
f 5470 5471 5469
f 5469 5471 5472
f 5469 5472 5473
f 5473 5472 5474
f 5473 5474 5475
f 5475 5474 5476
f 5475 5476 5468
f 5468 5476 5466
f 5470 5477 5471
f 5471 5477 5478
f 5471 5478 5479
f 5479 5478 5459
f 5479 5459 5480
f 5480 5459 5460
f 5480 5460 5461
f 5465 5463 5467
f 5468 5469 5475
f 5475 5469 5473
f 5479 5480 5481
f 5481 5480 5461
f 5481 5461 5462
f 5471 5479 5482
f 5482 5479 5481
f 5482 5481 5483
f 5483 5481 5462
f 5483 5462 5464
f 5483 5474 5482
f 5482 5474 5472
f 5482 5472 5471
f 5474 5483 5476
f 5476 5483 5464
f 5476 5464 5466
f 1247 5484 1242
f 1242 5484 5485
f 1242 5485 5486
f 5486 5485 5487
f 5486 5487 5488
f 5488 5487 5489
f 5488 5489 5490
f 5490 5489 5491
f 5490 5491 5492
f 5492 5491 5493
f 5492 5493 5494
f 5494 5493 5495
f 5494 5495 5496
f 5496 5495 5497
f 5496 5497 5498
f 5498 5497 5499
f 5498 5499 5500
f 5500 5499 1993
f 5500 1993 1992
f 2001 5501 1247
f 1247 5501 5502
f 1247 5502 5484
f 5484 5502 5485
f 2000 5503 2001
f 2001 5503 5504
f 2001 5504 5505
f 5505 5504 5502
f 5505 5502 5501
f 5503 2000 5506
f 5506 2000 1994
f 5506 1994 5499
f 5499 1994 1993
f 5500 1992 5507
f 5507 1992 5508
f 5507 5508 5509
f 5509 5508 5510
f 5509 5510 5511
f 5511 5510 5512
f 5511 5512 5513
f 5513 5512 5514
f 5513 5514 5515
f 5515 5514 5516
f 5515 5516 5517
f 5517 5516 5494
f 5517 5494 5496
f 5508 5518 5510
f 5510 5518 5519
f 5510 5519 5512
f 5512 5519 5520
f 5520 5519 5518
f 5514 5521 5516
f 5516 5521 5494
f 5494 5521 5492
f 5492 5521 5490
f 5500 5507 5498
f 5498 5507 5522
f 5498 5522 5496
f 5496 5522 5517
f 5506 5499 5497
f 5503 5506 5523
f 5523 5506 5497
f 5523 5497 5495
f 5503 5523 5504
f 5504 5523 5524
f 5504 5524 5525
f 5525 5524 5526
f 5525 5526 5487
f 5487 5526 5489
f 5524 5523 5495
f 5485 5502 5525
f 5525 5502 5504
f 2001 5505 5501
f 5509 5511 5522
f 5522 5511 5517
f 5513 5515 5511
f 5511 5515 5517
f 5524 5495 5493
f 5524 5493 5526
f 5526 5493 5491
f 5526 5491 5489
f 5485 5525 5487
f 5507 5509 5522
f 5527 5518 5528
f 5528 5518 5508
f 5528 5508 5529
f 5529 5508 1992
f 5529 1992 5530
f 5530 1992 5531
f 5530 5531 5532
f 5532 5531 5533
f 5532 5533 5534
f 5534 5533 1997
f 5534 1997 1996
f 5531 1992 5535
f 5535 1992 1997
f 5535 1997 5533
f 5534 1996 5536
f 5536 1996 1999
f 5536 1999 5537
f 5538 5539 5537
f 5537 5539 5540
f 5537 5540 5541
f 5541 5540 5542
f 5541 5542 5543
f 5543 5542 5544
f 5543 5544 5536
f 5536 5544 5534
f 5538 5545 5539
f 5539 5545 5546
f 5539 5546 5547
f 5547 5546 5527
f 5547 5527 5548
f 5548 5527 5528
f 5548 5528 5529
f 5533 5531 5535
f 5536 5537 5543
f 5543 5537 5541
f 5547 5548 5549
f 5549 5548 5529
f 5549 5529 5530
f 5539 5547 5550
f 5550 5547 5549
f 5550 5549 5551
f 5551 5549 5530
f 5551 5530 5532
f 5551 5542 5550
f 5550 5542 5540
f 5550 5540 5539
f 5542 5551 5544
f 5544 5551 5532
f 5544 5532 5534
f 1254 5552 1249
f 1249 5552 5553
f 1249 5553 5554
f 5554 5553 5555
f 5554 5555 5556
f 5556 5555 5557
f 5556 5557 5558
f 5558 5557 5559
f 5558 5559 5560
f 5560 5559 5561
f 5560 5561 5562
f 5562 5561 5563
f 5562 5563 5564
f 5564 5563 5565
f 5564 5565 5566
f 5566 5565 5567
f 5566 5567 5568
f 5568 5567 1982
f 5568 1982 1981
f 1990 5569 1254
f 1254 5569 5570
f 1254 5570 5552
f 5552 5570 5553
f 1989 5571 1990
f 1990 5571 5572
f 1990 5572 5573
f 5573 5572 5570
f 5573 5570 5569
f 5571 1989 5574
f 5574 1989 1983
f 5574 1983 5567
f 5567 1983 1982
f 5568 1981 5575
f 5575 1981 5576
f 5575 5576 5577
f 5577 5576 5578
f 5577 5578 5579
f 5579 5578 5580
f 5579 5580 5581
f 5581 5580 5582
f 5581 5582 5583
f 5583 5582 5584
f 5583 5584 5585
f 5585 5584 5562
f 5585 5562 5564
f 5576 5586 5578
f 5578 5586 5587
f 5578 5587 5580
f 5580 5587 5588
f 5588 5587 5586
f 5582 5589 5584
f 5584 5589 5562
f 5562 5589 5560
f 5560 5589 5558
f 5568 5575 5566
f 5566 5575 5590
f 5566 5590 5564
f 5564 5590 5585
f 5574 5567 5565
f 5571 5574 5591
f 5591 5574 5565
f 5591 5565 5563
f 5571 5591 5572
f 5572 5591 5592
f 5572 5592 5593
f 5593 5592 5594
f 5593 5594 5555
f 5555 5594 5557
f 5592 5591 5563
f 5553 5570 5593
f 5593 5570 5572
f 1990 5573 5569
f 5577 5579 5590
f 5590 5579 5585
f 5581 5583 5579
f 5579 5583 5585
f 5592 5563 5561
f 5592 5561 5594
f 5594 5561 5559
f 5594 5559 5557
f 5553 5593 5555
f 5575 5577 5590
f 5595 5586 5596
f 5596 5586 5576
f 5596 5576 5597
f 5597 5576 1981
f 5597 1981 5598
f 5598 1981 5599
f 5598 5599 5600
f 5600 5599 5601
f 5600 5601 5602
f 5602 5601 1986
f 5602 1986 1985
f 5599 1981 5603
f 5603 1981 1986
f 5603 1986 5601
f 5602 1985 5604
f 5604 1985 1988
f 5604 1988 5605
f 5606 5607 5605
f 5605 5607 5608
f 5605 5608 5609
f 5609 5608 5610
f 5609 5610 5611
f 5611 5610 5612
f 5611 5612 5604
f 5604 5612 5602
f 5606 5613 5607
f 5607 5613 5614
f 5607 5614 5615
f 5615 5614 5595
f 5615 5595 5616
f 5616 5595 5596
f 5616 5596 5597
f 5601 5599 5603
f 5604 5605 5611
f 5611 5605 5609
f 5615 5616 5617
f 5617 5616 5597
f 5617 5597 5598
f 5607 5615 5618
f 5618 5615 5617
f 5618 5617 5619
f 5619 5617 5598
f 5619 5598 5600
f 5619 5610 5618
f 5618 5610 5608
f 5618 5608 5607
f 5610 5619 5612
f 5612 5619 5600
f 5612 5600 5602
f 1262 5620 1256
f 1256 5620 5621
f 1256 5621 5622
f 5622 5621 5623
f 5622 5623 5624
f 5624 5623 5625
f 5624 5625 5626
f 5626 5625 5627
f 5626 5627 5628
f 5628 5627 5629
f 5628 5629 5630
f 5630 5629 5631
f 5630 5631 5632
f 5632 5631 5633
f 5632 5633 5634
f 5634 5633 5635
f 5634 5635 5636
f 5636 5635 1269
f 5636 1269 1271
f 1263 5637 1262
f 1262 5637 5638
f 1262 5638 5620
f 5620 5638 5621
f 1265 5639 1263
f 1263 5639 5640
f 1263 5640 5641
f 5641 5640 5638
f 5641 5638 5637
f 5639 1265 5642
f 5642 1265 1267
f 5642 1267 5635
f 5635 1267 1269
f 5636 1271 5643
f 5643 1271 5644
f 5643 5644 5645
f 5645 5644 5646
f 5645 5646 5647
f 5647 5646 5648
f 5647 5648 5649
f 5649 5648 5650
f 5649 5650 5651
f 5651 5650 5652
f 5651 5652 5653
f 5653 5652 5630
f 5653 5630 5632
f 5644 5654 5646
f 5646 5654 5655
f 5646 5655 5648
f 5648 5655 5656
f 5656 5655 5654
f 5650 5657 5652
f 5652 5657 5630
f 5630 5657 5628
f 5628 5657 5626
f 5636 5643 5634
f 5634 5643 5658
f 5634 5658 5632
f 5632 5658 5653
f 5642 5635 5633
f 5639 5642 5659
f 5659 5642 5633
f 5659 5633 5631
f 5639 5659 5640
f 5640 5659 5660
f 5640 5660 5661
f 5661 5660 5662
f 5661 5662 5623
f 5623 5662 5625
f 5660 5659 5631
f 5621 5638 5661
f 5661 5638 5640
f 1263 5641 5637
f 5645 5647 5658
f 5658 5647 5653
f 5649 5651 5647
f 5647 5651 5653
f 5660 5631 5629
f 5660 5629 5662
f 5662 5629 5627
f 5662 5627 5625
f 5621 5661 5623
f 5643 5645 5658
f 5663 5654 5664
f 5664 5654 5644
f 5664 5644 5665
f 5665 5644 1271
f 5665 1271 5666
f 5666 1271 5667
f 5666 5667 5668
f 5668 5667 5669
f 5668 5669 5670
f 5670 5669 1273
f 5670 1273 1275
f 5667 1271 5671
f 5671 1271 1273
f 5671 1273 5669
f 5670 1275 5672
f 5672 1275 1277
f 5672 1277 5673
f 5674 5675 5673
f 5673 5675 5676
f 5673 5676 5677
f 5677 5676 5678
f 5677 5678 5679
f 5679 5678 5680
f 5679 5680 5672
f 5672 5680 5670
f 5674 5681 5675
f 5675 5681 5682
f 5675 5682 5683
f 5683 5682 5663
f 5683 5663 5684
f 5684 5663 5664
f 5684 5664 5665
f 5669 5667 5671
f 5672 5673 5679
f 5679 5673 5677
f 5683 5684 5685
f 5685 5684 5665
f 5685 5665 5666
f 5675 5683 5686
f 5686 5683 5685
f 5686 5685 5687
f 5687 5685 5666
f 5687 5666 5668
f 5687 5678 5686
f 5686 5678 5676
f 5686 5676 5675
f 5678 5687 5680
f 5680 5687 5668
f 5680 5668 5670
f 5688 5689 2250
f 2250 5689 5690
f 2250 5690 5691
f 5691 5690 5692
f 5691 5692 5693
f 5693 5692 5694
f 5693 5694 5695
f 5695 5694 5696
f 5695 5696 5697
f 5697 5696 5698
f 5697 5698 5699
f 5699 5698 5700
f 5699 5700 5701
f 5701 5700 5702
f 5701 5702 5703
f 5703 5702 5704
f 5703 5704 5705
f 5705 5704 1820
f 5705 1820 5706
f 5706 1820 1818
f 5706 1818 5705
f 5705 1818 5707
f 5705 5707 5708
f 5708 5707 5709
f 5708 5709 5710
f 5710 5709 1814
f 5710 1814 5711
f 5711 1814 5712
f 5711 5712 1813
f 1813 5712 1814
f 5713 5714 5688
f 5688 5714 5690
f 5688 5690 5689
f 5715 5716 5713
f 5713 5716 5717
f 5713 5717 5714
f 5714 5717 5692
f 5714 5692 5690
f 5718 5719 5715
f 5715 5719 5720
f 5715 5720 5716
f 5716 5720 5696
f 5716 5696 5694
f 5719 5718 5721
f 5721 5718 5722
f 5721 5722 5704
f 5704 5722 5723
f 1818 1816 5707
f 5707 1816 5709
f 1816 1814 5709
f 1807 5724 1813
f 1813 5724 5725
f 1813 5725 5711
f 5711 5725 5697
f 5711 5697 5699
f 1806 5726 1807
f 1807 5726 5727
f 1807 5727 5724
f 5724 5727 5725
f 1806 2249 5726
f 5726 2249 5728
f 5726 5728 5729
f 5729 5728 5693
f 5729 5693 5695
f 5728 2249 5691
f 5691 2249 2250
f 5704 5702 5721
f 5721 5702 5700
f 5721 5700 5719
f 5719 5700 5698
f 5719 5698 5720
f 5720 5698 5696
f 5717 5716 5694
f 5694 5692 5717
f 5705 5708 5703
f 5703 5708 5701
f 5708 5710 5701
f 5701 5710 5699
f 5710 5711 5699
f 5729 5695 5725
f 5725 5695 5697
f 5728 5691 5693
f 5725 5727 5729
f 5729 5727 5726
f 2217 5730 2219
f 2219 5730 5731
f 2219 5731 5732
f 5732 5731 5733
f 5732 5733 5734
f 5734 5733 5735
f 5735 5733 5736
f 5735 5736 5737
f 5730 2217 5738
f 5738 2217 463
f 5738 463 458
f 5738 458 5739
f 5739 458 456
f 5739 456 5740
f 5740 456 431
f 5740 431 5736
f 5736 5733 5740
f 5740 5733 5731
f 5740 5731 5739
f 5739 5731 5730
f 5739 5730 5738
f 1808 5741 1809
f 1809 5741 5742
f 1809 5742 5743
f 5743 5742 5744
f 5743 5744 5745
f 5745 5744 5746
f 5745 5746 5747
f 5747 5746 5748
f 5747 5748 5749
f 5749 5748 5750
f 5749 5750 5751
f 5751 5750 5752
f 5751 5752 5753
f 5753 5752 5754
f 5753 5754 5755
f 5755 5754 5756
f 5755 5756 5757
f 5757 5756 2139
f 5757 2139 5758
f 5758 2139 2138
f 5758 2138 5757
f 5757 2138 5759
f 5757 5759 5760
f 5760 5759 5761
f 5760 5761 5762
f 5762 5761 2144
f 5762 2144 5763
f 5763 2144 5764
f 5763 5764 2145
f 2145 5764 2144
f 1812 5765 1808
f 1808 5765 5742
f 1808 5742 5741
f 1815 5766 1812
f 1812 5766 5767
f 1812 5767 5765
f 5765 5767 5744
f 5765 5744 5742
f 5766 1815 5768
f 5768 1815 1817
f 5768 1817 5769
f 5769 1817 1819
f 5769 1819 5770
f 5770 1819 1821
f 5770 1821 5754
f 5754 1821 5756
f 2138 2143 5759
f 5759 2143 5761
f 2143 2144 5761
f 2146 5771 2145
f 2145 5771 5772
f 2145 5772 5763
f 5763 5772 5749
f 5763 5749 5751
f 2148 5773 2146
f 2146 5773 5774
f 2146 5774 5771
f 5771 5774 5772
f 1809 5743 2148
f 2148 5743 5775
f 2148 5775 5773
f 5773 5775 5776
f 5773 5776 5774
f 5774 5776 5772
f 5769 5770 5752
f 5752 5770 5754
f 5768 5769 5750
f 5750 5769 5752
f 5766 5768 5748
f 5748 5768 5750
f 5767 5766 5746
f 5746 5766 5748
f 5746 5744 5767
f 5757 5760 5755
f 5755 5760 5753
f 5760 5762 5753
f 5753 5762 5751
f 5762 5763 5751
f 5749 5772 5747
f 5747 5772 5776
f 5747 5776 5745
f 5745 5776 5775
f 5745 5775 5743
f 2141 2139 5777
f 5777 2139 5756
f 5777 5756 5778
f 5778 5756 1821
f 5778 1821 5779
f 5779 1821 5780
f 5779 5780 5781
f 5781 5780 5782
f 5781 5782 5783
f 5783 5782 1823
f 5783 1823 1825
f 5780 1821 5784
f 5784 1821 1823
f 5784 1823 5782
f 5783 1825 5785
f 5785 1825 1827
f 5785 1827 5786
f 2152 5787 5786
f 5786 5787 5788
f 5786 5788 5789
f 5789 5788 5790
f 5789 5790 5791
f 5791 5790 5792
f 5791 5792 5785
f 5785 5792 5783
f 2152 2150 5787
f 5787 2150 2142
f 5787 2142 5793
f 5793 2142 2141
f 5793 2141 5794
f 5794 2141 5777
f 5794 5777 5778
f 5782 5780 5784
f 5785 5786 5791
f 5791 5786 5789
f 5793 5794 5795
f 5795 5794 5778
f 5795 5778 5779
f 5787 5793 5796
f 5796 5793 5795
f 5796 5795 5797
f 5797 5795 5779
f 5797 5779 5781
f 5797 5790 5796
f 5796 5790 5788
f 5796 5788 5787
f 5790 5797 5792
f 5792 5797 5781
f 5792 5781 5783
f 447 5798 445
f 445 5798 5799
f 445 5799 2157
f 2157 5799 5800
f 2157 5800 5801
f 5801 5800 5802
f 5801 5802 5803
f 5803 5802 5804
f 5803 5804 5805
f 5805 5804 5806
f 5805 5806 5807
f 5807 5806 5808
f 5807 5808 5809
f 5809 5808 5810
f 5809 5810 5811
f 5811 5810 5812
f 5811 5812 5813
f 5813 5812 5814
f 5813 5814 5815
f 448 5816 447
f 447 5816 5817
f 447 5817 5798
f 5798 5817 5799
f 449 5818 448
f 448 5818 5819
f 448 5819 5820
f 5820 5819 5804
f 5820 5804 5802
f 450 5821 449
f 449 5821 5822
f 449 5822 5819
f 5819 5822 5806
f 5819 5806 5804
f 5821 450 5823
f 5823 450 451
f 5823 451 5824
f 5824 451 5825
f 5824 5825 5810
f 5810 5825 5812
f 5825 451 5826
f 5826 451 446
f 5826 446 5825
f 5825 446 5814
f 5825 5814 5812
f 5813 5815 5827
f 5827 5815 5828
f 5827 5828 5829
f 5829 5828 5830
f 5829 5830 5831
f 5831 5830 5832
f 5831 5832 5833
f 5833 5832 5834
f 5833 5834 5835
f 5835 5834 5836
f 5835 5836 5837
f 5837 5836 5803
f 5837 5803 5805
f 5803 5836 5838
f 5838 5836 2158
f 5838 2158 5801
f 5801 2158 2157
f 5822 5821 5823
f 449 5819 5818
f 448 5820 5816
f 5816 5820 5839
f 5816 5839 5817
f 5817 5839 5799
f 5823 5824 5822
f 5822 5824 5808
f 5822 5808 5806
f 5808 5824 5810
f 5800 5799 5839
f 5800 5839 5802
f 5802 5839 5820
f 5827 5829 5813
f 5813 5829 5811
f 5829 5831 5811
f 5811 5831 5809
f 5831 5833 5809
f 5809 5833 5807
f 5833 5835 5807
f 5807 5835 5805
f 5838 5801 5803
f 5835 5837 5805
f 5814 5840 5815
f 5815 5840 5841
f 5815 5841 5842
f 5842 5841 5843
f 5842 5843 5844
f 5844 5843 5845
f 5845 5843 5846
f 5845 5846 5847
f 5840 5814 5848
f 5848 5814 446
f 5848 446 438
f 5848 438 5849
f 5849 438 437
f 5849 437 5850
f 5850 437 430
f 5850 430 5846
f 5846 5843 5850
f 5850 5843 5841
f 5850 5841 5849
f 5849 5841 5840
f 5849 5840 5848
f 1786 5851 1785
f 1785 5851 5852
f 1785 5852 5853
f 5853 5852 5854
f 5853 5854 5855
f 5855 5854 5856
f 5855 5856 5857
f 5857 5856 5858
f 5857 5858 5859
f 5859 5858 5860
f 5859 5860 5861
f 5861 5860 5862
f 5861 5862 5863
f 5863 5862 5864
f 5863 5864 5865
f 5865 5864 5866
f 5865 5866 5867
f 5867 5866 5868
f 5867 5868 5869
f 5869 5868 5870
f 5869 5870 5867
f 5867 5870 5871
f 5867 5871 5872
f 5872 5871 5873
f 5872 5873 5874
f 5874 5873 5875
f 5874 5875 5876
f 5876 5875 5877
f 5876 5877 5878
f 5878 5877 5875
f 1788 5879 1786
f 1786 5879 5852
f 1786 5852 5851
f 1791 5880 1788
f 1788 5880 5881
f 1788 5881 5879
f 5879 5881 5854
f 5879 5854 5852
f 5880 1791 5882
f 5882 1791 1793
f 5882 1793 5883
f 5883 1793 1795
f 5883 1795 5884
f 5884 1795 1797
f 5884 1797 5864
f 5864 1797 5866
f 5870 5885 5871
f 5871 5885 5873
f 5885 5875 5873
f 5886 5887 5878
f 5878 5887 5888
f 5878 5888 5876
f 5876 5888 5859
f 5876 5859 5861
f 2248 5889 5886
f 5886 5889 5890
f 5886 5890 5887
f 5887 5890 5888
f 1785 5853 2248
f 2248 5853 5891
f 2248 5891 5889
f 5889 5891 5892
f 5889 5892 5890
f 5890 5892 5888
f 5883 5884 5862
f 5862 5884 5864
f 5882 5883 5860
f 5860 5883 5862
f 5880 5882 5858
f 5858 5882 5860
f 5881 5880 5856
f 5856 5880 5858
f 5856 5854 5881
f 5867 5872 5865
f 5865 5872 5863
f 5872 5874 5863
f 5863 5874 5861
f 5874 5876 5861
f 5859 5888 5857
f 5857 5888 5892
f 5857 5892 5855
f 5855 5892 5891
f 5855 5891 5853
f 5893 5868 5894
f 5894 5868 5866
f 5894 5866 5895
f 5895 5866 1797
f 5895 1797 5896
f 5896 1797 5897
f 5896 5897 5898
f 5898 5897 5899
f 5898 5899 5900
f 5900 5899 1799
f 5900 1799 1801
f 5897 1797 5901
f 5901 1797 1799
f 5901 1799 5899
f 5900 1801 5902
f 5902 1801 1803
f 5902 1803 5903
f 5904 5905 5903
f 5903 5905 5906
f 5903 5906 5907
f 5907 5906 5908
f 5907 5908 5909
f 5909 5908 5910
f 5909 5910 5902
f 5902 5910 5900
f 5904 5911 5905
f 5905 5911 5912
f 5905 5912 5913
f 5913 5912 5893
f 5913 5893 5914
f 5914 5893 5894
f 5914 5894 5895
f 5899 5897 5901
f 5902 5903 5909
f 5909 5903 5907
f 5913 5914 5915
f 5915 5914 5895
f 5915 5895 5896
f 5905 5913 5916
f 5916 5913 5915
f 5916 5915 5917
f 5917 5915 5896
f 5917 5896 5898
f 5917 5908 5916
f 5916 5908 5906
f 5916 5906 5905
f 5908 5917 5910
f 5910 5917 5898
f 5910 5898 5900
f 1780 5918 1781
f 1781 5918 5919
f 1781 5919 5920
f 5920 5919 5921
f 5920 5921 5922
f 5922 5921 5923
f 5922 5923 5924
f 5924 5923 5925
f 5924 5925 5926
f 5926 5925 5927
f 5926 5927 5928
f 5928 5927 5929
f 5928 5929 5930
f 5930 5929 5931
f 5930 5931 5932
f 5932 5931 5933
f 5932 5933 5934
f 5934 5933 5935
f 5934 5935 5936
f 5936 5935 5937
f 5936 5937 5934
f 5934 5937 5938
f 5934 5938 5939
f 5939 5938 5940
f 5939 5940 5941
f 5941 5940 5942
f 5941 5942 5943
f 5943 5942 5944
f 5943 5944 5945
f 5945 5944 5942
f 1315 5946 1780
f 1780 5946 5919
f 1780 5919 5918
f 1314 5947 1315
f 1315 5947 5948
f 1315 5948 5946
f 5946 5948 5921
f 5946 5921 5919
f 5947 1314 5949
f 5949 1314 1779
f 5949 1779 5950
f 5950 1779 1778
f 5950 1778 5951
f 5951 1778 1776
f 5951 1776 5931
f 5931 1776 5933
f 5937 5952 5938
f 5938 5952 5940
f 5952 5942 5940
f 5953 5954 5945
f 5945 5954 5955
f 5945 5955 5943
f 5943 5955 5926
f 5943 5926 5928
f 2339 5956 5953
f 5953 5956 5957
f 5953 5957 5954
f 5954 5957 5955
f 1781 5920 2339
f 2339 5920 5958
f 2339 5958 5956
f 5956 5958 5959
f 5956 5959 5957
f 5957 5959 5955
f 5950 5951 5929
f 5929 5951 5931
f 5949 5950 5927
f 5927 5950 5929
f 5947 5949 5925
f 5925 5949 5927
f 5948 5947 5923
f 5923 5947 5925
f 5923 5921 5948
f 5934 5939 5932
f 5932 5939 5930
f 5939 5941 5930
f 5930 5941 5928
f 5941 5943 5928
f 5926 5955 5924
f 5924 5955 5959
f 5924 5959 5922
f 5922 5959 5958
f 5922 5958 5920
f 5960 5961 2341
f 2341 5961 5962
f 2341 5962 5963
f 5963 5962 5964
f 5963 5964 5965
f 5965 5964 5966
f 5965 5966 5967
f 5967 5966 5968
f 5967 5968 5969
f 5969 5968 5970
f 5969 5970 5971
f 5971 5970 5972
f 5971 5972 5973
f 5973 5972 5974
f 5973 5974 5975
f 5975 5974 5976
f 5975 5976 5977
f 5977 5976 1796
f 5977 1796 5978
f 5978 1796 1794
f 5978 1794 5977
f 5977 1794 5979
f 5977 5979 5980
f 5980 5979 5981
f 5980 5981 5982
f 5982 5981 1790
f 5982 1790 5983
f 5983 1790 5984
f 5983 5984 1789
f 1789 5984 1790
f 5985 5986 5960
f 5960 5986 5962
f 5960 5962 5961
f 5987 5988 5985
f 5985 5988 5989
f 5985 5989 5986
f 5986 5989 5964
f 5986 5964 5962
f 5990 5991 5987
f 5987 5991 5992
f 5987 5992 5988
f 5988 5992 5968
f 5988 5968 5966
f 5991 5990 5993
f 5993 5990 5994
f 5993 5994 5976
f 5976 5994 5995
f 1794 1792 5979
f 5979 1792 5981
f 1792 1790 5981
f 1787 5996 1789
f 1789 5996 5997
f 1789 5997 5983
f 5983 5997 5969
f 5983 5969 5971
f 1784 5998 1787
f 1787 5998 5999
f 1787 5999 5996
f 5996 5999 5997
f 1784 2340 5998
f 5998 2340 6000
f 5998 6000 6001
f 6001 6000 5965
f 6001 5965 5967
f 6000 2340 5963
f 5963 2340 2341
f 5976 5974 5993
f 5993 5974 5972
f 5993 5972 5991
f 5991 5972 5970
f 5991 5970 5992
f 5992 5970 5968
f 5989 5988 5966
f 5966 5964 5989
f 5977 5980 5975
f 5975 5980 5973
f 5980 5982 5973
f 5973 5982 5971
f 5982 5983 5971
f 6001 5967 5997
f 5997 5967 5969
f 6000 5963 5965
f 5997 5999 6001
f 6001 5999 5998
f 2308 6002 2310
f 2310 6002 6003
f 2310 6003 6004
f 6004 6003 6005
f 6004 6005 6006
f 6006 6005 6007
f 6007 6005 6008
f 6007 6008 6009
f 6002 2308 6010
f 6010 2308 481
f 6010 481 476
f 6010 476 6011
f 6011 476 434
f 6011 434 6012
f 6012 434 433
f 6012 433 6008
f 6008 6005 6012
f 6012 6005 6003
f 6012 6003 6011
f 6011 6003 6002
f 6011 6002 6010
f 504 2431 6013
f 6013 2431 6014
f 6013 6014 6015
f 6015 6014 6016
f 6015 6016 6017
f 6017 6016 6018
f 6017 6018 6019
f 6019 6018 6020
f 6019 6020 6021
f 6021 6020 6022
f 6021 6022 6023
f 6023 6022 6024
f 6023 6024 6025
f 6025 6024 6026
f 6025 6026 6027
f 6027 6026 6028
f 6027 6028 6029
f 6029 6030 6027
f 6027 6030 6031
f 6027 6031 6032
f 6032 6031 6033
f 6032 6033 6034
f 6034 6033 6035
f 6034 6035 6036
f 6036 6035 512
f 6036 512 511
f 6031 6030 6037
f 6037 6030 515
f 6037 515 6038
f 6038 515 514
f 6038 514 6039
f 6039 514 513
f 6039 513 6035
f 6035 513 512
f 6036 511 6040
f 6040 511 510
f 6040 510 6041
f 6041 510 6042
f 6041 6042 6043
f 6043 6042 6044
f 6043 6044 6045
f 6045 6044 6021
f 6045 6021 6023
f 6042 510 6046
f 6046 510 504
f 6046 504 6047
f 6047 504 6013
f 6047 6013 6048
f 6048 6013 6017
f 6048 6017 6019
f 6017 6013 6015
f 6027 6032 6025
f 6025 6032 6049
f 6025 6049 6023
f 6023 6049 6045
f 6048 6019 6044
f 6044 6019 6021
f 6031 6037 6033
f 6033 6037 6039
f 6033 6039 6035
f 6049 6032 6034
f 6038 6039 6037
f 6045 6049 6050
f 6050 6049 6034
f 6050 6034 6036
f 6045 6050 6043
f 6043 6050 6040
f 6043 6040 6041
f 6040 6050 6036
f 6048 6044 6042
f 6046 6047 6042
f 6042 6047 6048
f 6029 6051 6052
f 6052 6051 6053
f 6052 6053 6054
f 6054 6053 6055
f 6054 6055 6056
f 6056 6055 6057
f 6056 6057 6058
f 6058 6057 6059
f 6058 6059 6060
f 6060 6059 6020
f 6060 6020 6018
f 6028 6061 6029
f 6029 6061 6062
f 6029 6062 6051
f 6051 6062 6063
f 6051 6063 6053
f 6053 6063 6064
f 6053 6064 6055
f 6055 6064 6057
f 6061 6028 6065
f 6065 6028 6026
f 6065 6026 6066
f 6066 6026 6067
f 6066 6067 6064
f 6064 6067 6057
f 6026 6024 6067
f 6067 6024 6022
f 6067 6022 6059
f 6059 6022 6020
f 6060 6018 6068
f 6068 6018 6016
f 6068 6016 6069
f 6069 6016 6070
f 6069 6070 6071
f 6071 6070 6072
f 6071 6072 6073
f 6073 6072 6074
f 6073 6074 6075
f 6075 6074 2434
f 2434 6074 2430
f 2430 6074 6072
f 2430 6072 6070
f 6016 6014 6070
f 6070 6014 2431
f 6070 2431 2430
f 6073 6075 6076
f 6076 6075 6077
f 6076 6077 6078
f 6078 6077 6079
f 6078 6079 6080
f 6080 6079 6058
f 6080 6058 6060
f 6077 6081 6079
f 6079 6081 6056
f 6079 6056 6058
f 6081 6054 6056
f 6071 6073 6076
f 6076 6078 6082
f 6082 6078 6080
f 6082 6080 6068
f 6068 6080 6060
f 6082 6068 6069
f 6082 6069 6071
f 6057 6067 6059
f 6062 6061 6065
f 6064 6063 6066
f 6066 6063 6065
f 6063 6062 6065
f 6082 6071 6076
f 509 6083 500
f 500 6083 6084
f 500 6084 2429
f 2429 6084 6085
f 2429 6085 6086
f 6086 6085 6087
f 6086 6087 6088
f 6088 6087 6089
f 6088 6089 6090
f 6090 6089 6091
f 6090 6091 6092
f 6092 6091 6093
f 6092 6093 6094
f 6094 6093 6095
f 6094 6095 6096
f 6096 6095 6097
f 6096 6097 6098
f 6098 6097 6099
f 6098 6099 6100
f 508 6101 509
f 509 6101 6102
f 509 6102 6083
f 6083 6102 6084
f 507 6103 508
f 508 6103 6104
f 508 6104 6105
f 6105 6104 6089
f 6105 6089 6087
f 506 6106 507
f 507 6106 6107
f 507 6107 6104
f 6104 6107 6091
f 6104 6091 6089
f 6106 506 6108
f 6108 506 505
f 6108 505 6109
f 6109 505 6110
f 6109 6110 6095
f 6095 6110 6097
f 6110 505 6111
f 6111 505 499
f 6111 499 6110
f 6110 499 6099
f 6110 6099 6097
f 6098 6100 6112
f 6112 6100 6113
f 6112 6113 6114
f 6114 6113 6115
f 6114 6115 6116
f 6116 6115 6117
f 6116 6117 6118
f 6118 6117 6119
f 6118 6119 6120
f 6120 6119 6121
f 6120 6121 6122
f 6122 6121 6088
f 6122 6088 6090
f 6088 6121 6123
f 6123 6121 2427
f 6123 2427 6086
f 6086 2427 2429
f 6107 6106 6108
f 507 6104 6103
f 508 6105 6101
f 6101 6105 6124
f 6101 6124 6102
f 6102 6124 6084
f 6108 6109 6107
f 6107 6109 6093
f 6107 6093 6091
f 6093 6109 6095
f 6085 6084 6124
f 6085 6124 6087
f 6087 6124 6105
f 6112 6114 6098
f 6098 6114 6096
f 6114 6116 6096
f 6096 6116 6094
f 6116 6118 6094
f 6094 6118 6092
f 6118 6120 6092
f 6092 6120 6090
f 6123 6086 6088
f 6120 6122 6090
f 6099 6125 6100
f 6100 6125 6126
f 6100 6126 6127
f 6127 6126 6128
f 6127 6128 6129
f 6129 6128 6130
f 6130 6128 6131
f 6130 6131 6132
f 6125 6099 6133
f 6133 6099 499
f 6133 499 498
f 6133 498 6134
f 6134 498 497
f 6134 497 6135
f 6135 497 496
f 6135 496 6131
f 6131 6128 6135
f 6135 6128 6126
f 6135 6126 6134
f 6134 6126 6125
f 6134 6125 6133
f 6136 6137 6138
f 6138 6137 6139
f 6138 6139 6140
f 6140 6139 6141
f 6140 6141 6142
f 6142 6141 6143
f 6142 6143 6144
f 6144 6143 6145
f 6144 6145 6146
f 6146 6145 6147
f 6146 6147 6148
f 6148 6147 6149
f 6148 6149 6150
f 6150 6149 6151
f 6150 6151 6152
f 6152 6151 6153
f 6152 6153 6154
f 6154 6153 1765
f 6154 1765 6155
f 6155 1765 1763
f 6155 1763 6154
f 6154 1763 6156
f 6154 6156 6157
f 6157 6156 6158
f 6157 6158 6159
f 6159 6158 1346
f 6159 1346 6160
f 6160 1346 6161
f 6160 6161 1344
f 1344 6161 1346
f 6162 6163 6136
f 6136 6163 6139
f 6136 6139 6137
f 6164 6165 6162
f 6162 6165 6166
f 6162 6166 6163
f 6163 6166 6141
f 6163 6141 6139
f 6167 6168 6164
f 6164 6168 6169
f 6164 6169 6165
f 6165 6169 6145
f 6165 6145 6143
f 6168 6167 6170
f 6170 6167 6171
f 6170 6171 6153
f 6153 6171 6172
f 1763 1347 6156
f 6156 1347 6158
f 1347 1346 6158
f 1342 6173 1344
f 1344 6173 6174
f 1344 6174 6160
f 6160 6174 6146
f 6160 6146 6148
f 1348 6175 1342
f 1342 6175 6176
f 1342 6176 6173
f 6173 6176 6174
f 1348 6177 6175
f 6175 6177 6178
f 6175 6178 6179
f 6179 6178 6142
f 6179 6142 6144
f 6178 6177 6140
f 6140 6177 6138
f 6153 6151 6170
f 6170 6151 6149
f 6170 6149 6168
f 6168 6149 6147
f 6168 6147 6169
f 6169 6147 6145
f 6166 6165 6143
f 6143 6141 6166
f 6154 6157 6152
f 6152 6157 6150
f 6157 6159 6150
f 6150 6159 6148
f 6159 6160 6148
f 6179 6144 6174
f 6174 6144 6146
f 6178 6140 6142
f 6174 6176 6179
f 6179 6176 6175
f 6171 2519 6172
f 6172 2519 2548
f 6172 2548 6180
f 6180 2548 2550
f 6180 2550 6181
f 6181 2550 2551
f 6181 2551 6182
f 6182 2551 2553
f 6182 2553 6183
f 2519 6171 2521
f 2521 6171 6167
f 2521 6167 2522
f 2522 6167 6164
f 2522 6164 2530
f 2530 6164 6162
f 2530 6162 2535
f 2535 6162 6136
f 2535 6136 2539
f 2539 6136 6138
f 2539 6138 2541
f 6138 6177 2541
f 2541 6177 2542
f 2542 6177 2559
f 2542 2559 6184
f 6184 2559 6185
f 6184 6185 6186
f 6177 1348 2559
f 2559 1348 1350
f 2559 1350 1351
f 1351 1352 2559
f 6186 6187 6184
f 6184 6188 2542
f 2542 6188 524
f 524 6188 522
f 522 6188 523
f 523 6188 531
f 531 6188 6189
f 6189 6188 6190
f 6189 6190 6191
f 6191 6190 6192
f 6191 6192 6193
f 6193 6192 6194
f 6193 6194 6195
f 6195 6194 6196
f 6195 6196 6197
f 6197 6196 6198
f 6197 6198 6199
f 6199 6198 6200
f 6199 6200 6201
f 6201 6200 6202
f 6201 6202 6203
f 6203 6202 6204
f 6203 6204 6205
f 6205 6206 6203
f 6203 6206 6207
f 6203 6207 6208
f 6208 6207 6209
f 6208 6209 6210
f 6210 6209 6211
f 6210 6211 6212
f 6212 6211 535
f 6212 535 536
f 6207 6206 6213
f 6213 6206 532
f 6213 532 6214
f 6214 532 533
f 6214 533 6215
f 6215 533 534
f 6215 534 6211
f 6211 534 535
f 6212 536 6216
f 6216 536 537
f 6216 537 6217
f 6217 537 6218
f 6217 6218 6219
f 6219 6218 6220
f 6219 6220 6221
f 6221 6220 6197
f 6221 6197 6199
f 6218 537 6222
f 6222 537 531
f 6222 531 6223
f 6223 531 6189
f 6223 6189 6224
f 6224 6189 6193
f 6224 6193 6195
f 6193 6189 6191
f 6203 6208 6201
f 6201 6208 6225
f 6201 6225 6199
f 6199 6225 6221
f 6224 6195 6220
f 6220 6195 6197
f 6207 6213 6209
f 6209 6213 6215
f 6209 6215 6211
f 6225 6208 6210
f 6214 6215 6213
f 6221 6225 6226
f 6226 6225 6210
f 6226 6210 6212
f 6221 6226 6219
f 6219 6226 6216
f 6219 6216 6217
f 6216 6226 6212
f 6224 6220 6218
f 6222 6223 6218
f 6218 6223 6224
f 6205 6227 6228
f 6228 6227 6229
f 6228 6229 6230
f 6230 6229 6231
f 6230 6231 6232
f 6232 6231 6233
f 6232 6233 6234
f 6234 6233 6235
f 6234 6235 6236
f 6236 6235 6196
f 6236 6196 6194
f 6204 6237 6205
f 6205 6237 6238
f 6205 6238 6227
f 6227 6238 6239
f 6227 6239 6229
f 6229 6239 6240
f 6229 6240 6231
f 6231 6240 6233
f 6237 6204 6241
f 6241 6204 6202
f 6241 6202 6242
f 6242 6202 6243
f 6242 6243 6240
f 6240 6243 6233
f 6202 6200 6243
f 6243 6200 6198
f 6243 6198 6235
f 6235 6198 6196
f 6236 6194 6244
f 6244 6194 6192
f 6244 6192 6245
f 6245 6192 6246
f 6245 6246 6247
f 6247 6246 6248
f 6247 6248 6249
f 6249 6248 6250
f 6249 6250 6251
f 6251 6250 6187
f 6187 6250 6184
f 6184 6250 6248
f 6184 6248 6246
f 6192 6190 6246
f 6246 6190 6188
f 6246 6188 6184
f 6249 6251 6252
f 6252 6251 6253
f 6252 6253 6254
f 6254 6253 6255
f 6254 6255 6256
f 6256 6255 6234
f 6256 6234 6236
f 6253 6257 6255
f 6255 6257 6232
f 6255 6232 6234
f 6257 6230 6232
f 6247 6249 6252
f 6252 6254 6258
f 6258 6254 6256
f 6258 6256 6244
f 6244 6256 6236
f 6258 6244 6245
f 6258 6245 6247
f 6233 6243 6235
f 6238 6237 6241
f 6240 6239 6242
f 6242 6239 6241
f 6239 6238 6241
f 6258 6247 6252
f 1369 6259 1368
f 1368 6259 6260
f 1368 6260 6261
f 6261 6260 6262
f 6261 6262 6263
f 6263 6262 6264
f 6263 6264 6265
f 6265 6264 6266
f 6265 6266 6267
f 6267 6266 6268
f 6267 6268 6269
f 6269 6268 6270
f 6269 6270 6271
f 6271 6270 6272
f 6271 6272 6273
f 6273 6272 6274
f 6273 6274 6275
f 6275 6274 6276
f 6275 6276 6277
f 6277 6276 6278
f 6277 6278 6275
f 6275 6278 6279
f 6275 6279 6280
f 6280 6279 6281
f 6280 6281 6282
f 6282 6281 6283
f 6282 6283 6284
f 6284 6283 6285
f 6284 6285 6286
f 6286 6285 6283
f 1371 6287 1369
f 1369 6287 6260
f 1369 6260 6259
f 1373 6288 1371
f 1371 6288 6289
f 1371 6289 6287
f 6287 6289 6262
f 6287 6262 6260
f 6288 1373 6290
f 6290 1373 1375
f 6290 1375 6291
f 6291 1375 1377
f 6291 1377 6292
f 6292 1377 1379
f 6292 1379 6272
f 6272 1379 6274
f 6278 6293 6279
f 6279 6293 6281
f 6293 6283 6281
f 6294 6295 6286
f 6286 6295 6296
f 6286 6296 6284
f 6284 6296 6267
f 6284 6267 6269
f 2671 6297 6294
f 6294 6297 6298
f 6294 6298 6295
f 6295 6298 6296
f 1368 6261 2671
f 2671 6261 6299
f 2671 6299 6297
f 6297 6299 6300
f 6297 6300 6298
f 6298 6300 6296
f 6291 6292 6270
f 6270 6292 6272
f 6290 6291 6268
f 6268 6291 6270
f 6288 6290 6266
f 6266 6290 6268
f 6289 6288 6264
f 6264 6288 6266
f 6264 6262 6289
f 6275 6280 6273
f 6273 6280 6271
f 6280 6282 6271
f 6271 6282 6269
f 6282 6284 6269
f 6267 6296 6265
f 6265 6296 6300
f 6265 6300 6263
f 6263 6300 6299
f 6263 6299 6261
f 6301 6302 2673
f 2673 6302 6303
f 2673 6303 6304
f 6304 6303 6305
f 6304 6305 6306
f 6306 6305 6307
f 6306 6307 6308
f 6308 6307 6309
f 6308 6309 6310
f 6310 6309 6311
f 6310 6311 6312
f 6312 6311 6313
f 6312 6313 6314
f 6314 6313 6315
f 6314 6315 6316
f 6316 6315 6317
f 6316 6317 6318
f 6318 6317 1754
f 6318 1754 6319
f 6319 1754 1362
f 6319 1362 6318
f 6318 1362 6320
f 6318 6320 6321
f 6321 6320 6322
f 6321 6322 6323
f 6323 6322 1359
f 6323 1359 6324
f 6324 1359 6325
f 6324 6325 1357
f 1357 6325 1359
f 6326 6327 6301
f 6301 6327 6303
f 6301 6303 6302
f 6328 6329 6326
f 6326 6329 6330
f 6326 6330 6327
f 6327 6330 6305
f 6327 6305 6303
f 6331 6332 6328
f 6328 6332 6333
f 6328 6333 6329
f 6329 6333 6309
f 6329 6309 6307
f 6332 6331 6334
f 6334 6331 6335
f 6334 6335 6317
f 6317 6335 6336
f 1362 1361 6320
f 6320 1361 6322
f 1361 1359 6322
f 1355 6337 1357
f 1357 6337 6338
f 1357 6338 6324
f 6324 6338 6310
f 6324 6310 6312
f 1364 6339 1355
f 1355 6339 6340
f 1355 6340 6337
f 6337 6340 6338
f 1364 2672 6339
f 6339 2672 6341
f 6339 6341 6342
f 6342 6341 6306
f 6342 6306 6308
f 6341 2672 6304
f 6304 2672 2673
f 6317 6315 6334
f 6334 6315 6313
f 6334 6313 6332
f 6332 6313 6311
f 6332 6311 6333
f 6333 6311 6309
f 6330 6329 6307
f 6307 6305 6330
f 6318 6321 6316
f 6316 6321 6314
f 6321 6323 6314
f 6314 6323 6312
f 6323 6324 6312
f 6342 6308 6338
f 6338 6308 6310
f 6341 6304 6306
f 6338 6340 6342
f 6342 6340 6339
f 2640 6343 2642
f 2642 6343 6344
f 2642 6344 6345
f 6345 6344 6346
f 6345 6346 6347
f 6347 6346 6348
f 6348 6346 6349
f 6348 6349 6350
f 6343 2640 6351
f 6351 2640 547
f 6351 547 542
f 6351 542 6352
f 6352 542 541
f 6352 541 6353
f 6353 541 540
f 6353 540 6349
f 6349 6346 6353
f 6353 6346 6344
f 6353 6344 6352
f 6352 6344 6343
f 6352 6343 6351
f 570 2764 6354
f 6354 2764 6355
f 6354 6355 6356
f 6356 6355 6357
f 6356 6357 6358
f 6358 6357 6359
f 6358 6359 6360
f 6360 6359 6361
f 6360 6361 6362
f 6362 6361 6363
f 6362 6363 6364
f 6364 6363 6365
f 6364 6365 6366
f 6366 6365 6367
f 6366 6367 6368
f 6368 6367 6369
f 6368 6369 6370
f 6370 6371 6368
f 6368 6371 6372
f 6368 6372 6373
f 6373 6372 6374
f 6373 6374 6375
f 6375 6374 6376
f 6375 6376 6377
f 6377 6376 578
f 6377 578 577
f 6372 6371 6378
f 6378 6371 581
f 6378 581 6379
f 6379 581 580
f 6379 580 6380
f 6380 580 579
f 6380 579 6376
f 6376 579 578
f 6377 577 6381
f 6381 577 576
f 6381 576 6382
f 6382 576 6383
f 6382 6383 6384
f 6384 6383 6385
f 6384 6385 6386
f 6386 6385 6362
f 6386 6362 6364
f 6383 576 6387
f 6387 576 570
f 6387 570 6388
f 6388 570 6354
f 6388 6354 6389
f 6389 6354 6358
f 6389 6358 6360
f 6358 6354 6356
f 6368 6373 6366
f 6366 6373 6390
f 6366 6390 6364
f 6364 6390 6386
f 6389 6360 6385
f 6385 6360 6362
f 6372 6378 6374
f 6374 6378 6380
f 6374 6380 6376
f 6390 6373 6375
f 6379 6380 6378
f 6386 6390 6391
f 6391 6390 6375
f 6391 6375 6377
f 6386 6391 6384
f 6384 6391 6381
f 6384 6381 6382
f 6381 6391 6377
f 6389 6385 6383
f 6387 6388 6383
f 6383 6388 6389
f 6370 6392 6393
f 6393 6392 6394
f 6393 6394 6395
f 6395 6394 6396
f 6395 6396 6397
f 6397 6396 6398
f 6397 6398 6399
f 6399 6398 6400
f 6399 6400 6401
f 6401 6400 6361
f 6401 6361 6359
f 6369 6402 6370
f 6370 6402 6403
f 6370 6403 6392
f 6392 6403 6404
f 6392 6404 6394
f 6394 6404 6405
f 6394 6405 6396
f 6396 6405 6398
f 6402 6369 6406
f 6406 6369 6367
f 6406 6367 6407
f 6407 6367 6408
f 6407 6408 6405
f 6405 6408 6398
f 6367 6365 6408
f 6408 6365 6363
f 6408 6363 6400
f 6400 6363 6361
f 6401 6359 6409
f 6409 6359 6357
f 6409 6357 6410
f 6410 6357 6411
f 6410 6411 6412
f 6412 6411 6413
f 6412 6413 6414
f 6414 6413 6415
f 6414 6415 6416
f 6416 6415 2767
f 2767 6415 2763
f 2763 6415 6413
f 2763 6413 6411
f 6357 6355 6411
f 6411 6355 2764
f 6411 2764 2763
f 6414 6416 6417
f 6417 6416 6418
f 6417 6418 6419
f 6419 6418 6420
f 6419 6420 6421
f 6421 6420 6399
f 6421 6399 6401
f 6418 6422 6420
f 6420 6422 6397
f 6420 6397 6399
f 6422 6395 6397
f 6412 6414 6417
f 6417 6419 6423
f 6423 6419 6421
f 6423 6421 6409
f 6409 6421 6401
f 6423 6409 6410
f 6423 6410 6412
f 6398 6408 6400
f 6403 6402 6406
f 6405 6404 6407
f 6407 6404 6406
f 6404 6403 6406
f 6423 6412 6417
f 575 6424 566
f 566 6424 6425
f 566 6425 2762
f 2762 6425 6426
f 2762 6426 6427
f 6427 6426 6428
f 6427 6428 6429
f 6429 6428 6430
f 6429 6430 6431
f 6431 6430 6432
f 6431 6432 6433
f 6433 6432 6434
f 6433 6434 6435
f 6435 6434 6436
f 6435 6436 6437
f 6437 6436 6438
f 6437 6438 6439
f 6439 6438 6440
f 6439 6440 6441
f 574 6442 575
f 575 6442 6443
f 575 6443 6424
f 6424 6443 6425
f 573 6444 574
f 574 6444 6445
f 574 6445 6446
f 6446 6445 6430
f 6446 6430 6428
f 572 6447 573
f 573 6447 6448
f 573 6448 6445
f 6445 6448 6432
f 6445 6432 6430
f 6447 572 6449
f 6449 572 571
f 6449 571 6450
f 6450 571 6451
f 6450 6451 6436
f 6436 6451 6438
f 6451 571 6452
f 6452 571 565
f 6452 565 6451
f 6451 565 6440
f 6451 6440 6438
f 6439 6441 6453
f 6453 6441 6454
f 6453 6454 6455
f 6455 6454 6456
f 6455 6456 6457
f 6457 6456 6458
f 6457 6458 6459
f 6459 6458 6460
f 6459 6460 6461
f 6461 6460 6462
f 6461 6462 6463
f 6463 6462 6429
f 6463 6429 6431
f 6429 6462 6464
f 6464 6462 2760
f 6464 2760 6427
f 6427 2760 2762
f 6448 6447 6449
f 573 6445 6444
f 574 6446 6442
f 6442 6446 6465
f 6442 6465 6443
f 6443 6465 6425
f 6449 6450 6448
f 6448 6450 6434
f 6448 6434 6432
f 6434 6450 6436
f 6426 6425 6465
f 6426 6465 6428
f 6428 6465 6446
f 6453 6455 6439
f 6439 6455 6437
f 6455 6457 6437
f 6437 6457 6435
f 6457 6459 6435
f 6435 6459 6433
f 6459 6461 6433
f 6433 6461 6431
f 6464 6427 6429
f 6461 6463 6431
f 6440 6466 6441
f 6441 6466 6467
f 6441 6467 6468
f 6468 6467 6469
f 6468 6469 6470
f 6470 6469 6471
f 6471 6469 6472
f 6471 6472 6473
f 6466 6440 6474
f 6474 6440 565
f 6474 565 564
f 6474 564 6475
f 6475 564 563
f 6475 563 6476
f 6476 563 562
f 6476 562 6472
f 6472 6469 6476
f 6476 6469 6467
f 6476 6467 6475
f 6475 6467 6466
f 6475 6466 6474
f 1401 6477 1400
f 1400 6477 6478
f 1400 6478 6479
f 6479 6478 6480
f 6479 6480 6481
f 6481 6480 6482
f 6481 6482 6483
f 6483 6482 6484
f 6483 6484 6485
f 6485 6484 6486
f 6485 6486 6487
f 6487 6486 6488
f 6487 6488 6489
f 6489 6488 6490
f 6489 6490 6491
f 6491 6490 6492
f 6491 6492 6493
f 6493 6492 6494
f 6493 6494 6495
f 6495 6494 6496
f 6495 6496 6493
f 6493 6496 6497
f 6493 6497 6498
f 6498 6497 6499
f 6498 6499 6500
f 6500 6499 6501
f 6500 6501 6502
f 6502 6501 6503
f 6502 6503 6504
f 6504 6503 6501
f 1721 6505 1401
f 1401 6505 6478
f 1401 6478 6477
f 1723 6506 1721
f 1721 6506 6507
f 1721 6507 6505
f 6505 6507 6480
f 6505 6480 6478
f 6506 1723 6508
f 6508 1723 1725
f 6508 1725 6509
f 6509 1725 1727
f 6509 1727 6510
f 6510 1727 1729
f 6510 1729 6490
f 6490 1729 6492
f 6496 6511 6497
f 6497 6511 6499
f 6511 6501 6499
f 6512 6513 6504
f 6504 6513 6514
f 6504 6514 6502
f 6502 6514 6485
f 6502 6485 6487
f 2881 6515 6512
f 6512 6515 6516
f 6512 6516 6513
f 6513 6516 6514
f 1400 6479 2881
f 2881 6479 6517
f 2881 6517 6515
f 6515 6517 6518
f 6515 6518 6516
f 6516 6518 6514
f 6509 6510 6488
f 6488 6510 6490
f 6508 6509 6486
f 6486 6509 6488
f 6506 6508 6484
f 6484 6508 6486
f 6507 6506 6482
f 6482 6506 6484
f 6482 6480 6507
f 6493 6498 6491
f 6491 6498 6489
f 6498 6500 6489
f 6489 6500 6487
f 6500 6502 6487
f 6485 6514 6483
f 6483 6514 6518
f 6483 6518 6481
f 6481 6518 6517
f 6481 6517 6479
f 6519 6520 2884
f 2884 6520 6521
f 2884 6521 6522
f 6522 6521 6523
f 6522 6523 6524
f 6524 6523 6525
f 6524 6525 6526
f 6526 6525 6527
f 6526 6527 6528
f 6528 6527 6529
f 6528 6529 6530
f 6530 6529 6531
f 6530 6531 6532
f 6532 6531 6533
f 6532 6533 6534
f 6534 6533 6535
f 6534 6535 6536
f 6536 6535 1746
f 6536 1746 6537
f 6537 1746 1744
f 6537 1744 6536
f 6536 1744 6538
f 6536 6538 6539
f 6539 6538 6540
f 6539 6540 6541
f 6541 6540 1740
f 6541 1740 6542
f 6542 1740 6543
f 6542 6543 1738
f 1738 6543 1740
f 6544 6545 6519
f 6519 6545 6521
f 6519 6521 6520
f 6546 6547 6544
f 6544 6547 6548
f 6544 6548 6545
f 6545 6548 6523
f 6545 6523 6521
f 6549 6550 6546
f 6546 6550 6551
f 6546 6551 6547
f 6547 6551 6527
f 6547 6527 6525
f 6550 6549 6552
f 6552 6549 6553
f 6552 6553 6535
f 6535 6553 6554
f 1744 1742 6538
f 6538 1742 6540
f 1742 1740 6540
f 1395 6555 1738
f 1738 6555 6556
f 1738 6556 6542
f 6542 6556 6528
f 6542 6528 6530
f 1396 6557 1395
f 1395 6557 6558
f 1395 6558 6555
f 6555 6558 6556
f 1396 2882 6557
f 6557 2882 6559
f 6557 6559 6560
f 6560 6559 6524
f 6560 6524 6526
f 6559 2882 6522
f 6522 2882 2884
f 6535 6533 6552
f 6552 6533 6531
f 6552 6531 6550
f 6550 6531 6529
f 6550 6529 6551
f 6551 6529 6527
f 6548 6547 6525
f 6525 6523 6548
f 6536 6539 6534
f 6534 6539 6532
f 6539 6541 6532
f 6532 6541 6530
f 6541 6542 6530
f 6560 6526 6556
f 6556 6526 6528
f 6559 6522 6524
f 6556 6558 6560
f 6560 6558 6557
f 2850 6561 2852
f 2852 6561 6562
f 2852 6562 6563
f 6563 6562 6564
f 6563 6564 6565
f 6565 6564 6566
f 6566 6564 6567
f 6566 6567 6568
f 6561 2850 6569
f 6569 2850 591
f 6569 591 586
f 6569 586 6570
f 6570 586 585
f 6570 585 6571
f 6571 585 584
f 6571 584 6567
f 6567 6564 6571
f 6571 6564 6562
f 6571 6562 6570
f 6570 6562 6561
f 6570 6561 6569
f 621 2975 6572
f 6572 2975 6573
f 6572 6573 6574
f 6574 6573 6575
f 6574 6575 6576
f 6576 6575 6577
f 6576 6577 6578
f 6578 6577 6579
f 6578 6579 6580
f 6580 6579 6581
f 6580 6581 6582
f 6582 6581 6583
f 6582 6583 6584
f 6584 6583 6585
f 6584 6585 6586
f 6586 6585 6587
f 6586 6587 6588
f 6588 6589 6586
f 6586 6589 6590
f 6586 6590 6591
f 6591 6590 6592
f 6591 6592 6593
f 6593 6592 6594
f 6593 6594 6595
f 6595 6594 625
f 6595 625 626
f 6590 6589 6596
f 6596 6589 622
f 6596 622 6597
f 6597 622 623
f 6597 623 6598
f 6598 623 624
f 6598 624 6594
f 6594 624 625
f 6595 626 6599
f 6599 626 627
f 6599 627 6600
f 6600 627 6601
f 6600 6601 6602
f 6602 6601 6603
f 6602 6603 6604
f 6604 6603 6580
f 6604 6580 6582
f 6601 627 6605
f 6605 627 621
f 6605 621 6606
f 6606 621 6572
f 6606 6572 6607
f 6607 6572 6576
f 6607 6576 6578
f 6576 6572 6574
f 6586 6591 6584
f 6584 6591 6608
f 6584 6608 6582
f 6582 6608 6604
f 6607 6578 6603
f 6603 6578 6580
f 6590 6596 6592
f 6592 6596 6598
f 6592 6598 6594
f 6608 6591 6593
f 6597 6598 6596
f 6604 6608 6609
f 6609 6608 6593
f 6609 6593 6595
f 6604 6609 6602
f 6602 6609 6599
f 6602 6599 6600
f 6599 6609 6595
f 6607 6603 6601
f 6605 6606 6601
f 6601 6606 6607
f 6588 6610 6611
f 6611 6610 6612
f 6611 6612 6613
f 6613 6612 6614
f 6613 6614 6615
f 6615 6614 6616
f 6615 6616 6617
f 6617 6616 6618
f 6617 6618 6619
f 6619 6618 6579
f 6619 6579 6577
f 6587 6620 6588
f 6588 6620 6621
f 6588 6621 6610
f 6610 6621 6622
f 6610 6622 6612
f 6612 6622 6623
f 6612 6623 6614
f 6614 6623 6616
f 6620 6587 6624
f 6624 6587 6585
f 6624 6585 6625
f 6625 6585 6626
f 6625 6626 6623
f 6623 6626 6616
f 6585 6583 6626
f 6626 6583 6581
f 6626 6581 6618
f 6618 6581 6579
f 6619 6577 6627
f 6627 6577 6575
f 6627 6575 6628
f 6628 6575 6629
f 6628 6629 6630
f 6630 6629 6631
f 6630 6631 6632
f 6632 6631 6633
f 6632 6633 6634
f 6634 6633 2978
f 2978 6633 2974
f 2974 6633 6631
f 2974 6631 6629
f 6575 6573 6629
f 6629 6573 2975
f 6629 2975 2974
f 6632 6634 6635
f 6635 6634 6636
f 6635 6636 6637
f 6637 6636 6638
f 6637 6638 6639
f 6639 6638 6617
f 6639 6617 6619
f 6636 6640 6638
f 6638 6640 6615
f 6638 6615 6617
f 6640 6613 6615
f 6630 6632 6635
f 6635 6637 6641
f 6641 6637 6639
f 6641 6639 6627
f 6627 6639 6619
f 6641 6627 6628
f 6641 6628 6630
f 6616 6626 6618
f 6621 6620 6624
f 6623 6622 6625
f 6625 6622 6624
f 6622 6621 6624
f 6641 6630 6635
f 615 6642 613
f 613 6642 6643
f 613 6643 2973
f 2973 6643 6644
f 2973 6644 6645
f 6645 6644 6646
f 6645 6646 6647
f 6647 6646 6648
f 6647 6648 6649
f 6649 6648 6650
f 6649 6650 6651
f 6651 6650 6652
f 6651 6652 6653
f 6653 6652 6654
f 6653 6654 6655
f 6655 6654 6656
f 6655 6656 6657
f 6657 6656 6658
f 6657 6658 6659
f 616 6660 615
f 615 6660 6661
f 615 6661 6642
f 6642 6661 6643
f 617 6662 616
f 616 6662 6663
f 616 6663 6664
f 6664 6663 6648
f 6664 6648 6646
f 618 6665 617
f 617 6665 6666
f 617 6666 6663
f 6663 6666 6650
f 6663 6650 6648
f 6665 618 6667
f 6667 618 619
f 6667 619 6668
f 6668 619 6669
f 6668 6669 6654
f 6654 6669 6656
f 6669 619 6670
f 6670 619 614
f 6670 614 6669
f 6669 614 6658
f 6669 6658 6656
f 6657 6659 6671
f 6671 6659 6672
f 6671 6672 6673
f 6673 6672 6674
f 6673 6674 6675
f 6675 6674 6676
f 6675 6676 6677
f 6677 6676 6678
f 6677 6678 6679
f 6679 6678 6680
f 6679 6680 6681
f 6681 6680 6647
f 6681 6647 6649
f 6647 6680 6682
f 6682 6680 2971
f 6682 2971 6645
f 6645 2971 2973
f 6666 6665 6667
f 617 6663 6662
f 616 6664 6660
f 6660 6664 6683
f 6660 6683 6661
f 6661 6683 6643
f 6667 6668 6666
f 6666 6668 6652
f 6666 6652 6650
f 6652 6668 6654
f 6644 6643 6683
f 6644 6683 6646
f 6646 6683 6664
f 6671 6673 6657
f 6657 6673 6655
f 6673 6675 6655
f 6655 6675 6653
f 6675 6677 6653
f 6653 6677 6651
f 6677 6679 6651
f 6651 6679 6649
f 6682 6645 6647
f 6679 6681 6649
f 6658 6684 6659
f 6659 6684 6685
f 6659 6685 6686
f 6686 6685 6687
f 6686 6687 6688
f 6688 6687 6689
f 6689 6687 6690
f 6689 6690 6691
f 6684 6658 6692
f 6692 6658 614
f 6692 614 611
f 6692 611 6693
f 6693 611 607
f 6693 607 6694
f 6694 607 606
f 6694 606 6690
f 6690 6687 6694
f 6694 6687 6685
f 6694 6685 6693
f 6693 6685 6684
f 6693 6684 6692
f 1831 6695 1829
f 1829 6695 6696
f 1829 6696 6697
f 6697 6696 6698
f 6697 6698 6699
f 6699 6698 6700
f 6699 6700 6701
f 6701 6700 6702
f 6701 6702 6703
f 6703 6702 6704
f 6703 6704 6705
f 6705 6704 6706
f 6705 6706 6707
f 6707 6706 6708
f 6707 6708 6709
f 6709 6708 6710
f 6709 6710 6711
f 6711 6710 6712
f 6711 6712 6713
f 6713 6712 6714
f 6713 6714 6711
f 6711 6714 6715
f 6711 6715 6716
f 6716 6715 6717
f 6716 6717 6718
f 6718 6717 6719
f 6718 6719 6720
f 6720 6719 6721
f 6720 6721 6722
f 6722 6721 6719
f 1833 6723 1831
f 1831 6723 6696
f 1831 6696 6695
f 1836 6724 1833
f 1833 6724 6725
f 1833 6725 6723
f 6723 6725 6698
f 6723 6698 6696
f 6724 1836 6726
f 6726 1836 1838
f 6726 1838 6727
f 6727 1838 1840
f 6727 1840 6728
f 6728 1840 1842
f 6728 1842 6708
f 6708 1842 6710
f 6714 6729 6715
f 6715 6729 6717
f 6729 6719 6717
f 6730 6731 6722
f 6722 6731 6732
f 6722 6732 6720
f 6720 6732 6703
f 6720 6703 6705
f 3090 6733 6730
f 6730 6733 6734
f 6730 6734 6731
f 6731 6734 6732
f 1829 6697 3090
f 3090 6697 6735
f 3090 6735 6733
f 6733 6735 6736
f 6733 6736 6734
f 6734 6736 6732
f 6727 6728 6706
f 6706 6728 6708
f 6726 6727 6704
f 6704 6727 6706
f 6724 6726 6702
f 6702 6726 6704
f 6725 6724 6700
f 6700 6724 6702
f 6700 6698 6725
f 6711 6716 6709
f 6709 6716 6707
f 6716 6718 6707
f 6707 6718 6705
f 6718 6720 6705
f 6703 6732 6701
f 6701 6732 6736
f 6701 6736 6699
f 6699 6736 6735
f 6699 6735 6697
f 6737 6738 3093
f 3093 6738 6739
f 3093 6739 6740
f 6740 6739 6741
f 6740 6741 6742
f 6742 6741 6743
f 6742 6743 6744
f 6744 6743 6745
f 6744 6745 6746
f 6746 6745 6747
f 6746 6747 6748
f 6748 6747 6749
f 6748 6749 6750
f 6750 6749 6751
f 6750 6751 6752
f 6752 6751 6753
f 6752 6753 6754
f 6754 6753 1863
f 6754 1863 6755
f 6755 1863 1861
f 6755 1861 6754
f 6754 1861 6756
f 6754 6756 6757
f 6757 6756 6758
f 6757 6758 6759
f 6759 6758 1857
f 6759 1857 6760
f 6760 1857 6761
f 6760 6761 1852
f 1852 6761 1857
f 6762 6763 6737
f 6737 6763 6739
f 6737 6739 6738
f 6764 6765 6762
f 6762 6765 6766
f 6762 6766 6763
f 6763 6766 6741
f 6763 6741 6739
f 6767 6768 6764
f 6764 6768 6769
f 6764 6769 6765
f 6765 6769 6745
f 6765 6745 6743
f 6768 6767 6770
f 6770 6767 6771
f 6770 6771 6753
f 6753 6771 6772
f 1861 1859 6756
f 6756 1859 6758
f 1859 1857 6758
f 1851 6773 1852
f 1852 6773 6774
f 1852 6774 6760
f 6760 6774 6746
f 6760 6746 6748
f 1850 6775 1851
f 1851 6775 6776
f 1851 6776 6773
f 6773 6776 6774
f 1850 3091 6775
f 6775 3091 6777
f 6775 6777 6778
f 6778 6777 6742
f 6778 6742 6744
f 6777 3091 6740
f 6740 3091 3093
f 6753 6751 6770
f 6770 6751 6749
f 6770 6749 6768
f 6768 6749 6747
f 6768 6747 6769
f 6769 6747 6745
f 6766 6765 6743
f 6743 6741 6766
f 6754 6757 6752
f 6752 6757 6750
f 6757 6759 6750
f 6750 6759 6748
f 6759 6760 6748
f 6778 6744 6774
f 6774 6744 6746
f 6777 6740 6742
f 6774 6776 6778
f 6778 6776 6775
f 1156 6779 6780
f 6780 6779 6781
f 6780 6781 6782
f 6782 6781 6783
f 6782 6783 6784
f 6784 6783 6785
f 6784 6785 6786
f 6786 6785 6787
f 6786 6787 6788
f 6788 6787 6789
f 6788 6789 6790
f 6790 6789 6791
f 6790 6791 6792
f 6792 6791 6793
f 6792 6793 6794
f 6794 6793 6795
f 6794 6795 6796
f 6796 6797 6794
f 6794 6797 6798
f 6794 6798 6799
f 6799 6798 6800
f 6799 6800 6801
f 6801 6800 6802
f 6801 6802 6803
f 6803 6802 1160
f 6803 1160 1161
f 6798 1157 6800
f 6800 1157 6804
f 6800 6804 6802
f 6802 6804 1159
f 6802 1159 1160
f 1157 1159 6804
f 6803 1161 6805
f 6805 1161 1162
f 6805 1162 6806
f 6806 1162 1158
f 6806 1158 6807
f 6807 1158 6808
f 6807 6808 6809
f 6809 6808 6810
f 6809 6810 6811
f 6811 6810 6788
f 6811 6788 6790
f 6808 1158 6812
f 6812 1158 1156
f 6812 1156 6813
f 6813 1156 6780
f 6813 6780 6814
f 6814 6780 6784
f 6814 6784 6786
f 6784 6780 6782
f 6792 6794 6815
f 6815 6794 6799
f 6815 6799 6801
f 6790 6792 6816
f 6816 6792 6815
f 6816 6815 6817
f 6817 6815 6801
f 6817 6801 6803
f 6814 6786 6810
f 6810 6786 6788
f 6817 6818 6816
f 6816 6818 6811
f 6816 6811 6790
f 6811 6818 6809
f 6809 6818 6806
f 6809 6806 6807
f 6803 6805 6817
f 6817 6805 6818
f 6814 6810 6808
f 6805 6806 6818
f 6812 6813 6808
f 6808 6813 6814
f 6819 6820 6821
f 6821 6820 6822
f 6821 6822 6823
f 6823 6822 6797
f 6823 6797 6824
f 6824 6797 6796
f 6824 6796 6795
f 6824 6795 6825
f 6825 6795 6793
f 6825 6793 6826
f 6826 6793 6827
f 6826 6827 6828
f 6828 6827 6829
f 6828 6829 6830
f 6830 6829 6831
f 6830 6831 6819
f 6819 6831 6832
f 6832 6831 6833
f 6832 6833 6834
f 6834 6833 6835
f 6834 6835 6836
f 6836 6835 6837
f 6836 6837 6838
f 6838 6837 6839
f 6838 6839 6840
f 6840 6839 6783
f 6840 6783 6781
f 6793 6791 6827
f 6827 6791 6789
f 6827 6789 6841
f 6841 6789 6787
f 6841 6787 6842
f 6842 6787 6785
f 6842 6785 6843
f 6843 6785 6783
f 6843 6783 6839
f 6781 6779 6840
f 6840 6779 6844
f 6840 6844 6845
f 6845 6844 6846
f 6845 6846 6847
f 6847 6846 6848
f 6847 6848 6836
f 6836 6848 6834
f 6844 6849 6846
f 6846 6849 6848
f 6838 6840 6845
f 6830 6819 6850
f 6850 6819 6821
f 6850 6821 6851
f 6851 6821 6823
f 6851 6823 6825
f 6825 6823 6824
f 6828 6830 6850
f 6828 6850 6851
f 6833 6831 6852
f 6852 6831 6829
f 6852 6829 6841
f 6841 6829 6827
f 6835 6833 6853
f 6853 6833 6852
f 6853 6852 6842
f 6842 6852 6841
f 6845 6847 6838
f 6838 6847 6836
f 6826 6828 6851
f 6826 6851 6825
f 6835 6853 6837
f 6837 6853 6843
f 6837 6843 6839
f 6843 6853 6842
f 6798 6854 1157
f 1157 6854 6855
f 1157 6855 1146
f 1146 6855 6856
f 1146 6856 1163
f 1163 6856 1164
f 1164 6856 6857
f 6857 6856 6858
f 6857 6858 6859
f 6859 6858 6860
f 6859 6860 6861
f 6861 6860 6862
f 6861 6862 6863
f 6863 6862 6798
f 6863 6798 6864
f 6864 6798 6797
f 6864 6797 6865
f 6865 6797 6866
f 6865 6866 6867
f 6867 6866 6868
f 6867 6868 6869
f 6869 6868 6870
f 6869 6870 6871
f 6871 6870 6857
f 6871 6857 6859
f 6798 6862 6854
f 6854 6862 6860
f 6854 6860 6855
f 6855 6860 6858
f 6855 6858 6856
f 6871 6859 6861
f 6861 6863 6872
f 6872 6863 6864
f 6872 6864 6867
f 6867 6864 6865
f 6872 6867 6869
f 6861 6872 6871
f 6871 6872 6869
f 6873 6874 6875
f 6875 6874 6876
f 6875 6876 6877
f 6877 6876 6878
f 6877 6878 6879
f 6879 6878 6880
f 6879 6880 6881
f 6881 6880 6882
f 6881 6882 6883
f 6883 6882 6884
f 6883 6884 6885
f 6885 6884 6886
f 6885 6886 6887
f 6887 6886 6888
f 6887 6888 6889
f 6889 6888 6890
f 6889 6890 6891
f 6891 6890 1885
f 6891 1885 6892
f 6892 1885 1883
f 6892 1883 6891
f 6891 1883 6893
f 6891 6893 6894
f 6894 6893 6895
f 6894 6895 6896
f 6896 6895 1879
f 6896 1879 6897
f 6897 1879 6898
f 6897 6898 1874
f 1874 6898 1879
f 6899 6900 6873
f 6873 6900 6876
f 6873 6876 6874
f 6901 6902 6899
f 6899 6902 6903
f 6899 6903 6900
f 6900 6903 6878
f 6900 6878 6876
f 6904 6905 6901
f 6901 6905 6906
f 6901 6906 6902
f 6902 6906 6882
f 6902 6882 6880
f 6905 6904 6907
f 6907 6904 6908
f 6907 6908 6890
f 6890 6908 6909
f 1883 1881 6893
f 6893 1881 6895
f 1881 1879 6895
f 1873 6910 1874
f 1874 6910 6911
f 1874 6911 6897
f 6897 6911 6883
f 6897 6883 6885
f 1872 6912 1873
f 1873 6912 6913
f 1873 6913 6910
f 6910 6913 6911
f 1872 6914 6912
f 6912 6914 6915
f 6912 6915 6916
f 6916 6915 6879
f 6916 6879 6881
f 6915 6914 6877
f 6877 6914 6875
f 6890 6888 6907
f 6907 6888 6886
f 6907 6886 6905
f 6905 6886 6884
f 6905 6884 6906
f 6906 6884 6882
f 6903 6902 6880
f 6880 6878 6903
f 6891 6894 6889
f 6889 6894 6887
f 6894 6896 6887
f 6887 6896 6885
f 6896 6897 6885
f 6916 6881 6911
f 6911 6881 6883
f 6915 6877 6879
f 6911 6913 6916
f 6916 6913 6912
f 6917 6844 3149
f 3149 6844 3256
f 3149 3256 6914
f 6914 3256 3255
f 6914 3255 6875
f 6917 6918 6844
f 6844 6918 6849
f 6844 6779 3256
f 3256 6779 1149
f 1149 6779 1147
f 1147 6779 1148
f 1148 6779 1156
f 6914 1872 3149
f 3149 1872 1871
f 3149 1871 1856
f 1856 1855 3149
f 1129 6919 6920
f 6920 6919 6921
f 6920 6921 6922
f 6922 6921 6923
f 6922 6923 6924
f 6924 6923 6925
f 6924 6925 6926
f 6926 6925 6927
f 6926 6927 6928
f 6928 6927 6929
f 6928 6929 6930
f 6930 6929 6931
f 6930 6931 6932
f 6932 6931 6933
f 6932 6933 6934
f 6934 6933 6935
f 6934 6935 6936
f 6936 6937 6934
f 6934 6937 6938
f 6934 6938 6939
f 6939 6938 6940
f 6939 6940 6941
f 6941 6940 6942
f 6941 6942 6943
f 6943 6942 1137
f 6943 1137 1136
f 6938 6937 6944
f 6944 6937 1140
f 6944 1140 6945
f 6945 1140 1139
f 6945 1139 6946
f 6946 1139 1138
f 6946 1138 6942
f 6942 1138 1137
f 6943 1136 6947
f 6947 1136 1135
f 6947 1135 6948
f 6948 1135 6949
f 6948 6949 6950
f 6950 6949 6951
f 6950 6951 6952
f 6952 6951 6928
f 6952 6928 6930
f 6949 1135 6953
f 6953 1135 1129
f 6953 1129 6954
f 6954 1129 6920
f 6954 6920 6955
f 6955 6920 6924
f 6955 6924 6926
f 6924 6920 6922
f 6934 6939 6932
f 6932 6939 6956
f 6932 6956 6930
f 6930 6956 6952
f 6955 6926 6951
f 6951 6926 6928
f 6938 6944 6940
f 6940 6944 6946
f 6940 6946 6942
f 6956 6939 6941
f 6945 6946 6944
f 6952 6956 6957
f 6957 6956 6941
f 6957 6941 6943
f 6952 6957 6950
f 6950 6957 6947
f 6950 6947 6948
f 6947 6957 6943
f 6955 6951 6949
f 6953 6954 6949
f 6949 6954 6955
f 6958 6959 6960
f 6960 6959 6936
f 6960 6936 6961
f 6961 6936 6962
f 6961 6962 6963
f 6963 6962 6935
f 6963 6935 6933
f 6936 6935 6962
f 6931 6964 6933
f 6933 6964 6965
f 6933 6965 6963
f 6963 6965 6966
f 6963 6966 6961
f 6961 6966 6960
f 6931 6929 6964
f 6964 6929 6967
f 6964 6967 6968
f 6968 6967 6969
f 6968 6969 6970
f 6970 6969 6971
f 6970 6971 6972
f 6972 6971 6973
f 6973 6971 6974
f 6973 6974 6975
f 6975 6974 6976
f 6975 6976 6977
f 6977 6976 6978
f 6977 6978 6979
f 6979 6978 6923
f 6979 6923 6921
f 6929 6927 6967
f 6967 6927 6980
f 6967 6980 6969
f 6969 6980 6981
f 6969 6981 6971
f 6971 6981 6974
f 6927 6925 6980
f 6980 6925 6982
f 6980 6982 6981
f 6981 6982 6976
f 6981 6976 6974
f 6925 6923 6982
f 6982 6923 6978
f 6982 6978 6976
f 6921 6919 6979
f 6979 6919 6983
f 6979 6983 6984
f 6984 6983 6985
f 6984 6985 6986
f 6986 6985 6987
f 6986 6987 6975
f 6975 6987 6973
f 6983 6988 6985
f 6985 6988 6987
f 6972 6958 6970
f 6970 6958 6989
f 6970 6989 6968
f 6968 6989 6990
f 6968 6990 6964
f 6964 6990 6965
f 6977 6979 6984
f 6989 6958 6991
f 6991 6958 6960
f 6991 6960 6966
f 6990 6989 6991
f 6990 6991 6966
f 6984 6986 6977
f 6977 6986 6975
f 6966 6965 6990
f 6992 6983 3273
f 3273 6983 3379
f 3273 3379 6993
f 6993 3379 3378
f 6993 3378 6994
f 6992 6995 6983
f 6983 6995 6988
f 6983 6919 3379
f 3379 6919 1125
f 1125 6919 1126
f 1126 6919 1128
f 1128 6919 1129
f 6993 1894 3273
f 3273 1894 1893
f 3273 1893 1878
f 1878 1877 3273
f 6996 6997 6994
f 6994 6997 6998
f 6994 6998 6999
f 6999 6998 7000
f 6999 7000 7001
f 7001 7000 7002
f 7001 7002 7003
f 7003 7002 7004
f 7003 7004 7005
f 7005 7004 7006
f 7005 7006 7007
f 7007 7006 7008
f 7007 7008 7009
f 7009 7008 7010
f 7009 7010 7011
f 7011 7010 7012
f 7011 7012 7013
f 7013 7012 1907
f 7013 1907 7014
f 7014 1907 1905
f 7014 1905 7013
f 7013 1905 7015
f 7013 7015 7016
f 7016 7015 7017
f 7016 7017 7018
f 7018 7017 1902
f 7018 1902 7019
f 7019 1902 7020
f 7019 7020 1896
f 1896 7020 1902
f 7021 7022 6996
f 6996 7022 6998
f 6996 6998 6997
f 7023 7024 7021
f 7021 7024 7025
f 7021 7025 7022
f 7022 7025 7000
f 7022 7000 6998
f 7026 7027 7023
f 7023 7027 7028
f 7023 7028 7024
f 7024 7028 7004
f 7024 7004 7002
f 7027 7026 7029
f 7029 7026 7030
f 7029 7030 7012
f 7012 7030 7031
f 1905 1904 7015
f 7015 1904 7017
f 1904 1902 7017
f 1895 7032 1896
f 1896 7032 7033
f 1896 7033 7019
f 7019 7033 7005
f 7019 7005 7007
f 1894 7034 1895
f 1895 7034 7035
f 1895 7035 7032
f 7032 7035 7033
f 1894 6993 7034
f 7034 6993 7036
f 7034 7036 7037
f 7037 7036 7001
f 7037 7001 7003
f 7036 6993 6999
f 6999 6993 6994
f 7012 7010 7029
f 7029 7010 7008
f 7029 7008 7027
f 7027 7008 7006
f 7027 7006 7028
f 7028 7006 7004
f 7025 7024 7002
f 7002 7000 7025
f 7013 7016 7011
f 7011 7016 7009
f 7016 7018 7009
f 7009 7018 7007
f 7018 7019 7007
f 7037 7003 7033
f 7033 7003 7005
f 7036 6999 7001
f 7033 7035 7037
f 7037 7035 7034
f 1898 7038 1899
f 1899 7038 7039
f 1899 7039 7040
f 7040 7039 7041
f 7040 7041 7042
f 7042 7041 7043
f 7042 7043 7044
f 7044 7043 7045
f 7044 7045 7046
f 7046 7045 7047
f 7046 7047 7048
f 7048 7047 7049
f 7048 7049 7050
f 7050 7049 7051
f 7050 7051 7052
f 7052 7051 7053
f 7052 7053 7054
f 7054 7053 3438
f 7054 3438 7055
f 7055 3438 3439
f 7055 3439 7054
f 7054 3439 7056
f 7054 7056 7057
f 7057 7056 7058
f 7057 7058 7059
f 7059 7058 3441
f 7059 3441 7060
f 7060 3441 7061
f 7060 7061 3442
f 3442 7061 3441
f 1897 7062 1898
f 1898 7062 7039
f 1898 7039 7038
f 1901 7063 1897
f 1897 7063 7064
f 1897 7064 7062
f 7062 7064 7041
f 7062 7041 7039
f 7063 1901 7065
f 7065 1901 1903
f 7065 1903 7066
f 7066 1903 1906
f 7066 1906 7067
f 7067 1906 1908
f 7067 1908 7051
f 7051 1908 7053
f 3439 3440 7056
f 7056 3440 7058
f 3440 3441 7058
f 3443 7068 3442
f 3442 7068 7069
f 3442 7069 7060
f 7060 7069 7046
f 7060 7046 7048
f 3444 7070 3443
f 3443 7070 7071
f 3443 7071 7068
f 7068 7071 7069
f 1899 7040 3444
f 3444 7040 7072
f 3444 7072 7070
f 7070 7072 7073
f 7070 7073 7071
f 7071 7073 7069
f 7066 7067 7049
f 7049 7067 7051
f 7065 7066 7047
f 7047 7066 7049
f 7063 7065 7045
f 7045 7065 7047
f 7064 7063 7043
f 7043 7063 7045
f 7043 7041 7064
f 7054 7057 7052
f 7052 7057 7050
f 7057 7059 7050
f 7050 7059 7048
f 7059 7060 7048
f 7046 7069 7044
f 7044 7069 7073
f 7044 7073 7042
f 7042 7073 7072
f 7042 7072 7040
f 3445 3438 7074
f 7074 3438 7053
f 7074 7053 7075
f 7075 7053 1908
f 7075 1908 7076
f 7076 1908 7077
f 7076 7077 7078
f 7078 7077 7079
f 7078 7079 7080
f 7080 7079 1910
f 7080 1910 1912
f 7077 1908 7081
f 7081 1908 1910
f 7081 1910 7079
f 7080 1912 7082
f 7082 1912 1914
f 7082 1914 7083
f 3450 7084 7083
f 7083 7084 7085
f 7083 7085 7086
f 7086 7085 7087
f 7086 7087 7088
f 7088 7087 7089
f 7088 7089 7082
f 7082 7089 7080
f 3450 3448 7084
f 7084 3448 3446
f 7084 3446 7090
f 7090 3446 3445
f 7090 3445 7091
f 7091 3445 7074
f 7091 7074 7075
f 7079 7077 7081
f 7082 7083 7088
f 7088 7083 7086
f 7090 7091 7092
f 7092 7091 7075
f 7092 7075 7076
f 7084 7090 7093
f 7093 7090 7092
f 7093 7092 7094
f 7094 7092 7076
f 7094 7076 7078
f 7094 7087 7093
f 7093 7087 7085
f 7093 7085 7084
f 7087 7094 7089
f 7089 7094 7078
f 7089 7078 7080
f 1107 7095 1105
f 1105 7095 7096
f 1105 7096 3455
f 3455 7096 7097
f 3455 7097 7098
f 7098 7097 7099
f 7098 7099 7100
f 7100 7099 7101
f 7100 7101 7102
f 7102 7101 7103
f 7102 7103 7104
f 7104 7103 7105
f 7104 7105 7106
f 7106 7105 7107
f 7106 7107 7108
f 7108 7107 7109
f 7108 7109 7110
f 7110 7109 7111
f 7110 7111 7112
f 1108 7113 1107
f 1107 7113 7114
f 1107 7114 7095
f 7095 7114 7096
f 1109 7115 1108
f 1108 7115 7116
f 1108 7116 7117
f 7117 7116 7101
f 7117 7101 7099
f 1110 7118 1109
f 1109 7118 7119
f 1109 7119 7116
f 7116 7119 7103
f 7116 7103 7101
f 7118 1110 7120
f 7120 1110 1111
f 7120 1111 7121
f 7121 1111 7122
f 7121 7122 7107
f 7107 7122 7109
f 7122 1111 7123
f 7123 1111 1106
f 7123 1106 7122
f 7122 1106 7111
f 7122 7111 7109
f 7110 7112 7124
f 7124 7112 7125
f 7124 7125 7126
f 7126 7125 7127
f 7126 7127 7128
f 7128 7127 7129
f 7128 7129 7130
f 7130 7129 7131
f 7130 7131 7132
f 7132 7131 7133
f 7132 7133 7134
f 7134 7133 7100
f 7134 7100 7102
f 7100 7133 7135
f 7135 7133 3456
f 7135 3456 7098
f 7098 3456 3455
f 7119 7118 7120
f 1109 7116 7115
f 1108 7117 7113
f 7113 7117 7136
f 7113 7136 7114
f 7114 7136 7096
f 7120 7121 7119
f 7119 7121 7105
f 7119 7105 7103
f 7105 7121 7107
f 7097 7096 7136
f 7097 7136 7099
f 7099 7136 7117
f 7124 7126 7110
f 7110 7126 7108
f 7126 7128 7108
f 7108 7128 7106
f 7128 7130 7106
f 7106 7130 7104
f 7130 7132 7104
f 7104 7132 7102
f 7135 7098 7100
f 7132 7134 7102
f 7111 7137 7112
f 7112 7137 7138
f 7112 7138 7139
f 7139 7138 7140
f 7139 7140 7141
f 7141 7140 7142
f 7142 7140 7143
f 7142 7143 7144
f 7137 7111 7145
f 7145 7111 1106
f 7145 1106 1101
f 7145 1101 7146
f 7146 1101 1100
f 7146 1100 7147
f 7147 1100 1099
f 7147 1099 7143
f 7143 7140 7147
f 7147 7140 7138
f 7147 7138 7146
f 7146 7138 7137
f 7146 7137 7145
f 1305 7148 1306
f 1306 7148 7149
f 1306 7149 7150
f 7150 7149 7151
f 7150 7151 7152
f 7152 7151 7153
f 7152 7153 7154
f 7154 7153 7155
f 7154 7155 7156
f 7156 7155 7157
f 7156 7157 7158
f 7158 7157 7159
f 7158 7159 7160
f 7160 7159 7161
f 7160 7161 7162
f 7162 7161 7163
f 7162 7163 7164
f 7164 7163 3544
f 7164 3544 7165
f 7165 3544 3545
f 7165 3545 7164
f 7164 3545 7166
f 7164 7166 7167
f 7167 7166 7168
f 7167 7168 7169
f 7169 7168 3547
f 7169 3547 7170
f 7170 3547 7171
f 7170 7171 3548
f 3548 7171 3547
f 1916 7172 1305
f 1305 7172 7149
f 1305 7149 7148
f 1917 7173 1916
f 1916 7173 7174
f 1916 7174 7172
f 7172 7174 7151
f 7172 7151 7149
f 7173 1917 7175
f 7175 1917 1919
f 7175 1919 7176
f 7176 1919 1921
f 7176 1921 7177
f 7177 1921 1923
f 7177 1923 7161
f 7161 1923 7163
f 3545 3546 7166
f 7166 3546 7168
f 3546 3547 7168
f 3549 7178 3548
f 3548 7178 7179
f 3548 7179 7170
f 7170 7179 7156
f 7170 7156 7158
f 3550 7180 3549
f 3549 7180 7181
f 3549 7181 7178
f 7178 7181 7179
f 1306 7150 3550
f 3550 7150 7182
f 3550 7182 7180
f 7180 7182 7183
f 7180 7183 7181
f 7181 7183 7179
f 7176 7177 7159
f 7159 7177 7161
f 7175 7176 7157
f 7157 7176 7159
f 7173 7175 7155
f 7155 7175 7157
f 7174 7173 7153
f 7153 7173 7155
f 7153 7151 7174
f 7164 7167 7162
f 7162 7167 7160
f 7167 7169 7160
f 7160 7169 7158
f 7169 7170 7158
f 7156 7179 7154
f 7154 7179 7183
f 7154 7183 7152
f 7152 7183 7182
f 7152 7182 7150
f 3551 3544 7184
f 7184 3544 7163
f 7184 7163 7185
f 7185 7163 1923
f 7185 1923 7186
f 7186 1923 7187
f 7186 7187 7188
f 7188 7187 7189
f 7188 7189 7190
f 7190 7189 1925
f 7190 1925 1927
f 7187 1923 7191
f 7191 1923 1925
f 7191 1925 7189
f 7190 1927 7192
f 7192 1927 1929
f 7192 1929 7193
f 3556 7194 7193
f 7193 7194 7195
f 7193 7195 7196
f 7196 7195 7197
f 7196 7197 7198
f 7198 7197 7199
f 7198 7199 7192
f 7192 7199 7190
f 3556 3554 7194
f 7194 3554 3552
f 7194 3552 7200
f 7200 3552 3551
f 7200 3551 7201
f 7201 3551 7184
f 7201 7184 7185
f 7189 7187 7191
f 7192 7193 7198
f 7198 7193 7196
f 7200 7201 7202
f 7202 7201 7185
f 7202 7185 7186
f 7194 7200 7203
f 7203 7200 7202
f 7203 7202 7204
f 7204 7202 7186
f 7204 7186 7188
f 7204 7197 7203
f 7203 7197 7195
f 7203 7195 7194
f 7197 7204 7199
f 7199 7204 7188
f 7199 7188 7190
f 1090 7205 1084
f 1084 7205 7206
f 1084 7206 3561
f 3561 7206 7207
f 3561 7207 7208
f 7208 7207 7209
f 7208 7209 7210
f 7210 7209 7211
f 7210 7211 7212
f 7212 7211 7213
f 7212 7213 7214
f 7214 7213 7215
f 7214 7215 7216
f 7216 7215 7217
f 7216 7217 7218
f 7218 7217 7219
f 7218 7219 7220
f 7220 7219 7221
f 7220 7221 7222
f 1089 7223 1090
f 1090 7223 7224
f 1090 7224 7205
f 7205 7224 7206
f 1088 7225 1089
f 1089 7225 7226
f 1089 7226 7227
f 7227 7226 7211
f 7227 7211 7209
f 1087 7228 1088
f 1088 7228 7229
f 1088 7229 7226
f 7226 7229 7213
f 7226 7213 7211
f 7228 1087 7230
f 7230 1087 1086
f 7230 1086 7231
f 7231 1086 7232
f 7231 7232 7217
f 7217 7232 7219
f 7232 1086 7233
f 7233 1086 1083
f 7233 1083 7232
f 7232 1083 7221
f 7232 7221 7219
f 7220 7222 7234
f 7234 7222 7235
f 7234 7235 7236
f 7236 7235 7237
f 7236 7237 7238
f 7238 7237 7239
f 7238 7239 7240
f 7240 7239 7241
f 7240 7241 7242
f 7242 7241 7243
f 7242 7243 7244
f 7244 7243 7210
f 7244 7210 7212
f 7210 7243 7245
f 7245 7243 3562
f 7245 3562 7208
f 7208 3562 3561
f 7229 7228 7230
f 1088 7226 7225
f 1089 7227 7223
f 7223 7227 7246
f 7223 7246 7224
f 7224 7246 7206
f 7230 7231 7229
f 7229 7231 7215
f 7229 7215 7213
f 7215 7231 7217
f 7207 7206 7246
f 7207 7246 7209
f 7209 7246 7227
f 7234 7236 7220
f 7220 7236 7218
f 7236 7238 7218
f 7218 7238 7216
f 7238 7240 7216
f 7216 7240 7214
f 7240 7242 7214
f 7214 7242 7212
f 7245 7208 7210
f 7242 7244 7212
f 7221 7247 7222
f 7222 7247 7248
f 7222 7248 7249
f 7249 7248 7250
f 7249 7250 7251
f 7251 7250 7252
f 7252 7250 7253
f 7252 7253 7254
f 7247 7221 7255
f 7255 7221 1083
f 7255 1083 1079
f 7255 1079 7256
f 7256 1079 1078
f 7256 1078 7257
f 7257 1078 1077
f 7257 1077 7253
f 7253 7250 7257
f 7257 7250 7248
f 7257 7248 7256
f 7256 7248 7247
f 7256 7247 7255
f 1299 7258 1300
f 1300 7258 7259
f 1300 7259 7260
f 7260 7259 7261
f 7260 7261 7262
f 7262 7261 7263
f 7262 7263 7264
f 7264 7263 7265
f 7264 7265 7266
f 7266 7265 7267
f 7266 7267 7268
f 7268 7267 7269
f 7268 7269 7270
f 7270 7269 7271
f 7270 7271 7272
f 7272 7271 7273
f 7272 7273 7274
f 7274 7273 3650
f 7274 3650 7275
f 7275 3650 3651
f 7275 3651 7274
f 7274 3651 7276
f 7274 7276 7277
f 7277 7276 7278
f 7277 7278 7279
f 7279 7278 3653
f 7279 3653 7280
f 7280 3653 7281
f 7280 7281 3654
f 3654 7281 3653
f 1931 7282 1299
f 1299 7282 7259
f 1299 7259 7258
f 1933 7283 1931
f 1931 7283 7284
f 1931 7284 7282
f 7282 7284 7261
f 7282 7261 7259
f 7283 1933 7285
f 7285 1933 1935
f 7285 1935 7286
f 7286 1935 1937
f 7286 1937 7287
f 7287 1937 1939
f 7287 1939 7271
f 7271 1939 7273
f 3651 3652 7276
f 7276 3652 7278
f 3652 3653 7278
f 3655 7288 3654
f 3654 7288 7289
f 3654 7289 7280
f 7280 7289 7266
f 7280 7266 7268
f 3656 7290 3655
f 3655 7290 7291
f 3655 7291 7288
f 7288 7291 7289
f 1300 7260 3656
f 3656 7260 7292
f 3656 7292 7290
f 7290 7292 7293
f 7290 7293 7291
f 7291 7293 7289
f 7286 7287 7269
f 7269 7287 7271
f 7285 7286 7267
f 7267 7286 7269
f 7283 7285 7265
f 7265 7285 7267
f 7284 7283 7263
f 7263 7283 7265
f 7263 7261 7284
f 7274 7277 7272
f 7272 7277 7270
f 7277 7279 7270
f 7270 7279 7268
f 7279 7280 7268
f 7266 7289 7264
f 7264 7289 7293
f 7264 7293 7262
f 7262 7293 7292
f 7262 7292 7260
f 3657 3650 7294
f 7294 3650 7273
f 7294 7273 7295
f 7295 7273 1939
f 7295 1939 7296
f 7296 1939 7297
f 7296 7297 7298
f 7298 7297 7299
f 7298 7299 7300
f 7300 7299 1941
f 7300 1941 1943
f 7297 1939 7301
f 7301 1939 1941
f 7301 1941 7299
f 7300 1943 7302
f 7302 1943 1945
f 7302 1945 7303
f 3662 7304 7303
f 7303 7304 7305
f 7303 7305 7306
f 7306 7305 7307
f 7306 7307 7308
f 7308 7307 7309
f 7308 7309 7302
f 7302 7309 7300
f 3662 3660 7304
f 7304 3660 3658
f 7304 3658 7310
f 7310 3658 3657
f 7310 3657 7311
f 7311 3657 7294
f 7311 7294 7295
f 7299 7297 7301
f 7302 7303 7308
f 7308 7303 7306
f 7310 7311 7312
f 7312 7311 7295
f 7312 7295 7296
f 7304 7310 7313
f 7313 7310 7312
f 7313 7312 7314
f 7314 7312 7296
f 7314 7296 7298
f 7314 7307 7313
f 7313 7307 7305
f 7313 7305 7304
f 7307 7314 7309
f 7309 7314 7298
f 7309 7298 7300
f 1062 7315 1059
f 1059 7315 7316
f 1059 7316 3667
f 3667 7316 7317
f 3667 7317 7318
f 7318 7317 7319
f 7318 7319 7320
f 7320 7319 7321
f 7320 7321 7322
f 7322 7321 7323
f 7322 7323 7324
f 7324 7323 7325
f 7324 7325 7326
f 7326 7325 7327
f 7326 7327 7328
f 7328 7327 7329
f 7328 7329 7330
f 7330 7329 7331
f 7330 7331 7332
f 1066 7333 1062
f 1062 7333 7334
f 1062 7334 7315
f 7315 7334 7316
f 1065 7335 1066
f 1066 7335 7336
f 1066 7336 7337
f 7337 7336 7321
f 7337 7321 7319
f 1064 7338 1065
f 1065 7338 7339
f 1065 7339 7336
f 7336 7339 7323
f 7336 7323 7321
f 7338 1064 7340
f 7340 1064 1063
f 7340 1063 7341
f 7341 1063 7342
f 7341 7342 7327
f 7327 7342 7329
f 7342 1063 7343
f 7343 1063 1058
f 7343 1058 7342
f 7342 1058 7331
f 7342 7331 7329
f 7330 7332 7344
f 7344 7332 7345
f 7344 7345 7346
f 7346 7345 7347
f 7346 7347 7348
f 7348 7347 7349
f 7348 7349 7350
f 7350 7349 7351
f 7350 7351 7352
f 7352 7351 7353
f 7352 7353 7354
f 7354 7353 7320
f 7354 7320 7322
f 7320 7353 7355
f 7355 7353 3668
f 7355 3668 7318
f 7318 3668 3667
f 7339 7338 7340
f 1065 7336 7335
f 1066 7337 7333
f 7333 7337 7356
f 7333 7356 7334
f 7334 7356 7316
f 7340 7341 7339
f 7339 7341 7325
f 7339 7325 7323
f 7325 7341 7327
f 7317 7316 7356
f 7317 7356 7319
f 7319 7356 7337
f 7344 7346 7330
f 7330 7346 7328
f 7346 7348 7328
f 7328 7348 7326
f 7348 7350 7326
f 7326 7350 7324
f 7350 7352 7324
f 7324 7352 7322
f 7355 7318 7320
f 7352 7354 7322
f 7331 7357 7332
f 7332 7357 7358
f 7332 7358 7359
f 7359 7358 7360
f 7359 7360 7361
f 7361 7360 7362
f 7362 7360 7363
f 7362 7363 7364
f 7357 7331 7365
f 7365 7331 1058
f 7365 1058 1057
f 7365 1057 7366
f 7366 1057 1056
f 7366 1056 7367
f 7367 1056 1055
f 7367 1055 7363
f 7363 7360 7367
f 7367 7360 7358
f 7367 7358 7366
f 7366 7358 7357
f 7366 7357 7365
f 1292 7368 1287
f 1287 7368 7369
f 1287 7369 7370
f 7370 7369 7371
f 7370 7371 7372
f 7372 7371 7373
f 7372 7373 7374
f 7374 7373 7375
f 7374 7375 7376
f 7376 7375 7377
f 7376 7377 7378
f 7378 7377 7379
f 7378 7379 7380
f 7380 7379 7381
f 7380 7381 7382
f 7382 7381 7383
f 7382 7383 7384
f 7384 7383 3756
f 7384 3756 7385
f 7385 3756 3757
f 7385 3757 7384
f 7384 3757 7386
f 7384 7386 7387
f 7387 7386 7388
f 7387 7388 7389
f 7389 7388 3759
f 7389 3759 7390
f 7390 3759 7391
f 7390 7391 3760
f 3760 7391 3759
f 1947 7392 1292
f 1292 7392 7369
f 1292 7369 7368
f 1949 7393 1947
f 1947 7393 7394
f 1947 7394 7392
f 7392 7394 7371
f 7392 7371 7369
f 7393 1949 7395
f 7395 1949 1951
f 7395 1951 7396
f 7396 1951 1953
f 7396 1953 7397
f 7397 1953 1955
f 7397 1955 7381
f 7381 1955 7383
f 3757 3758 7386
f 7386 3758 7388
f 3758 3759 7388
f 3761 7398 3760
f 3760 7398 7399
f 3760 7399 7390
f 7390 7399 7376
f 7390 7376 7378
f 3762 7400 3761
f 3761 7400 7401
f 3761 7401 7398
f 7398 7401 7399
f 1287 7370 3762
f 3762 7370 7402
f 3762 7402 7400
f 7400 7402 7403
f 7400 7403 7401
f 7401 7403 7399
f 7396 7397 7379
f 7379 7397 7381
f 7395 7396 7377
f 7377 7396 7379
f 7393 7395 7375
f 7375 7395 7377
f 7394 7393 7373
f 7373 7393 7375
f 7373 7371 7394
f 7384 7387 7382
f 7382 7387 7380
f 7387 7389 7380
f 7380 7389 7378
f 7389 7390 7378
f 7376 7399 7374
f 7374 7399 7403
f 7374 7403 7372
f 7372 7403 7402
f 7372 7402 7370
f 3763 3756 7404
f 7404 3756 7383
f 7404 7383 7405
f 7405 7383 1955
f 7405 1955 7406
f 7406 1955 7407
f 7406 7407 7408
f 7408 7407 7409
f 7408 7409 7410
f 7410 7409 1957
f 7410 1957 1959
f 7407 1955 7411
f 7411 1955 1957
f 7411 1957 7409
f 7410 1959 7412
f 7412 1959 1961
f 7412 1961 7413
f 3768 7414 7413
f 7413 7414 7415
f 7413 7415 7416
f 7416 7415 7417
f 7416 7417 7418
f 7418 7417 7419
f 7418 7419 7412
f 7412 7419 7410
f 3768 3766 7414
f 7414 3766 3764
f 7414 3764 7420
f 7420 3764 3763
f 7420 3763 7421
f 7421 3763 7404
f 7421 7404 7405
f 7409 7407 7411
f 7412 7413 7418
f 7418 7413 7416
f 7420 7421 7422
f 7422 7421 7405
f 7422 7405 7406
f 7414 7420 7423
f 7423 7420 7422
f 7423 7422 7424
f 7424 7422 7406
f 7424 7406 7408
f 7424 7417 7423
f 7423 7417 7415
f 7423 7415 7414
f 7417 7424 7419
f 7419 7424 7408
f 7419 7408 7410
f 1042 7425 1040
f 1040 7425 7426
f 1040 7426 3773
f 3773 7426 7427
f 3773 7427 7428
f 7428 7427 7429
f 7428 7429 7430
f 7430 7429 7431
f 7430 7431 7432
f 7432 7431 7433
f 7432 7433 7434
f 7434 7433 7435
f 7434 7435 7436
f 7436 7435 7437
f 7436 7437 7438
f 7438 7437 7439
f 7438 7439 7440
f 7440 7439 7441
f 7440 7441 7442
f 1046 7443 1042
f 1042 7443 7444
f 1042 7444 7425
f 7425 7444 7426
f 1045 7445 1046
f 1046 7445 7446
f 1046 7446 7447
f 7447 7446 7431
f 7447 7431 7429
f 1044 7448 1045
f 1045 7448 7449
f 1045 7449 7446
f 7446 7449 7433
f 7446 7433 7431
f 7448 1044 7450
f 7450 1044 1043
f 7450 1043 7451
f 7451 1043 7452
f 7451 7452 7437
f 7437 7452 7439
f 7452 1043 7453
f 7453 1043 1041
f 7453 1041 7452
f 7452 1041 7441
f 7452 7441 7439
f 7440 7442 7454
f 7454 7442 7455
f 7454 7455 7456
f 7456 7455 7457
f 7456 7457 7458
f 7458 7457 7459
f 7458 7459 7460
f 7460 7459 7461
f 7460 7461 7462
f 7462 7461 7463
f 7462 7463 7464
f 7464 7463 7430
f 7464 7430 7432
f 7430 7463 7465
f 7465 7463 3774
f 7465 3774 7428
f 7428 3774 3773
f 7449 7448 7450
f 1045 7446 7445
f 1046 7447 7443
f 7443 7447 7466
f 7443 7466 7444
f 7444 7466 7426
f 7450 7451 7449
f 7449 7451 7435
f 7449 7435 7433
f 7435 7451 7437
f 7427 7426 7466
f 7427 7466 7429
f 7429 7466 7447
f 7454 7456 7440
f 7440 7456 7438
f 7456 7458 7438
f 7438 7458 7436
f 7458 7460 7436
f 7436 7460 7434
f 7460 7462 7434
f 7434 7462 7432
f 7465 7428 7430
f 7462 7464 7432
f 7441 7467 7442
f 7442 7467 7468
f 7442 7468 7469
f 7469 7468 7470
f 7469 7470 7471
f 7471 7470 7472
f 7472 7470 7473
f 7472 7473 7474
f 7467 7441 7475
f 7475 7441 1041
f 7475 1041 1037
f 7475 1037 7476
f 7476 1037 1034
f 7476 1034 7477
f 7477 1034 1033
f 7477 1033 7473
f 7473 7470 7477
f 7477 7470 7468
f 7477 7468 7476
f 7476 7468 7467
f 7476 7467 7475
f 1285 7478 1280
f 1280 7478 7479
f 1280 7479 7480
f 7480 7479 7481
f 7480 7481 7482
f 7482 7481 7483
f 7482 7483 7484
f 7484 7483 7485
f 7484 7485 7486
f 7486 7485 7487
f 7486 7487 7488
f 7488 7487 7489
f 7488 7489 7490
f 7490 7489 7491
f 7490 7491 7492
f 7492 7491 7493
f 7492 7493 7494
f 7494 7493 3862
f 7494 3862 7495
f 7495 3862 3861
f 7495 3861 7494
f 7494 3861 7496
f 7494 7496 7497
f 7497 7496 7498
f 7497 7498 7499
f 7499 7498 3867
f 7499 3867 7500
f 7500 3867 7501
f 7500 7501 3868
f 3868 7501 3867
f 1964 7502 1285
f 1285 7502 7479
f 1285 7479 7478
f 1966 7503 1964
f 1964 7503 7504
f 1964 7504 7502
f 7502 7504 7481
f 7502 7481 7479
f 7503 1966 7505
f 7505 1966 1968
f 7505 1968 7506
f 7506 1968 1970
f 7506 1970 7507
f 7507 1970 1972
f 7507 1972 7491
f 7491 1972 7493
f 3861 3866 7496
f 7496 3866 7498
f 3866 3867 7498
f 3869 7508 3868
f 3868 7508 7509
f 3868 7509 7500
f 7500 7509 7486
f 7500 7486 7488
f 3870 7510 3869
f 3869 7510 7511
f 3869 7511 7508
f 7508 7511 7509
f 1280 7480 3870
f 3870 7480 7512
f 3870 7512 7510
f 7510 7512 7513
f 7510 7513 7511
f 7511 7513 7509
f 7506 7507 7489
f 7489 7507 7491
f 7505 7506 7487
f 7487 7506 7489
f 7503 7505 7485
f 7485 7505 7487
f 7504 7503 7483
f 7483 7503 7485
f 7483 7481 7504
f 7494 7497 7492
f 7492 7497 7490
f 7497 7499 7490
f 7490 7499 7488
f 7499 7500 7488
f 7486 7509 7484
f 7484 7509 7513
f 7484 7513 7482
f 7482 7513 7512
f 7482 7512 7480
f 3864 3862 7514
f 7514 3862 7493
f 7514 7493 7515
f 7515 7493 1972
f 7515 1972 7516
f 7516 1972 7517
f 7516 7517 7518
f 7518 7517 7519
f 7518 7519 7520
f 7520 7519 1974
f 7520 1974 1976
f 7517 1972 7521
f 7521 1972 1974
f 7521 1974 7519
f 7520 1976 7522
f 7522 1976 1978
f 7522 1978 7523
f 3874 7524 7523
f 7523 7524 7525
f 7523 7525 7526
f 7526 7525 7527
f 7526 7527 7528
f 7528 7527 7529
f 7528 7529 7522
f 7522 7529 7520
f 3874 3872 7524
f 7524 3872 3865
f 7524 3865 7530
f 7530 3865 3864
f 7530 3864 7531
f 7531 3864 7514
f 7531 7514 7515
f 7519 7517 7521
f 7522 7523 7528
f 7528 7523 7526
f 7530 7531 7532
f 7532 7531 7515
f 7532 7515 7516
f 7524 7530 7533
f 7533 7530 7532
f 7533 7532 7534
f 7534 7532 7516
f 7534 7516 7518
f 7534 7527 7533
f 7533 7527 7525
f 7533 7525 7524
f 7527 7534 7529
f 7529 7534 7518
f 7529 7518 7520
f 1025 7535 1018
f 1018 7535 7536
f 1018 7536 3879
f 3879 7536 7537
f 3879 7537 7538
f 7538 7537 7539
f 7538 7539 7540
f 7540 7539 7541
f 7540 7541 7542
f 7542 7541 7543
f 7542 7543 7544
f 7544 7543 7545
f 7544 7545 7546
f 7546 7545 7547
f 7546 7547 7548
f 7548 7547 7549
f 7548 7549 7550
f 7550 7549 7551
f 7550 7551 7552
f 1024 7553 1025
f 1025 7553 7554
f 1025 7554 7535
f 7535 7554 7536
f 1023 7555 1024
f 1024 7555 7556
f 1024 7556 7557
f 7557 7556 7541
f 7557 7541 7539
f 1022 7558 1023
f 1023 7558 7559
f 1023 7559 7556
f 7556 7559 7543
f 7556 7543 7541
f 7558 1022 7560
f 7560 1022 1021
f 7560 1021 7561
f 7561 1021 7562
f 7561 7562 7547
f 7547 7562 7549
f 7562 1021 7563
f 7563 1021 1017
f 7563 1017 7562
f 7562 1017 7551
f 7562 7551 7549
f 7550 7552 7564
f 7564 7552 7565
f 7564 7565 7566
f 7566 7565 7567
f 7566 7567 7568
f 7568 7567 7569
f 7568 7569 7570
f 7570 7569 7571
f 7570 7571 7572
f 7572 7571 7573
f 7572 7573 7574
f 7574 7573 7540
f 7574 7540 7542
f 7540 7573 7575
f 7575 7573 3880
f 7575 3880 7538
f 7538 3880 3879
f 7559 7558 7560
f 1023 7556 7555
f 1024 7557 7553
f 7553 7557 7576
f 7553 7576 7554
f 7554 7576 7536
f 7560 7561 7559
f 7559 7561 7545
f 7559 7545 7543
f 7545 7561 7547
f 7537 7536 7576
f 7537 7576 7539
f 7539 7576 7557
f 7564 7566 7550
f 7550 7566 7548
f 7566 7568 7548
f 7548 7568 7546
f 7568 7570 7546
f 7546 7570 7544
f 7570 7572 7544
f 7544 7572 7542
f 7575 7538 7540
f 7572 7574 7542
f 7551 7577 7552
f 7552 7577 7578
f 7552 7578 7579
f 7579 7578 7580
f 7579 7580 7581
f 7581 7580 7582
f 7582 7580 7583
f 7582 7583 7584
f 7577 7551 7585
f 7585 7551 1017
f 7585 1017 979
f 7585 979 7586
f 7586 979 975
f 7586 975 7587
f 7587 975 972
f 7587 972 7583
f 7583 7580 7587
f 7587 7580 7578
f 7587 7578 7586
f 7586 7578 7577
f 7586 7577 7585
f 643 7588 635
f 635 7588 7589
f 635 7589 3970
f 3970 7589 7590
f 3970 7590 7591
f 7591 7590 7592
f 7591 7592 7593
f 7593 7592 7594
f 7593 7594 7595
f 7595 7594 7596
f 7595 7596 7597
f 7597 7596 7598
f 7597 7598 7599
f 7599 7598 7600
f 7599 7600 7601
f 7601 7600 7602
f 7601 7602 7603
f 7603 7602 7604
f 7603 7604 7605
f 642 7606 643
f 643 7606 7607
f 643 7607 7588
f 7588 7607 7589
f 641 7608 642
f 642 7608 7609
f 642 7609 7610
f 7610 7609 7594
f 7610 7594 7592
f 640 7611 641
f 641 7611 7612
f 641 7612 7609
f 7609 7612 7596
f 7609 7596 7594
f 7611 640 7613
f 7613 640 639
f 7613 639 7614
f 7614 639 7615
f 7614 7615 7600
f 7600 7615 7602
f 7615 639 7616
f 7616 639 634
f 7616 634 7615
f 7615 634 7604
f 7615 7604 7602
f 7603 7605 7617
f 7617 7605 7618
f 7617 7618 7619
f 7619 7618 7620
f 7619 7620 7621
f 7621 7620 7622
f 7621 7622 7623
f 7623 7622 7624
f 7623 7624 7625
f 7625 7624 7626
f 7625 7626 7627
f 7627 7626 7593
f 7627 7593 7595
f 7593 7626 7628
f 7628 7626 3968
f 7628 3968 7591
f 7591 3968 3970
f 7612 7611 7613
f 641 7609 7608
f 642 7610 7606
f 7606 7610 7629
f 7606 7629 7607
f 7607 7629 7589
f 7613 7614 7612
f 7612 7614 7598
f 7612 7598 7596
f 7598 7614 7600
f 7590 7589 7629
f 7590 7629 7592
f 7592 7629 7610
f 7617 7619 7603
f 7603 7619 7601
f 7619 7621 7601
f 7601 7621 7599
f 7621 7623 7599
f 7599 7623 7597
f 7623 7625 7597
f 7597 7625 7595
f 7628 7591 7593
f 7625 7627 7595
f 638 3972 7630
f 7630 3972 7631
f 7630 7631 7632
f 7632 7631 7633
f 7632 7633 7634
f 7634 7633 7635
f 7634 7635 7636
f 7636 7635 7637
f 7636 7637 7638
f 7638 7637 7639
f 7638 7639 7640
f 7640 7639 7641
f 7640 7641 7642
f 7642 7641 7643
f 7642 7643 7644
f 7644 7643 7645
f 7644 7645 7646
f 7646 7647 7644
f 7644 7647 7648
f 7644 7648 7649
f 7649 7648 7650
f 7649 7650 7651
f 7651 7650 7652
f 7651 7652 7653
f 7653 7652 646
f 7653 646 645
f 7648 7647 7654
f 7654 7647 649
f 7654 649 7655
f 7655 649 648
f 7655 648 7656
f 7656 648 647
f 7656 647 7652
f 7652 647 646
f 7653 645 7657
f 7657 645 644
f 7657 644 7658
f 7658 644 7659
f 7658 7659 7660
f 7660 7659 7661
f 7660 7661 7662
f 7662 7661 7638
f 7662 7638 7640
f 7659 644 7663
f 7663 644 638
f 7663 638 7664
f 7664 638 7630
f 7664 7630 7665
f 7665 7630 7634
f 7665 7634 7636
f 7634 7630 7632
f 7644 7649 7642
f 7642 7649 7666
f 7642 7666 7640
f 7640 7666 7662
f 7665 7636 7661
f 7661 7636 7638
f 7648 7654 7650
f 7650 7654 7656
f 7650 7656 7652
f 7666 7649 7651
f 7655 7656 7654
f 7662 7666 7667
f 7667 7666 7651
f 7667 7651 7653
f 7662 7667 7660
f 7660 7667 7657
f 7660 7657 7658
f 7657 7667 7653
f 7665 7661 7659
f 7663 7664 7659
f 7659 7664 7665
f 7668 7669 7670
f 7670 7669 7646
f 7670 7646 7671
f 7671 7646 7672
f 7671 7672 7673
f 7673 7672 7645
f 7673 7645 7643
f 7646 7645 7672
f 7641 7674 7643
f 7643 7674 7675
f 7643 7675 7673
f 7673 7675 7676
f 7673 7676 7671
f 7671 7676 7670
f 7641 7639 7674
f 7674 7639 7677
f 7674 7677 7678
f 7678 7677 7679
f 7678 7679 7680
f 7680 7679 7681
f 7680 7681 7682
f 7682 7681 7683
f 7683 7681 7684
f 7683 7684 7685
f 7685 7684 7686
f 7685 7686 7687
f 7687 7686 7688
f 7687 7688 7689
f 7689 7688 7633
f 7689 7633 7631
f 7639 7637 7677
f 7677 7637 7690
f 7677 7690 7679
f 7679 7690 7691
f 7679 7691 7681
f 7681 7691 7684
f 7637 7635 7690
f 7690 7635 7692
f 7690 7692 7691
f 7691 7692 7686
f 7691 7686 7684
f 7635 7633 7692
f 7692 7633 7688
f 7692 7688 7686
f 7631 3972 7689
f 7689 3972 3971
f 7689 3971 7693
f 7693 3971 7694
f 7693 7694 7695
f 7695 7694 7696
f 7695 7696 7685
f 7685 7696 7683
f 3971 3975 7694
f 7694 3975 7696
f 7682 7668 7680
f 7680 7668 7697
f 7680 7697 7678
f 7678 7697 7698
f 7678 7698 7674
f 7674 7698 7675
f 7687 7689 7693
f 7697 7668 7699
f 7699 7668 7670
f 7699 7670 7676
f 7698 7697 7699
f 7698 7699 7676
f 7693 7695 7687
f 7687 7695 7685
f 7676 7675 7698
f 7700 7701 4091
f 4091 7701 7702
f 4091 7702 7703
f 7703 7702 7704
f 7703 7704 7705
f 7705 7704 7706
f 7705 7706 7707
f 7707 7706 7708
f 7707 7708 7709
f 7709 7708 7710
f 7709 7710 7711
f 7711 7710 7712
f 7711 7712 7713
f 7713 7712 7714
f 7713 7714 7715
f 7715 7714 7716
f 7715 7716 7717
f 7717 7716 1702
f 7717 1702 7718
f 7718 1702 1701
f 7718 1701 7717
f 7717 1701 7719
f 7717 7719 7720
f 7720 7719 7721
f 7720 7721 7722
f 7722 7721 1694
f 7722 1694 7723
f 7723 1694 7724
f 7723 7724 1692
f 1692 7724 1694
f 7725 7726 7700
f 7700 7726 7702
f 7700 7702 7701
f 7727 7728 7725
f 7725 7728 7729
f 7725 7729 7726
f 7726 7729 7704
f 7726 7704 7702
f 7730 7731 7727
f 7727 7731 7732
f 7727 7732 7728
f 7728 7732 7708
f 7728 7708 7706
f 7731 7730 7733
f 7733 7730 7734
f 7733 7734 7716
f 7716 7734 7735
f 1701 1700 7719
f 7719 1700 7721
f 1700 1694 7721
f 1688 7736 1692
f 1692 7736 7737
f 1692 7737 7723
f 7723 7737 7709
f 7723 7709 7711
f 1537 7738 1688
f 1688 7738 7739
f 1688 7739 7736
f 7736 7739 7737
f 1537 4088 7738
f 7738 4088 7740
f 7738 7740 7741
f 7741 7740 7705
f 7741 7705 7707
f 7740 4088 7703
f 7703 4088 4091
f 7716 7714 7733
f 7733 7714 7712
f 7733 7712 7731
f 7731 7712 7710
f 7731 7710 7732
f 7732 7710 7708
f 7729 7728 7706
f 7706 7704 7729
f 7717 7720 7715
f 7715 7720 7713
f 7720 7722 7713
f 7713 7722 7711
f 7722 7723 7711
f 7741 7707 7737
f 7737 7707 7709
f 7740 7703 7705
f 7737 7739 7741
f 7741 7739 7738
f 1675 7742 1560
f 1560 7742 7743
f 1560 7743 7744
f 7744 7743 7745
f 7744 7745 7746
f 7746 7745 7747
f 7746 7747 7748
f 7748 7747 7749
f 7748 7749 7750
f 7750 7749 7751
f 7750 7751 7752
f 7752 7751 7753
f 7752 7753 7754
f 7754 7753 7755
f 7754 7755 7756
f 7756 7755 7757
f 7756 7757 7758
f 7758 7757 7759
f 7758 7759 7760
f 7760 7759 7761
f 7760 7761 7758
f 7758 7761 7762
f 7758 7762 7763
f 7763 7762 7764
f 7763 7764 7765
f 7765 7764 7766
f 7765 7766 7767
f 7767 7766 7768
f 7767 7768 7769
f 7769 7768 7766
f 1674 7770 1675
f 1675 7770 7743
f 1675 7743 7742
f 1673 7771 1674
f 1674 7771 7772
f 1674 7772 7770
f 7770 7772 7745
f 7770 7745 7743
f 7771 1673 7773
f 7773 1673 1676
f 7773 1676 7774
f 7774 1676 1678
f 7774 1678 7775
f 7775 1678 1680
f 7775 1680 7755
f 7755 1680 7757
f 7761 7776 7762
f 7762 7776 7764
f 7776 7766 7764
f 7777 7778 7769
f 7769 7778 7779
f 7769 7779 7767
f 7767 7779 7750
f 7767 7750 7752
f 4087 7780 7777
f 7777 7780 7781
f 7777 7781 7778
f 7778 7781 7779
f 1560 7744 4087
f 4087 7744 7782
f 4087 7782 7780
f 7780 7782 7783
f 7780 7783 7781
f 7781 7783 7779
f 7774 7775 7753
f 7753 7775 7755
f 7773 7774 7751
f 7751 7774 7753
f 7771 7773 7749
f 7749 7773 7751
f 7772 7771 7747
f 7747 7771 7749
f 7747 7745 7772
f 7758 7763 7756
f 7756 7763 7754
f 7763 7765 7754
f 7754 7765 7752
f 7765 7767 7752
f 7750 7779 7748
f 7748 7779 7783
f 7748 7783 7746
f 7746 7783 7782
f 7746 7782 7744
f 7784 7759 7785
f 7785 7759 7757
f 7785 7757 7786
f 7786 7757 1680
f 7786 1680 7787
f 7787 1680 7788
f 7787 7788 7789
f 7789 7788 7790
f 7789 7790 7791
f 7791 7790 1682
f 7791 1682 1684
f 7788 1680 7792
f 7792 1680 1682
f 7792 1682 7790
f 7791 1684 7793
f 7793 1684 1686
f 7793 1686 7794
f 7795 7796 7794
f 7794 7796 7797
f 7794 7797 7798
f 7798 7797 7799
f 7798 7799 7800
f 7800 7799 7801
f 7800 7801 7793
f 7793 7801 7791
f 7795 7802 7796
f 7796 7802 7803
f 7796 7803 7804
f 7804 7803 7784
f 7804 7784 7805
f 7805 7784 7785
f 7805 7785 7786
f 7790 7788 7792
f 7793 7794 7800
f 7800 7794 7798
f 7804 7805 7806
f 7806 7805 7786
f 7806 7786 7787
f 7796 7804 7807
f 7807 7804 7806
f 7807 7806 7808
f 7808 7806 7787
f 7808 7787 7789
f 7808 7799 7807
f 7807 7799 7797
f 7807 7797 7796
f 7799 7808 7801
f 7801 7808 7789
f 7801 7789 7791
f 7809 7810 4193
f 4193 7810 7811
f 4193 7811 7812
f 7812 7811 7813
f 7812 7813 7814
f 7814 7813 7815
f 7814 7815 7816
f 7816 7815 7817
f 7816 7817 7818
f 7818 7817 7819
f 7818 7819 7820
f 7820 7819 7821
f 7820 7821 7822
f 7822 7821 7823
f 7822 7823 7824
f 7824 7823 7825
f 7824 7825 7826
f 7826 7825 1681
f 7826 1681 7827
f 7827 1681 1679
f 7827 1679 7826
f 7826 1679 7828
f 7826 7828 7829
f 7829 7828 7830
f 7829 7830 7831
f 7831 7830 1672
f 7831 1672 7832
f 7832 1672 7833
f 7832 7833 1559
f 1559 7833 1672
f 7834 7835 7809
f 7809 7835 7811
f 7809 7811 7810
f 7836 7837 7834
f 7834 7837 7838
f 7834 7838 7835
f 7835 7838 7813
f 7835 7813 7811
f 7839 7840 7836
f 7836 7840 7841
f 7836 7841 7837
f 7837 7841 7817
f 7837 7817 7815
f 7840 7839 7842
f 7842 7839 7843
f 7842 7843 7825
f 7825 7843 7844
f 1679 1677 7828
f 7828 1677 7830
f 1677 1672 7830
f 1671 7845 1559
f 1559 7845 7846
f 1559 7846 7832
f 7832 7846 7818
f 7832 7818 7820
f 1581 7847 1671
f 1671 7847 7848
f 1671 7848 7845
f 7845 7848 7846
f 1581 4191 7847
f 7847 4191 7849
f 7847 7849 7850
f 7850 7849 7814
f 7850 7814 7816
f 7849 4191 7812
f 7812 4191 4193
f 7825 7823 7842
f 7842 7823 7821
f 7842 7821 7840
f 7840 7821 7819
f 7840 7819 7841
f 7841 7819 7817
f 7838 7837 7815
f 7815 7813 7838
f 7826 7829 7824
f 7824 7829 7822
f 7829 7831 7822
f 7822 7831 7820
f 7831 7832 7820
f 7850 7816 7846
f 7846 7816 7818
f 7849 7812 7814
f 7846 7848 7850
f 7850 7848 7847
f 4160 7851 4162
f 4162 7851 7852
f 4162 7852 7853
f 7853 7852 7854
f 7853 7854 7855
f 7855 7854 7856
f 7856 7854 7857
f 7856 7857 7858
f 7851 4160 7859
f 7859 4160 675
f 7859 675 674
f 7859 674 7860
f 7860 674 673
f 7860 673 7861
f 7861 673 672
f 7861 672 7857
f 7857 7854 7861
f 7861 7854 7852
f 7861 7852 7860
f 7860 7852 7851
f 7860 7851 7859
f 1588 7862 1586
f 1586 7862 7863
f 1586 7863 7864
f 7864 7863 7865
f 7864 7865 7866
f 7866 7865 7867
f 7866 7867 7868
f 7868 7867 7869
f 7868 7869 7870
f 7870 7869 7871
f 7870 7871 7872
f 7872 7871 7873
f 7872 7873 7874
f 7874 7873 7875
f 7874 7875 7876
f 7876 7875 7877
f 7876 7877 7878
f 7878 7877 7879
f 7878 7879 7880
f 7880 7879 7881
f 7880 7881 7878
f 7878 7881 7882
f 7878 7882 7883
f 7883 7882 7884
f 7883 7884 7885
f 7885 7884 7886
f 7885 7886 7887
f 7887 7886 7888
f 7887 7888 7889
f 7889 7888 7886
f 1590 7890 1588
f 1588 7890 7863
f 1588 7863 7862
f 1591 7891 1590
f 1590 7891 7892
f 1590 7892 7890
f 7890 7892 7865
f 7890 7865 7863
f 7891 1591 7893
f 7893 1591 1592
f 7893 1592 7894
f 7894 1592 1593
f 7894 1593 7895
f 7895 1593 1594
f 7895 1594 7875
f 7875 1594 7877
f 7881 7896 7882
f 7882 7896 7884
f 7896 7886 7884
f 7897 7898 7889
f 7889 7898 7899
f 7889 7899 7887
f 7887 7899 7870
f 7887 7870 7872
f 4190 7900 7897
f 7897 7900 7901
f 7897 7901 7898
f 7898 7901 7899
f 1586 7864 4190
f 4190 7864 7902
f 4190 7902 7900
f 7900 7902 7903
f 7900 7903 7901
f 7901 7903 7899
f 7894 7895 7873
f 7873 7895 7875
f 7893 7894 7871
f 7871 7894 7873
f 7891 7893 7869
f 7869 7893 7871
f 7892 7891 7867
f 7867 7891 7869
f 7867 7865 7892
f 7878 7883 7876
f 7876 7883 7874
f 7883 7885 7874
f 7874 7885 7872
f 7885 7887 7872
f 7870 7899 7868
f 7868 7899 7903
f 7868 7903 7866
f 7866 7903 7902
f 7866 7902 7864
f 7904 7879 7905
f 7905 7879 7877
f 7905 7877 7906
f 7906 7877 1594
f 7906 1594 7907
f 7907 1594 7908
f 7907 7908 7909
f 7909 7908 7910
f 7909 7910 7911
f 7911 7910 1595
f 7911 1595 1667
f 7908 1594 7912
f 7912 1594 1595
f 7912 1595 7910
f 7911 1667 7913
f 7913 1667 1669
f 7913 1669 7914
f 7915 7916 7914
f 7914 7916 7917
f 7914 7917 7918
f 7918 7917 7919
f 7918 7919 7920
f 7920 7919 7921
f 7920 7921 7913
f 7913 7921 7911
f 7915 7922 7916
f 7916 7922 7923
f 7916 7923 7924
f 7924 7923 7904
f 7924 7904 7925
f 7925 7904 7905
f 7925 7905 7906
f 7910 7908 7912
f 7913 7914 7920
f 7920 7914 7918
f 7924 7925 7926
f 7926 7925 7906
f 7926 7906 7907
f 7916 7924 7927
f 7927 7924 7926
f 7927 7926 7928
f 7928 7926 7907
f 7928 7907 7909
f 7928 7919 7927
f 7927 7919 7917
f 7927 7917 7916
f 7919 7928 7921
f 7921 7928 7909
f 7921 7909 7911
f 707 4286 7929
f 7929 4286 7930
f 7929 7930 7931
f 7931 7930 7932
f 7931 7932 7933
f 7933 7932 7934
f 7933 7934 7935
f 7935 7934 7936
f 7935 7936 7937
f 7937 7936 7938
f 7937 7938 7939
f 7939 7938 7940
f 7939 7940 7941
f 7941 7940 7942
f 7941 7942 7943
f 7943 7942 7944
f 7943 7944 7945
f 7945 7946 7943
f 7943 7946 7947
f 7943 7947 7948
f 7948 7947 7949
f 7948 7949 7950
f 7950 7949 7951
f 7950 7951 7952
f 7952 7951 711
f 7952 711 712
f 7947 7946 7953
f 7953 7946 708
f 7953 708 7954
f 7954 708 709
f 7954 709 7955
f 7955 709 710
f 7955 710 7951
f 7951 710 711
f 7952 712 7956
f 7956 712 713
f 7956 713 7957
f 7957 713 7958
f 7957 7958 7959
f 7959 7958 7960
f 7959 7960 7961
f 7961 7960 7937
f 7961 7937 7939
f 7958 713 7962
f 7962 713 707
f 7962 707 7963
f 7963 707 7929
f 7963 7929 7964
f 7964 7929 7933
f 7964 7933 7935
f 7933 7929 7931
f 7943 7948 7941
f 7941 7948 7965
f 7941 7965 7939
f 7939 7965 7961
f 7964 7935 7960
f 7960 7935 7937
f 7947 7953 7949
f 7949 7953 7955
f 7949 7955 7951
f 7965 7948 7950
f 7954 7955 7953
f 7961 7965 7966
f 7966 7965 7950
f 7966 7950 7952
f 7961 7966 7959
f 7959 7966 7956
f 7959 7956 7957
f 7956 7966 7952
f 7964 7960 7958
f 7962 7963 7958
f 7958 7963 7964
f 7967 7968 7969
f 7969 7968 7945
f 7969 7945 7970
f 7970 7945 7971
f 7970 7971 7972
f 7972 7971 7944
f 7972 7944 7942
f 7945 7944 7971
f 7940 7973 7942
f 7942 7973 7974
f 7942 7974 7972
f 7972 7974 7975
f 7972 7975 7970
f 7970 7975 7969
f 7940 7938 7973
f 7973 7938 7976
f 7973 7976 7977
f 7977 7976 7978
f 7977 7978 7979
f 7979 7978 7980
f 7979 7980 7981
f 7981 7980 7982
f 7982 7980 7983
f 7982 7983 7984
f 7984 7983 7985
f 7984 7985 7986
f 7986 7985 7987
f 7986 7987 7988
f 7988 7987 7932
f 7988 7932 7930
f 7938 7936 7976
f 7976 7936 7989
f 7976 7989 7978
f 7978 7989 7990
f 7978 7990 7980
f 7980 7990 7983
f 7936 7934 7989
f 7989 7934 7991
f 7989 7991 7990
f 7990 7991 7985
f 7990 7985 7983
f 7934 7932 7991
f 7991 7932 7987
f 7991 7987 7985
f 4286 4282 7930
f 7930 4282 7988
f 4285 7992 4282
f 4282 7992 7993
f 4282 7993 7988
f 7988 7993 7986
f 4285 7994 7992
f 7992 7994 7995
f 7992 7995 7993
f 7993 7995 7986
f 7995 7994 7984
f 7984 7994 7982
f 7981 7967 7979
f 7979 7967 7996
f 7979 7996 7977
f 7977 7996 7997
f 7977 7997 7973
f 7973 7997 7974
f 7996 7967 7998
f 7998 7967 7969
f 7998 7969 7975
f 7997 7996 7998
f 7997 7998 7975
f 7986 7995 7984
f 7975 7974 7997
f 706 7999 700
f 700 7999 8000
f 700 8000 4283
f 4283 8000 8001
f 4283 8001 8002
f 8002 8001 8003
f 8002 8003 8004
f 8004 8003 8005
f 8004 8005 8006
f 8006 8005 8007
f 8006 8007 8008
f 8008 8007 8009
f 8008 8009 8010
f 8010 8009 8011
f 8010 8011 8012
f 8012 8011 8013
f 8012 8013 8014
f 8014 8013 8015
f 8014 8015 8016
f 705 8017 706
f 706 8017 8018
f 706 8018 7999
f 7999 8018 8000
f 704 8019 705
f 705 8019 8020
f 705 8020 8021
f 8021 8020 8005
f 8021 8005 8003
f 703 8022 704
f 704 8022 8023
f 704 8023 8020
f 8020 8023 8007
f 8020 8007 8005
f 8022 703 8024
f 8024 703 702
f 8024 702 8025
f 8025 702 8026
f 8025 8026 8011
f 8011 8026 8013
f 8026 702 8027
f 8027 702 701
f 8027 701 8026
f 8026 701 8015
f 8026 8015 8013
f 8014 8016 8028
f 8028 8016 8029
f 8028 8029 8030
f 8030 8029 8031
f 8030 8031 8032
f 8032 8031 8033
f 8032 8033 8034
f 8034 8033 8035
f 8034 8035 8036
f 8036 8035 8037
f 8036 8037 8038
f 8038 8037 8004
f 8038 8004 8006
f 8004 8037 8039
f 8039 8037 4279
f 8039 4279 8002
f 8002 4279 4283
f 8023 8022 8024
f 704 8020 8019
f 705 8021 8017
f 8017 8021 8040
f 8017 8040 8018
f 8018 8040 8000
f 8024 8025 8023
f 8023 8025 8009
f 8023 8009 8007
f 8009 8025 8011
f 8001 8000 8040
f 8001 8040 8003
f 8003 8040 8021
f 8028 8030 8014
f 8014 8030 8012
f 8030 8032 8012
f 8012 8032 8010
f 8032 8034 8010
f 8010 8034 8008
f 8034 8036 8008
f 8008 8036 8006
f 8039 8002 8004
f 8036 8038 8006
f 8015 8041 8016
f 8016 8041 8042
f 8016 8042 8043
f 8043 8042 8044
f 8043 8044 8045
f 8045 8044 8046
f 8046 8044 8047
f 8046 8047 8048
f 8041 8015 8049
f 8049 8015 701
f 8049 701 696
f 8049 696 8050
f 8050 696 695
f 8050 695 8051
f 8051 695 694
f 8051 694 8047
f 8047 8044 8051
f 8051 8044 8042
f 8051 8042 8050
f 8050 8042 8041
f 8050 8041 8049
f 728 8052 722
f 722 8052 8053
f 722 8053 4396
f 4396 8053 8054
f 4396 8054 8055
f 8055 8054 8056
f 8055 8056 8057
f 8057 8056 8058
f 8057 8058 8059
f 8059 8058 8060
f 8059 8060 8061
f 8061 8060 8062
f 8061 8062 8063
f 8063 8062 8064
f 8063 8064 8065
f 8065 8064 8066
f 8065 8066 8067
f 8067 8066 8068
f 8067 8068 4373
f 727 8069 728
f 728 8069 8070
f 728 8070 8052
f 8052 8070 8053
f 726 8071 727
f 727 8071 8072
f 727 8072 8073
f 8073 8072 8058
f 8073 8058 8056
f 725 8074 726
f 726 8074 8075
f 726 8075 8072
f 8072 8075 8060
f 8072 8060 8058
f 8074 725 8076
f 8076 725 724
f 8076 724 8077
f 8077 724 8078
f 8077 8078 8064
f 8064 8078 8066
f 8078 724 8079
f 8079 724 723
f 8079 723 8078
f 8078 723 8068
f 8078 8068 8066
f 8067 4373 8080
f 8080 4373 4388
f 8080 4388 8081
f 8081 4388 4389
f 8081 4389 8082
f 8082 4389 4390
f 8082 4390 8083
f 8083 4390 4391
f 8083 4391 8084
f 8084 4391 4392
f 8084 4392 8085
f 8085 4392 8057
f 8085 8057 8059
f 8057 4392 8086
f 8086 4392 4394
f 8086 4394 8055
f 8055 4394 4396
f 8075 8074 8076
f 726 8072 8071
f 727 8073 8069
f 8069 8073 8087
f 8069 8087 8070
f 8070 8087 8053
f 8076 8077 8075
f 8075 8077 8062
f 8075 8062 8060
f 8062 8077 8064
f 8054 8053 8087
f 8054 8087 8056
f 8056 8087 8073
f 8080 8081 8067
f 8067 8081 8065
f 8081 8082 8065
f 8065 8082 8063
f 8082 8083 8063
f 8063 8083 8061
f 8083 8084 8061
f 8061 8084 8059
f 8086 8055 8057
f 8084 8085 8059
f 8068 8088 4373
f 4373 8088 8089
f 4373 8089 4374
f 4374 8089 8090
f 4374 8090 4376
f 4376 8090 4378
f 4378 8090 8091
f 4378 8091 4380
f 8088 8068 8092
f 8092 8068 723
f 8092 723 718
f 8092 718 8093
f 8093 718 717
f 8093 717 8094
f 8094 717 716
f 8094 716 8091
f 8091 8090 8094
f 8094 8090 8089
f 8094 8089 8093
f 8093 8089 8088
f 8093 8088 8092
f 1662 8095 1643
f 1643 8095 8096
f 1643 8096 8097
f 8097 8096 8098
f 8097 8098 8099
f 8099 8098 8100
f 8099 8100 8101
f 8101 8100 8102
f 8101 8102 8103
f 8103 8102 8104
f 8103 8104 8105
f 8105 8104 8106
f 8105 8106 8107
f 8107 8106 8108
f 8107 8108 8109
f 8109 8108 8110
f 8109 8110 8111
f 8111 8110 8112
f 8111 8112 8113
f 8113 8112 8114
f 8113 8114 8111
f 8111 8114 8115
f 8111 8115 8116
f 8116 8115 8117
f 8116 8117 8118
f 8118 8117 8119
f 8118 8119 8120
f 8120 8119 8121
f 8120 8121 8122
f 8122 8121 8119
f 1652 8123 1662
f 1662 8123 8096
f 1662 8096 8095
f 1651 8124 1652
f 1652 8124 8125
f 1652 8125 8123
f 8123 8125 8098
f 8123 8098 8096
f 8124 1651 8126
f 8126 1651 1650
f 8126 1650 8127
f 8127 1650 1653
f 8127 1653 8128
f 8128 1653 1655
f 8128 1655 8108
f 8108 1655 8110
f 8114 8129 8115
f 8115 8129 8117
f 8129 8119 8117
f 8130 8131 8122
f 8122 8131 8132
f 8122 8132 8120
f 8120 8132 8103
f 8120 8103 8105
f 4395 8133 8130
f 8130 8133 8134
f 8130 8134 8131
f 8131 8134 8132
f 1643 8097 4395
f 4395 8097 8135
f 4395 8135 8133
f 8133 8135 8136
f 8133 8136 8134
f 8134 8136 8132
f 8127 8128 8106
f 8106 8128 8108
f 8126 8127 8104
f 8104 8127 8106
f 8124 8126 8102
f 8102 8126 8104
f 8125 8124 8100
f 8100 8124 8102
f 8100 8098 8125
f 8111 8116 8109
f 8109 8116 8107
f 8116 8118 8107
f 8107 8118 8105
f 8118 8120 8105
f 8103 8132 8101
f 8101 8132 8136
f 8101 8136 8099
f 8099 8136 8135
f 8099 8135 8097
f 8137 8112 8138
f 8138 8112 8110
f 8138 8110 8139
f 8139 8110 1655
f 8139 1655 8140
f 8140 1655 8141
f 8140 8141 8142
f 8142 8141 8143
f 8142 8143 8144
f 8144 8143 1657
f 8144 1657 1659
f 8141 1655 8145
f 8145 1655 1657
f 8145 1657 8143
f 8144 1659 8146
f 8146 1659 1661
f 8146 1661 8147
f 8148 8149 8147
f 8147 8149 8150
f 8147 8150 8151
f 8151 8150 8152
f 8151 8152 8153
f 8153 8152 8154
f 8153 8154 8146
f 8146 8154 8144
f 8148 8155 8149
f 8149 8155 8156
f 8149 8156 8157
f 8157 8156 8137
f 8157 8137 8158
f 8158 8137 8138
f 8158 8138 8139
f 8143 8141 8145
f 8146 8147 8153
f 8153 8147 8151
f 8157 8158 8159
f 8159 8158 8139
f 8159 8139 8140
f 8149 8157 8160
f 8160 8157 8159
f 8160 8159 8161
f 8161 8159 8140
f 8161 8140 8142
f 8161 8152 8160
f 8160 8152 8150
f 8160 8150 8149
f 8152 8161 8154
f 8154 8161 8142
f 8154 8142 8144
f 746 4488 8162
f 8162 4488 8163
f 8162 8163 8164
f 8164 8163 8165
f 8164 8165 8166
f 8166 8165 8167
f 8166 8167 8168
f 8168 8167 8169
f 8168 8169 8170
f 8170 8169 8171
f 8170 8171 8172
f 8172 8171 8173
f 8172 8173 8174
f 8174 8173 8175
f 8174 8175 8176
f 8176 8175 8177
f 8176 8177 8178
f 8178 8179 8176
f 8176 8179 8180
f 8176 8180 8181
f 8181 8180 8182
f 8181 8182 8183
f 8183 8182 8184
f 8183 8184 8185
f 8185 8184 754
f 8185 754 753
f 8180 8179 8186
f 8186 8179 757
f 8186 757 8187
f 8187 757 756
f 8187 756 8188
f 8188 756 755
f 8188 755 8184
f 8184 755 754
f 8185 753 8189
f 8189 753 752
f 8189 752 8190
f 8190 752 8191
f 8190 8191 8192
f 8192 8191 8193
f 8192 8193 8194
f 8194 8193 8170
f 8194 8170 8172
f 8191 752 8195
f 8195 752 746
f 8195 746 8196
f 8196 746 8162
f 8196 8162 8197
f 8197 8162 8166
f 8197 8166 8168
f 8166 8162 8164
f 8176 8181 8174
f 8174 8181 8198
f 8174 8198 8172
f 8172 8198 8194
f 8197 8168 8193
f 8193 8168 8170
f 8180 8186 8182
f 8182 8186 8188
f 8182 8188 8184
f 8198 8181 8183
f 8187 8188 8186
f 8194 8198 8199
f 8199 8198 8183
f 8199 8183 8185
f 8194 8199 8192
f 8192 8199 8189
f 8192 8189 8190
f 8189 8199 8185
f 8197 8193 8191
f 8195 8196 8191
f 8191 8196 8197
f 8200 8201 8202
f 8202 8201 8178
f 8202 8178 8203
f 8203 8178 8204
f 8203 8204 8205
f 8205 8204 8177
f 8205 8177 8175
f 8178 8177 8204
f 8173 8206 8175
f 8175 8206 8207
f 8175 8207 8205
f 8205 8207 8208
f 8205 8208 8203
f 8203 8208 8202
f 8173 8171 8206
f 8206 8171 8209
f 8206 8209 8210
f 8210 8209 8211
f 8210 8211 8212
f 8212 8211 8213
f 8212 8213 8214
f 8214 8213 8215
f 8215 8213 8216
f 8215 8216 8217
f 8217 8216 8218
f 8217 8218 8219
f 8219 8218 8220
f 8219 8220 8221
f 8221 8220 8165
f 8221 8165 8163
f 8171 8169 8209
f 8209 8169 8222
f 8209 8222 8211
f 8211 8222 8223
f 8211 8223 8213
f 8213 8223 8216
f 8169 8167 8222
f 8222 8167 8224
f 8222 8224 8223
f 8223 8224 8218
f 8223 8218 8216
f 8167 8165 8224
f 8224 8165 8220
f 8224 8220 8218
f 8163 4488 8221
f 8221 4488 4487
f 8221 4487 8225
f 8225 4487 8226
f 8225 8226 8227
f 8227 8226 8228
f 8227 8228 8217
f 8217 8228 8215
f 4487 4491 8226
f 8226 4491 8228
f 8214 8200 8212
f 8212 8200 8229
f 8212 8229 8210
f 8210 8229 8230
f 8210 8230 8206
f 8206 8230 8207
f 8219 8221 8225
f 8229 8200 8231
f 8231 8200 8202
f 8231 8202 8208
f 8230 8229 8231
f 8230 8231 8208
f 8225 8227 8219
f 8219 8227 8217
f 8208 8207 8230
f 751 8232 742
f 742 8232 8233
f 742 8233 4486
f 4486 8233 8234
f 4486 8234 8235
f 8235 8234 8236
f 8235 8236 8237
f 8237 8236 8238
f 8237 8238 8239
f 8239 8238 8240
f 8239 8240 8241
f 8241 8240 8242
f 8241 8242 8243
f 8243 8242 8244
f 8243 8244 8245
f 8245 8244 8246
f 8245 8246 8247
f 8247 8246 8248
f 8247 8248 8249
f 750 8250 751
f 751 8250 8251
f 751 8251 8232
f 8232 8251 8233
f 749 8252 750
f 750 8252 8253
f 750 8253 8254
f 8254 8253 8238
f 8254 8238 8236
f 748 8255 749
f 749 8255 8256
f 749 8256 8253
f 8253 8256 8240
f 8253 8240 8238
f 8255 748 8257
f 8257 748 747
f 8257 747 8258
f 8258 747 8259
f 8258 8259 8244
f 8244 8259 8246
f 8259 747 8260
f 8260 747 741
f 8260 741 8259
f 8259 741 8248
f 8259 8248 8246
f 8247 8249 8261
f 8261 8249 8262
f 8261 8262 8263
f 8263 8262 8264
f 8263 8264 8265
f 8265 8264 8266
f 8265 8266 8267
f 8267 8266 8268
f 8267 8268 8269
f 8269 8268 8270
f 8269 8270 8271
f 8271 8270 8237
f 8271 8237 8239
f 8237 8270 8272
f 8272 8270 4484
f 8272 4484 8235
f 8235 4484 4486
f 8256 8255 8257
f 749 8253 8252
f 750 8254 8250
f 8250 8254 8273
f 8250 8273 8251
f 8251 8273 8233
f 8257 8258 8256
f 8256 8258 8242
f 8256 8242 8240
f 8242 8258 8244
f 8234 8233 8273
f 8234 8273 8236
f 8236 8273 8254
f 8261 8263 8247
f 8247 8263 8245
f 8263 8265 8245
f 8245 8265 8243
f 8265 8267 8243
f 8243 8267 8241
f 8267 8269 8241
f 8241 8269 8239
f 8272 8235 8237
f 8269 8271 8239
f 8248 8274 8249
f 8249 8274 8275
f 8249 8275 8276
f 8276 8275 8277
f 8276 8277 8278
f 8278 8277 8279
f 8279 8277 8280
f 8279 8280 8281
f 8274 8248 8282
f 8282 8248 741
f 8282 741 740
f 8282 740 8283
f 8283 740 739
f 8283 739 8284
f 8284 739 738
f 8284 738 8280
f 8280 8277 8284
f 8284 8277 8275
f 8284 8275 8283
f 8283 8275 8274
f 8283 8274 8282
f 8285 8286 8287
f 8287 8286 8288
f 8287 8288 8289
f 8289 8288 8290
f 8289 8290 8291
f 8291 8290 8292
f 8291 8292 8293
f 8293 8292 8294
f 8293 8294 8295
f 8295 8294 8296
f 8295 8296 8297
f 8297 8296 8298
f 8297 8298 8299
f 8299 8298 8300
f 8299 8300 8301
f 8301 8300 8302
f 8301 8302 8303
f 8303 8302 1610
f 8303 1610 8304
f 8304 1610 1608
f 8304 1608 8303
f 8303 1608 8305
f 8303 8305 8306
f 8306 8305 8307
f 8306 8307 8308
f 8308 8307 1604
f 8308 1604 8309
f 8309 1604 8310
f 8309 8310 1603
f 1603 8310 1604
f 8311 8312 8285
f 8285 8312 8288
f 8285 8288 8286
f 8313 8314 8311
f 8311 8314 8315
f 8311 8315 8312
f 8312 8315 8290
f 8312 8290 8288
f 8316 8317 8313
f 8313 8317 8318
f 8313 8318 8314
f 8314 8318 8294
f 8314 8294 8292
f 8317 8316 8319
f 8319 8316 8320
f 8319 8320 8302
f 8302 8320 8321
f 1608 1606 8305
f 8305 1606 8307
f 1606 1604 8307
f 1598 8322 1603
f 1603 8322 8323
f 1603 8323 8309
f 8309 8323 8295
f 8309 8295 8297
f 1585 8324 1598
f 1598 8324 8325
f 1598 8325 8322
f 8322 8325 8323
f 1585 8326 8324
f 8324 8326 8327
f 8324 8327 8328
f 8328 8327 8291
f 8328 8291 8293
f 8327 8326 8289
f 8289 8326 8287
f 8302 8300 8319
f 8319 8300 8298
f 8319 8298 8317
f 8317 8298 8296
f 8317 8296 8318
f 8318 8296 8294
f 8315 8314 8292
f 8292 8290 8315
f 8303 8306 8301
f 8301 8306 8299
f 8306 8308 8299
f 8299 8308 8297
f 8308 8309 8297
f 8328 8293 8323
f 8323 8293 8295
f 8327 8289 8291
f 8323 8325 8328
f 8328 8325 8324
f 8320 4576 8321
f 8321 4576 4605
f 8321 4605 8329
f 8329 4605 4607
f 8329 4607 8330
f 8330 4607 4608
f 8330 4608 8331
f 8331 4608 4610
f 8331 4610 8332
f 8332 4610 8333
f 8332 8333 8334
f 8334 8333 8335
f 8334 8335 8336
f 8336 8335 8337
f 8336 8337 8338
f 4576 8320 4578
f 4578 8320 8316
f 4578 8316 4579
f 4579 8316 8313
f 4579 8313 4587
f 4587 8313 8311
f 4587 8311 4592
f 4592 8311 8285
f 4592 8285 4596
f 4596 8285 8287
f 4596 8287 4598
f 8287 8326 4598
f 4598 8326 4599
f 4599 8326 4616
f 4599 4616 8339
f 8339 4616 8340
f 8339 8340 8341
f 8326 1585 4616
f 4616 1585 1584
f 4616 1584 1583
f 1583 1582 4616
f 8341 8342 8339
f 8339 8343 4599
f 4599 8343 766
f 766 8343 764
f 764 8343 765
f 765 8343 773
f 773 8343 8344
f 8344 8343 8345
f 8344 8345 8346
f 8346 8345 8347
f 8346 8347 8348
f 8348 8347 8349
f 8348 8349 8350
f 8350 8349 8351
f 8350 8351 8352
f 8352 8351 8353
f 8352 8353 8354
f 8354 8353 8355
f 8354 8355 8356
f 8356 8355 8357
f 8356 8357 8358
f 8358 8357 8359
f 8358 8359 8360
f 8360 8361 8358
f 8358 8361 8362
f 8358 8362 8363
f 8363 8362 8364
f 8363 8364 8365
f 8365 8364 8366
f 8365 8366 8367
f 8367 8366 777
f 8367 777 778
f 8362 8361 8368
f 8368 8361 774
f 8368 774 8369
f 8369 774 775
f 8369 775 8370
f 8370 775 776
f 8370 776 8366
f 8366 776 777
f 8367 778 8371
f 8371 778 779
f 8371 779 8372
f 8372 779 8373
f 8372 8373 8374
f 8374 8373 8375
f 8374 8375 8376
f 8376 8375 8352
f 8376 8352 8354
f 8373 779 8377
f 8377 779 773
f 8377 773 8378
f 8378 773 8344
f 8378 8344 8379
f 8379 8344 8348
f 8379 8348 8350
f 8348 8344 8346
f 8358 8363 8356
f 8356 8363 8380
f 8356 8380 8354
f 8354 8380 8376
f 8379 8350 8375
f 8375 8350 8352
f 8362 8368 8364
f 8364 8368 8370
f 8364 8370 8366
f 8380 8363 8365
f 8369 8370 8368
f 8376 8380 8381
f 8381 8380 8365
f 8381 8365 8367
f 8376 8381 8374
f 8374 8381 8371
f 8374 8371 8372
f 8371 8381 8367
f 8379 8375 8373
f 8377 8378 8373
f 8373 8378 8379
f 8382 8383 8384
f 8384 8383 8360
f 8384 8360 8385
f 8385 8360 8386
f 8385 8386 8387
f 8387 8386 8359
f 8387 8359 8357
f 8360 8359 8386
f 8355 8388 8357
f 8357 8388 8389
f 8357 8389 8387
f 8387 8389 8390
f 8387 8390 8385
f 8385 8390 8384
f 8355 8353 8388
f 8388 8353 8391
f 8388 8391 8392
f 8392 8391 8393
f 8392 8393 8394
f 8394 8393 8395
f 8394 8395 8396
f 8396 8395 8397
f 8397 8395 8398
f 8397 8398 8399
f 8399 8398 8400
f 8399 8400 8401
f 8401 8400 8402
f 8401 8402 8403
f 8403 8402 8347
f 8403 8347 8345
f 8353 8351 8391
f 8391 8351 8404
f 8391 8404 8393
f 8393 8404 8405
f 8393 8405 8395
f 8395 8405 8398
f 8351 8349 8404
f 8404 8349 8406
f 8404 8406 8405
f 8405 8406 8400
f 8405 8400 8398
f 8349 8347 8406
f 8406 8347 8402
f 8406 8402 8400
f 8345 8343 8403
f 8403 8343 8339
f 8403 8339 8407
f 8407 8339 8408
f 8407 8408 8409
f 8409 8408 8410
f 8409 8410 8399
f 8399 8410 8397
f 8339 8342 8408
f 8408 8342 8410
f 8396 8382 8394
f 8394 8382 8411
f 8394 8411 8392
f 8392 8411 8412
f 8392 8412 8388
f 8388 8412 8389
f 8401 8403 8407
f 8411 8382 8413
f 8413 8382 8384
f 8413 8384 8390
f 8412 8411 8413
f 8412 8413 8390
f 8407 8409 8401
f 8401 8409 8399
f 8390 8389 8412
f 8414 8415 8416
f 8416 8415 8417
f 8416 8417 8418
f 8418 8417 8419
f 8418 8419 8420
f 8420 8419 8421
f 8420 8421 8422
f 8422 8421 8423
f 8422 8423 8424
f 8424 8423 8425
f 8424 8425 8426
f 8426 8425 8427
f 8426 8427 8428
f 8428 8427 8429
f 8428 8429 8430
f 8430 8429 8431
f 8430 8431 8432
f 8432 8431 1566
f 8432 1566 8433
f 8433 1566 1565
f 8433 1565 8432
f 8432 1565 8434
f 8432 8434 8435
f 8435 8434 8436
f 8435 8436 8437
f 8437 8436 1563
f 8437 1563 8438
f 8438 1563 8439
f 8438 8439 1562
f 1562 8439 1563
f 8440 8441 8414
f 8414 8441 8417
f 8414 8417 8415
f 8442 8443 8440
f 8440 8443 8444
f 8440 8444 8441
f 8441 8444 8419
f 8441 8419 8417
f 8445 8446 8442
f 8442 8446 8447
f 8442 8447 8443
f 8443 8447 8423
f 8443 8423 8421
f 8446 8445 8448
f 8448 8445 8449
f 8448 8449 8431
f 8431 8449 8450
f 1565 1564 8434
f 8434 1564 8436
f 1564 1563 8436
f 1558 8451 1562
f 1562 8451 8452
f 1562 8452 8438
f 8438 8452 8424
f 8438 8424 8426
f 1557 8453 1558
f 1558 8453 8454
f 1558 8454 8451
f 8451 8454 8452
f 1557 8455 8453
f 8453 8455 8456
f 8453 8456 8457
f 8457 8456 8420
f 8457 8420 8422
f 8456 8455 8418
f 8418 8455 8416
f 8431 8429 8448
f 8448 8429 8427
f 8448 8427 8446
f 8446 8427 8425
f 8446 8425 8447
f 8447 8425 8423
f 8444 8443 8421
f 8421 8419 8444
f 8432 8435 8430
f 8430 8435 8428
f 8435 8437 8428
f 8428 8437 8426
f 8437 8438 8426
f 8457 8422 8452
f 8452 8422 8424
f 8456 8418 8420
f 8452 8454 8457
f 8457 8454 8453
f 8449 4699 8450
f 8450 4699 4728
f 8450 4728 8458
f 8458 4728 4730
f 8458 4730 8459
f 8459 4730 4731
f 8459 4731 8460
f 8460 4731 4733
f 8460 4733 8461
f 8461 4733 8462
f 8461 8462 8463
f 8463 8462 8464
f 8463 8464 8465
f 8465 8464 8466
f 8465 8466 8467
f 4699 8449 4701
f 4701 8449 8445
f 4701 8445 4702
f 4702 8445 8442
f 4702 8442 4710
f 4710 8442 8440
f 4710 8440 4715
f 4715 8440 8414
f 4715 8414 4719
f 4719 8414 8416
f 4719 8416 4721
f 8416 8455 4721
f 4721 8455 4722
f 4722 8455 4739
f 4722 4739 8468
f 8468 4739 8469
f 8468 8469 8470
f 8455 1557 4739
f 4739 1557 1556
f 4739 1556 1555
f 1555 1554 4739
f 8470 8471 8468
f 8468 8472 4722
f 4722 8472 789
f 789 8472 787
f 787 8472 788
f 788 8472 796
f 796 8472 8473
f 8473 8472 8474
f 8473 8474 8475
f 8475 8474 8476
f 8475 8476 8477
f 8477 8476 8478
f 8477 8478 8479
f 8479 8478 8480
f 8479 8480 8481
f 8481 8480 8482
f 8481 8482 8483
f 8483 8482 8484
f 8483 8484 8485
f 8485 8484 8486
f 8485 8486 8487
f 8487 8486 8488
f 8487 8488 8489
f 8489 8490 8487
f 8487 8490 8491
f 8487 8491 8492
f 8492 8491 8493
f 8492 8493 8494
f 8494 8493 8495
f 8494 8495 8496
f 8496 8495 801
f 8496 801 802
f 8491 8490 8497
f 8497 8490 797
f 8497 797 8498
f 8498 797 799
f 8498 799 8499
f 8499 799 800
f 8499 800 8495
f 8495 800 801
f 8496 802 8500
f 8500 802 798
f 8500 798 8501
f 8501 798 8502
f 8501 8502 8503
f 8503 8502 8504
f 8503 8504 8505
f 8505 8504 8481
f 8505 8481 8483
f 8502 798 8506
f 8506 798 796
f 8506 796 8507
f 8507 796 8473
f 8507 8473 8508
f 8508 8473 8477
f 8508 8477 8479
f 8477 8473 8475
f 8487 8492 8485
f 8485 8492 8509
f 8485 8509 8483
f 8483 8509 8505
f 8508 8479 8504
f 8504 8479 8481
f 8491 8497 8493
f 8493 8497 8499
f 8493 8499 8495
f 8509 8492 8494
f 8498 8499 8497
f 8505 8509 8510
f 8510 8509 8494
f 8510 8494 8496
f 8505 8510 8503
f 8503 8510 8500
f 8503 8500 8501
f 8500 8510 8496
f 8508 8504 8502
f 8506 8507 8502
f 8502 8507 8508
f 8511 8512 8513
f 8513 8512 8489
f 8513 8489 8514
f 8514 8489 8515
f 8514 8515 8516
f 8516 8515 8488
f 8516 8488 8486
f 8489 8488 8515
f 8484 8517 8486
f 8486 8517 8518
f 8486 8518 8516
f 8516 8518 8519
f 8516 8519 8514
f 8514 8519 8513
f 8484 8482 8517
f 8517 8482 8520
f 8517 8520 8521
f 8521 8520 8522
f 8521 8522 8523
f 8523 8522 8524
f 8523 8524 8525
f 8525 8524 8526
f 8526 8524 8527
f 8526 8527 8528
f 8528 8527 8529
f 8528 8529 8530
f 8530 8529 8531
f 8530 8531 8532
f 8532 8531 8476
f 8532 8476 8474
f 8482 8480 8520
f 8520 8480 8533
f 8520 8533 8522
f 8522 8533 8534
f 8522 8534 8524
f 8524 8534 8527
f 8480 8478 8533
f 8533 8478 8535
f 8533 8535 8534
f 8534 8535 8529
f 8534 8529 8527
f 8478 8476 8535
f 8535 8476 8531
f 8535 8531 8529
f 8472 8468 8474
f 8474 8468 8532
f 8471 8536 8468
f 8468 8536 8537
f 8468 8537 8532
f 8532 8537 8530
f 8471 8538 8536
f 8536 8538 8539
f 8536 8539 8537
f 8537 8539 8530
f 8539 8538 8528
f 8528 8538 8526
f 8525 8511 8523
f 8523 8511 8540
f 8523 8540 8521
f 8521 8540 8541
f 8521 8541 8517
f 8517 8541 8518
f 8540 8511 8542
f 8542 8511 8513
f 8542 8513 8519
f 8541 8540 8542
f 8541 8542 8519
f 8530 8539 8528
f 8519 8518 8541
f 8543 8544 8545
f 8545 8544 8546
f 8545 8546 8547
f 8547 8546 8548
f 8547 8548 8549
f 8549 8548 8550
f 8549 8550 8551
f 8551 8550 8552
f 8551 8552 8553
f 8553 8552 8554
f 8553 8554 8555
f 8555 8554 8556
f 8555 8556 8557
f 8557 8556 8558
f 8557 8558 8559
f 8559 8558 8560
f 8559 8560 8561
f 8561 8560 1544
f 8561 1544 8562
f 8562 1544 1542
f 8562 1542 8561
f 8561 1542 8563
f 8561 8563 8564
f 8564 8563 8565
f 8564 8565 8566
f 8566 8565 1539
f 8566 1539 8567
f 8567 1539 8568
f 8567 8568 1538
f 1538 8568 1539
f 8569 8570 8543
f 8543 8570 8546
f 8543 8546 8544
f 8571 8572 8569
f 8569 8572 8573
f 8569 8573 8570
f 8570 8573 8548
f 8570 8548 8546
f 8574 8575 8571
f 8571 8575 8576
f 8571 8576 8572
f 8572 8576 8552
f 8572 8552 8550
f 8575 8574 8577
f 8577 8574 8578
f 8577 8578 8560
f 8560 8578 8579
f 1542 1540 8563
f 8563 1540 8565
f 1540 1539 8565
f 1534 8580 1538
f 1538 8580 8581
f 1538 8581 8567
f 8567 8581 8553
f 8567 8553 8555
f 1533 8582 1534
f 1534 8582 8583
f 1534 8583 8580
f 8580 8583 8581
f 1533 8584 8582
f 8582 8584 8585
f 8582 8585 8586
f 8586 8585 8549
f 8586 8549 8551
f 8585 8584 8547
f 8547 8584 8545
f 8560 8558 8577
f 8577 8558 8556
f 8577 8556 8575
f 8575 8556 8554
f 8575 8554 8576
f 8576 8554 8552
f 8573 8572 8550
f 8550 8548 8573
f 8561 8564 8559
f 8559 8564 8557
f 8564 8566 8557
f 8557 8566 8555
f 8566 8567 8555
f 8586 8551 8581
f 8581 8551 8553
f 8585 8547 8549
f 8581 8583 8586
f 8586 8583 8582
f 8578 4824 8579
f 8579 4824 4822
f 8579 4822 8587
f 8587 4822 4851
f 8587 4851 8588
f 8588 4851 4853
f 8588 4853 8589
f 8589 4853 4854
f 8589 4854 8590
f 8590 4854 4856
f 8590 4856 8591
f 4824 8578 4825
f 4825 8578 8574
f 4825 8574 8571
f 4825 8571 4833
f 4833 8571 8569
f 4833 8569 4838
f 4838 8569 8543
f 4838 8543 4842
f 4842 8543 8545
f 4842 8545 4844
f 8590 8591 8592
f 8592 8591 8593
f 8592 8593 8594
f 8594 8593 8595
f 8594 8595 8596
f 8545 8584 4844
f 4844 8584 4845
f 4845 8584 4862
f 4845 4862 8597
f 8597 4862 8598
f 8597 8598 8599
f 8584 1533 4862
f 4862 1533 1532
f 4862 1532 1530
f 1530 1529 4862
f 8599 8600 8597
f 8597 8601 4845
f 4845 8601 805
f 805 8601 806
f 806 8601 808
f 808 8601 809
f 809 8601 8602
f 8602 8601 8603
f 8602 8603 8604
f 8604 8603 8605
f 8604 8605 8606
f 8606 8605 8607
f 8606 8607 8608
f 8608 8607 8609
f 8608 8609 8610
f 8610 8609 8611
f 8610 8611 8612
f 8612 8611 8613
f 8612 8613 8614
f 8614 8613 8615
f 8614 8615 8616
f 8616 8615 8617
f 8616 8617 8618
f 8618 8619 8616
f 8616 8619 8620
f 8616 8620 8621
f 8621 8620 8622
f 8621 8622 8623
f 8623 8622 8624
f 8623 8624 8625
f 8625 8624 818
f 8625 818 817
f 8620 8619 8626
f 8626 8619 815
f 8626 815 8627
f 8627 815 820
f 8627 820 8628
f 8628 820 819
f 8628 819 8624
f 8624 819 818
f 8625 817 8629
f 8629 817 816
f 8629 816 8630
f 8630 816 8631
f 8630 8631 8632
f 8632 8631 8633
f 8632 8633 8634
f 8634 8633 8610
f 8634 8610 8612
f 8631 816 8635
f 8635 816 809
f 8635 809 8636
f 8636 809 8602
f 8636 8602 8637
f 8637 8602 8606
f 8637 8606 8608
f 8606 8602 8604
f 8616 8621 8614
f 8614 8621 8638
f 8614 8638 8612
f 8612 8638 8634
f 8637 8608 8633
f 8633 8608 8610
f 8620 8626 8622
f 8622 8626 8628
f 8622 8628 8624
f 8638 8621 8623
f 8627 8628 8626
f 8634 8638 8639
f 8639 8638 8623
f 8639 8623 8625
f 8634 8639 8632
f 8632 8639 8629
f 8632 8629 8630
f 8629 8639 8625
f 8637 8633 8631
f 8635 8636 8631
f 8631 8636 8637
f 8640 8641 8642
f 8642 8641 8618
f 8642 8618 8643
f 8643 8618 8644
f 8643 8644 8645
f 8645 8644 8617
f 8645 8617 8615
f 8618 8617 8644
f 8613 8646 8615
f 8615 8646 8647
f 8615 8647 8645
f 8645 8647 8648
f 8645 8648 8643
f 8643 8648 8642
f 8613 8611 8646
f 8646 8611 8649
f 8646 8649 8650
f 8650 8649 8651
f 8650 8651 8652
f 8652 8651 8653
f 8652 8653 8654
f 8654 8653 8655
f 8655 8653 8656
f 8655 8656 8657
f 8657 8656 8658
f 8657 8658 8659
f 8659 8658 8660
f 8659 8660 8661
f 8661 8660 8605
f 8661 8605 8603
f 8611 8609 8649
f 8649 8609 8662
f 8649 8662 8651
f 8651 8662 8663
f 8651 8663 8653
f 8653 8663 8656
f 8609 8607 8662
f 8662 8607 8664
f 8662 8664 8663
f 8663 8664 8658
f 8663 8658 8656
f 8607 8605 8664
f 8664 8605 8660
f 8664 8660 8658
f 8603 8601 8661
f 8661 8601 8597
f 8661 8597 8665
f 8665 8597 8666
f 8665 8666 8667
f 8667 8666 8668
f 8667 8668 8657
f 8657 8668 8655
f 8597 8600 8666
f 8666 8600 8668
f 8654 8640 8652
f 8652 8640 8669
f 8652 8669 8650
f 8650 8669 8670
f 8650 8670 8646
f 8646 8670 8647
f 8659 8661 8665
f 8669 8640 8671
f 8671 8640 8642
f 8671 8642 8648
f 8670 8669 8671
f 8670 8671 8648
f 8665 8667 8659
f 8659 8667 8657
f 8648 8647 8670
f 826 4975 8672
f 8672 4975 8673
f 8672 8673 8674
f 8674 8673 8675
f 8674 8675 8676
f 8676 8675 8677
f 8676 8677 8678
f 8678 8677 8679
f 8678 8679 8680
f 8680 8679 8681
f 8680 8681 8682
f 8682 8681 8683
f 8682 8683 8684
f 8684 8683 8685
f 8684 8685 8686
f 8686 8685 8687
f 8686 8687 8688
f 8688 8689 8686
f 8686 8689 8690
f 8686 8690 8691
f 8691 8690 8692
f 8691 8692 8693
f 8693 8692 8694
f 8693 8694 8695
f 8695 8694 839
f 8695 839 838
f 8690 835 8692
f 8692 835 8696
f 8692 8696 8694
f 8694 8696 840
f 8694 840 839
f 835 840 8696
f 8695 838 8697
f 8697 838 837
f 8697 837 8698
f 8698 837 836
f 8698 836 8699
f 8699 836 8700
f 8699 8700 8701
f 8701 8700 8702
f 8701 8702 8703
f 8703 8702 8680
f 8703 8680 8682
f 8700 836 8704
f 8704 836 826
f 8704 826 8705
f 8705 826 8672
f 8705 8672 8706
f 8706 8672 8676
f 8706 8676 8678
f 8676 8672 8674
f 8684 8686 8707
f 8707 8686 8691
f 8707 8691 8693
f 8682 8684 8708
f 8708 8684 8707
f 8708 8707 8709
f 8709 8707 8693
f 8709 8693 8695
f 8706 8678 8702
f 8702 8678 8680
f 8709 8710 8708
f 8708 8710 8703
f 8708 8703 8682
f 8703 8710 8701
f 8701 8710 8698
f 8701 8698 8699
f 8695 8697 8709
f 8709 8697 8710
f 8706 8702 8700
f 8697 8698 8710
f 8704 8705 8700
f 8700 8705 8706
f 8711 8712 8713
f 8713 8712 8714
f 8713 8714 8715
f 8715 8714 8689
f 8715 8689 8716
f 8716 8689 8688
f 8716 8688 8687
f 8716 8687 8717
f 8717 8687 8685
f 8717 8685 8718
f 8718 8685 8719
f 8718 8719 8720
f 8720 8719 8721
f 8720 8721 8722
f 8722 8721 8723
f 8722 8723 8711
f 8711 8723 8724
f 8724 8723 8725
f 8724 8725 8726
f 8726 8725 8727
f 8726 8727 8728
f 8728 8727 8729
f 8728 8729 8730
f 8730 8729 8731
f 8730 8731 8732
f 8732 8731 8675
f 8732 8675 8673
f 8685 8683 8719
f 8719 8683 8681
f 8719 8681 8733
f 8733 8681 8679
f 8733 8679 8734
f 8734 8679 8677
f 8734 8677 8735
f 8735 8677 8675
f 8735 8675 8731
f 8673 4975 8732
f 8732 4975 4974
f 8732 4974 8736
f 8736 4974 8737
f 8736 8737 8738
f 8738 8737 8739
f 8738 8739 8728
f 8728 8739 8726
f 4974 4978 8737
f 8737 4978 8739
f 8730 8732 8736
f 8722 8711 8740
f 8740 8711 8713
f 8740 8713 8741
f 8741 8713 8715
f 8741 8715 8717
f 8717 8715 8716
f 8720 8722 8740
f 8720 8740 8741
f 8725 8723 8742
f 8742 8723 8721
f 8742 8721 8733
f 8733 8721 8719
f 8727 8725 8743
f 8743 8725 8742
f 8743 8742 8734
f 8734 8742 8733
f 8736 8738 8730
f 8730 8738 8728
f 8718 8720 8741
f 8718 8741 8717
f 8727 8743 8729
f 8729 8743 8735
f 8729 8735 8731
f 8735 8743 8734
f 8690 8744 835
f 835 8744 8745
f 835 8745 824
f 824 8745 8746
f 824 8746 822
f 822 8746 422
f 422 8746 8747
f 8747 8746 8748
f 8747 8748 8749
f 8749 8748 8750
f 8749 8750 8751
f 8751 8750 8752
f 8751 8752 8753
f 8753 8752 8690
f 8753 8690 8754
f 8754 8690 8689
f 8754 8689 8755
f 8755 8689 8756
f 8755 8756 8757
f 8757 8756 8758
f 8757 8758 8759
f 8759 8758 8760
f 8759 8760 8761
f 8761 8760 8747
f 8761 8747 8749
f 8760 8762 8747
f 8690 8752 8744
f 8744 8752 8750
f 8744 8750 8745
f 8745 8750 8748
f 8745 8748 8746
f 8761 8749 8751
f 8751 8753 8763
f 8763 8753 8754
f 8763 8754 8757
f 8757 8754 8755
f 8763 8757 8759
f 8751 8763 8761
f 8761 8763 8759
f 834 8764 828
f 828 8764 8765
f 828 8765 4973
f 4973 8765 8766
f 4973 8766 8767
f 8767 8766 8768
f 8767 8768 8769
f 8769 8768 8770
f 8769 8770 8771
f 8771 8770 8772
f 8771 8772 8773
f 8773 8772 8774
f 8773 8774 8775
f 8775 8774 8776
f 8775 8776 8777
f 8777 8776 8778
f 8777 8778 8779
f 8779 8778 8780
f 8779 8780 8781
f 833 8782 834
f 834 8782 8783
f 834 8783 8764
f 8764 8783 8765
f 832 8784 833
f 833 8784 8785
f 833 8785 8786
f 8786 8785 8770
f 8786 8770 8768
f 831 8787 832
f 832 8787 8788
f 832 8788 8785
f 8785 8788 8772
f 8785 8772 8770
f 8787 831 8789
f 8789 831 830
f 8789 830 8790
f 8790 830 8791
f 8790 8791 8776
f 8776 8791 8778
f 8791 830 8792
f 8792 830 827
f 8792 827 8791
f 8791 827 8780
f 8791 8780 8778
f 8779 8781 8793
f 8793 8781 8794
f 8793 8794 8795
f 8795 8794 8796
f 8795 8796 8797
f 8797 8796 8798
f 8797 8798 8799
f 8799 8798 8800
f 8799 8800 8801
f 8801 8800 8802
f 8801 8802 8803
f 8803 8802 8769
f 8803 8769 8771
f 8769 8802 8804
f 8804 8802 4971
f 8804 4971 8767
f 8767 4971 4973
f 8788 8787 8789
f 832 8785 8784
f 833 8786 8782
f 8782 8786 8805
f 8782 8805 8783
f 8783 8805 8765
f 8789 8790 8788
f 8788 8790 8774
f 8788 8774 8772
f 8774 8790 8776
f 8766 8765 8805
f 8766 8805 8768
f 8768 8805 8786
f 8793 8795 8779
f 8779 8795 8777
f 8795 8797 8777
f 8777 8797 8775
f 8797 8799 8775
f 8775 8799 8773
f 8799 8801 8773
f 8773 8801 8771
f 8804 8767 8769
f 8801 8803 8771
f 8806 8807 8808
f 8808 8807 8809
f 8808 8809 8810
f 8810 8809 8811
f 8810 8811 8812
f 8812 8811 8813
f 8812 8813 8814
f 8814 8813 8815
f 8814 8815 8816
f 8816 8815 8817
f 8816 8817 8818
f 8818 8817 8819
f 8818 8819 8820
f 8820 8819 8821
f 8820 8821 8822
f 8822 8821 8823
f 8822 8823 8824
f 8824 8823 1487
f 8824 1487 8825
f 8825 1487 1486
f 8825 1486 8824
f 8824 1486 8826
f 8824 8826 8827
f 8827 8826 8828
f 8827 8828 8829
f 8829 8828 1484
f 8829 1484 8830
f 8830 1484 8831
f 8830 8831 1483
f 1483 8831 1484
f 8832 8833 8806
f 8806 8833 8809
f 8806 8809 8807
f 8834 8835 8832
f 8832 8835 8836
f 8832 8836 8833
f 8833 8836 8811
f 8833 8811 8809
f 8837 8838 8834
f 8834 8838 8839
f 8834 8839 8835
f 8835 8839 8815
f 8835 8815 8813
f 8838 8837 8840
f 8840 8837 8841
f 8840 8841 8823
f 8823 8841 8842
f 1486 1485 8826
f 8826 1485 8828
f 1485 1484 8828
f 1429 8843 1483
f 1483 8843 8844
f 1483 8844 8830
f 8830 8844 8816
f 8830 8816 8818
f 1431 8845 1429
f 1429 8845 8846
f 1429 8846 8843
f 8843 8846 8844
f 1431 8847 8845
f 8845 8847 8848
f 8845 8848 8849
f 8849 8848 8812
f 8849 8812 8814
f 8848 8847 8810
f 8810 8847 8808
f 8823 8821 8840
f 8840 8821 8819
f 8840 8819 8838
f 8838 8819 8817
f 8838 8817 8839
f 8839 8817 8815
f 8836 8835 8813
f 8813 8811 8836
f 8824 8827 8822
f 8822 8827 8820
f 8827 8829 8820
f 8820 8829 8818
f 8829 8830 8818
f 8849 8814 8844
f 8844 8814 8816
f 8848 8810 8812
f 8844 8846 8849
f 8849 8846 8845
f 8841 5066 8842
f 8842 5066 5064
f 8842 5064 8850
f 8850 5064 5093
f 8850 5093 8851
f 8851 5093 5095
f 8851 5095 8852
f 8852 5095 5096
f 8852 5096 8853
f 8853 5096 5098
f 8853 5098 8854
f 5066 8841 5067
f 5067 8841 8837
f 5067 8837 5075
f 5075 8837 8834
f 5075 8834 8832
f 5075 8832 5080
f 5080 8832 8806
f 5080 8806 5084
f 5084 8806 8808
f 5084 8808 5086
f 8853 8854 8855
f 8855 8854 8856
f 8855 8856 8857
f 8857 8856 8762
f 8857 8762 8760
f 8808 8847 5086
f 5086 8847 5087
f 5087 8847 5104
f 5087 5104 8858
f 8858 5104 8859
f 8858 8859 8860
f 8847 1431 5104
f 5104 1431 1432
f 5104 1432 1434
f 1434 1435 5104
f 8860 8861 8858
f 8858 8862 5087
f 5087 8862 845
f 845 8862 846
f 846 8862 847
f 847 8862 853
f 853 8862 8863
f 8863 8862 8864
f 8863 8864 8865
f 8865 8864 8866
f 8865 8866 8867
f 8867 8866 8868
f 8867 8868 8869
f 8869 8868 8870
f 8869 8870 8871
f 8871 8870 8872
f 8871 8872 8873
f 8873 8872 8874
f 8873 8874 8875
f 8875 8874 8876
f 8875 8876 8877
f 8877 8876 8878
f 8877 8878 8879
f 8879 8880 8877
f 8877 8880 8881
f 8877 8881 8882
f 8882 8881 8883
f 8882 8883 8884
f 8884 8883 8885
f 8884 8885 8886
f 8886 8885 857
f 8886 857 856
f 8881 8880 8887
f 8887 8880 854
f 8887 854 8888
f 8888 854 859
f 8888 859 8889
f 8889 859 858
f 8889 858 8885
f 8885 858 857
f 8886 856 8890
f 8890 856 855
f 8890 855 8891
f 8891 855 8892
f 8891 8892 8893
f 8893 8892 8894
f 8893 8894 8895
f 8895 8894 8871
f 8895 8871 8873
f 8892 855 8896
f 8896 855 853
f 8896 853 8897
f 8897 853 8863
f 8897 8863 8898
f 8898 8863 8867
f 8898 8867 8869
f 8867 8863 8865
f 8877 8882 8875
f 8875 8882 8899
f 8875 8899 8873
f 8873 8899 8895
f 8898 8869 8894
f 8894 8869 8871
f 8881 8887 8883
f 8883 8887 8889
f 8883 8889 8885
f 8899 8882 8884
f 8888 8889 8887
f 8895 8899 8900
f 8900 8899 8884
f 8900 8884 8886
f 8895 8900 8893
f 8893 8900 8890
f 8893 8890 8891
f 8890 8900 8886
f 8898 8894 8892
f 8896 8897 8892
f 8892 8897 8898
f 8901 8902 8903
f 8903 8902 8879
f 8903 8879 8904
f 8904 8879 8905
f 8904 8905 8906
f 8906 8905 8878
f 8906 8878 8876
f 8879 8878 8905
f 8874 8907 8876
f 8876 8907 8908
f 8876 8908 8906
f 8906 8908 8909
f 8906 8909 8904
f 8904 8909 8903
f 8874 8872 8907
f 8907 8872 8910
f 8907 8910 8911
f 8911 8910 8912
f 8911 8912 8913
f 8913 8912 8914
f 8913 8914 8915
f 8915 8914 8916
f 8916 8914 8917
f 8916 8917 8918
f 8918 8917 8919
f 8918 8919 8920
f 8920 8919 8921
f 8920 8921 8922
f 8922 8921 8866
f 8922 8866 8864
f 8872 8870 8910
f 8910 8870 8923
f 8910 8923 8912
f 8912 8923 8924
f 8912 8924 8914
f 8914 8924 8917
f 8870 8868 8923
f 8923 8868 8925
f 8923 8925 8924
f 8924 8925 8919
f 8924 8919 8917
f 8868 8866 8925
f 8925 8866 8921
f 8925 8921 8919
f 8864 8862 8922
f 8922 8862 8858
f 8922 8858 8926
f 8926 8858 8927
f 8926 8927 8928
f 8928 8927 8929
f 8928 8929 8918
f 8918 8929 8916
f 8858 8861 8927
f 8927 8861 8929
f 8915 8901 8913
f 8913 8901 8930
f 8913 8930 8911
f 8911 8930 8931
f 8911 8931 8907
f 8907 8931 8908
f 8920 8922 8926
f 8930 8901 8932
f 8932 8901 8903
f 8932 8903 8909
f 8931 8930 8932
f 8931 8932 8909
f 8926 8928 8920
f 8920 8928 8918
f 8909 8908 8931
f 8933 8934 8935
f 8935 8934 8936
f 8935 8936 8937
f 8937 8936 8938
f 8937 8938 8939
f 8939 8938 8940
f 8939 8940 8941
f 8941 8940 8942
f 8941 8942 8943
f 8943 8942 8944
f 8943 8944 8945
f 8945 8944 8946
f 8945 8946 8947
f 8947 8946 8948
f 8947 8948 8949
f 8949 8948 8950
f 8949 8950 8951
f 8951 8950 1475
f 8951 1475 8952
f 8952 1475 1473
f 8952 1473 8951
f 8951 1473 8953
f 8951 8953 8954
f 8954 8953 8955
f 8954 8955 8956
f 8956 8955 1469
f 8956 1469 8957
f 8957 1469 8958
f 8957 8958 1468
f 1468 8958 1469
f 8959 8960 8933
f 8933 8960 8936
f 8933 8936 8934
f 8961 8962 8959
f 8959 8962 8963
f 8959 8963 8960
f 8960 8963 8938
f 8960 8938 8936
f 8964 8965 8961
f 8961 8965 8966
f 8961 8966 8962
f 8962 8966 8942
f 8962 8942 8940
f 8965 8964 8967
f 8967 8964 8968
f 8967 8968 8950
f 8950 8968 8969
f 1473 1471 8953
f 8953 1471 8955
f 1471 1469 8955
f 1438 8970 1468
f 1468 8970 8971
f 1468 8971 8957
f 8957 8971 8943
f 8957 8943 8945
f 1439 8972 1438
f 1438 8972 8973
f 1438 8973 8970
f 8970 8973 8971
f 1439 8974 8972
f 8972 8974 8975
f 8972 8975 8976
f 8976 8975 8939
f 8976 8939 8941
f 8975 8974 8937
f 8937 8974 8935
f 8950 8948 8967
f 8967 8948 8946
f 8967 8946 8965
f 8965 8946 8944
f 8965 8944 8966
f 8966 8944 8942
f 8963 8962 8940
f 8940 8938 8963
f 8951 8954 8949
f 8949 8954 8947
f 8954 8956 8947
f 8947 8956 8945
f 8956 8957 8945
f 8976 8941 8971
f 8971 8941 8943
f 8975 8937 8939
f 8971 8973 8976
f 8976 8973 8972
f 8968 5189 8969
f 8969 5189 5187
f 8969 5187 5216
f 5189 8968 5190
f 5190 8968 8964
f 5190 8964 5198
f 5198 8964 8961
f 5198 8961 8959
f 5198 8959 5203
f 5203 8959 8933
f 5203 8933 5207
f 5207 8933 8935
f 5207 8935 5209
f 8969 5216 8977
f 8977 5216 5218
f 8977 5218 8978
f 8978 5218 5219
f 8978 5219 8979
f 8979 5219 5221
f 8979 5221 8980
f 8980 5221 8981
f 8980 8981 8982
f 8982 8981 8983
f 8982 8983 8984
f 8984 8983 8985
f 8984 8985 8986
f 8935 8974 5209
f 5209 8974 5210
f 5210 8974 5227
f 5210 5227 8987
f 8987 5227 8988
f 8987 8988 8989
f 8974 1439 5227
f 5227 1439 1441
f 5227 1441 1442
f 1442 1443 5227
f 8989 8990 8987
f 8987 8991 5210
f 5210 8991 865
f 865 8991 866
f 866 8991 867
f 867 8991 874
f 874 8991 8992
f 8992 8991 8993
f 8992 8993 8994
f 8994 8993 8995
f 8994 8995 8996
f 8996 8995 8997
f 8996 8997 8998
f 8998 8997 8999
f 8998 8999 9000
f 9000 8999 9001
f 9000 9001 9002
f 9002 9001 9003
f 9002 9003 9004
f 9004 9003 9005
f 9004 9005 9006
f 9006 9005 9007
f 9006 9007 9008
f 9008 9009 9006
f 9006 9009 9010
f 9006 9010 9011
f 9011 9010 9012
f 9011 9012 9013
f 9013 9012 9014
f 9013 9014 9015
f 9015 9014 878
f 9015 878 877
f 9010 9009 9016
f 9016 9009 875
f 9016 875 9017
f 9017 875 880
f 9017 880 9018
f 9018 880 879
f 9018 879 9014
f 9014 879 878
f 9015 877 9019
f 9019 877 876
f 9019 876 9020
f 9020 876 9021
f 9020 9021 9022
f 9022 9021 9023
f 9022 9023 9024
f 9024 9023 9000
f 9024 9000 9002
f 9021 876 9025
f 9025 876 874
f 9025 874 9026
f 9026 874 8992
f 9026 8992 9027
f 9027 8992 8996
f 9027 8996 8998
f 8996 8992 8994
f 9006 9011 9004
f 9004 9011 9028
f 9004 9028 9002
f 9002 9028 9024
f 9027 8998 9023
f 9023 8998 9000
f 9010 9016 9012
f 9012 9016 9018
f 9012 9018 9014
f 9028 9011 9013
f 9017 9018 9016
f 9024 9028 9029
f 9029 9028 9013
f 9029 9013 9015
f 9024 9029 9022
f 9022 9029 9019
f 9022 9019 9020
f 9019 9029 9015
f 9027 9023 9021
f 9025 9026 9021
f 9021 9026 9027
f 9030 9031 9032
f 9032 9031 9008
f 9032 9008 9033
f 9033 9008 9034
f 9033 9034 9035
f 9035 9034 9007
f 9035 9007 9005
f 9008 9007 9034
f 9003 9036 9005
f 9005 9036 9037
f 9005 9037 9035
f 9035 9037 9038
f 9035 9038 9033
f 9033 9038 9032
f 9003 9001 9036
f 9036 9001 9039
f 9036 9039 9040
f 9040 9039 9041
f 9040 9041 9042
f 9042 9041 9043
f 9042 9043 9044
f 9044 9043 9045
f 9045 9043 9046
f 9045 9046 9047
f 9047 9046 9048
f 9047 9048 9049
f 9049 9048 9050
f 9049 9050 9051
f 9051 9050 8995
f 9051 8995 8993
f 9001 8999 9039
f 9039 8999 9052
f 9039 9052 9041
f 9041 9052 9053
f 9041 9053 9043
f 9043 9053 9046
f 8999 8997 9052
f 9052 8997 9054
f 9052 9054 9053
f 9053 9054 9048
f 9053 9048 9046
f 8997 8995 9054
f 9054 8995 9050
f 9054 9050 9048
f 8993 8991 9051
f 9051 8991 8987
f 9051 8987 9055
f 9055 8987 9056
f 9055 9056 9057
f 9057 9056 9058
f 9057 9058 9047
f 9047 9058 9045
f 8987 8990 9056
f 9056 8990 9058
f 9044 9030 9042
f 9042 9030 9059
f 9042 9059 9040
f 9040 9059 9060
f 9040 9060 9036
f 9036 9060 9037
f 9049 9051 9055
f 9059 9030 9061
f 9061 9030 9032
f 9061 9032 9038
f 9060 9059 9061
f 9060 9061 9038
f 9055 9057 9049
f 9049 9057 9047
f 9038 9037 9060
f 9062 9063 9064
f 9064 9063 9065
f 9064 9065 9066
f 9066 9065 9067
f 9066 9067 9068
f 9068 9067 9069
f 9068 9069 9070
f 9070 9069 9071
f 9070 9071 9072
f 9072 9071 9073
f 9072 9073 9074
f 9074 9073 9075
f 9074 9075 9076
f 9076 9075 9077
f 9076 9077 9078
f 9078 9077 9079
f 9078 9079 9080
f 9080 9079 1459
f 9080 1459 9081
f 9081 1459 1457
f 9081 1457 9080
f 9080 1457 9082
f 9080 9082 9083
f 9083 9082 9084
f 9083 9084 9085
f 9085 9084 1450
f 9085 1450 9086
f 9086 1450 9087
f 9086 9087 1448
f 1448 9087 1450
f 9088 9089 9062
f 9062 9089 9065
f 9062 9065 9063
f 9090 9091 9088
f 9088 9091 9092
f 9088 9092 9089
f 9089 9092 9067
f 9089 9067 9065
f 9093 9094 9090
f 9090 9094 9095
f 9090 9095 9091
f 9091 9095 9071
f 9091 9071 9069
f 9094 9093 9096
f 9096 9093 9097
f 9096 9097 9079
f 9079 9097 9098
f 1457 1451 9082
f 9082 1451 9084
f 1451 1450 9084
f 1446 9099 1448
f 1448 9099 9100
f 1448 9100 9086
f 9086 9100 9072
f 9086 9072 9074
f 1452 9101 1446
f 1446 9101 9102
f 1446 9102 9099
f 9099 9102 9100
f 1452 9103 9101
f 9101 9103 9104
f 9101 9104 9105
f 9105 9104 9068
f 9105 9068 9070
f 9104 9103 9066
f 9066 9103 9064
f 9079 9077 9096
f 9096 9077 9075
f 9096 9075 9094
f 9094 9075 9073
f 9094 9073 9095
f 9095 9073 9071
f 9092 9091 9069
f 9069 9067 9092
f 9080 9083 9078
f 9078 9083 9076
f 9083 9085 9076
f 9076 9085 9074
f 9085 9086 9074
f 9105 9070 9100
f 9100 9070 9072
f 9104 9066 9068
f 9100 9102 9105
f 9105 9102 9101
f 9064 9103 5332
f 5332 9103 5333
f 5333 9103 5350
f 5333 5350 9106
f 9106 5350 9107
f 9106 9107 9108
f 9103 1452 5350
f 5350 1452 1454
f 5350 1454 1455
f 1455 1233 5350
f 9108 9109 9106
f 9106 9110 5333
f 5333 9110 890
f 890 9110 891
f 891 9110 887
f 887 9110 888
f 1459 9079 1461
f 1461 9079 9111
f 1461 9111 9112
f 9112 9111 9113
f 9112 9113 9114
f 9114 9113 9115
f 9114 9115 9116
f 9111 9079 9113
f 9113 9079 9098
f 9113 9098 9115
f 9117 9118 9116
f 9116 9118 9119
f 9116 9119 9114
f 9114 9119 9120
f 9114 9120 9112
f 9112 9120 1461
f 9121 9122 9117
f 9117 9122 9118
f 9118 9122 9123
f 9123 9122 1465
f 9123 1465 1463
f 9123 1463 9120
f 9120 1463 1461
f 9119 9118 9123
f 9119 9123 9120
f 888 9110 9124
f 9124 9110 9125
f 9124 9125 9126
f 9126 9125 9127
f 9126 9127 9128
f 9128 9127 9129
f 9128 9129 9130
f 9130 9129 9131
f 9130 9131 9132
f 9132 9131 9133
f 9132 9133 9134
f 9134 9133 9135
f 9134 9135 9136
f 9136 9135 9137
f 9136 9137 9138
f 9138 9137 9139
f 9138 9139 9140
f 9140 9141 9138
f 9138 9141 9142
f 9138 9142 9143
f 9143 9142 9144
f 9143 9144 9145
f 9145 9144 9146
f 9145 9146 9147
f 9147 9146 900
f 9147 900 899
f 9142 9141 9148
f 9148 9141 897
f 9148 897 9149
f 9149 897 902
f 9149 902 9150
f 9150 902 901
f 9150 901 9146
f 9146 901 900
f 9147 899 9151
f 9151 899 898
f 9151 898 9152
f 9152 898 9153
f 9152 9153 9154
f 9154 9153 9155
f 9154 9155 9156
f 9156 9155 9132
f 9156 9132 9134
f 9153 898 9157
f 9157 898 888
f 9157 888 9158
f 9158 888 9124
f 9158 9124 9159
f 9159 9124 9128
f 9159 9128 9130
f 9128 9124 9126
f 9138 9143 9136
f 9136 9143 9160
f 9136 9160 9134
f 9134 9160 9156
f 9159 9130 9155
f 9155 9130 9132
f 9142 9148 9144
f 9144 9148 9150
f 9144 9150 9146
f 9160 9143 9145
f 9149 9150 9148
f 9156 9160 9161
f 9161 9160 9145
f 9161 9145 9147
f 9156 9161 9154
f 9154 9161 9151
f 9154 9151 9152
f 9151 9161 9147
f 9159 9155 9153
f 9157 9158 9153
f 9153 9158 9159
f 9162 9163 9164
f 9164 9163 9140
f 9164 9140 9165
f 9165 9140 9166
f 9165 9166 9167
f 9167 9166 9139
f 9167 9139 9137
f 9140 9139 9166
f 9135 9168 9137
f 9137 9168 9169
f 9137 9169 9167
f 9167 9169 9170
f 9167 9170 9165
f 9165 9170 9164
f 9135 9133 9168
f 9168 9133 9171
f 9168 9171 9172
f 9172 9171 9173
f 9172 9173 9174
f 9174 9173 9175
f 9174 9175 9176
f 9176 9175 9177
f 9177 9175 9178
f 9177 9178 9179
f 9179 9178 9180
f 9179 9180 9181
f 9181 9180 9182
f 9181 9182 9183
f 9183 9182 9127
f 9183 9127 9125
f 9133 9131 9171
f 9171 9131 9184
f 9171 9184 9173
f 9173 9184 9185
f 9173 9185 9175
f 9175 9185 9178
f 9131 9129 9184
f 9184 9129 9186
f 9184 9186 9185
f 9185 9186 9180
f 9185 9180 9178
f 9129 9127 9186
f 9186 9127 9182
f 9186 9182 9180
f 9125 9110 9183
f 9183 9110 9106
f 9183 9106 9187
f 9187 9106 9188
f 9187 9188 9189
f 9189 9188 9190
f 9189 9190 9179
f 9179 9190 9177
f 9106 9109 9188
f 9188 9109 9190
f 9176 9162 9174
f 9174 9162 9191
f 9174 9191 9172
f 9172 9191 9192
f 9172 9192 9168
f 9168 9192 9169
f 9181 9183 9187
f 9191 9162 9193
f 9193 9162 9164
f 9193 9164 9170
f 9192 9191 9193
f 9192 9193 9170
f 9187 9189 9181
f 9181 9189 9179
f 9170 9169 9192
f 910 9194 9195
f 9195 9194 9196
f 9195 9196 9197
f 9197 9196 9198
f 9197 9198 9199
f 9199 9198 9200
f 9199 9200 9201
f 9201 9200 9202
f 9201 9202 9203
f 9203 9202 9204
f 9203 9204 9205
f 9205 9204 9206
f 9205 9206 9207
f 9207 9206 9208
f 9207 9208 9209
f 9209 9208 9210
f 9209 9210 9211
f 9211 9212 9209
f 9209 9212 9213
f 9209 9213 9214
f 9214 9213 9215
f 9214 9215 9216
f 9216 9215 9217
f 9216 9217 9218
f 9218 9217 916
f 9218 916 915
f 9213 9212 9219
f 9219 9212 913
f 9219 913 9220
f 9220 913 918
f 9220 918 9221
f 9221 918 917
f 9221 917 9217
f 9217 917 916
f 9218 915 9222
f 9222 915 914
f 9222 914 9223
f 9223 914 9224
f 9223 9224 9225
f 9225 9224 9226
f 9225 9226 9227
f 9227 9226 9203
f 9227 9203 9205
f 9224 914 9228
f 9228 914 910
f 9228 910 9229
f 9229 910 9195
f 9229 9195 9230
f 9230 9195 9199
f 9230 9199 9201
f 9199 9195 9197
f 9209 9214 9207
f 9207 9214 9231
f 9207 9231 9205
f 9205 9231 9227
f 9230 9201 9226
f 9226 9201 9203
f 9213 9219 9215
f 9215 9219 9221
f 9215 9221 9217
f 9231 9214 9216
f 9220 9221 9219
f 9227 9231 9232
f 9232 9231 9216
f 9232 9216 9218
f 9227 9232 9225
f 9225 9232 9222
f 9225 9222 9223
f 9222 9232 9218
f 9230 9226 9224
f 9228 9229 9224
f 9224 9229 9230
f 9233 9234 9235
f 9235 9234 9211
f 9235 9211 9236
f 9236 9211 9237
f 9236 9237 9238
f 9238 9237 9210
f 9238 9210 9208
f 9211 9210 9237
f 9206 9239 9208
f 9208 9239 9240
f 9208 9240 9238
f 9238 9240 9241
f 9238 9241 9236
f 9236 9241 9235
f 9206 9204 9239
f 9239 9204 9242
f 9239 9242 9243
f 9243 9242 9244
f 9243 9244 9245
f 9245 9244 9246
f 9245 9246 9247
f 9247 9246 9248
f 9248 9246 9249
f 9248 9249 9250
f 9250 9249 9251
f 9250 9251 9252
f 9252 9251 9253
f 9252 9253 9254
f 9254 9253 9198
f 9254 9198 9196
f 9204 9202 9242
f 9242 9202 9255
f 9242 9255 9244
f 9244 9255 9256
f 9244 9256 9246
f 9246 9256 9249
f 9202 9200 9255
f 9255 9200 9257
f 9255 9257 9256
f 9256 9257 9251
f 9256 9251 9249
f 9200 9198 9257
f 9257 9198 9253
f 9257 9253 9251
f 9196 9194 9254
f 9254 9194 9258
f 9254 9258 9259
f 9259 9258 9260
f 9259 9260 9261
f 9261 9260 9262
f 9261 9262 9250
f 9250 9262 9248
f 9258 9263 9260
f 9260 9263 9262
f 9247 9233 9245
f 9245 9233 9264
f 9245 9264 9243
f 9243 9264 9265
f 9243 9265 9239
f 9239 9265 9240
f 9252 9254 9259
f 9264 9233 9266
f 9266 9233 9235
f 9266 9235 9241
f 9265 9264 9266
f 9265 9266 9241
f 9259 9261 9252
f 9252 9261 9250
f 9241 9240 9265
f 9267 9258 5418
f 5418 9258 9268
f 5418 9268 9269
f 9269 9268 9270
f 9269 9270 9271
f 9267 9272 9258
f 9258 9272 9263
f 9258 9194 9268
f 9268 9194 911
f 911 9194 912
f 912 9194 909
f 909 9194 910
f 9269 1230 5418
f 5418 1230 1237
f 5418 1237 1236
f 1236 1235 5418
f 928 9273 9274
f 9274 9273 9275
f 9274 9275 9276
f 9276 9275 9277
f 9276 9277 9278
f 9278 9277 9279
f 9278 9279 9280
f 9280 9279 9281
f 9280 9281 9282
f 9282 9281 9283
f 9282 9283 9284
f 9284 9283 9285
f 9284 9285 9286
f 9286 9285 9287
f 9286 9287 9288
f 9288 9287 9289
f 9288 9289 9290
f 9290 9291 9288
f 9288 9291 9292
f 9288 9292 9293
f 9293 9292 9294
f 9293 9294 9295
f 9295 9294 9296
f 9295 9296 9297
f 9297 9296 932
f 9297 932 931
f 9292 9291 9298
f 9298 9291 929
f 9298 929 9299
f 9299 929 934
f 9299 934 9300
f 9300 934 933
f 9300 933 9296
f 9296 933 932
f 9297 931 9301
f 9301 931 930
f 9301 930 9302
f 9302 930 9303
f 9302 9303 9304
f 9304 9303 9305
f 9304 9305 9306
f 9306 9305 9282
f 9306 9282 9284
f 9303 930 9307
f 9307 930 928
f 9307 928 9308
f 9308 928 9274
f 9308 9274 9309
f 9309 9274 9278
f 9309 9278 9280
f 9278 9274 9276
f 9288 9293 9286
f 9286 9293 9310
f 9286 9310 9284
f 9284 9310 9306
f 9309 9280 9305
f 9305 9280 9282
f 9292 9298 9294
f 9294 9298 9300
f 9294 9300 9296
f 9310 9293 9295
f 9299 9300 9298
f 9306 9310 9311
f 9311 9310 9295
f 9311 9295 9297
f 9306 9311 9304
f 9304 9311 9301
f 9304 9301 9302
f 9301 9311 9297
f 9309 9305 9303
f 9307 9308 9303
f 9303 9308 9309
f 9312 9313 9314
f 9314 9313 9290
f 9314 9290 9315
f 9315 9290 9316
f 9315 9316 9317
f 9317 9316 9289
f 9317 9289 9287
f 9290 9289 9316
f 9285 9318 9287
f 9287 9318 9319
f 9287 9319 9317
f 9317 9319 9320
f 9317 9320 9315
f 9315 9320 9314
f 9285 9283 9318
f 9318 9283 9321
f 9318 9321 9322
f 9322 9321 9323
f 9322 9323 9324
f 9324 9323 9325
f 9324 9325 9326
f 9326 9325 9327
f 9327 9325 9328
f 9327 9328 9329
f 9329 9328 9330
f 9329 9330 9331
f 9331 9330 9332
f 9331 9332 9333
f 9333 9332 9277
f 9333 9277 9275
f 9283 9281 9321
f 9321 9281 9334
f 9321 9334 9323
f 9323 9334 9335
f 9323 9335 9325
f 9325 9335 9328
f 9281 9279 9334
f 9334 9279 9336
f 9334 9336 9335
f 9335 9336 9330
f 9335 9330 9328
f 9279 9277 9336
f 9336 9277 9332
f 9336 9332 9330
f 9275 9273 9333
f 9333 9273 9337
f 9333 9337 9338
f 9338 9337 9339
f 9338 9339 9340
f 9340 9339 9341
f 9340 9341 9329
f 9329 9341 9327
f 9337 9342 9339
f 9339 9342 9341
f 9326 9312 9324
f 9324 9312 9343
f 9324 9343 9322
f 9322 9343 9344
f 9322 9344 9318
f 9318 9344 9319
f 9331 9333 9338
f 9343 9312 9345
f 9345 9312 9314
f 9345 9314 9320
f 9344 9343 9345
f 9344 9345 9320
f 9338 9340 9331
f 9331 9340 9329
f 9320 9319 9344
f 9346 9337 5486
f 5486 9337 9347
f 5486 9347 9348
f 9348 9347 9349
f 9348 9349 9350
f 9346 9351 9337
f 9337 9351 9342
f 9337 9273 9347
f 9347 9273 924
f 924 9273 925
f 925 9273 926
f 926 9273 928
f 9348 1239 5486
f 5486 1239 1244
f 5486 1244 1243
f 1243 1242 5486
f 942 9352 9353
f 9353 9352 9354
f 9353 9354 9355
f 9355 9354 9356
f 9355 9356 9357
f 9357 9356 9358
f 9357 9358 9359
f 9359 9358 9360
f 9359 9360 9361
f 9361 9360 9362
f 9361 9362 9363
f 9363 9362 9364
f 9363 9364 9365
f 9365 9364 9366
f 9365 9366 9367
f 9367 9366 9368
f 9367 9368 9369
f 9369 9370 9367
f 9367 9370 9371
f 9367 9371 9372
f 9372 9371 9373
f 9372 9373 9374
f 9374 9373 9375
f 9374 9375 9376
f 9376 9375 948
f 9376 948 947
f 9371 9370 9377
f 9377 9370 945
f 9377 945 9378
f 9378 945 950
f 9378 950 9379
f 9379 950 949
f 9379 949 9375
f 9375 949 948
f 9376 947 9380
f 9380 947 946
f 9380 946 9381
f 9381 946 9382
f 9381 9382 9383
f 9383 9382 9384
f 9383 9384 9385
f 9385 9384 9361
f 9385 9361 9363
f 9382 946 9386
f 9386 946 942
f 9386 942 9387
f 9387 942 9353
f 9387 9353 9388
f 9388 9353 9357
f 9388 9357 9359
f 9357 9353 9355
f 9367 9372 9365
f 9365 9372 9389
f 9365 9389 9363
f 9363 9389 9385
f 9388 9359 9384
f 9384 9359 9361
f 9371 9377 9373
f 9373 9377 9379
f 9373 9379 9375
f 9389 9372 9374
f 9378 9379 9377
f 9385 9389 9390
f 9390 9389 9374
f 9390 9374 9376
f 9385 9390 9383
f 9383 9390 9380
f 9383 9380 9381
f 9380 9390 9376
f 9388 9384 9382
f 9386 9387 9382
f 9382 9387 9388
f 9391 9392 9393
f 9393 9392 9369
f 9393 9369 9394
f 9394 9369 9395
f 9394 9395 9396
f 9396 9395 9368
f 9396 9368 9366
f 9369 9368 9395
f 9364 9397 9366
f 9366 9397 9398
f 9366 9398 9396
f 9396 9398 9399
f 9396 9399 9394
f 9394 9399 9393
f 9364 9362 9397
f 9397 9362 9400
f 9397 9400 9401
f 9401 9400 9402
f 9401 9402 9403
f 9403 9402 9404
f 9403 9404 9405
f 9405 9404 9406
f 9406 9404 9407
f 9406 9407 9408
f 9408 9407 9409
f 9408 9409 9410
f 9410 9409 9411
f 9410 9411 9412
f 9412 9411 9356
f 9412 9356 9354
f 9362 9360 9400
f 9400 9360 9413
f 9400 9413 9402
f 9402 9413 9414
f 9402 9414 9404
f 9404 9414 9407
f 9360 9358 9413
f 9413 9358 9415
f 9413 9415 9414
f 9414 9415 9409
f 9414 9409 9407
f 9358 9356 9415
f 9415 9356 9411
f 9415 9411 9409
f 9354 9352 9412
f 9412 9352 9416
f 9412 9416 9417
f 9417 9416 9418
f 9417 9418 9419
f 9419 9418 9420
f 9419 9420 9408
f 9408 9420 9406
f 9416 9421 9418
f 9418 9421 9420
f 9405 9391 9403
f 9403 9391 9422
f 9403 9422 9401
f 9401 9422 9423
f 9401 9423 9397
f 9397 9423 9398
f 9410 9412 9417
f 9422 9391 9424
f 9424 9391 9393
f 9424 9393 9399
f 9423 9422 9424
f 9423 9424 9399
f 9417 9419 9410
f 9410 9419 9408
f 9399 9398 9423
f 9425 9416 5554
f 5554 9416 9426
f 5554 9426 9427
f 9427 9426 9428
f 9427 9428 9429
f 9425 9430 9416
f 9416 9430 9421
f 9416 9352 9426
f 9426 9352 943
f 943 9352 944
f 944 9352 941
f 941 9352 942
f 9427 1246 5554
f 5554 1246 1251
f 5554 1251 1250
f 1250 1249 5554
f 965 9431 9432
f 9432 9431 9433
f 9432 9433 9434
f 9434 9433 9435
f 9434 9435 9436
f 9436 9435 9437
f 9436 9437 9438
f 9438 9437 9439
f 9438 9439 9440
f 9440 9439 9441
f 9440 9441 9442
f 9442 9441 9443
f 9442 9443 9444
f 9444 9443 9445
f 9444 9445 9446
f 9446 9445 9447
f 9446 9447 9448
f 9448 9449 9446
f 9446 9449 9450
f 9446 9450 9451
f 9451 9450 9452
f 9451 9452 9453
f 9453 9452 9454
f 9453 9454 9455
f 9455 9454 969
f 9455 969 968
f 9450 9449 9456
f 9456 9449 966
f 9456 966 9457
f 9457 966 971
f 9457 971 9458
f 9458 971 970
f 9458 970 9454
f 9454 970 969
f 9455 968 9459
f 9459 968 967
f 9459 967 9460
f 9460 967 9461
f 9460 9461 9462
f 9462 9461 9463
f 9462 9463 9464
f 9464 9463 9440
f 9464 9440 9442
f 9461 967 9465
f 9465 967 965
f 9465 965 9466
f 9466 965 9432
f 9466 9432 9467
f 9467 9432 9436
f 9467 9436 9438
f 9436 9432 9434
f 9446 9451 9444
f 9444 9451 9468
f 9444 9468 9442
f 9442 9468 9464
f 9467 9438 9463
f 9463 9438 9440
f 9450 9456 9452
f 9452 9456 9458
f 9452 9458 9454
f 9468 9451 9453
f 9457 9458 9456
f 9464 9468 9469
f 9469 9468 9453
f 9469 9453 9455
f 9464 9469 9462
f 9462 9469 9459
f 9462 9459 9460
f 9459 9469 9455
f 9467 9463 9461
f 9465 9466 9461
f 9461 9466 9467
f 9470 9471 9472
f 9472 9471 9448
f 9472 9448 9473
f 9473 9448 9474
f 9473 9474 9475
f 9475 9474 9447
f 9475 9447 9445
f 9448 9447 9474
f 9443 9476 9445
f 9445 9476 9477
f 9445 9477 9475
f 9475 9477 9478
f 9475 9478 9473
f 9473 9478 9472
f 9443 9441 9476
f 9476 9441 9479
f 9476 9479 9480
f 9480 9479 9481
f 9480 9481 9482
f 9482 9481 9483
f 9482 9483 9484
f 9484 9483 9485
f 9485 9483 9486
f 9485 9486 9487
f 9487 9486 9488
f 9487 9488 9489
f 9489 9488 9490
f 9489 9490 9491
f 9491 9490 9435
f 9491 9435 9433
f 9441 9439 9479
f 9479 9439 9492
f 9479 9492 9481
f 9481 9492 9493
f 9481 9493 9483
f 9483 9493 9486
f 9439 9437 9492
f 9492 9437 9494
f 9492 9494 9493
f 9493 9494 9488
f 9493 9488 9486
f 9437 9435 9494
f 9494 9435 9490
f 9494 9490 9488
f 9433 9431 9491
f 9491 9431 9495
f 9491 9495 9496
f 9496 9495 9497
f 9496 9497 9498
f 9498 9497 9499
f 9498 9499 9487
f 9487 9499 9485
f 9495 9500 9497
f 9497 9500 9499
f 9484 9470 9482
f 9482 9470 9501
f 9482 9501 9480
f 9480 9501 9502
f 9480 9502 9476
f 9476 9502 9477
f 9489 9491 9496
f 9501 9470 9503
f 9503 9470 9472
f 9503 9472 9478
f 9502 9501 9503
f 9502 9503 9478
f 9496 9498 9489
f 9489 9498 9487
f 9478 9477 9502
f 9504 9495 5622
f 5622 9495 9505
f 5622 9505 9506
f 9506 9505 9507
f 9506 9507 9508
f 9504 9509 9495
f 9495 9509 9500
f 9495 9431 9505
f 9505 9431 964
f 964 9431 963
f 963 9431 962
f 962 9431 965
f 9506 1253 5622
f 5622 1253 1258
f 5622 1258 1257
f 1257 1256 5622
f 1754 6317 1756
f 1756 6317 9510
f 1756 9510 9511
f 9511 9510 9512
f 9511 9512 9513
f 9513 9512 9514
f 9513 9514 9515
f 9510 6317 9512
f 9512 6317 6336
f 9512 6336 9514
f 9516 9517 9515
f 9515 9517 9518
f 9515 9518 9513
f 9513 9518 9519
f 9513 9519 9511
f 9511 9519 1756
f 9517 9516 9520
f 9520 9516 9521
f 9520 9521 9522
f 9517 9520 9523
f 9523 9520 1760
f 9523 1760 1758
f 9523 1758 9519
f 9519 1758 1756
f 9518 9517 9523
f 9518 9523 9519
f 6335 2642 6336
f 6336 2642 6345
f 6336 6345 9514
f 9514 6345 6347
f 9514 6347 9515
f 9515 6347 6348
f 9515 6348 9516
f 9516 6348 6350
f 9516 6350 9521
f 2642 6335 2644
f 2644 6335 6331
f 2644 6331 2645
f 2645 6331 6328
f 2645 6328 2653
f 2653 6328 6326
f 2653 6326 2658
f 2658 6326 6301
f 2658 6301 2662
f 2662 6301 2673
f 2662 2673 2664
f 1746 6535 1748
f 1748 6535 9524
f 1748 9524 9525
f 9525 9524 9526
f 9525 9526 9527
f 9527 9526 9528
f 9527 9528 9529
f 9524 6535 9526
f 9526 6535 6554
f 9526 6554 9528
f 9530 9531 9529
f 9529 9531 9532
f 9529 9532 9527
f 9527 9532 9533
f 9527 9533 9525
f 9525 9533 1748
f 9531 9530 9534
f 9534 9530 9535
f 9534 9535 9536
f 9531 9534 9537
f 9537 9534 1752
f 9537 1752 1750
f 9537 1750 9533
f 9533 1750 1748
f 9532 9531 9537
f 9532 9537 9533
f 6553 2852 6554
f 6554 2852 6563
f 6554 6563 9528
f 9528 6563 6565
f 9528 6565 9529
f 9529 6565 6566
f 9529 6566 9530
f 9530 6566 6568
f 9530 6568 9538
f 2852 6553 2854
f 2854 6553 6549
f 2854 6549 2855
f 2855 6549 6546
f 2855 6546 2863
f 2863 6546 6544
f 2863 6544 2868
f 2868 6544 6519
f 2868 6519 2872
f 2872 6519 2884
f 2872 2884 2883
f 2883 2874 2872
f 9538 9535 9530
f 1733 2944 1734
f 1734 2944 9539
f 1734 9539 9540
f 9540 9539 9541
f 9540 9541 9542
f 9542 9541 9543
f 9542 9543 9544
f 9539 2944 9541
f 9541 2944 2963
f 9541 2963 9543
f 9545 9546 9544
f 9544 9546 9547
f 9544 9547 9542
f 9542 9547 9548
f 9542 9548 9540
f 9540 9548 1734
f 9549 9550 9545
f 9545 9550 9546
f 9546 9550 9551
f 9551 9550 1736
f 9551 1736 1735
f 9551 1735 9548
f 9548 1735 1734
f 9547 9546 9551
f 9547 9551 9548
f 2961 6672 2963
f 2963 6672 6659
f 2963 6659 9543
f 9543 6659 6686
f 9543 6686 9544
f 9544 6686 6688
f 9544 6688 6689
f 2961 2959 6672
f 6672 2959 6674
f 6674 2959 2955
f 6674 2955 6676
f 6676 2955 2953
f 6676 2953 6678
f 6678 2953 2927
f 6678 2927 6680
f 6680 2927 2929
f 6680 2929 2970
f 2970 2971 6680
f 9544 6689 9545
f 9545 6689 6691
f 9545 6691 9549
f 9549 6691 9552
f 9549 9552 9553
f 9553 9552 9554
f 9553 9554 9555
f 9555 9554 9556
f 9555 9556 9557
f 1712 3941 1714
f 1714 3941 9558
f 1714 9558 9559
f 9559 9558 9560
f 9559 9560 9561
f 9561 9560 9562
f 9561 9562 9563
f 9558 3941 9560
f 9560 3941 3960
f 9560 3960 9562
f 9564 9565 9563
f 9563 9565 9566
f 9563 9566 9561
f 9561 9566 9567
f 9561 9567 9559
f 9559 9567 1714
f 9568 9569 9564
f 9564 9569 9565
f 9565 9569 9570
f 9570 9569 1718
f 9570 1718 1716
f 9570 1716 9567
f 9567 1716 1714
f 9566 9565 9570
f 9566 9570 9567
f 3958 7618 3960
f 3960 7618 7605
f 3960 7605 9562
f 9562 7605 9571
f 9562 9571 9563
f 9563 9571 9572
f 9563 9572 9564
f 9564 9572 9573
f 9564 9573 9568
f 9568 9573 9574
f 9568 9574 9575
f 7618 3958 7620
f 7620 3958 3956
f 7620 3956 3952
f 7620 3952 7622
f 7622 3952 3950
f 7622 3950 7624
f 7624 3950 3924
f 7624 3924 7626
f 7626 3924 3926
f 7626 3926 3967
f 3967 3968 7626
f 9568 9575 9576
f 9576 9575 9577
f 9576 9577 9578
f 9578 9577 9579
f 9578 9579 9580
f 7604 9581 7605
f 7605 9581 9582
f 7605 9582 9571
f 9571 9582 9583
f 9571 9583 9572
f 9572 9583 9573
f 9573 9583 9584
f 9573 9584 9574
f 9581 7604 9585
f 9585 7604 634
f 9585 634 630
f 9585 630 9586
f 9586 630 629
f 9586 629 9587
f 9587 629 628
f 9587 628 9584
f 9584 9583 9587
f 9587 9583 9582
f 9587 9582 9586
f 9586 9582 9581
f 9586 9581 9585
f 1702 7716 1703
f 1703 7716 9588
f 1703 9588 9589
f 9589 9588 9590
f 9589 9590 9591
f 9591 9590 9592
f 9591 9592 9593
f 9588 7716 9590
f 9590 7716 7735
f 9590 7735 9592
f 9594 9595 9593
f 9593 9595 9596
f 9593 9596 9591
f 9591 9596 9597
f 9591 9597 9589
f 9589 9597 1703
f 9598 9599 9594
f 9594 9599 9595
f 9595 9599 9600
f 9600 9599 1705
f 9600 1705 1704
f 9600 1704 9597
f 9597 1704 1703
f 9596 9595 9600
f 9596 9600 9597
f 7734 4111 7735
f 7735 4111 4109
f 7735 4109 9592
f 9592 4109 4136
f 9592 4136 9593
f 9593 4136 4138
f 9593 4138 9594
f 9594 4138 4139
f 9594 4139 9598
f 9598 4139 4141
f 9598 4141 9601
f 4111 7734 4112
f 4112 7734 7730
f 4112 7730 4120
f 4120 7730 7727
f 4120 7727 7725
f 4120 7725 4125
f 4125 7725 7700
f 4125 7700 4129
f 4129 7700 4091
f 4129 4091 4090
f 4090 4089 4129
f 9598 9601 9602
f 9602 9601 9603
f 9602 9603 9604
f 9604 9603 9605
f 9604 9605 9606
f 1681 7825 1683
f 1683 7825 9607
f 1683 9607 9608
f 9608 9607 9609
f 9608 9609 9610
f 9610 9609 9611
f 9610 9611 9612
f 9607 7825 9609
f 9609 7825 7844
f 9609 7844 9611
f 9613 9614 9612
f 9612 9614 9615
f 9612 9615 9610
f 9610 9615 9616
f 9610 9616 9608
f 9608 9616 1683
f 9617 9618 9613
f 9613 9618 9614
f 9614 9618 9619
f 9619 9618 1687
f 9619 1687 1685
f 9619 1685 9616
f 9616 1685 1683
f 9615 9614 9619
f 9615 9619 9616
f 7843 4164 7844
f 7844 4164 4162
f 7844 4162 9611
f 9611 4162 7853
f 9611 7853 9612
f 9612 7853 7855
f 9612 7855 9613
f 9613 7855 7856
f 9613 7856 9617
f 9617 7856 7858
f 9617 7858 9620
f 4164 7843 4165
f 4165 7843 7839
f 4165 7839 4173
f 4173 7839 7836
f 4173 7836 7834
f 4173 7834 4178
f 4178 7834 7809
f 4178 7809 4182
f 4182 7809 4193
f 4182 4193 4192
f 4192 4184 4182
f 9617 9620 9621
f 9621 9620 9622
f 9621 9622 9623
f 9623 9622 9624
f 9623 9624 9625
f 1665 4304 1666
f 1666 4304 9626
f 1666 9626 9627
f 9627 9626 9628
f 9627 9628 9629
f 9629 9628 9630
f 9629 9630 9631
f 9626 4304 9628
f 9628 4304 4323
f 9628 4323 9630
f 9632 9633 9631
f 9631 9633 9634
f 9631 9634 9629
f 9629 9634 9635
f 9629 9635 9627
f 9627 9635 1666
f 9636 9637 9632
f 9632 9637 9633
f 9633 9637 9638
f 9638 9637 1670
f 9638 1670 1668
f 9638 1668 9635
f 9635 1668 1666
f 9634 9633 9638
f 9634 9638 9635
f 4321 8016 4323
f 4323 8016 8043
f 4323 8043 9630
f 9630 8043 8045
f 9630 8045 9631
f 9631 8045 8046
f 9631 8046 9632
f 9632 8046 8048
f 9632 8048 9636
f 9636 8048 9639
f 9636 9639 9640
f 9640 9639 9641
f 9640 9641 9642
f 9642 9641 9643
f 9642 9643 9644
f 8016 4321 8029
f 8029 4321 4319
f 8029 4319 8031
f 8031 4319 4315
f 8031 4315 8033
f 8033 4315 4313
f 8033 4313 8035
f 8035 4313 4288
f 8035 4288 8037
f 8037 4288 4287
f 8037 4287 4280
f 4280 4279 8037
f 1635 4347 1637
f 1637 4347 9645
f 1637 9645 9646
f 9646 9645 9647
f 9646 9647 9648
f 9648 9647 4375
f 9648 4375 4377
f 9645 4347 9647
f 9647 4347 4366
f 9647 4366 4375
f 4379 9649 4377
f 4377 9649 9650
f 4377 9650 9648
f 9648 9650 9651
f 9648 9651 9646
f 9646 9651 1637
f 4381 9652 4379
f 4379 9652 9649
f 9649 9652 9653
f 9653 9652 1641
f 9653 1641 1639
f 9653 1639 9651
f 9651 1639 1637
f 9650 9649 9653
f 9650 9653 9651
f 1654 4457 1656
f 1656 4457 9654
f 1656 9654 9655
f 9655 9654 9656
f 9655 9656 9657
f 9657 9656 9658
f 9657 9658 9659
f 9654 4457 9656
f 9656 4457 4476
f 9656 4476 9658
f 9660 9661 9659
f 9659 9661 9662
f 9659 9662 9657
f 9657 9662 9663
f 9657 9663 9655
f 9655 9663 1656
f 9664 9665 9660
f 9660 9665 9661
f 9661 9665 9666
f 9666 9665 1660
f 9666 1660 1658
f 9666 1658 9663
f 9663 1658 1656
f 9662 9661 9666
f 9662 9666 9663
f 4474 8249 4476
f 4476 8249 8276
f 4476 8276 9658
f 9658 8276 8278
f 9658 8278 9659
f 9659 8278 8279
f 9659 8279 9660
f 9660 8279 8281
f 9660 8281 9664
f 9664 8281 9667
f 9664 9667 9668
f 9668 9667 9669
f 9668 9669 9670
f 9670 9669 9671
f 9670 9671 9672
f 8249 4474 8262
f 8262 4474 4472
f 8262 4472 8264
f 8264 4472 4468
f 8264 4468 8266
f 8266 4468 4466
f 8266 4466 8268
f 8268 4466 4440
f 8268 4440 8270
f 8270 4440 4442
f 8270 4442 4483
f 4483 4484 8270
f 1610 8302 1612
f 1612 8302 9673
f 1612 9673 9674
f 9674 9673 9675
f 9674 9675 9676
f 9676 9675 8329
f 9676 8329 8330
f 9673 8302 9675
f 9675 8302 8321
f 9675 8321 8329
f 8331 9677 8330
f 8330 9677 9678
f 8330 9678 9676
f 9676 9678 9679
f 9676 9679 9674
f 9674 9679 1612
f 8332 9680 8331
f 8331 9680 9677
f 9677 9680 9681
f 9681 9680 1616
f 9681 1616 1614
f 9681 1614 9679
f 9679 1614 1612
f 9678 9677 9681
f 9678 9681 9679
f 1566 8431 1567
f 1567 8431 9682
f 1567 9682 9683
f 9683 9682 9684
f 9683 9684 9685
f 9685 9684 8458
f 9685 8458 8459
f 9682 8431 9684
f 9684 8431 8450
f 9684 8450 8458
f 8460 9686 8459
f 8459 9686 9687
f 8459 9687 9685
f 9685 9687 9688
f 9685 9688 9683
f 9683 9688 1567
f 8461 9689 8460
f 8460 9689 9686
f 9686 9689 9690
f 9690 9689 1573
f 9690 1573 1568
f 9690 1568 9688
f 9688 1568 1567
f 9687 9686 9690
f 9687 9690 9688
f 1544 8560 1546
f 1546 8560 9691
f 1546 9691 9692
f 9692 9691 9693
f 9692 9693 9694
f 9694 9693 8587
f 9694 8587 8588
f 9691 8560 9693
f 9693 8560 8579
f 9693 8579 8587
f 8589 9695 8588
f 8588 9695 9696
f 8588 9696 9694
f 9694 9696 9697
f 9694 9697 9692
f 9692 9697 1546
f 8590 9698 8589
f 8589 9698 9695
f 9695 9698 9699
f 9699 9698 1550
f 9699 1550 1548
f 9699 1548 9697
f 9697 1548 1546
f 9696 9695 9699
f 9696 9699 9697
f 1511 4945 1521
f 1521 4945 9700
f 1521 9700 9701
f 9701 9700 9702
f 9701 9702 9703
f 9703 9702 9704
f 9703 9704 9705
f 9700 4945 9702
f 9702 4945 4964
f 9702 4964 9704
f 9706 9707 9705
f 9705 9707 9708
f 9705 9708 9703
f 9703 9708 9709
f 9703 9709 9701
f 9701 9709 1521
f 9710 9711 9706
f 9706 9711 9707
f 9707 9711 9712
f 9712 9711 1522
f 9712 1522 1512
f 9712 1512 9709
f 9709 1512 1521
f 9708 9707 9712
f 9708 9712 9709
f 4962 8794 4964
f 4964 8794 8781
f 4964 8781 9704
f 9704 8781 9713
f 9704 9713 9705
f 9705 9713 9714
f 9705 9714 9706
f 9706 9714 9715
f 9706 9715 9710
f 9710 9715 9716
f 9710 9716 9717
f 8794 4962 8796
f 8796 4962 4960
f 8796 4960 4956
f 8796 4956 8798
f 8798 4956 4954
f 8798 4954 8800
f 8800 4954 4928
f 8800 4928 8802
f 8802 4928 4930
f 8802 4930 4971
f 9710 9717 9718
f 9718 9717 9719
f 9718 9719 9720
f 9720 9719 9721
f 9720 9721 9722
f 8780 9723 8781
f 8781 9723 9724
f 8781 9724 9713
f 9713 9724 9725
f 9713 9725 9714
f 9714 9725 9715
f 9715 9725 9726
f 9715 9726 9716
f 9723 8780 9727
f 9727 8780 827
f 9727 827 823
f 9727 823 9728
f 9728 823 821
f 9728 821 9729
f 9729 821 421
f 9729 421 9726
f 9726 9725 9729
f 9729 9725 9724
f 9729 9724 9728
f 9728 9724 9723
f 9728 9723 9727
f 1487 8823 1489
f 1489 8823 9730
f 1489 9730 9731
f 9731 9730 9732
f 9731 9732 9733
f 9733 9732 8850
f 9733 8850 8851
f 9730 8823 9732
f 9732 8823 8842
f 9732 8842 8850
f 8852 9734 8851
f 8851 9734 9735
f 8851 9735 9733
f 9733 9735 9736
f 9733 9736 9731
f 9731 9736 1489
f 8853 9737 8852
f 8852 9737 9734
f 9734 9737 9738
f 9738 9737 1493
f 9738 1493 1491
f 9738 1491 9736
f 9736 1491 1489
f 9735 9734 9738
f 9735 9738 9736
f 1475 8950 1477
f 1477 8950 9739
f 1477 9739 9740
f 9740 9739 9741
f 9740 9741 9742
f 9742 9741 8977
f 9742 8977 8978
f 9739 8950 9741
f 9741 8950 8969
f 9741 8969 8977
f 8979 9743 8978
f 8978 9743 9744
f 8978 9744 9742
f 9742 9744 9745
f 9742 9745 9740
f 9740 9745 1477
f 8980 9746 8979
f 8979 9746 9743
f 9743 9746 9747
f 9747 9746 1481
f 9747 1481 1479
f 9747 1479 9745
f 9745 1479 1477
f 9744 9743 9747
f 9744 9747 9745
f 9097 5310 9098
f 9098 5310 5339
f 9098 5339 9115
f 9115 5339 5341
f 9115 5341 9116
f 9116 5341 5342
f 9116 5342 9117
f 9117 5342 5344
f 9117 5344 9121
f 9121 5344 9748
f 9121 9748 9749
f 9749 9748 9750
f 9749 9750 9751
f 9751 9750 9752
f 9751 9752 9753
f 9093 5313 9097
f 9097 5313 5312
f 9097 5312 5310
f 9093 9090 5313
f 5313 9090 5321
f 5321 9090 9088
f 5321 9088 5326
f 5326 9088 9062
f 5326 9062 5330
f 5330 9062 9064
f 5330 9064 5332
f 9269 9754 1230
f 1230 9754 9755
f 1230 9755 2013
f 2013 9755 9756
f 2013 9756 9757
f 9757 9756 9758
f 9757 9758 9759
f 9759 9758 9760
f 9759 9760 9761
f 9761 9760 9762
f 9761 9762 9763
f 9754 9269 9764
f 9764 9269 9271
f 9764 9271 9765
f 9765 9271 9766
f 9765 9766 9767
f 9767 9766 9768
f 9767 9768 9769
f 9769 9768 9758
f 9769 9758 9756
f 9768 9766 9760
f 9760 9766 9762
f 9763 9770 9761
f 9761 9770 9771
f 9761 9771 9772
f 9772 9771 9773
f 9772 9773 9759
f 9759 9773 9757
f 9771 2020 9773
f 9773 2020 2018
f 9773 2018 9757
f 9757 2018 2013
f 9759 9761 9772
f 9755 9754 9764
f 9769 9756 9755
f 9769 9755 9764
f 9767 9769 9764
f 9765 9767 9764
f 9760 9758 9768
f 9270 9774 9271
f 9271 9774 9766
f 9766 9774 9775
f 9766 9775 9762
f 9762 9775 9776
f 9762 9776 9763
f 9763 9776 9777
f 9763 9777 9770
f 9770 9777 9778
f 9770 9778 9779
f 9779 9778 9780
f 9779 9780 9781
f 9781 9780 9782
f 9781 9782 9783
f 9268 9784 9270
f 9270 9784 9785
f 9270 9785 9774
f 9774 9785 9786
f 9774 9786 9775
f 9775 9786 9787
f 9775 9787 9776
f 9776 9787 9788
f 9776 9788 9777
f 9784 9268 9789
f 9789 9268 911
f 9789 911 907
f 906 9790 907
f 907 9790 9791
f 907 9791 9789
f 9789 9791 9784
f 9790 906 9792
f 9792 906 905
f 9792 905 9788
f 9788 9787 9792
f 9792 9787 9786
f 9792 9786 9790
f 9790 9786 9785
f 9790 9785 9791
f 9791 9785 9784
f 9348 9793 1239
f 1239 9793 9794
f 1239 9794 2002
f 2002 9794 9795
f 2002 9795 9796
f 9796 9795 9797
f 9796 9797 9798
f 9798 9797 9799
f 9798 9799 9800
f 9800 9799 9801
f 9800 9801 9802
f 9793 9348 9803
f 9803 9348 9350
f 9803 9350 9804
f 9804 9350 9805
f 9804 9805 9806
f 9806 9805 9807
f 9806 9807 9808
f 9808 9807 9797
f 9808 9797 9795
f 9807 9805 9799
f 9799 9805 9801
f 9802 9809 9800
f 9800 9809 9810
f 9800 9810 9811
f 9811 9810 9812
f 9811 9812 9798
f 9798 9812 9796
f 9810 2009 9812
f 9812 2009 2006
f 9812 2006 9796
f 9796 2006 2002
f 9798 9800 9811
f 9794 9793 9803
f 9808 9795 9794
f 9808 9794 9803
f 9806 9808 9803
f 9804 9806 9803
f 9799 9797 9807
f 9349 9813 9350
f 9350 9813 9805
f 9805 9813 9814
f 9805 9814 9801
f 9801 9814 9815
f 9801 9815 9802
f 9802 9815 9816
f 9802 9816 9809
f 9809 9816 9817
f 9809 9817 9818
f 9818 9817 9819
f 9818 9819 9820
f 9820 9819 9821
f 9820 9821 9822
f 9347 9823 9349
f 9349 9823 9824
f 9349 9824 9813
f 9813 9824 9825
f 9813 9825 9814
f 9814 9825 9826
f 9814 9826 9815
f 9815 9826 9827
f 9815 9827 9816
f 9823 9347 9828
f 9828 9347 924
f 9828 924 923
f 922 9829 923
f 923 9829 9830
f 923 9830 9828
f 9828 9830 9823
f 9829 922 9831
f 9831 922 921
f 9831 921 9827
f 9827 9826 9831
f 9831 9826 9825
f 9831 9825 9829
f 9829 9825 9824
f 9829 9824 9830
f 9830 9824 9823
f 9427 9832 1246
f 1246 9832 9833
f 1246 9833 1991
f 1991 9833 9834
f 1991 9834 9835
f 9835 9834 9836
f 9835 9836 9837
f 9837 9836 9838
f 9837 9838 9839
f 9839 9838 9840
f 9839 9840 9841
f 9832 9427 9842
f 9842 9427 9429
f 9842 9429 9843
f 9843 9429 9844
f 9843 9844 9845
f 9845 9844 9846
f 9845 9846 9847
f 9847 9846 9836
f 9847 9836 9834
f 9846 9844 9838
f 9838 9844 9840
f 9841 9848 9839
f 9839 9848 9849
f 9839 9849 9850
f 9850 9849 9851
f 9850 9851 9837
f 9837 9851 9835
f 9849 1998 9851
f 9851 1998 1995
f 9851 1995 9835
f 9835 1995 1991
f 9837 9839 9850
f 9833 9832 9842
f 9847 9834 9833
f 9847 9833 9842
f 9845 9847 9842
f 9843 9845 9842
f 9838 9836 9846
f 9428 9852 9429
f 9429 9852 9844
f 9844 9852 9853
f 9844 9853 9840
f 9840 9853 9854
f 9840 9854 9841
f 9841 9854 9855
f 9841 9855 9848
f 9848 9855 9856
f 9848 9856 9857
f 9857 9856 9858
f 9857 9858 9859
f 9859 9858 9860
f 9859 9860 9861
f 9426 9862 9428
f 9428 9862 9863
f 9428 9863 9852
f 9852 9863 9864
f 9852 9864 9853
f 9853 9864 9865
f 9853 9865 9854
f 9854 9865 9866
f 9854 9866 9855
f 9862 9426 9867
f 9867 9426 943
f 9867 943 939
f 938 9868 939
f 939 9868 9869
f 939 9869 9867
f 9867 9869 9862
f 9868 938 9870
f 9870 938 937
f 9870 937 9866
f 9866 9865 9870
f 9870 9865 9864
f 9870 9864 9868
f 9868 9864 9863
f 9868 9863 9869
f 9869 9863 9862
f 9506 9871 1253
f 1253 9871 9872
f 1253 9872 1980
f 1980 9872 9873
f 1980 9873 9874
f 9874 9873 9875
f 9874 9875 9876
f 9876 9875 9877
f 9876 9877 9878
f 9878 9877 9879
f 9878 9879 9880
f 9871 9506 9881
f 9881 9506 9508
f 9881 9508 9882
f 9882 9508 9883
f 9882 9883 9884
f 9884 9883 9885
f 9884 9885 9886
f 9886 9885 9875
f 9886 9875 9873
f 9885 9883 9877
f 9877 9883 9879
f 9880 9887 9878
f 9878 9887 9888
f 9878 9888 9889
f 9889 9888 9890
f 9889 9890 9876
f 9876 9890 9874
f 9887 9891 9888
f 9888 1987 9890
f 9890 1987 1984
f 9890 1984 9874
f 9874 1984 1980
f 9876 9878 9889
f 9872 9871 9881
f 9886 9873 9872
f 9886 9872 9881
f 9884 9886 9881
f 9882 9884 9881
f 9877 9875 9885
f 9508 9507 9883
f 9883 9507 9892
f 9883 9892 9879
f 9879 9892 9893
f 9879 9893 9880
f 9880 9893 9894
f 9880 9894 9895
f 9895 9887 9880
f 9505 9896 9507
f 9507 9896 9897
f 9507 9897 9892
f 9892 9897 9898
f 9892 9898 9893
f 9893 9898 9899
f 9893 9899 9894
f 9894 9899 9900
f 9894 9900 9895
f 9896 9505 9901
f 9901 9505 964
f 9901 964 961
f 954 9902 961
f 961 9902 9903
f 961 9903 9901
f 9901 9903 9896
f 9902 954 9904
f 9904 954 953
f 9904 953 9900
f 9900 9899 9904
f 9904 9899 9898
f 9904 9898 9902
f 9902 9898 9897
f 9902 9897 9903
f 9903 9897 9896
f 1272 3898 1274
f 1274 3898 9905
f 1274 9905 9906
f 9906 9905 9907
f 9906 9907 9908
f 9908 9907 9909
f 9908 9909 9910
f 9905 3898 9907
f 9907 3898 3917
f 9907 3917 9909
f 9911 9912 9910
f 9910 9912 9913
f 9910 9913 9908
f 9908 9913 9914
f 9908 9914 9906
f 9906 9914 1274
f 9912 9911 9915
f 9915 9911 9916
f 9915 9916 9917
f 9912 9915 9918
f 9918 9915 1278
f 9918 1278 1276
f 9918 1276 9914
f 9914 1276 1274
f 9913 9912 9918
f 9913 9918 9914
f 3915 7565 3917
f 3917 7565 7552
f 3917 7552 9909
f 9909 7552 7579
f 9909 7579 9910
f 9910 7579 7581
f 9910 7581 9911
f 9911 7581 7582
f 9911 7582 9916
f 9916 7582 7584
f 7565 3915 7567
f 7567 3915 3913
f 7567 3913 3909
f 7567 3909 7569
f 7569 3909 3907
f 7569 3907 7571
f 7571 3907 3882
f 7571 3882 7573
f 7573 3882 3881
f 7573 3881 3880
f 1973 3792 1975
f 1975 3792 9919
f 1975 9919 9920
f 9920 9919 9921
f 9920 9921 9922
f 9922 9921 9923
f 9922 9923 9924
f 9919 3792 9921
f 9921 3792 3811
f 9921 3811 9923
f 9925 9926 9924
f 9924 9926 9927
f 9924 9927 9922
f 9922 9927 9928
f 9922 9928 9920
f 9920 9928 1975
f 9926 9925 9929
f 9929 9925 3876
f 9929 3876 3878
f 9926 9929 9930
f 9930 9929 1979
f 9930 1979 1977
f 9930 1977 9928
f 9928 1977 1975
f 9927 9926 9930
f 9927 9930 9928
f 3809 7455 3811
f 3811 7455 7442
f 3811 7442 9923
f 9923 7442 7469
f 9923 7469 9924
f 9924 7469 7471
f 9924 7471 9925
f 9925 7471 7472
f 9925 7472 3876
f 3876 7472 7474
f 7455 3809 7457
f 7457 3809 3807
f 7457 3807 3803
f 7457 3803 7459
f 7459 3803 3801
f 7459 3801 7461
f 7461 3801 3776
f 7461 3776 7463
f 7463 3776 3775
f 7463 3775 3774
f 1956 3686 1958
f 1958 3686 9931
f 1958 9931 9932
f 9932 9931 9933
f 9932 9933 9934
f 9934 9933 9935
f 9934 9935 9936
f 9931 3686 9933
f 9933 3686 3705
f 9933 3705 9935
f 9937 9938 9936
f 9936 9938 9939
f 9936 9939 9934
f 9934 9939 9940
f 9934 9940 9932
f 9932 9940 1958
f 9938 9937 9941
f 9941 9937 3770
f 9941 3770 3772
f 9938 9941 9942
f 9942 9941 1962
f 9942 1962 1960
f 9942 1960 9940
f 9940 1960 1958
f 9939 9938 9942
f 9939 9942 9940
f 9935 3705 7332
f 7332 3705 3703
f 7332 3703 7345
f 7345 3703 3701
f 7345 3701 7347
f 7347 3701 3697
f 7347 3697 7349
f 7349 3697 3695
f 7349 3695 7351
f 7351 3695 3670
f 7351 3670 7353
f 7353 3670 3669
f 7353 3669 3668
f 7332 7359 9935
f 9935 7359 9936
f 9936 7359 7361
f 9936 7361 7362
f 9936 7362 9937
f 9937 7362 7364
f 9937 7364 3770
f 1940 3580 1942
f 1942 3580 9943
f 1942 9943 9944
f 9944 9943 9945
f 9944 9945 9946
f 9946 9945 9947
f 9946 9947 9948
f 9943 3580 9945
f 9945 3580 3599
f 9945 3599 9947
f 9949 9950 9948
f 9948 9950 9951
f 9948 9951 9946
f 9946 9951 9952
f 9946 9952 9944
f 9944 9952 1942
f 9950 9949 9953
f 9953 9949 3664
f 9953 3664 3666
f 9950 9953 9954
f 9954 9953 1946
f 9954 1946 1944
f 9954 1944 9952
f 9952 1944 1942
f 9951 9950 9954
f 9951 9954 9952
f 3597 7222 3599
f 3599 7222 7249
f 3599 7249 9947
f 9947 7249 7251
f 9947 7251 9948
f 9948 7251 7252
f 9948 7252 9949
f 9949 7252 7254
f 9949 7254 3664
f 7222 3597 7235
f 7235 3597 3595
f 7235 3595 7237
f 7237 3595 3591
f 7237 3591 7239
f 7239 3591 3589
f 7239 3589 7241
f 7241 3589 3564
f 7241 3564 7243
f 7243 3564 3563
f 7243 3563 3562
f 1924 3474 1926
f 1926 3474 9955
f 1926 9955 9956
f 9956 9955 9957
f 9956 9957 9958
f 9958 9957 9959
f 9958 9959 9960
f 9955 3474 9957
f 9957 3474 3493
f 9957 3493 9959
f 9961 9962 9960
f 9960 9962 9963
f 9960 9963 9958
f 9958 9963 9964
f 9958 9964 9956
f 9956 9964 1926
f 9962 9961 9965
f 9965 9961 3558
f 9965 3558 3560
f 9962 9965 9966
f 9966 9965 1930
f 9966 1930 1928
f 9966 1928 9964
f 9964 1928 1926
f 9963 9962 9966
f 9963 9966 9964
f 3491 7112 3493
f 3493 7112 7139
f 3493 7139 9959
f 9959 7139 7141
f 9959 7141 9960
f 9960 7141 7142
f 9960 7142 9961
f 9961 7142 7144
f 9961 7144 3558
f 7112 3491 7125
f 7125 3491 3489
f 7125 3489 7127
f 7127 3489 3485
f 7127 3485 7129
f 7129 3485 3483
f 7129 3483 7131
f 7131 3483 3458
f 7131 3458 7133
f 7133 3458 3457
f 7133 3457 3456
f 1907 7012 1909
f 1909 7012 9967
f 1909 9967 9968
f 9968 9967 9969
f 9968 9969 9970
f 9970 9969 9971
f 9970 9971 9972
f 9967 7012 9969
f 9969 7012 7031
f 9969 7031 9971
f 9973 9974 9972
f 9972 9974 9975
f 9972 9975 9970
f 9970 9975 9976
f 9970 9976 9968
f 9968 9976 1909
f 9974 9973 9977
f 9977 9973 3452
f 9977 3452 3454
f 9974 9977 9978
f 9978 9977 1913
f 9978 1913 1911
f 9978 1911 9976
f 9976 1911 1909
f 9975 9974 9978
f 9975 9978 9976
f 7030 3356 7031
f 7031 3356 3385
f 7031 3385 9971
f 9971 3385 3387
f 9971 3387 9972
f 9972 3387 3388
f 9972 3388 9973
f 9973 3388 3390
f 9973 3390 3452
f 3356 7030 3358
f 3358 7030 7026
f 3358 7026 3359
f 3359 7026 7023
f 3359 7023 3367
f 3367 7023 7021
f 3367 7021 3372
f 3372 7021 6996
f 3372 6996 3376
f 3376 6996 6994
f 3376 6994 3378
f 1885 6890 1887
f 1887 6890 9979
f 1887 9979 9980
f 9980 9979 9981
f 9980 9981 9982
f 9982 9981 9983
f 9982 9983 9984
f 9979 6890 9981
f 9981 6890 6909
f 9981 6909 9983
f 9985 9986 9984
f 9984 9986 9987
f 9984 9987 9982
f 9982 9987 9988
f 9982 9988 9980
f 9980 9988 1887
f 9986 9985 9989
f 9989 9985 9990
f 9989 9990 9991
f 9986 9989 9992
f 9992 9989 1891
f 9992 1891 1889
f 9992 1889 9988
f 9988 1889 1887
f 9987 9986 9992
f 9987 9992 9988
f 6908 3233 6909
f 6909 3233 3262
f 6909 3262 9983
f 9983 3262 3264
f 9983 3264 9984
f 9984 3264 3265
f 9984 3265 9985
f 9985 3265 3267
f 9985 3267 9990
f 3233 6908 3235
f 3235 6908 6904
f 3235 6904 3236
f 3236 6904 6901
f 3236 6901 3244
f 3244 6901 6899
f 3244 6899 3249
f 3249 6899 6873
f 3249 6873 3253
f 3253 6873 6875
f 3253 6875 3255
f 1863 6753 1865
f 1865 6753 9993
f 1865 9993 9994
f 9994 9993 9995
f 9994 9995 9996
f 9996 9995 9997
f 9996 9997 9998
f 9993 6753 9995
f 9995 6753 6772
f 9995 6772 9997
f 9999 10000 9998
f 9998 10000 10001
f 9998 10001 9996
f 9996 10001 10002
f 9996 10002 9994
f 9994 10002 1865
f 10000 9999 10003
f 10003 9999 10004
f 10003 10004 10005
f 10000 10003 10006
f 10006 10003 1869
f 10006 1869 1867
f 10006 1867 10002
f 10002 1867 1865
f 10001 10000 10006
f 10001 10006 10002
f 6771 3111 6772
f 6772 3111 3138
f 6772 3138 9997
f 9997 3138 3140
f 9997 3140 9998
f 9998 3140 3141
f 9998 3141 9999
f 9999 3141 3143
f 9999 3143 10004
f 3111 6771 3113
f 3113 6771 6767
f 3113 6767 3114
f 3114 6767 6764
f 3114 6764 3122
f 3122 6764 6762
f 3122 6762 3127
f 3127 6762 6737
f 3127 6737 3131
f 3131 6737 3093
f 3131 3093 3092
f 1841 2176 1843
f 1843 2176 10007
f 1843 10007 10008
f 10008 10007 10009
f 10008 10009 10010
f 10010 10009 10011
f 10010 10011 10012
f 10007 2176 10009
f 10009 2176 2195
f 10009 2195 10011
f 10013 10014 10012
f 10012 10014 10015
f 10012 10015 10010
f 10010 10015 10016
f 10010 10016 10008
f 10008 10016 1843
f 10014 10013 10017
f 10017 10013 10018
f 10017 10018 10019
f 10014 10017 10020
f 10020 10017 1847
f 10020 1847 1845
f 10020 1845 10016
f 10016 1845 1843
f 10015 10014 10020
f 10015 10020 10016
f 2193 5828 2195
f 2195 5828 5815
f 2195 5815 10011
f 10011 5815 5842
f 10011 5842 10012
f 10012 5842 5844
f 10012 5844 10013
f 10013 5844 5845
f 10013 5845 10018
f 10018 5845 5847
f 2193 2191 5828
f 5828 2191 5830
f 5830 2191 2187
f 5830 2187 5832
f 5832 2187 2185
f 5832 2185 5834
f 5834 2185 2160
f 5834 2160 5836
f 5836 2160 2159
f 5836 2159 2158
f 1820 5704 1822
f 1822 5704 10021
f 1822 10021 10022
f 10022 10021 10023
f 10022 10023 10024
f 10024 10023 10025
f 10024 10025 10026
f 10021 5704 10023
f 10023 5704 5723
f 10023 5723 10025
f 10027 10028 10026
f 10026 10028 10029
f 10026 10029 10024
f 10024 10029 10030
f 10024 10030 10022
f 10022 10030 1822
f 10028 10027 10031
f 10031 10027 2155
f 10031 2155 2156
f 10028 10031 10032
f 10032 10031 1826
f 10032 1826 1824
f 10032 1824 10030
f 10030 1824 1822
f 10029 10028 10032
f 10029 10032 10030
f 5722 2221 5723
f 5723 2221 2219
f 5723 2219 10025
f 10025 2219 5732
f 10025 5732 10026
f 10026 5732 5734
f 10026 5734 10027
f 10027 5734 5735
f 10027 5735 2155
f 2155 5735 5737
f 2221 5722 2222
f 2222 5722 5718
f 2222 5718 2230
f 2230 5718 5715
f 2230 5715 5713
f 2230 5713 2235
f 2235 5713 5688
f 2235 5688 2239
f 2239 5688 2250
f 2239 2250 2241
f 1796 5976 1798
f 1798 5976 10033
f 1798 10033 10034
f 10034 10033 10035
f 10034 10035 10036
f 10036 10035 10037
f 10036 10037 10038
f 10033 5976 10035
f 10035 5976 5995
f 10035 5995 10037
f 10039 10040 10038
f 10038 10040 10041
f 10038 10041 10036
f 10036 10041 10042
f 10036 10042 10034
f 10034 10042 1798
f 10040 10039 10043
f 10043 10039 10044
f 10043 10044 10045
f 10040 10043 10046
f 10046 10043 1802
f 10046 1802 1800
f 10046 1800 10042
f 10042 1800 1798
f 10041 10040 10046
f 10041 10046 10042
f 5994 2312 5995
f 5995 2312 2310
f 5995 2310 10037
f 10037 2310 6004
f 10037 6004 10038
f 10038 6004 6006
f 10038 6006 10039
f 10039 6006 6007
f 10039 6007 10044
f 10044 6007 6009
f 2312 5994 2313
f 2313 5994 5990
f 2313 5990 2321
f 2321 5990 5987
f 2321 5987 5985
f 2321 5985 2326
f 2326 5985 5960
f 2326 5960 2330
f 2330 5960 2341
f 2330 2341 2332
f 1324 2401 1323
f 1323 2401 10047
f 1323 10047 10048
f 10048 10047 10049
f 10048 10049 10050
f 10050 10049 10051
f 10050 10051 10052
f 10047 2401 10049
f 10049 2401 2420
f 10049 2420 10051
f 10053 10054 10052
f 10052 10054 10055
f 10052 10055 10050
f 10050 10055 10056
f 10050 10056 10048
f 10048 10056 1323
f 10054 10053 10057
f 10057 10053 10058
f 10057 10058 10059
f 10054 10057 10060
f 10060 10057 1773
f 10060 1773 1313
f 10060 1313 10056
f 10056 1313 1323
f 10055 10054 10060
f 10055 10060 10056
f 2418 6100 2420
f 2420 6100 6127
f 2420 6127 10051
f 10051 6127 6129
f 10051 6129 10052
f 10052 6129 6130
f 10052 6130 10053
f 10053 6130 6132
f 10053 6132 10058
f 6100 2418 6113
f 6113 2418 2416
f 6113 2416 6115
f 6115 2416 2412
f 6115 2412 6117
f 6117 2412 2410
f 6117 2410 6119
f 6119 2410 2384
f 6119 2384 6121
f 6121 2384 2386
f 6121 2386 2427
f 1765 6153 1767
f 1767 6153 10061
f 1767 10061 10062
f 10062 10061 10063
f 10062 10063 10064
f 10064 10063 6180
f 10064 6180 6181
f 10061 6153 10063
f 10063 6153 6172
f 10063 6172 6180
f 6182 10065 6181
f 6181 10065 10066
f 6181 10066 10064
f 10064 10066 10067
f 10064 10067 10062
f 10062 10067 1767
f 10065 6182 10068
f 10068 6182 6183
f 10068 6183 10069
f 10065 10068 10070
f 10070 10068 1771
f 10070 1771 1769
f 10070 1769 10067
f 10067 1769 1767
f 10066 10065 10070
f 10066 10070 10067
f 6371 10071 581
f 581 10071 10072
f 581 10072 568
f 568 10072 10073
f 568 10073 582
f 582 10073 583
f 583 10073 10074
f 10074 10073 10075
f 10074 10075 10076
f 10076 10075 10077
f 10076 10077 10078
f 10078 10077 10079
f 10078 10079 10080
f 10080 10079 6371
f 10080 6371 10081
f 10081 6371 6370
f 10081 6370 10082
f 10082 6370 10083
f 10082 10083 10084
f 10084 10083 10085
f 10084 10085 10086
f 10086 10085 10087
f 10086 10087 10088
f 10088 10087 10074
f 10088 10074 10076
f 6371 10079 10071
f 10071 10079 10077
f 10071 10077 10072
f 10072 10077 10075
f 10072 10075 10073
f 10088 10076 10078
f 10078 10080 10089
f 10089 10080 10081
f 10089 10081 10084
f 10084 10081 10082
f 10089 10084 10086
f 10078 10089 10088
f 10088 10089 10086
f 6395 2795 6393
f 6393 2795 2803
f 6393 2803 6370
f 6370 2803 2801
f 6370 2801 10083
f 10083 2801 2810
f 10083 2810 2829
f 2795 6395 2797
f 2797 6395 6422
f 2797 6422 2804
f 2804 6422 6418
f 2804 6418 2773
f 2773 6418 6416
f 2773 6416 2767
f 2773 2767 2771
f 2771 2767 2766
f 2771 2766 2765
f 2765 2761 2771
f 10083 2829 10085
f 10085 2829 2828
f 10085 2828 10087
f 10087 2828 2821
f 10087 2821 10090
f 10087 10090 9535
f 9535 10090 10091
f 9535 10091 9536
f 2750 6441 2752
f 2752 6441 6468
f 2752 6468 10092
f 10092 6468 6470
f 10092 6470 10093
f 10093 6470 6471
f 10093 6471 10094
f 10094 6471 6473
f 10094 6473 10095
f 6441 2750 6454
f 6454 2750 2748
f 6454 2748 6456
f 6456 2748 2744
f 6456 2744 6458
f 6458 2744 2742
f 6458 2742 6460
f 6460 2742 2716
f 6460 2716 6462
f 6462 2716 2718
f 6462 2718 2759
f 2759 2760 6462
f 6473 10096 10095
f 10095 10096 10097
f 10095 10097 10098
f 10098 10097 561
f 10098 561 10099
f 10099 561 10100
f 10099 10100 10095
f 10095 10100 10101
f 6473 6472 10096
f 10096 6472 561
f 10096 561 10097
f 6472 562 561
f 10099 10095 10098
f 2676 10102 554
f 554 10102 10103
f 554 10103 543
f 543 10103 10104
f 543 10104 560
f 560 10104 561
f 561 10104 10100
f 10100 10104 10105
f 10100 10105 10106
f 10106 10105 10107
f 10106 10107 10108
f 10108 10107 10109
f 10108 10109 10110
f 10110 10109 2676
f 10110 2676 10111
f 10111 2676 2712
f 10111 2712 10112
f 10112 2712 10113
f 10112 10113 10114
f 10114 10113 10115
f 10114 10115 10116
f 10116 10115 10101
f 10116 10101 10117
f 10117 10101 10100
f 10117 10100 10106
f 2676 10109 10102
f 10102 10109 10107
f 10102 10107 10103
f 10103 10107 10105
f 10103 10105 10104
f 10117 10106 10108
f 10108 10110 10118
f 10118 10110 10111
f 10118 10111 10114
f 10114 10111 10112
f 10118 10114 10116
f 10108 10118 10117
f 10117 10118 10116
f 9538 10119 9535
f 9535 10119 10120
f 9535 10120 10121
f 10121 10120 583
f 10121 583 10122
f 10122 583 10074
f 10122 10074 9535
f 9535 10074 10087
f 9538 6568 10119
f 10119 6568 6567
f 10119 6567 583
f 583 6567 584
f 583 10120 10119
f 10122 9535 10121
f 9556 9554 10123
f 10123 9554 9552
f 10123 9552 10124
f 10124 9552 10125
f 10124 10125 605
f 605 10125 10126
f 605 10126 10127
f 10127 10126 6691
f 10127 6691 6690
f 10125 9552 10126
f 10126 9552 6691
f 606 605 6690
f 6690 605 10127
f 605 10123 10124
f 2887 10128 598
f 598 10128 10129
f 598 10129 587
f 587 10129 10130
f 587 10130 604
f 604 10130 605
f 605 10130 10123
f 10123 10130 10131
f 10123 10131 10132
f 10132 10131 10133
f 10132 10133 10134
f 10134 10133 10135
f 10134 10135 10136
f 10136 10135 2887
f 10136 2887 10137
f 10137 2887 2923
f 10137 2923 10138
f 10138 2923 10139
f 10138 10139 10140
f 10140 10139 10141
f 10140 10141 10142
f 10142 10141 9557
f 10142 9557 10143
f 10143 9557 10123
f 10143 10123 10132
f 9557 9556 10123
f 2887 10135 10128
f 10128 10135 10133
f 10128 10133 10129
f 10129 10133 10131
f 10129 10131 10130
f 10143 10132 10134
f 10134 10136 10144
f 10144 10136 10137
f 10144 10137 10140
f 10140 10137 10138
f 10144 10140 10142
f 10134 10144 10143
f 10143 10144 10142
f 9579 9577 10145
f 10145 9577 9575
f 10145 9575 10146
f 10146 9575 10147
f 10146 10147 609
f 609 10147 10148
f 609 10148 10149
f 10149 10148 9574
f 10149 9574 9584
f 10147 9575 10148
f 10148 9575 9574
f 628 609 9584
f 9584 609 10149
f 609 10145 10146
f 6589 10150 622
f 622 10150 10151
f 622 10151 610
f 610 10151 10152
f 610 10152 608
f 608 10152 609
f 609 10152 10145
f 10145 10152 10153
f 10145 10153 10154
f 10154 10153 10155
f 10154 10155 10156
f 10156 10155 10157
f 10156 10157 10158
f 10158 10157 6589
f 10158 6589 10159
f 10159 6589 6588
f 10159 6588 10160
f 10160 6588 10161
f 10160 10161 10162
f 10162 10161 10163
f 10162 10163 10164
f 10164 10163 9580
f 10164 9580 10165
f 10165 9580 10145
f 10165 10145 10154
f 9580 9579 10145
f 6589 10157 10150
f 10150 10157 10155
f 10150 10155 10151
f 10151 10155 10153
f 10151 10153 10152
f 10165 10154 10156
f 10156 10158 10166
f 10166 10158 10159
f 10166 10159 10162
f 10162 10159 10160
f 10166 10162 10164
f 10156 10166 10165
f 10165 10166 10164
f 9605 9603 10167
f 10167 9603 9601
f 10167 9601 10168
f 10168 9601 10169
f 10168 10169 633
f 633 10169 10170
f 633 10170 10171
f 10171 10170 4141
f 10171 4141 4140
f 10169 9601 10170
f 10170 9601 4141
f 650 633 4140
f 4140 633 10171
f 633 10167 10168
f 7647 10172 649
f 649 10172 10173
f 649 10173 631
f 631 10173 10174
f 631 10174 632
f 632 10174 633
f 633 10174 10167
f 10167 10174 10175
f 10167 10175 10176
f 10176 10175 10177
f 10176 10177 10178
f 10178 10177 10179
f 10178 10179 10180
f 10180 10179 7647
f 10180 7647 10181
f 10181 7647 7646
f 10181 7646 10182
f 10182 7646 10183
f 10182 10183 10184
f 10184 10183 10185
f 10184 10185 10186
f 10186 10185 9606
f 10186 9606 10187
f 10187 9606 10167
f 10187 10167 10176
f 9606 9605 10167
f 7647 10179 10172
f 10172 10179 10177
f 10172 10177 10173
f 10173 10177 10175
f 10173 10175 10174
f 10187 10176 10178
f 10178 10180 10188
f 10188 10180 10181
f 10188 10181 10184
f 10184 10181 10182
f 10188 10184 10186
f 10178 10188 10187
f 10187 10188 10186
f 9624 9622 10189
f 10189 9622 9620
f 10189 9620 10190
f 10190 9620 10191
f 10190 10191 671
f 671 10191 10192
f 671 10192 10193
f 10193 10192 7858
f 10193 7858 7857
f 10191 9620 10192
f 10192 9620 7858
f 672 671 7857
f 7857 671 10193
f 671 10189 10190
f 4045 10194 665
f 665 10194 10195
f 665 10195 653
f 653 10195 10196
f 653 10196 652
f 652 10196 671
f 671 10196 10189
f 10189 10196 10197
f 10189 10197 10198
f 10198 10197 10199
f 10198 10199 10200
f 10200 10199 10201
f 10200 10201 10202
f 10202 10201 4045
f 10202 4045 10203
f 10203 4045 4082
f 10203 4082 10204
f 10204 4082 10205
f 10204 10205 10206
f 10206 10205 10207
f 10206 10207 10208
f 10208 10207 9625
f 10208 9625 10209
f 10209 9625 10189
f 10209 10189 10198
f 9625 9624 10189
f 4045 10201 10194
f 10194 10201 10199
f 10194 10199 10195
f 10195 10199 10197
f 10195 10197 10196
f 10209 10198 10200
f 10200 10202 10210
f 10210 10202 10203
f 10210 10203 10206
f 10206 10203 10204
f 10210 10206 10208
f 10200 10210 10209
f 10209 10210 10208
f 9643 9641 10211
f 10211 9641 9639
f 10211 9639 10212
f 10212 9639 10213
f 10212 10213 693
f 693 10213 10214
f 693 10214 10215
f 10215 10214 8048
f 10215 8048 8047
f 10213 9639 10214
f 10214 9639 8048
f 694 693 8047
f 8047 693 10215
f 693 10211 10212
f 4196 10216 691
f 691 10216 10217
f 691 10217 678
f 678 10217 10218
f 678 10218 692
f 692 10218 693
f 693 10218 10211
f 10211 10218 10219
f 10211 10219 10220
f 10220 10219 10221
f 10220 10221 10222
f 10222 10221 10223
f 10222 10223 10224
f 10224 10223 4196
f 10224 4196 10225
f 10225 4196 4232
f 10225 4232 10226
f 10226 4232 10227
f 10226 10227 10228
f 10228 10227 10229
f 10228 10229 10230
f 10230 10229 9644
f 10230 9644 10231
f 10231 9644 10211
f 10231 10211 10220
f 9644 9643 10211
f 4196 10223 10216
f 10216 10223 10221
f 10216 10221 10217
f 10217 10221 10219
f 10217 10219 10218
f 10231 10220 10222
f 10222 10224 10232
f 10232 10224 10225
f 10232 10225 10228
f 10228 10225 10226
f 10232 10228 10230
f 10222 10232 10231
f 10231 10232 10230
f 4386 4384 10233
f 10233 4384 4382
f 10233 4382 10234
f 10234 4382 10235
f 10234 10235 715
f 715 10235 10236
f 715 10236 10237
f 10237 10236 4380
f 10237 4380 8091
f 10235 4382 10236
f 10236 4382 4380
f 716 715 8091
f 8091 715 10237
f 715 10233 10234
f 7946 10238 708
f 708 10238 10239
f 708 10239 697
f 697 10239 10240
f 697 10240 714
f 714 10240 715
f 715 10240 10233
f 10233 10240 10241
f 10233 10241 10242
f 10242 10241 10243
f 10242 10243 10244
f 10244 10243 10245
f 10244 10245 10246
f 10246 10245 7946
f 10246 7946 10247
f 10247 7946 7945
f 10247 7945 10248
f 10248 7945 10249
f 10248 10249 10250
f 10250 10249 10251
f 10250 10251 10252
f 10252 10251 4387
f 10252 4387 10253
f 10253 4387 10233
f 10253 10233 10242
f 4387 4386 10233
f 7946 10245 10238
f 10238 10245 10243
f 10238 10243 10239
f 10239 10243 10241
f 10239 10241 10240
f 10253 10242 10244
f 10244 10246 10254
f 10254 10246 10247
f 10254 10247 10250
f 10250 10247 10248
f 10254 10250 10252
f 10244 10254 10253
f 10253 10254 10252
f 9671 9669 10255
f 10255 9669 9667
f 10255 9667 10256
f 10256 9667 10257
f 10256 10257 737
f 737 10257 10258
f 737 10258 10259
f 10259 10258 8281
f 10259 8281 8280
f 10257 9667 10258
f 10258 9667 8281
f 738 737 8280
f 8280 737 10259
f 737 10255 10256
f 4400 10260 730
f 730 10260 10261
f 730 10261 719
f 719 10261 10262
f 719 10262 736
f 736 10262 737
f 737 10262 10255
f 10255 10262 10263
f 10255 10263 10264
f 10264 10263 10265
f 10264 10265 10266
f 10266 10265 10267
f 10266 10267 10268
f 10268 10267 4400
f 10268 4400 10269
f 10269 4400 4436
f 10269 4436 10270
f 10270 4436 10271
f 10270 10271 10272
f 10272 10271 10273
f 10272 10273 10274
f 10274 10273 9672
f 10274 9672 10275
f 10275 9672 10255
f 10275 10255 10264
f 9672 9671 10255
f 4400 10267 10260
f 10260 10267 10265
f 10260 10265 10261
f 10261 10265 10263
f 10261 10263 10262
f 10275 10264 10266
f 10266 10268 10276
f 10276 10268 10269
f 10276 10269 10272
f 10272 10269 10270
f 10276 10272 10274
f 10266 10276 10275
f 10275 10276 10274
f 8337 8335 10277
f 10277 8335 8333
f 10277 8333 10278
f 10278 8333 10279
f 10278 10279 759
f 759 10279 10280
f 759 10280 10281
f 10281 10280 4610
f 10281 4610 4609
f 10279 8333 10280
f 10280 8333 4610
f 760 759 4609
f 4609 759 10281
f 759 10277 10278
f 8179 10282 757
f 757 10282 10283
f 757 10283 744
f 744 10283 10284
f 744 10284 758
f 758 10284 759
f 759 10284 10277
f 10277 10284 10285
f 10277 10285 10286
f 10286 10285 10287
f 10286 10287 10288
f 10288 10287 10289
f 10288 10289 10290
f 10290 10289 8179
f 10290 8179 10291
f 10291 8179 8178
f 10291 8178 10292
f 10292 8178 10293
f 10292 10293 10294
f 10294 10293 10295
f 10294 10295 10296
f 10296 10295 8338
f 10296 8338 10297
f 10297 8338 10277
f 10297 10277 10286
f 8338 8337 10277
f 8179 10289 10282
f 10282 10289 10287
f 10282 10287 10283
f 10283 10287 10285
f 10283 10285 10284
f 10297 10286 10288
f 10288 10290 10298
f 10298 10290 10291
f 10298 10291 10294
f 10294 10291 10292
f 10298 10294 10296
f 10288 10298 10297
f 10297 10298 10296
f 8466 8464 10299
f 10299 8464 8462
f 10299 8462 10300
f 10300 8462 10301
f 10300 10301 781
f 781 10301 10302
f 781 10302 10303
f 10303 10302 4733
f 10303 4733 4732
f 10301 8462 10302
f 10302 8462 4733
f 782 781 4732
f 4732 781 10303
f 781 10299 10300
f 8361 10304 774
f 774 10304 10305
f 774 10305 763
f 763 10305 10306
f 763 10306 780
f 780 10306 781
f 781 10306 10299
f 10299 10306 10307
f 10299 10307 10308
f 10308 10307 10309
f 10308 10309 10310
f 10310 10309 10311
f 10310 10311 10312
f 10312 10311 8361
f 10312 8361 10313
f 10313 8361 8360
f 10313 8360 10314
f 10314 8360 10315
f 10314 10315 10316
f 10316 10315 10317
f 10316 10317 10318
f 10318 10317 8467
f 10318 8467 10319
f 10319 8467 10299
f 10319 10299 10308
f 8467 8466 10299
f 8361 10311 10304
f 10304 10311 10309
f 10304 10309 10305
f 10305 10309 10307
f 10305 10307 10306
f 10319 10308 10310
f 10310 10312 10320
f 10320 10312 10313
f 10320 10313 10316
f 10316 10313 10314
f 10320 10316 10318
f 10310 10320 10319
f 10319 10320 10318
f 8595 8593 10321
f 10321 8593 8591
f 10321 8591 10322
f 10322 8591 10323
f 10322 10323 803
f 803 10323 10324
f 803 10324 10325
f 10325 10324 4856
f 10325 4856 4855
f 10323 8591 10324
f 10324 8591 4856
f 429 803 4855
f 4855 803 10325
f 803 10321 10322
f 8490 10326 797
f 797 10326 10327
f 797 10327 786
f 786 10327 10328
f 786 10328 784
f 784 10328 803
f 803 10328 10321
f 10321 10328 10329
f 10321 10329 10330
f 10330 10329 10331
f 10330 10331 10332
f 10332 10331 10333
f 10332 10333 10334
f 10334 10333 8490
f 10334 8490 10335
f 10335 8490 8489
f 10335 8489 10336
f 10336 8489 10337
f 10336 10337 10338
f 10338 10337 10339
f 10338 10339 10340
f 10340 10339 8596
f 10340 8596 10341
f 10341 8596 10321
f 10341 10321 10330
f 8596 8595 10321
f 8490 10333 10326
f 10326 10333 10331
f 10326 10331 10327
f 10327 10331 10329
f 10327 10329 10328
f 10341 10330 10332
f 10332 10334 10342
f 10342 10334 10335
f 10342 10335 10338
f 10338 10335 10336
f 10342 10338 10340
f 10332 10342 10341
f 10341 10342 10340
f 9721 9719 10343
f 10343 9719 9717
f 10343 9717 10344
f 10344 9717 10345
f 10344 10345 425
f 425 10345 10346
f 425 10346 10347
f 10347 10346 9716
f 10347 9716 9726
f 10345 9717 10346
f 10346 9717 9716
f 421 425 9726
f 9726 425 10347
f 425 10343 10344
f 8619 10348 815
f 815 10348 10349
f 815 10349 807
f 807 10349 10350
f 807 10350 426
f 426 10350 425
f 425 10350 10343
f 10343 10350 10351
f 10343 10351 10352
f 10352 10351 10353
f 10352 10353 10354
f 10354 10353 10355
f 10354 10355 10356
f 10356 10355 8619
f 10356 8619 10357
f 10357 8619 8618
f 10357 8618 10358
f 10358 8618 10359
f 10358 10359 10360
f 10360 10359 10361
f 10360 10361 10362
f 10362 10361 9722
f 10362 9722 10363
f 10363 9722 10343
f 10363 10343 10352
f 9722 9721 10343
f 8619 10355 10348
f 10348 10355 10353
f 10348 10353 10349
f 10349 10353 10351
f 10349 10351 10350
f 10363 10352 10354
f 10354 10356 10364
f 10364 10356 10357
f 10364 10357 10360
f 10360 10357 10358
f 10364 10360 10362
f 10354 10364 10363
f 10363 10364 10362
f 8762 8856 8747
f 8747 8856 8854
f 8747 8854 10365
f 10365 8854 10366
f 10365 10366 422
f 422 10366 10367
f 422 10367 10368
f 10368 10367 5098
f 10368 5098 5097
f 10366 8854 10367
f 10367 8854 5098
f 423 422 5097
f 5097 422 10368
f 422 8747 10365
f 8985 8983 10369
f 10369 8983 8981
f 10369 8981 10370
f 10370 8981 10371
f 10370 10371 860
f 860 10371 10372
f 860 10372 10373
f 10373 10372 5221
f 10373 5221 5220
f 10371 8981 10372
f 10372 8981 5221
f 861 860 5220
f 5220 860 10373
f 860 10369 10370
f 8880 10374 854
f 854 10374 10375
f 854 10375 842
f 842 10375 10376
f 842 10376 843
f 843 10376 860
f 860 10376 10369
f 10369 10376 10377
f 10369 10377 10378
f 10378 10377 10379
f 10378 10379 10380
f 10380 10379 10381
f 10380 10381 10382
f 10382 10381 8880
f 10382 8880 10383
f 10383 8880 8879
f 10383 8879 10384
f 10384 8879 10385
f 10384 10385 10386
f 10386 10385 10387
f 10386 10387 10388
f 10388 10387 8986
f 10388 8986 10389
f 10389 8986 10369
f 10389 10369 10378
f 8986 8985 10369
f 8880 10381 10374
f 10374 10381 10379
f 10374 10379 10375
f 10375 10379 10377
f 10375 10377 10376
f 10389 10378 10380
f 10380 10382 10390
f 10390 10382 10383
f 10390 10383 10386
f 10386 10383 10384
f 10390 10386 10388
f 10380 10390 10389
f 10389 10390 10388
f 9752 9750 10391
f 10391 9750 9748
f 10391 9748 10392
f 10392 9748 10393
f 10392 10393 882
f 882 10393 10394
f 882 10394 10395
f 10395 10394 5344
f 10395 5344 5343
f 10393 9748 10394
f 10394 9748 5344
f 883 882 5343
f 5343 882 10395
f 882 10391 10392
f 9009 10396 875
f 875 10396 10397
f 875 10397 873
f 873 10397 10398
f 873 10398 881
f 881 10398 882
f 882 10398 10391
f 10391 10398 10399
f 10391 10399 10400
f 10400 10399 10401
f 10400 10401 10402
f 10402 10401 10403
f 10402 10403 10404
f 10404 10403 9009
f 10404 9009 10405
f 10405 9009 9008
f 10405 9008 10406
f 10406 9008 10407
f 10406 10407 10408
f 10408 10407 10409
f 10408 10409 10410
f 10410 10409 9753
f 10410 9753 10411
f 10411 9753 10391
f 10411 10391 10400
f 9753 9752 10391
f 9009 10403 10396
f 10396 10403 10401
f 10396 10401 10397
f 10397 10401 10399
f 10397 10399 10398
f 10411 10400 10402
f 10402 10404 10412
f 10412 10404 10405
f 10412 10405 10408
f 10408 10405 10406
f 10412 10408 10410
f 10402 10412 10411
f 10411 10412 10410
f 9782 9780 10413
f 10413 9780 9778
f 10413 9778 10414
f 10414 9778 10415
f 10414 10415 904
f 904 10415 10416
f 904 10416 10417
f 10417 10416 9777
f 10417 9777 9788
f 10415 9778 10416
f 10416 9778 9777
f 905 904 9788
f 9788 904 10417
f 904 10413 10414
f 9141 10418 897
f 897 10418 10419
f 897 10419 886
f 886 10419 10420
f 886 10420 903
f 903 10420 904
f 904 10420 10413
f 10413 10420 10421
f 10413 10421 10422
f 10422 10421 10423
f 10422 10423 10424
f 10424 10423 10425
f 10424 10425 10426
f 10426 10425 9141
f 10426 9141 10427
f 10427 9141 9140
f 10427 9140 10428
f 10428 9140 10429
f 10428 10429 10430
f 10430 10429 10431
f 10430 10431 10432
f 10432 10431 9783
f 10432 9783 10433
f 10433 9783 10413
f 10433 10413 10422
f 9783 9782 10413
f 9141 10425 10418
f 10418 10425 10423
f 10418 10423 10419
f 10419 10423 10421
f 10419 10421 10420
f 10433 10422 10424
f 10424 10426 10434
f 10434 10426 10427
f 10434 10427 10430
f 10430 10427 10428
f 10434 10430 10432
f 10424 10434 10433
f 10433 10434 10432
f 9821 9819 10435
f 10435 9819 9817
f 10435 9817 10436
f 10436 9817 10437
f 10436 10437 920
f 920 10437 10438
f 920 10438 10439
f 10439 10438 9816
f 10439 9816 9827
f 10437 9817 10438
f 10438 9817 9816
f 921 920 9827
f 9827 920 10439
f 920 10435 10436
f 9212 10440 913
f 913 10440 10441
f 913 10441 908
f 908 10441 10442
f 908 10442 919
f 919 10442 920
f 920 10442 10435
f 10435 10442 10443
f 10435 10443 10444
f 10444 10443 10445
f 10444 10445 10446
f 10446 10445 10447
f 10446 10447 10448
f 10448 10447 9212
f 10448 9212 10449
f 10449 9212 9211
f 10449 9211 10450
f 10450 9211 10451
f 10450 10451 10452
f 10452 10451 10453
f 10452 10453 10454
f 10454 10453 9822
f 10454 9822 10455
f 10455 9822 10435
f 10455 10435 10444
f 9822 9821 10435
f 9212 10447 10440
f 10440 10447 10445
f 10440 10445 10441
f 10441 10445 10443
f 10441 10443 10442
f 10455 10444 10446
f 10446 10448 10456
f 10456 10448 10449
f 10456 10449 10452
f 10452 10449 10450
f 10456 10452 10454
f 10446 10456 10455
f 10455 10456 10454
f 9860 9858 10457
f 10457 9858 9856
f 10457 9856 10458
f 10458 9856 10459
f 10458 10459 936
f 936 10459 10460
f 936 10460 10461
f 10461 10460 9855
f 10461 9855 9866
f 10459 9856 10460
f 10460 9856 9855
f 937 936 9866
f 9866 936 10461
f 936 10457 10458
f 9291 10462 929
f 929 10462 10463
f 929 10463 927
f 927 10463 10464
f 927 10464 935
f 935 10464 936
f 936 10464 10457
f 10457 10464 10465
f 10457 10465 10466
f 10466 10465 10467
f 10466 10467 10468
f 10468 10467 10469
f 10468 10469 10470
f 10470 10469 9291
f 10470 9291 10471
f 10471 9291 9290
f 10471 9290 10472
f 10472 9290 10473
f 10472 10473 10474
f 10474 10473 10475
f 10474 10475 10476
f 10476 10475 9861
f 10476 9861 10477
f 10477 9861 10457
f 10477 10457 10466
f 9861 9860 10457
f 9291 10469 10462
f 10462 10469 10467
f 10462 10467 10463
f 10463 10467 10465
f 10463 10465 10464
f 10477 10466 10468
f 10468 10470 10478
f 10478 10470 10471
f 10478 10471 10474
f 10474 10471 10472
f 10478 10474 10476
f 10468 10478 10477
f 10477 10478 10476
f 9895 10479 9887
f 9887 10479 10480
f 9887 10480 10481
f 10481 10480 952
f 10481 952 10482
f 10482 952 10483
f 10482 10483 9887
f 9887 10483 10484
f 9895 9900 10479
f 10479 9900 952
f 10479 952 10480
f 9900 953 952
f 10482 9887 10481
f 9370 10485 945
f 945 10485 10486
f 945 10486 940
f 940 10486 10487
f 940 10487 951
f 951 10487 952
f 952 10487 10483
f 10483 10487 10488
f 10483 10488 10489
f 10489 10488 10490
f 10489 10490 10491
f 10491 10490 10492
f 10491 10492 10493
f 10493 10492 9370
f 10493 9370 10494
f 10494 9370 9369
f 10494 9369 10495
f 10495 9369 10496
f 10495 10496 10497
f 10497 10496 10498
f 10497 10498 10499
f 10499 10498 10484
f 10499 10484 10500
f 10500 10484 10483
f 10500 10483 10489
f 9370 10492 10485
f 10485 10492 10490
f 10485 10490 10486
f 10486 10490 10488
f 10486 10488 10487
f 10500 10489 10491
f 10491 10493 10501
f 10501 10493 10494
f 10501 10494 10497
f 10497 10494 10495
f 10501 10497 10499
f 10491 10501 10500
f 10500 10501 10499
f 7584 10502 9916
f 9916 10502 10503
f 9916 10503 10504
f 10504 10503 956
f 10504 956 10505
f 10505 956 10506
f 10505 10506 9916
f 9916 10506 10507
f 7584 7583 10502
f 10502 7583 956
f 10502 956 10503
f 7583 972 956
f 10505 9916 10504
f 9449 10508 966
f 966 10508 10509
f 966 10509 960
f 960 10509 10510
f 960 10510 955
f 955 10510 956
f 956 10510 10506
f 10506 10510 10511
f 10506 10511 10512
f 10512 10511 10513
f 10512 10513 10514
f 10514 10513 10515
f 10514 10515 10516
f 10516 10515 9449
f 10516 9449 10517
f 10517 9449 9448
f 10517 9448 10518
f 10518 9448 10519
f 10518 10519 10520
f 10520 10519 10521
f 10520 10521 10522
f 10522 10521 10507
f 10522 10507 10523
f 10523 10507 10506
f 10523 10506 10512
f 9449 10515 10508
f 10508 10515 10513
f 10508 10513 10509
f 10509 10513 10511
f 10509 10511 10510
f 10523 10512 10514
f 10514 10516 10524
f 10524 10516 10517
f 10524 10517 10520
f 10520 10517 10518
f 10524 10520 10522
f 10514 10524 10523
f 10523 10524 10522
f 7474 10525 3876
f 3876 10525 10526
f 3876 10526 10527
f 10527 10526 983
f 10527 983 10528
f 10528 983 10529
f 10528 10529 3876
f 3876 10529 3873
f 7474 7473 10525
f 10525 7473 983
f 10525 983 10526
f 7473 1033 983
f 10528 3876 10527
f 3820 10530 1027
f 1027 10530 10531
f 1027 10531 980
f 980 10531 10532
f 980 10532 981
f 981 10532 983
f 983 10532 10529
f 10529 10532 10533
f 10529 10533 10534
f 10534 10533 10535
f 10534 10535 10536
f 10536 10535 10537
f 10536 10537 10538
f 10538 10537 3820
f 10538 3820 10539
f 10539 3820 3857
f 10539 3857 10540
f 10540 3857 3863
f 10540 3863 10541
f 10541 3863 3871
f 10541 3871 10542
f 10542 3871 3873
f 10542 3873 10543
f 10543 3873 10529
f 10543 10529 10534
f 3820 10537 10530
f 10530 10537 10535
f 10530 10535 10531
f 10531 10535 10533
f 10531 10533 10532
f 10543 10534 10536
f 10536 10538 10544
f 10544 10538 10539
f 10544 10539 10541
f 10541 10539 10540
f 10544 10541 10542
f 10536 10544 10543
f 10543 10544 10542
f 7364 10545 3770
f 3770 10545 10546
f 3770 10546 10547
f 10547 10546 1054
f 10547 1054 10548
f 10548 1054 10549
f 10548 10549 3770
f 3770 10549 3767
f 7364 7363 10545
f 10545 7363 1054
f 10545 1054 10546
f 7363 1055 1054
f 10548 3770 10547
f 3714 10550 1048
f 1048 10550 10551
f 1048 10551 1036
f 1036 10551 10552
f 1036 10552 1035
f 1035 10552 1054
f 1054 10552 10549
f 10549 10552 10553
f 10549 10553 10554
f 10554 10553 10555
f 10554 10555 10556
f 10556 10555 10557
f 10556 10557 10558
f 10558 10557 3714
f 10558 3714 10559
f 10559 3714 3751
f 10559 3751 10560
f 10560 3751 3755
f 10560 3755 10561
f 10561 3755 3765
f 10561 3765 10562
f 10562 3765 3767
f 10562 3767 10563
f 10563 3767 10549
f 10563 10549 10554
f 3714 10557 10550
f 10550 10557 10555
f 10550 10555 10551
f 10551 10555 10553
f 10551 10553 10552
f 10563 10554 10556
f 10556 10558 10564
f 10564 10558 10559
f 10564 10559 10561
f 10561 10559 10560
f 10564 10561 10562
f 10556 10564 10563
f 10563 10564 10562
f 7254 10565 3664
f 3664 10565 10566
f 3664 10566 10567
f 10567 10566 1076
f 10567 1076 10568
f 10568 1076 10569
f 10568 10569 3664
f 3664 10569 3661
f 7254 7253 10565
f 10565 7253 1076
f 10565 1076 10566
f 7253 1077 1076
f 10568 3664 10567
f 3608 10570 1069
f 1069 10570 10571
f 1069 10571 1067
f 1067 10571 10572
f 1067 10572 1075
f 1075 10572 1076
f 1076 10572 10569
f 10569 10572 10573
f 10569 10573 10574
f 10574 10573 10575
f 10574 10575 10576
f 10576 10575 10577
f 10576 10577 10578
f 10578 10577 3608
f 10578 3608 10579
f 10579 3608 3645
f 10579 3645 10580
f 10580 3645 3649
f 10580 3649 10581
f 10581 3649 3659
f 10581 3659 10582
f 10582 3659 3661
f 10582 3661 10583
f 10583 3661 10569
f 10583 10569 10574
f 3608 10577 10570
f 10570 10577 10575
f 10570 10575 10571
f 10571 10575 10573
f 10571 10573 10572
f 10583 10574 10576
f 10576 10578 10584
f 10584 10578 10579
f 10584 10579 10581
f 10581 10579 10580
f 10584 10581 10582
f 10576 10584 10583
f 10583 10584 10582
f 7144 10585 3558
f 3558 10585 10586
f 3558 10586 10587
f 10587 10586 1098
f 10587 1098 10588
f 10588 1098 10589
f 10588 10589 3558
f 3558 10589 3555
f 7144 7143 10585
f 10585 7143 1098
f 10585 1098 10586
f 7143 1099 1098
f 10588 3558 10587
f 3502 10590 1091
f 1091 10590 10591
f 1091 10591 1080
f 1080 10591 10592
f 1080 10592 1097
f 1097 10592 1098
f 1098 10592 10589
f 10589 10592 10593
f 10589 10593 10594
f 10594 10593 10595
f 10594 10595 10596
f 10596 10595 10597
f 10596 10597 10598
f 10598 10597 3502
f 10598 3502 10599
f 10599 3502 3539
f 10599 3539 10600
f 10600 3539 3543
f 10600 3543 10601
f 10601 3543 3553
f 10601 3553 10602
f 10602 3553 3555
f 10602 3555 10603
f 10603 3555 10589
f 10603 10589 10594
f 3502 10597 10590
f 10590 10597 10595
f 10590 10595 10591
f 10591 10595 10593
f 10591 10593 10592
f 10603 10594 10596
f 10596 10598 10604
f 10604 10598 10599
f 10604 10599 10601
f 10601 10599 10600
f 10604 10601 10602
f 10596 10604 10603
f 10603 10604 10602
f 3390 10605 3452
f 3452 10605 10606
f 3452 10606 10607
f 10607 10606 1120
f 10607 1120 10608
f 10608 1120 10609
f 10608 10609 3452
f 3452 10609 3449
f 3390 3389 10605
f 10605 3389 1120
f 10605 1120 10606
f 3389 1121 1120
f 10608 3452 10607
f 3396 10610 1113
f 1113 10610 10611
f 1113 10611 1102
f 1102 10611 10612
f 1102 10612 1119
f 1119 10612 1120
f 1120 10612 10609
f 10609 10612 10613
f 10609 10613 10614
f 10614 10613 10615
f 10614 10615 10616
f 10616 10615 10617
f 10616 10617 10618
f 10618 10617 3396
f 10618 3396 10619
f 10619 3396 3433
f 10619 3433 10620
f 10620 3433 3437
f 10620 3437 10621
f 10621 3437 3447
f 10621 3447 10622
f 10622 3447 3449
f 10622 3449 10623
f 10623 3449 10609
f 10623 10609 10614
f 3396 10617 10610
f 10610 10617 10615
f 10610 10615 10611
f 10611 10615 10613
f 10611 10613 10612
f 10623 10614 10616
f 10616 10618 10624
f 10624 10618 10619
f 10624 10619 10621
f 10621 10619 10620
f 10624 10621 10622
f 10616 10624 10623
f 10623 10624 10622
f 3267 10625 9990
f 9990 10625 10626
f 9990 10626 10627
f 10627 10626 1142
f 10627 1142 10628
f 10628 1142 10629
f 10628 10629 9990
f 9990 10629 10630
f 3267 3266 10625
f 10625 3266 1142
f 10625 1142 10626
f 3266 1143 1142
f 10628 9990 10627
f 6937 10631 1140
f 1140 10631 10632
f 1140 10632 1127
f 1127 10632 10633
f 1127 10633 1141
f 1141 10633 1142
f 1142 10633 10629
f 10629 10633 10634
f 10629 10634 10635
f 10635 10634 10636
f 10635 10636 10637
f 10637 10636 10638
f 10637 10638 10639
f 10639 10638 6937
f 10639 6937 10640
f 10640 6937 6936
f 10640 6936 10641
f 10641 6936 10642
f 10641 10642 10643
f 10643 10642 10644
f 10643 10644 10645
f 10645 10644 10630
f 10645 10630 10646
f 10646 10630 10629
f 10646 10629 10635
f 6937 10638 10631
f 10631 10638 10636
f 10631 10636 10632
f 10632 10636 10634
f 10632 10634 10633
f 10646 10635 10637
f 10637 10639 10647
f 10647 10639 10640
f 10647 10640 10643
f 10643 10640 10641
f 10647 10643 10645
f 10637 10647 10646
f 10646 10647 10645
f 3143 10648 10004
f 10004 10648 10649
f 10004 10649 10650
f 10650 10649 1164
f 10650 1164 10651
f 10651 1164 6857
f 10651 6857 10004
f 10004 6857 6870
f 3143 3142 10648
f 10648 3142 1164
f 10648 1164 10649
f 3142 1165 1164
f 10651 10004 10650
f 5847 10652 10018
f 10018 10652 10653
f 10018 10653 10654
f 10654 10653 1186
f 10654 1186 10655
f 10655 1186 10656
f 10655 10656 10018
f 10018 10656 10657
f 5847 5846 10652
f 10652 5846 1186
f 10652 1186 10653
f 5846 430 1186
f 10655 10018 10654
f 3048 10658 1180
f 1180 10658 10659
f 1180 10659 1169
f 1169 10659 10660
f 1169 10660 1167
f 1167 10660 1186
f 1186 10660 10656
f 10656 10660 10661
f 10656 10661 10662
f 10662 10661 10663
f 10662 10663 10664
f 10664 10663 10665
f 10664 10665 10666
f 10666 10665 3048
f 10666 3048 10667
f 10667 3048 3085
f 10667 3085 10668
f 10668 3085 10669
f 10668 10669 10670
f 10670 10669 10671
f 10670 10671 10672
f 10672 10671 10657
f 10672 10657 10673
f 10673 10657 10656
f 10673 10656 10662
f 3048 10665 10658
f 10658 10665 10663
f 10658 10663 10659
f 10659 10663 10661
f 10659 10661 10660
f 10673 10662 10664
f 10664 10666 10674
f 10674 10666 10667
f 10674 10667 10670
f 10670 10667 10668
f 10674 10670 10672
f 10664 10674 10673
f 10673 10674 10672
f 5737 10675 2155
f 2155 10675 10676
f 2155 10676 10677
f 10677 10676 435
f 10677 435 10678
f 10678 435 10679
f 10678 10679 2155
f 2155 10679 2151
f 5737 5736 10675
f 10675 5736 435
f 10675 435 10676
f 5736 431 435
f 10678 2155 10677
f 2097 10680 440
f 440 10680 10681
f 440 10681 442
f 442 10681 10682
f 442 10682 436
f 436 10682 435
f 435 10682 10679
f 10679 10682 10683
f 10679 10683 10684
f 10684 10683 10685
f 10684 10685 10686
f 10686 10685 10687
f 10686 10687 10688
f 10688 10687 2097
f 10688 2097 10689
f 10689 2097 2134
f 10689 2134 10690
f 10690 2134 2140
f 10690 2140 10691
f 10691 2140 2149
f 10691 2149 10692
f 10692 2149 2151
f 10692 2151 10693
f 10693 2151 10679
f 10693 10679 10684
f 2097 10687 10680
f 10680 10687 10685
f 10680 10685 10681
f 10681 10685 10683
f 10681 10683 10682
f 10693 10684 10686
f 10686 10688 10694
f 10694 10688 10689
f 10694 10689 10691
f 10691 10689 10690
f 10694 10691 10692
f 10686 10694 10693
f 10693 10694 10692
f 6009 10695 10044
f 10044 10695 10696
f 10044 10696 10697
f 10697 10696 432
f 10697 432 10698
f 10698 432 10699
f 10698 10699 10044
f 10044 10699 10700
f 6009 6008 10695
f 10695 6008 432
f 10695 432 10696
f 6008 433 432
f 10698 10044 10697
f 2253 10701 470
f 470 10701 10702
f 470 10702 459
f 459 10702 10703
f 459 10703 457
f 457 10703 432
f 432 10703 10699
f 10699 10703 10704
f 10699 10704 10705
f 10705 10704 10706
f 10705 10706 10707
f 10707 10706 10708
f 10707 10708 10709
f 10709 10708 2253
f 10709 2253 10710
f 10710 2253 2289
f 10710 2289 10711
f 10711 2289 10712
f 10711 10712 10713
f 10713 10712 10714
f 10713 10714 10715
f 10715 10714 10700
f 10715 10700 10716
f 10716 10700 10699
f 10716 10699 10705
f 2253 10708 10701
f 10701 10708 10706
f 10701 10706 10702
f 10702 10706 10704
f 10702 10704 10703
f 10716 10705 10707
f 10707 10709 10717
f 10717 10709 10710
f 10717 10710 10713
f 10713 10710 10711
f 10717 10713 10715
f 10707 10717 10716
f 10716 10717 10715
f 6132 10718 10058
f 10058 10718 10719
f 10058 10719 10720
f 10720 10719 495
f 10720 495 10721
f 10721 495 10722
f 10721 10722 10058
f 10058 10722 10723
f 6132 6131 10718
f 10718 6131 495
f 10718 495 10719
f 6131 496 495
f 10721 10058 10720
f 2344 10724 488
f 488 10724 10725
f 488 10725 477
f 477 10725 10726
f 477 10726 494
f 494 10726 495
f 495 10726 10722
f 10722 10726 10727
f 10722 10727 10728
f 10728 10727 10729
f 10728 10729 10730
f 10730 10729 10731
f 10730 10731 10732
f 10732 10731 2344
f 10732 2344 10733
f 10733 2344 2380
f 10733 2380 10734
f 10734 2380 10735
f 10734 10735 10736
f 10736 10735 10737
f 10736 10737 10738
f 10738 10737 10723
f 10738 10723 10739
f 10739 10723 10722
f 10739 10722 10728
f 2344 10731 10724
f 10724 10731 10729
f 10724 10729 10725
f 10725 10729 10727
f 10725 10727 10726
f 10739 10728 10730
f 10730 10732 10740
f 10740 10732 10733
f 10740 10733 10736
f 10736 10733 10734
f 10740 10736 10738
f 10730 10740 10739
f 10739 10740 10738
f 2553 10741 6183
f 6183 10741 10742
f 6183 10742 10743
f 10743 10742 517
f 10743 517 10744
f 10744 517 10745
f 10744 10745 6183
f 6183 10745 10746
f 2553 2552 10741
f 10741 2552 517
f 10741 517 10742
f 2552 518 517
f 10744 6183 10743
f 6030 10747 515
f 515 10747 10748
f 515 10748 502
f 502 10748 10749
f 502 10749 516
f 516 10749 517
f 517 10749 10745
f 10745 10749 10750
f 10745 10750 10751
f 10751 10750 10752
f 10751 10752 10753
f 10753 10752 10754
f 10753 10754 10755
f 10755 10754 6030
f 10755 6030 10756
f 10756 6030 6029
f 10756 6029 10757
f 10757 6029 10758
f 10757 10758 10759
f 10759 10758 10760
f 10759 10760 10761
f 10761 10760 10746
f 10761 10746 10762
f 10762 10746 10745
f 10762 10745 10751
f 6030 10754 10747
f 10747 10754 10752
f 10747 10752 10748
f 10748 10752 10750
f 10748 10750 10749
f 10762 10751 10753
f 10753 10755 10763
f 10763 10755 10756
f 10763 10756 10759
f 10759 10756 10757
f 10763 10759 10761
f 10753 10763 10762
f 10762 10763 10761
f 6350 10764 9521
f 9521 10764 10765
f 9521 10765 10766
f 10766 10765 539
f 10766 539 10767
f 10767 539 10768
f 10767 10768 9521
f 9521 10768 10769
f 6350 6349 10764
f 10764 6349 539
f 10764 539 10765
f 6349 540 539
f 10767 9521 10766
f 6206 10770 532
f 532 10770 10771
f 532 10771 521
f 521 10771 10772
f 521 10772 538
f 538 10772 539
f 539 10772 10768
f 10768 10772 10773
f 10768 10773 10774
f 10774 10773 10775
f 10774 10775 10776
f 10776 10775 10777
f 10776 10777 10778
f 10778 10777 6206
f 10778 6206 10779
f 10779 6206 6205
f 10779 6205 10780
f 10780 6205 10781
f 10780 10781 10782
f 10782 10781 10783
f 10782 10783 10784
f 10784 10783 10769
f 10784 10769 10785
f 10785 10769 10768
f 10785 10768 10774
f 6206 10777 10770
f 10770 10777 10775
f 10770 10775 10771
f 10771 10775 10773
f 10771 10773 10772
f 10785 10774 10776
f 10776 10778 10786
f 10786 10778 10779
f 10786 10779 10782
f 10782 10779 10780
f 10786 10782 10784
f 10776 10786 10785
f 10785 10786 10784
f 9312 5512 9313
f 9313 5512 5520
f 9313 5520 9290
f 9290 5520 5518
f 9290 5518 10473
f 10473 5518 5527
f 10473 5527 5546
f 5512 9312 5514
f 5514 9312 9326
f 5514 9326 5521
f 5521 9326 9327
f 5521 9327 5490
f 5490 9327 9341
f 5490 9341 9342
f 5490 9342 5488
f 5488 9342 9351
f 5488 9351 9346
f 9346 5486 5488
f 10473 5546 10475
f 10475 5546 5545
f 10475 5545 9861
f 9861 5545 5538
f 9233 5452 9234
f 9234 5452 5450
f 9234 5450 9211
f 9211 5450 10451
f 10451 5450 5459
f 10451 5459 5478
f 5452 9233 5444
f 5444 9233 9247
f 5444 9247 5446
f 5446 9247 9248
f 5446 9248 5453
f 5453 9248 9262
f 5453 9262 5422
f 5422 9262 9263
f 5422 9263 5420
f 5420 9263 9272
f 5420 9272 9267
f 9267 5418 5420
f 10451 5478 10453
f 10453 5478 5477
f 10453 5477 9822
f 9822 5477 5470
f 9391 5580 9392
f 9392 5580 5588
f 9392 5588 9369
f 9369 5588 5586
f 9369 5586 10496
f 10496 5586 5595
f 10496 5595 5614
f 5580 9391 5582
f 5582 9391 9405
f 5582 9405 5589
f 5589 9405 9406
f 5589 9406 9420
f 5589 9420 5558
f 5558 9420 9421
f 5558 9421 5556
f 5556 9421 9430
f 5556 9430 9425
f 9425 5554 5556
f 10496 5614 10498
f 10498 5614 5613
f 10498 5613 10484
f 10484 5613 5606
f 10484 5606 10787
f 10484 10787 9887
f 9887 10787 10788
f 9887 10788 9891
f 9162 5384 9163
f 9163 5384 5382
f 9163 5382 9140
f 9140 5382 10429
f 10429 5382 5391
f 10429 5391 5410
f 5384 9162 5376
f 5376 9162 9176
f 5376 9176 5378
f 5378 9176 9177
f 5378 9177 5385
f 5385 9177 9190
f 5385 9190 5354
f 5354 9190 9109
f 5354 9109 5352
f 5352 9109 9108
f 5352 9108 9107
f 9107 5350 5352
f 10429 5410 10431
f 10431 5410 5409
f 10431 5409 9783
f 9783 5409 5402
f 9470 5648 9471
f 9471 5648 5656
f 9471 5656 9448
f 9448 5656 5654
f 9448 5654 10519
f 10519 5654 5663
f 10519 5663 5682
f 5648 9470 5650
f 5650 9470 9484
f 5650 9484 9485
f 5650 9485 5657
f 5657 9485 9499
f 5657 9499 5626
f 5626 9499 9500
f 5626 9500 5624
f 5624 9500 9509
f 5624 9509 9504
f 9504 5622 5624
f 10519 5682 10521
f 10521 5682 5681
f 10521 5681 10507
f 10507 5681 5674
f 10507 5674 10789
f 10507 10789 9916
f 9916 10789 10790
f 9916 10790 9917
f 9030 5261 9031
f 9031 5261 5259
f 9031 5259 9008
f 9008 5259 10407
f 10407 5259 5268
f 10407 5268 5287
f 5261 9030 5253
f 5253 9030 9044
f 5253 9044 5255
f 5255 9044 9045
f 5255 9045 5262
f 5262 9045 9058
f 5262 9058 5231
f 5231 9058 8990
f 5231 8990 5229
f 5229 8990 8989
f 5229 8989 8988
f 8988 5227 5229
f 10407 5287 10409
f 10409 5287 5286
f 10409 5286 9753
f 9753 5286 5279
f 8901 5138 8902
f 8902 5138 5136
f 8902 5136 8879
f 8879 5136 10385
f 10385 5136 5145
f 10385 5145 5164
f 5138 8901 5130
f 5130 8901 8915
f 5130 8915 5132
f 5132 8915 8916
f 5132 8916 5139
f 5139 8916 8929
f 5139 8929 5108
f 5108 8929 8861
f 5108 8861 5106
f 5106 8861 8860
f 5106 8860 8859
f 8859 5104 5106
f 10385 5164 10387
f 10387 5164 5163
f 10387 5163 8986
f 8986 5163 5156
f 8714 8712 5006
f 5006 8712 8711
f 5006 8711 8724
f 5006 8724 5008
f 5008 8724 8726
f 5008 8726 5016
f 5016 8726 8739
f 5016 8739 4984
f 4984 8739 4978
f 4984 4978 4982
f 4982 4978 4977
f 4982 4977 4976
f 4976 4972 4982
f 5006 5015 8714
f 8714 5015 8689
f 8689 5015 5013
f 8689 5013 5012
f 8689 5012 8756
f 8756 5012 5022
f 8756 5022 5041
f 8756 5041 8758
f 8758 5041 5040
f 8758 5040 8760
f 8760 5040 5033
f 8640 4888 8641
f 8641 4888 4896
f 8641 4896 8618
f 8618 4896 4894
f 8618 4894 10359
f 10359 4894 4903
f 10359 4903 4922
f 4888 8640 4890
f 4890 8640 8654
f 4890 8654 8655
f 4890 8655 4897
f 4897 8655 8668
f 4897 8668 4866
f 4866 8668 8600
f 4866 8600 4864
f 4864 8600 8599
f 4864 8599 8598
f 8598 4862 4864
f 10359 4922 10361
f 10361 4922 4921
f 10361 4921 9722
f 9722 4921 4914
f 8511 4765 8512
f 8512 4765 4773
f 8512 4773 8489
f 8489 4773 4771
f 8489 4771 10337
f 10337 4771 4780
f 10337 4780 4799
f 4765 8511 4767
f 4767 8511 8525
f 4767 8525 4774
f 4774 8525 8526
f 4774 8526 8538
f 4774 8538 4743
f 4743 8538 8471
f 4743 8471 4741
f 4741 8471 8470
f 4741 8470 8469
f 8469 4739 4741
f 10337 4799 10339
f 10339 4799 4798
f 10339 4798 8596
f 8596 4798 4791
f 8382 4642 8383
f 8383 4642 4650
f 8383 4650 8360
f 8360 4650 4648
f 8360 4648 10315
f 10315 4648 4657
f 10315 4657 4676
f 4642 8382 4644
f 4644 8382 8396
f 4644 8396 4651
f 4651 8396 8397
f 4651 8397 4620
f 4620 8397 8410
f 4620 8410 8342
f 4620 8342 4618
f 4618 8342 8341
f 4618 8341 8340
f 8340 4616 4618
f 10315 4676 10317
f 10317 4676 4675
f 10317 4675 8467
f 8467 4675 4668
f 6958 3299 6959
f 6959 3299 3307
f 6959 3307 6936
f 6936 3307 3305
f 6936 3305 10642
f 10642 3305 3314
f 10642 3314 3333
f 3299 6958 3301
f 3301 6958 6972
f 3301 6972 3308
f 3308 6972 6973
f 3308 6973 3277
f 3277 6973 6987
f 3277 6987 6988
f 3277 6988 3275
f 3275 6988 6995
f 3275 6995 6992
f 6992 3273 3275
f 10642 3333 10644
f 10644 3333 3332
f 10644 3332 10630
f 10630 3332 3325
f 10630 3325 10791
f 10630 10791 9990
f 9990 10791 10792
f 9990 10792 9991
f 8200 4519 8201
f 8201 4519 4527
f 8201 4527 4525
f 4519 8200 4521
f 4521 8200 8214
f 4521 8214 4528
f 4528 8214 8215
f 4528 8215 4497
f 4497 8215 8228
f 4497 8228 4491
f 4497 4491 4495
f 4495 4491 4490
f 4495 4490 4489
f 4489 4485 4495
f 4534 10293 4525
f 4525 10293 8178
f 4525 8178 8201
f 4534 4553 10293
f 10293 4553 10295
f 10295 4553 4552
f 10295 4552 8338
f 8338 4552 4545
f 6819 3175 6820
f 6820 3175 3184
f 6820 3184 6822
f 6822 3184 3182
f 6822 3182 6797
f 6797 3182 3181
f 6797 3181 6866
f 6866 3181 3191
f 6866 3191 3210
f 3175 6819 3177
f 3177 6819 6832
f 3177 6832 3185
f 3185 6832 6834
f 3185 6834 3153
f 3153 6834 6848
f 3153 6848 6849
f 3153 6849 3151
f 3151 6849 6918
f 3151 6918 6917
f 6917 3149 3151
f 6866 3210 6868
f 6868 3210 3209
f 6868 3209 6870
f 6870 3209 3202
f 6870 3202 10793
f 10793 10794 6870
f 6870 10794 10004
f 10004 10794 10005
f 10271 4436 8112
f 8112 4436 4434
f 8112 4434 8114
f 8114 4434 4431
f 8114 4431 8129
f 8129 4431 4429
f 8129 4429 8119
f 8119 4429 4428
f 8119 4428 8122
f 8122 4428 4416
f 8122 4416 8130
f 8130 4416 4397
f 8130 4397 4395
f 8112 8137 10271
f 10271 8137 8156
f 10271 8156 10273
f 10273 8156 8155
f 10273 8155 9672
f 9672 8155 8148
f 3083 6714 3085
f 3085 6714 6712
f 3085 6712 10669
f 10669 6712 10795
f 10669 10795 10796
f 6714 3083 6729
f 6729 3083 3080
f 6729 3080 3078
f 6729 3078 6719
f 6719 3078 3077
f 6719 3077 6722
f 6722 3077 3065
f 6722 3065 6730
f 6730 3065 3063
f 6730 3063 3090
f 10669 10796 10671
f 10671 10796 10797
f 10671 10797 10657
f 10657 10797 10798
f 10657 10798 10799
f 10799 10800 10657
f 10657 10800 10018
f 10018 10800 10019
f 7967 4272 7968
f 7968 4272 4270
f 7968 4270 7945
f 7945 4270 10249
f 10249 4270 10801
f 10249 10801 10802
f 4272 7967 4264
f 4264 7967 7981
f 4264 7981 4266
f 4266 7981 7982
f 4266 7982 4273
f 4273 7982 7994
f 4273 7994 4242
f 4242 7994 4285
f 4242 4285 4240
f 4240 4285 4284
f 4240 4284 4281
f 4281 4238 4240
f 10249 10802 10251
f 10251 10802 10803
f 10251 10803 4387
f 4387 10803 10804
f 10227 4232 7879
f 7879 4232 4230
f 7879 4230 7881
f 7881 4230 4227
f 7881 4227 7896
f 7896 4227 4225
f 7896 4225 7886
f 7886 4225 4224
f 7886 4224 7889
f 7889 4224 4212
f 7889 4212 7897
f 7897 4212 4189
f 7897 4189 4190
f 7879 7904 10227
f 10227 7904 7923
f 10227 7923 10229
f 10229 7923 7922
f 10229 7922 9644
f 9644 7922 7915
f 2287 5870 2289
f 2289 5870 5868
f 2289 5868 10712
f 10712 5868 5893
f 10712 5893 5912
f 2287 2284 5870
f 5870 2284 5885
f 5885 2284 2282
f 5885 2282 5875
f 5875 2282 2281
f 5875 2281 5878
f 5878 2281 2269
f 5878 2269 5886
f 5886 2269 2246
f 5886 2246 2247
f 2247 2248 5886
f 10712 5912 10714
f 10714 5912 5911
f 10714 5911 10700
f 10700 5911 5904
f 10700 5904 10805
f 10805 10806 10700
f 10700 10806 10044
f 10044 10806 10045
f 10205 4082 7759
f 7759 4082 4080
f 7759 4080 7761
f 7761 4080 4077
f 7761 4077 7776
f 7776 4077 4075
f 7776 4075 7766
f 7766 4075 4074
f 7766 4074 7769
f 7769 4074 4062
f 7769 4062 7777
f 7777 4062 4060
f 7777 4060 4087
f 7759 7784 10205
f 10205 7784 7803
f 10205 7803 10207
f 10207 7803 7802
f 10207 7802 9625
f 9625 7802 7795
f 10735 2380 5935
f 5935 2380 2378
f 5935 2378 5937
f 5937 2378 2375
f 5937 2375 5952
f 5952 2375 2373
f 5952 2373 5942
f 5942 2373 2372
f 5942 2372 5945
f 5945 2372 2360
f 5945 2360 5953
f 5953 2360 2337
f 5953 2337 2338
f 2338 2339 5953
f 5935 10807 10735
f 10735 10807 10808
f 10735 10808 10737
f 10737 10808 10809
f 10737 10809 10723
f 10723 10809 10810
f 10723 10810 10811
f 10723 10811 10058
f 10058 10811 10812
f 10058 10812 10059
f 7668 4003 7669
f 7669 4003 4011
f 7669 4011 7646
f 7646 4011 4009
f 7646 4009 10183
f 10183 4009 4018
f 10183 4018 4037
f 4003 7668 4005
f 4005 7668 7682
f 4005 7682 7683
f 4005 7683 4012
f 4012 7683 7696
f 4012 7696 3981
f 3981 7696 3975
f 3981 3975 3979
f 3979 3975 3974
f 3979 3974 3973
f 3973 3969 3979
f 10183 4037 10185
f 10185 4037 4036
f 10185 4036 9606
f 9606 4036 4029
f 6054 2470 6052
f 6052 2470 2468
f 6052 2468 6029
f 6029 2468 10758
f 10758 2468 2477
f 10758 2477 2496
f 2470 6054 2462
f 2462 6054 6081
f 2462 6081 2464
f 2464 6081 6077
f 2464 6077 2471
f 2471 6077 6075
f 2471 6075 2440
f 2440 6075 2434
f 2440 2434 2438
f 2438 2434 2433
f 2438 2433 2432
f 2432 2428 2438
f 10758 2496 10760
f 10760 2496 2495
f 10760 2495 10746
f 10746 2495 2488
f 10746 2488 10813
f 10746 10813 6183
f 6183 10813 10814
f 6183 10814 10069
f 6613 3006 6611
f 6611 3006 3014
f 6611 3014 6588
f 6588 3014 3012
f 6588 3012 10161
f 10161 3012 3021
f 10161 3021 3040
f 3006 6613 3008
f 3008 6613 6640
f 3008 6640 6636
f 3008 6636 3015
f 3015 6636 6634
f 3015 6634 2984
f 2984 6634 2978
f 2984 2978 2982
f 2982 2978 2977
f 2982 2977 2976
f 2976 2972 2982
f 10161 3040 10163
f 10163 3040 3039
f 10163 3039 9580
f 9580 3039 3032
f 6230 2593 6228
f 6228 2593 2591
f 6228 2591 6205
f 6205 2591 10781
f 10781 2591 2600
f 10781 2600 2619
f 2593 6230 2585
f 2585 6230 6257
f 2585 6257 2587
f 2587 6257 6253
f 2587 6253 2594
f 2594 6253 6251
f 2594 6251 2563
f 2563 6251 6187
f 2563 6187 2561
f 2561 6187 6186
f 2561 6186 6185
f 6185 2559 2561
f 10781 2619 10783
f 10783 2619 2618
f 10783 2618 10769
f 10769 2618 2611
f 10769 2611 10815
f 10769 10815 9521
f 9521 10815 10816
f 9521 10816 9522
f 2921 6496 2923
f 2923 6496 6494
f 2923 6494 10139
f 10139 6494 10817
f 10139 10817 10818
f 2921 2918 6496
f 6496 2918 6511
f 6511 2918 2916
f 6511 2916 6501
f 6501 2916 2915
f 6501 2915 6504
f 6504 2915 2903
f 6504 2903 6512
f 6512 2903 2879
f 6512 2879 2880
f 2880 2881 6512
f 10139 10818 10141
f 10141 10818 10819
f 10141 10819 9557
f 9557 10819 10820
f 10820 10819 10821
f 10113 2712 6276
f 6276 2712 2710
f 6276 2710 6278
f 6278 2710 2707
f 6278 2707 6293
f 6293 2707 2705
f 6293 2705 6283
f 6283 2705 2704
f 6283 2704 6286
f 6286 2704 2692
f 6286 2692 6294
f 6294 2692 2669
f 6294 2669 2670
f 2670 2671 6294
f 6276 10822 10113
f 10113 10822 10823
f 10113 10823 10115
f 10115 10823 10824
f 10115 10824 10101
f 10101 10824 10825
f 10101 10825 10826
f 10101 10826 10095
f 10095 10826 10827
f 10095 10827 10828
f 1380 2733 1382
f 1382 2733 10829
f 1382 10829 10830
f 10830 10829 10831
f 10830 10831 10832
f 10832 10831 10092
f 10832 10092 10093
f 10829 2733 10831
f 10831 2733 2752
f 10831 2752 10092
f 10094 10833 10093
f 10093 10833 10834
f 10093 10834 10832
f 10832 10834 10835
f 10832 10835 10830
f 10830 10835 1382
f 10833 10094 10836
f 10836 10094 10095
f 10836 10095 10828
f 10833 10836 10837
f 10837 10836 1386
f 10837 1386 1384
f 10837 1384 10835
f 10835 1384 1382
f 10834 10833 10837
f 10834 10837 10835
f 1386 10838 1385
f 1385 10838 10839
f 1385 10839 10840
f 10840 10839 10826
f 10840 10826 10825
f 10836 10841 1386
f 1386 10841 10842
f 1386 10842 10838
f 10838 10842 10827
f 10838 10827 10826
f 10836 10828 10841
f 10841 10828 10827
f 10841 10827 10842
f 10838 10826 10839
f 10822 6276 10843
f 10843 6276 6274
f 10843 6274 10844
f 10844 6274 1379
f 10844 1379 10845
f 10845 1379 10846
f 10845 10846 10847
f 10847 10846 10848
f 10847 10848 10849
f 10849 10848 1381
f 10849 1381 1383
f 10846 1379 10850
f 10850 1379 1381
f 10850 1381 10848
f 10849 1383 10851
f 10851 1383 1385
f 10851 1385 10840
f 10825 10852 10840
f 10840 10852 10853
f 10840 10853 10854
f 10854 10853 10855
f 10854 10855 10856
f 10856 10855 10857
f 10856 10857 10851
f 10851 10857 10849
f 10825 10824 10852
f 10852 10824 10823
f 10852 10823 10858
f 10858 10823 10822
f 10858 10822 10859
f 10859 10822 10843
f 10859 10843 10844
f 10848 10846 10850
f 10851 10840 10856
f 10856 10840 10854
f 10858 10859 10860
f 10860 10859 10844
f 10860 10844 10845
f 10852 10858 10861
f 10861 10858 10860
f 10861 10860 10862
f 10862 10860 10845
f 10862 10845 10847
f 10862 10855 10861
f 10861 10855 10853
f 10861 10853 10852
f 10855 10862 10857
f 10857 10862 10847
f 10857 10847 10849
f 1752 10863 1751
f 1751 10863 10864
f 1751 10864 2820
f 2820 10864 10090
f 2820 10090 2821
f 9534 10865 1752
f 1752 10865 10866
f 1752 10866 10863
f 10863 10866 10091
f 10863 10091 10090
f 9534 9536 10865
f 10865 9536 10091
f 10865 10091 10866
f 10863 10090 10864
f 1736 10867 1732
f 1732 10867 10868
f 1732 10868 10869
f 10869 10868 9555
f 10869 9555 9557
f 9550 10870 1736
f 1736 10870 10871
f 1736 10871 10867
f 10867 10871 9553
f 10867 9553 9555
f 9550 9549 10870
f 10870 9549 9553
f 10870 9553 10871
f 9557 10820 10869
f 10869 10820 10821
f 10867 9555 10868
f 10817 6494 10872
f 10872 6494 6492
f 10872 6492 10873
f 10873 6492 1729
f 10873 1729 10874
f 10874 1729 10875
f 10874 10875 10876
f 10876 10875 10877
f 10876 10877 10878
f 10878 10877 1730
f 10878 1730 1731
f 10875 1729 10879
f 10879 1729 1730
f 10879 1730 10877
f 10878 1731 10880
f 10880 1731 1732
f 10880 1732 10869
f 10821 10881 10869
f 10869 10881 10882
f 10869 10882 10883
f 10883 10882 10884
f 10883 10884 10885
f 10885 10884 10886
f 10885 10886 10880
f 10880 10886 10878
f 10821 10819 10881
f 10881 10819 10818
f 10881 10818 10887
f 10887 10818 10817
f 10887 10817 10888
f 10888 10817 10872
f 10888 10872 10873
f 10877 10875 10879
f 10880 10869 10885
f 10885 10869 10883
f 10887 10888 10889
f 10889 10888 10873
f 10889 10873 10874
f 10881 10887 10890
f 10890 10887 10889
f 10890 10889 10891
f 10891 10889 10874
f 10891 10874 10876
f 10891 10884 10890
f 10890 10884 10882
f 10890 10882 10881
f 10884 10891 10886
f 10886 10891 10876
f 10886 10876 10878
f 1718 10892 1717
f 1717 10892 10893
f 1717 10893 3031
f 3031 10893 9578
f 3031 9578 9580
f 9569 10894 1718
f 1718 10894 10895
f 1718 10895 10892
f 10892 10895 9576
f 10892 9576 9578
f 9569 9568 10894
f 10894 9568 9576
f 10894 9576 10895
f 9580 3032 3031
f 10892 9578 10893
f 1705 10896 1706
f 1706 10896 10897
f 1706 10897 4028
f 4028 10897 9604
f 4028 9604 9606
f 9599 10898 1705
f 1705 10898 10899
f 1705 10899 10896
f 10896 10899 9602
f 10896 9602 9604
f 9599 9598 10898
f 10898 9598 9602
f 10898 9602 10899
f 9606 4029 4028
f 10896 9604 10897
f 1687 10900 1686
f 1686 10900 10901
f 1686 10901 7794
f 7794 10901 9623
f 7794 9623 9625
f 9618 10902 1687
f 1687 10902 10903
f 1687 10903 10900
f 10900 10903 9621
f 10900 9621 9623
f 9618 9617 10902
f 10902 9617 9621
f 10902 9621 10903
f 9625 7795 7794
f 10900 9623 10901
f 1670 10904 1669
f 1669 10904 10905
f 1669 10905 7914
f 7914 10905 9642
f 7914 9642 9644
f 9637 10906 1670
f 1670 10906 10907
f 1670 10907 10904
f 10904 10907 9640
f 10904 9640 9642
f 9637 9636 10906
f 10906 9636 9640
f 10906 9640 10907
f 9644 7915 7914
f 10904 9642 10905
f 1641 10908 1640
f 1640 10908 10909
f 1640 10909 10910
f 10910 10909 4385
f 10910 4385 4387
f 9652 10911 1641
f 1641 10911 10912
f 1641 10912 10908
f 10908 10912 4383
f 10908 4383 4385
f 9652 4381 10911
f 10911 4381 4383
f 10911 4383 10912
f 4387 10804 10910
f 10908 4385 10909
f 10801 4270 10913
f 10913 4270 4260
f 10913 4260 10914
f 10914 4260 1634
f 10914 1634 10915
f 10915 1634 10916
f 10915 10916 10917
f 10917 10916 10918
f 10917 10918 10919
f 10919 10918 1636
f 10919 1636 1638
f 10916 1634 10920
f 10920 1634 1636
f 10920 1636 10918
f 10919 1638 10921
f 10921 1638 1640
f 10921 1640 10910
f 10804 10922 10910
f 10910 10922 10923
f 10910 10923 10924
f 10924 10923 10925
f 10924 10925 10926
f 10926 10925 10927
f 10926 10927 10921
f 10921 10927 10919
f 10804 10803 10922
f 10922 10803 10802
f 10922 10802 10928
f 10928 10802 10801
f 10928 10801 10929
f 10929 10801 10913
f 10929 10913 10914
f 10918 10916 10920
f 10921 10910 10926
f 10926 10910 10924
f 10928 10929 10930
f 10930 10929 10914
f 10930 10914 10915
f 10922 10928 10931
f 10931 10928 10930
f 10931 10930 10932
f 10932 10930 10915
f 10932 10915 10917
f 10932 10925 10931
f 10931 10925 10923
f 10931 10923 10922
f 10925 10932 10927
f 10927 10932 10917
f 10927 10917 10919
f 1660 10933 1661
f 1661 10933 10934
f 1661 10934 8147
f 8147 10934 9670
f 8147 9670 9672
f 9665 10935 1660
f 1660 10935 10936
f 1660 10936 10933
f 10933 10936 9668
f 10933 9668 9670
f 9665 9664 10935
f 10935 9664 9668
f 10935 9668 10936
f 9672 8148 8147
f 10933 9670 10934
f 1616 10937 1617
f 1617 10937 10938
f 1617 10938 4544
f 4544 10938 8336
f 4544 8336 8338
f 9680 10939 1616
f 1616 10939 10940
f 1616 10940 10937
f 10937 10940 8334
f 10937 8334 8336
f 9680 8332 10939
f 10939 8332 8334
f 10939 8334 10940
f 8338 4545 4544
f 10937 8336 10938
f 1573 10941 1574
f 1574 10941 10942
f 1574 10942 4667
f 4667 10942 8465
f 4667 8465 8467
f 9689 10943 1573
f 1573 10943 10944
f 1573 10944 10941
f 10941 10944 8463
f 10941 8463 8465
f 9689 8461 10943
f 10943 8461 8463
f 10943 8463 10944
f 8467 4668 4667
f 10941 8465 10942
f 1550 10945 1551
f 1551 10945 10946
f 1551 10946 4790
f 4790 10946 8594
f 4790 8594 8596
f 9698 10947 1550
f 1550 10947 10948
f 1550 10948 10945
f 10945 10948 8592
f 10945 8592 8594
f 9698 8590 10947
f 10947 8590 8592
f 10947 8592 10948
f 8596 4791 4790
f 10945 8594 10946
f 1522 10949 1526
f 1526 10949 10950
f 1526 10950 4913
f 4913 10950 9720
f 4913 9720 9722
f 9711 10951 1522
f 1522 10951 10952
f 1522 10952 10949
f 10949 10952 9718
f 10949 9718 9720
f 9711 9710 10951
f 10951 9710 9718
f 10951 9718 10952
f 9722 4914 4913
f 10949 9720 10950
f 1493 10953 1494
f 1494 10953 10954
f 1494 10954 5032
f 5032 10954 8857
f 5032 8857 8760
f 9737 10955 1493
f 1493 10955 10956
f 1493 10956 10953
f 10953 10956 8855
f 10953 8855 8857
f 9737 8853 10955
f 10955 8853 8855
f 10955 8855 10956
f 8760 5033 5032
f 10953 8857 10954
f 1481 10957 1482
f 1482 10957 10958
f 1482 10958 5155
f 5155 10958 8984
f 5155 8984 8986
f 9746 10959 1481
f 1481 10959 10960
f 1481 10960 10957
f 10957 10960 8982
f 10957 8982 8984
f 9746 8980 10959
f 10959 8980 8982
f 10959 8982 10960
f 8986 5156 5155
f 10957 8984 10958
f 1465 10961 1466
f 1466 10961 10962
f 1466 10962 5278
f 5278 10962 9751
f 5278 9751 9753
f 9122 10963 1465
f 1465 10963 10964
f 1465 10964 10961
f 10961 10964 9749
f 10961 9749 9751
f 9122 9121 10963
f 10963 9121 9749
f 10963 9749 10964
f 9753 5279 5278
f 10961 9751 10962
f 2020 10965 2021
f 2021 10965 10966
f 2021 10966 5401
f 5401 10966 9781
f 5401 9781 9783
f 9771 10967 2020
f 2020 10967 10968
f 2020 10968 10965
f 10965 10968 9779
f 10965 9779 9781
f 9771 9770 10967
f 10967 9770 9779
f 10967 9779 10968
f 9783 5402 5401
f 10965 9781 10966
f 2009 10969 2010
f 2010 10969 10970
f 2010 10970 5469
f 5469 10970 9820
f 5469 9820 9822
f 9810 10971 2009
f 2009 10971 10972
f 2009 10972 10969
f 10969 10972 9818
f 10969 9818 9820
f 9810 9809 10971
f 10971 9809 9818
f 10971 9818 10972
f 9822 5470 5469
f 10969 9820 10970
f 1998 10973 1999
f 1999 10973 10974
f 1999 10974 5537
f 5537 10974 9859
f 5537 9859 9861
f 9849 10975 1998
f 1998 10975 10976
f 1998 10976 10973
f 10973 10976 9857
f 10973 9857 9859
f 9849 9848 10975
f 10975 9848 9857
f 10975 9857 10976
f 9861 5538 5537
f 10973 9859 10974
f 1987 10977 1988
f 1988 10977 10978
f 1988 10978 5605
f 5605 10978 10787
f 5605 10787 5606
f 9888 10979 1987
f 1987 10979 10980
f 1987 10980 10977
f 10977 10980 10788
f 10977 10788 10787
f 9888 9891 10979
f 10979 9891 10788
f 10979 10788 10980
f 10977 10787 10978
f 1278 10981 1277
f 1277 10981 10982
f 1277 10982 5673
f 5673 10982 10789
f 5673 10789 5674
f 9915 10983 1278
f 1278 10983 10984
f 1278 10984 10981
f 10981 10984 10790
f 10981 10790 10789
f 9915 9917 10983
f 10983 9917 10790
f 10983 10790 10984
f 10981 10789 10982
f 1979 10985 1978
f 1978 10985 10986
f 1978 10986 7523
f 7523 10986 3875
f 7523 3875 3874
f 9929 10987 1979
f 1979 10987 10988
f 1979 10988 10985
f 10985 10988 3877
f 10985 3877 3875
f 9929 3878 10987
f 10987 3878 3877
f 10987 3877 10988
f 10985 3875 10986
f 1962 10989 1961
f 1961 10989 10990
f 1961 10990 7413
f 7413 10990 3769
f 7413 3769 3768
f 9941 10991 1962
f 1962 10991 10992
f 1962 10992 10989
f 10989 10992 3771
f 10989 3771 3769
f 9941 3772 10991
f 10991 3772 3771
f 10991 3771 10992
f 10989 3769 10990
f 1946 10993 1945
f 1945 10993 10994
f 1945 10994 7303
f 7303 10994 3663
f 7303 3663 3662
f 9953 10995 1946
f 1946 10995 10996
f 1946 10996 10993
f 10993 10996 3665
f 10993 3665 3663
f 9953 3666 10995
f 10995 3666 3665
f 10995 3665 10996
f 10993 3663 10994
f 1930 10997 1929
f 1929 10997 10998
f 1929 10998 7193
f 7193 10998 3557
f 7193 3557 3556
f 9965 10999 1930
f 1930 10999 11000
f 1930 11000 10997
f 10997 11000 3559
f 10997 3559 3557
f 9965 3560 10999
f 10999 3560 3559
f 10999 3559 11000
f 10997 3557 10998
f 1913 11001 1914
f 1914 11001 11002
f 1914 11002 7083
f 7083 11002 3451
f 7083 3451 3450
f 9977 11003 1913
f 1913 11003 11004
f 1913 11004 11001
f 11001 11004 3453
f 11001 3453 3451
f 9977 3454 11003
f 11003 3454 3453
f 11003 3453 11004
f 11001 3451 11002
f 1891 11005 1892
f 1892 11005 11006
f 1892 11006 3324
f 3324 11006 10791
f 3324 10791 3325
f 9989 11007 1891
f 1891 11007 11008
f 1891 11008 11005
f 11005 11008 10792
f 11005 10792 10791
f 9989 9991 11007
f 11007 9991 10792
f 11007 10792 11008
f 11005 10791 11006
f 1869 11009 1870
f 1870 11009 11010
f 1870 11010 3201
f 3201 11010 10793
f 3201 10793 3202
f 10003 11011 1869
f 1869 11011 11012
f 1869 11012 11009
f 11009 11012 10794
f 11009 10794 10793
f 10003 10005 11011
f 11011 10005 10794
f 11011 10794 11012
f 11009 10793 11010
f 1847 11013 1848
f 1848 11013 11014
f 1848 11014 11015
f 11015 11014 10799
f 11015 10799 10798
f 10017 11016 1847
f 1847 11016 11017
f 1847 11017 11013
f 11013 11017 10800
f 11013 10800 10799
f 10017 10019 11016
f 11016 10019 10800
f 11016 10800 11017
f 11013 10799 11014
f 10795 6712 11018
f 11018 6712 6710
f 11018 6710 11019
f 11019 6710 1842
f 11019 1842 11020
f 11020 1842 11021
f 11020 11021 11022
f 11022 11021 11023
f 11022 11023 11024
f 11024 11023 1844
f 11024 1844 1846
f 11021 1842 11025
f 11025 1842 1844
f 11025 1844 11023
f 11024 1846 11026
f 11026 1846 1848
f 11026 1848 11015
f 10798 11027 11015
f 11015 11027 11028
f 11015 11028 11029
f 11029 11028 11030
f 11029 11030 11031
f 11031 11030 11032
f 11031 11032 11026
f 11026 11032 11024
f 10798 10797 11027
f 11027 10797 10796
f 11027 10796 11033
f 11033 10796 10795
f 11033 10795 11034
f 11034 10795 11018
f 11034 11018 11019
f 11023 11021 11025
f 11026 11015 11031
f 11031 11015 11029
f 11033 11034 11035
f 11035 11034 11019
f 11035 11019 11020
f 11027 11033 11036
f 11036 11033 11035
f 11036 11035 11037
f 11037 11035 11020
f 11037 11020 11022
f 11037 11030 11036
f 11036 11030 11028
f 11036 11028 11027
f 11030 11037 11032
f 11032 11037 11022
f 11032 11022 11024
f 1826 11038 1827
f 1827 11038 11039
f 1827 11039 5786
f 5786 11039 2153
f 5786 2153 2152
f 10031 11040 1826
f 1826 11040 11041
f 1826 11041 11038
f 11038 11041 2154
f 11038 2154 2153
f 10031 2156 11040
f 11040 2156 2154
f 11040 2154 11041
f 11038 2153 11039
f 1802 11042 1803
f 1803 11042 11043
f 1803 11043 5903
f 5903 11043 10805
f 5903 10805 5904
f 10043 11044 1802
f 1802 11044 11045
f 1802 11045 11042
f 11042 11045 10806
f 11042 10806 10805
f 10043 10045 11044
f 11044 10045 10806
f 11044 10806 11045
f 11042 10805 11043
f 1773 11046 1777
f 1777 11046 11047
f 1777 11047 11048
f 11048 11047 10811
f 11048 10811 10810
f 10057 11049 1773
f 1773 11049 11050
f 1773 11050 11046
f 11046 11050 10812
f 11046 10812 10811
f 10057 10059 11049
f 11049 10059 10812
f 11049 10812 11050
f 11046 10811 11047
f 10807 5935 11051
f 11051 5935 5933
f 11051 5933 11052
f 11052 5933 1776
f 11052 1776 11053
f 11053 1776 11054
f 11053 11054 11055
f 11055 11054 11056
f 11055 11056 11057
f 11057 11056 1775
f 11057 1775 1774
f 11054 1776 11058
f 11058 1776 1775
f 11058 1775 11056
f 11057 1774 11059
f 11059 1774 1777
f 11059 1777 11048
f 10810 11060 11048
f 11048 11060 11061
f 11048 11061 11062
f 11062 11061 11063
f 11062 11063 11064
f 11064 11063 11065
f 11064 11065 11059
f 11059 11065 11057
f 10810 10809 11060
f 11060 10809 10808
f 11060 10808 11066
f 11066 10808 10807
f 11066 10807 11067
f 11067 10807 11051
f 11067 11051 11052
f 11056 11054 11058
f 11059 11048 11064
f 11064 11048 11062
f 11066 11067 11068
f 11068 11067 11052
f 11068 11052 11053
f 11060 11066 11069
f 11069 11066 11068
f 11069 11068 11070
f 11070 11068 11053
f 11070 11053 11055
f 11070 11063 11069
f 11069 11063 11061
f 11069 11061 11060
f 11063 11070 11065
f 11065 11070 11055
f 11065 11055 11057
f 1771 11071 1772
f 1772 11071 11072
f 1772 11072 2487
f 2487 11072 10813
f 2487 10813 2488
f 10068 11073 1771
f 1771 11073 11074
f 1771 11074 11071
f 11071 11074 10814
f 11071 10814 10813
f 10068 10069 11073
f 11073 10069 10814
f 11073 10814 11074
f 11071 10813 11072
f 1760 11075 1761
f 1761 11075 11076
f 1761 11076 2610
f 2610 11076 10815
f 2610 10815 2611
f 9520 11077 1760
f 1760 11077 11078
f 1760 11078 11075
f 11075 11078 10816
f 11075 10816 10815
f 9520 9522 11077
f 11077 9522 10816
f 11077 10816 11078
f 11075 10815 11076
# 11078 vertices
# 0 texture params
# 0 normals
# 22172 facets

# 1 groups
