# WaveFront *.obj file (generated by Autodesk ATF)

mtllib carrier.mtl

g MeshFeature1_1

v -363.807335 37.241395 11.000000
v -363.807335 37.241395 14.000000
v -363.868752 36.637502 11.000000
v -373.200607 39.871597 11.000000
v -363.625603 37.820568 11.000000
v -363.625603 37.820568 14.000000
v -373.200607 39.871597 14.000000
v -363.331070 38.351302 14.000000
v -362.935638 38.811879 14.000000
v -362.455635 39.183433 14.000000
v -361.910667 39.450755 14.000000
v -361.323013 39.602904 14.000000
v -360.716782 39.633648 14.000000
v -370.964355 40.543599 14.000000
v -368.694229 41.090279 14.000000
v -368.694229 41.090279 11.000000
v -366.397171 41.509957 11.000000
v -360.716782 39.633648 11.000000
v -370.964355 40.543599 11.000000
v -361.323013 39.602904 11.000000
v -361.910667 39.450755 11.000000
v -362.455635 39.183433 11.000000
v -362.935638 38.811879 11.000000
v -363.331070 38.351302 11.000000
v -360.116806 39.541733 14.000000
v -359.416161 41.995950 14.000000
v -361.751022 41.963491 14.000000
v -364.080429 41.801329 14.000000
v -366.397171 41.509957 14.000000
v -364.080429 41.801329 11.000000
v -361.751022 41.963491 11.000000
v -359.416161 41.995950 11.000000
v -360.116806 39.541733 11.000000
v -359.547577 39.330914 11.000000
v -359.547577 39.330914 14.000000
v -359.032440 39.009826 14.000000
v -357.083168 41.898599 14.000000
v -357.083168 41.898599 11.000000
v -354.759178 41.671743 11.000000
v -358.245697 38.093407 11.000000
v -358.592453 38.591619 11.000000
v -359.032440 39.009826 11.000000
v -358.592453 38.591619 14.000000
v -358.245697 38.093407 14.000000
v -354.759178 41.671743 14.000000
v -352.451401 41.316085 11.000000
v -357.884140 36.941006 11.000000
v -358.006325 37.535591 11.000000
v -358.006325 37.535591 14.000000
v -357.884140 36.941006 14.000000
v -352.451401 41.316085 14.000000
v -350.166893 40.832720 11.000000
v -357.884140 36.333995 11.000000
v -357.884140 36.333995 14.000000
v -350.166893 40.832720 14.000000
v -347.912827 40.223141 11.000000
v -358.006325 35.739410 11.000000
v -358.006325 35.739410 14.000000
v -347.912827 40.223141 14.000000
v -345.696144 39.489236 11.000000
v -358.245697 35.181594 11.000000
v -358.245697 35.181594 14.000000
v -345.696144 39.489236 14.000000
v -343.523636 38.633270 11.000000
v -358.592453 34.683385 11.000000
v -358.592453 34.683385 14.000000
v -343.523636 38.633270 14.000000
v -341.402054 37.657895 14.000000
v -341.402054 37.657895 11.000000
v -339.337997 36.566119 11.000000
v -359.032440 34.265170 11.000000
v -359.032440 34.265170 14.000000
v -339.337997 36.566119 14.000000
v -360.000000 8.469000 14.000000
v -337.337723 35.361321 14.000000
v -335.407600 34.047222 14.000000
v -335.407600 34.047222 11.000000
v -333.553391 32.627883 11.000000
v -337.337723 35.361321 11.000000
v -359.547577 33.944087 11.000000
v -359.547577 33.944087 14.000000
v -360.116806 33.733268 14.000000
v -360.716782 33.641350 14.000000
v -361.046867 8.404049 14.000000
v -360.364380 8.461157 14.263672
v -359.740982 8.465037 14.234375
v -358.953133 8.404049 14.000000
v -319.034538 9.264548 14.000000
v -319.612732 11.526875 14.000000
v -320.315742 13.753574 14.000000
v -321.141434 15.937761 14.000000
v -322.087212 18.072685 14.000000
v -323.150215 20.151749 14.000000
v -324.327087 22.168524 14.000000
v -325.614243 24.116776 14.000000
v -327.007675 25.990486 14.000000
v -328.503036 27.783861 14.000000
v -330.095825 29.491355 14.000000
v -331.781006 31.107697 14.000000
v -333.553391 32.627883 14.000000
v -331.781006 31.107697 11.000000
v -330.095825 29.491355 11.000000
v -328.503036 27.783861 11.000000
v -327.007675 25.990486 11.000000
v -325.614243 24.116776 11.000000
v -324.327087 22.168524 11.000000
v -323.150215 20.151749 11.000000
v -330.084152 -15.210111 11.000000
v -360.116806 33.733268 11.000000
v -360.716782 33.641350 11.000000
v -330.479546 -15.670683 11.000000
v -330.084152 -15.210111 14.000000
v -330.479546 -15.670683 14.000000
v -330.774155 -16.201422 11.000000
v -388.520737 -17.411594 11.000000
v -388.867455 -16.913383 11.000000
v -389.307442 -16.495173 11.000000
v -389.822578 -16.174085 11.000000
v -390.391769 -15.963268 11.000000
v -390.991783 -15.871351 11.000000
v -361.323013 33.672097 11.000000
v -361.323013 33.672097 14.000000
v -362.077675 8.210193 14.000000
v -361.601944 8.316110 14.322265
v -360.985832 8.411425 14.292969
v -361.074448 9.836745 15.113281
v -360.347900 9.889132 15.083984
v -359.619484 9.887930 15.054687
v -359.118919 8.423045 14.205078
v -358.501663 8.335407 14.175781
v -357.922325 8.210193 14.000000
v -356.923409 7.890404 14.000000
v -357.294846 8.025341 14.117187
v -356.711807 7.804593 14.087890
v -356.146584 7.541550 14.058594
v -355.971642 7.449589 14.000000
v -355.081711 6.894508 14.000000
v -355.602188 7.237640 14.029297
v -354.795151 8.415793 14.849609
v -354.190140 8.010098 14.820312
v -354.581375 6.571218 14.000000
v -354.105415 6.214009 14.000000
v -353.616638 7.560995 14.791015
v -353.077698 7.070919 14.761719
v -353.655357 5.824410 14.000000
v -353.232880 5.404011 14.000000
v -352.576294 6.542524 14.732422
v -352.115097 5.978676 14.703125
v -352.840652 4.955776 14.000000
v -352.480354 4.482034 14.000000
v -351.696663 5.382428 14.673828
v -351.323204 4.757013 14.644531
v -352.153015 3.984589 14.000000
v -351.859856 3.465511 14.000000
v -350.996780 4.105819 14.615234
v -350.719109 3.432375 14.585937
v -351.602898 2.928851 14.000000
v -351.382828 2.377024 14.000000
v -350.491753 2.740331 14.556640
v -350.315933 2.033436 14.527344
v -351.200027 1.811963 14.000000
v -351.055031 1.235603 14.000000
v -350.192604 1.315523 14.498047
v -350.948181 0.649877 14.000000
v -318.582973 6.973585 14.000000
v -318.582973 6.973585 11.000000
v -318.259430 4.661066 11.000000
v -329.059181 -14.571232 11.000000
v -329.604149 -14.838556 11.000000
v -319.034538 9.264548 11.000000
v -319.612732 11.526875 11.000000
v -320.315742 13.753574 11.000000
v -321.141434 15.937761 11.000000
v -322.087212 18.072685 11.000000
v -329.604149 -14.838556 14.000000
v -350.994415 -2.312318 14.000000
v -351.118279 -2.895071 14.000000
v -351.279449 -3.469716 14.000000
v -351.476479 -4.031862 14.000000
v -351.708374 -4.579640 14.000000
v -351.974182 -5.111547 14.000000
v -352.272987 -5.626077 14.000000
v -352.603836 -6.121728 14.000000
v -352.965622 -6.596808 14.000000
v -353.355637 -7.047895 14.000000
v -353.772049 -7.473392 14.000000
v -354.213486 -7.872313 14.000000
v -354.678612 -8.243672 14.000000
v -355.166054 -8.586483 14.000000
v -355.674477 -8.899760 14.000000
v -356.706543 -9.331082 14.000000
v -357.780685 -9.643167 14.000000
v -358.883209 -9.832028 14.000000
v -360.000000 -9.895250 14.000000
v -390.991783 -15.871351 14.000000
v -361.116791 -9.832028 14.000000
v -362.219315 -9.643167 14.000000
v -363.293457 -9.331082 14.000000
v -364.325523 -8.899760 14.000000
v -364.834023 -8.586439 14.000000
v -365.321999 -8.243214 14.000000
v -365.788040 -7.870978 14.000000
v -366.230812 -7.470621 14.000000
v -366.648369 -7.043487 14.000000
v -367.038345 -6.591929 14.000000
v -367.399368 -6.117286 14.000000
v -367.730293 -5.620832 14.000000
v -368.029785 -5.104175 14.000000
v -368.295670 -4.570777 14.000000
v -368.527069 -4.022620 14.000000
v -368.723221 -3.461348 14.000000
v -368.883324 -2.888608 14.000000
v -369.006729 -2.306045 14.000000
v -369.092598 -1.715558 14.000000
v -369.140091 -1.121675 14.000000
v -369.148979 -0.527058 14.000000
v -401.983757 -1.167521 14.000000
v -401.983757 1.167521 14.000000
v -401.983757 1.167521 11.000000
v -401.854019 3.498955 11.000000
v -401.983757 -1.167521 11.000000
v -401.854019 -3.498955 14.000000
v -401.594887 -5.819575 14.000000
v -401.854019 -3.498955 11.000000
v -401.594887 -5.819575 11.000000
v -401.207161 -8.122205 14.000000
v -391.598015 -15.902095 14.000000
v -391.598015 -15.902095 11.000000
v -392.185669 -16.054243 11.000000
v -400.692062 -10.399730 11.000000
v -400.051231 -12.645112 11.000000
v -400.051231 -12.645112 14.000000
v -400.692062 -10.399730 14.000000
v -401.207161 -8.122205 11.000000
v -390.391769 -15.963268 14.000000
v -389.822578 -16.174085 14.000000
v -389.307442 -16.495173 14.000000
v -388.867455 -16.913383 14.000000
v -388.520737 -17.411594 14.000000
v -330.774155 -16.201422 14.000000
v -330.955849 -16.780593 11.000000
v -388.281326 -17.969410 11.000000
v -388.281326 -17.969410 14.000000
v -330.955849 -16.780593 14.000000
v -331.017265 -17.384489 11.000000
v -388.159142 -18.563995 11.000000
v -388.159142 -18.563995 14.000000
v -331.017265 -17.384489 14.000000
v -330.955849 -17.988384 11.000000
v -388.159142 -19.171005 11.000000
v -388.159142 -19.171005 14.000000
v -330.955849 -17.988384 14.000000
v -330.774155 -18.567556 11.000000
v -388.281326 -19.765589 11.000000
v -388.281326 -19.765589 14.000000
v -330.774155 -18.567556 14.000000
v -330.479546 -19.098294 11.000000
v -388.520737 -20.323405 11.000000
v -388.520737 -20.323405 14.000000
v -330.479546 -19.098294 14.000000
v -330.084152 -19.558866 11.000000
v -327.007675 -25.990486 11.000000
v -329.604149 -19.930422 11.000000
v -329.059181 -20.197744 11.000000
v -328.471565 -20.349894 11.000000
v -325.614243 -24.116776 11.000000
v -325.614243 -24.116776 14.000000
v -327.007675 -25.990486 14.000000
v -328.503036 -27.783861 11.000000
v -389.822578 -21.560912 11.000000
v -389.307442 -21.239829 11.000000
v -388.867455 -20.821617 11.000000
v -388.867455 -20.821617 14.000000
v -330.084152 -19.558866 14.000000
v -329.604149 -19.930422 14.000000
v -329.059181 -20.197744 14.000000
v -328.471565 -20.349894 14.000000
v -327.865334 -20.380638 11.000000
v -327.265320 -20.288720 11.000000
v -324.327087 -22.168524 11.000000
v -324.327087 -22.168524 14.000000
v -327.265320 -20.288720 14.000000
v -326.696091 -20.077901 14.000000
v -326.696091 -20.077901 11.000000
v -326.180954 -19.756817 11.000000
v -325.741005 -19.338605 11.000000
v -323.150215 -20.151749 11.000000
v -323.150215 -20.151749 14.000000
v -325.741005 -19.338605 14.000000
v -325.394211 -18.840395 14.000000
v -325.394211 -18.840395 11.000000
v -325.154839 -18.282578 11.000000
v -322.087212 -18.072685 11.000000
v -322.087212 -18.072685 14.000000
v -325.154839 -18.282578 14.000000
v -325.032654 -17.687994 14.000000
v -325.032654 -17.687994 11.000000
v -325.032654 -17.080984 11.000000
v -325.154839 -16.486399 11.000000
v -321.141434 -15.937761 11.000000
v -321.141434 -15.937761 14.000000
v -325.154839 -16.486399 14.000000
v -325.394211 -15.928583 14.000000
v -325.394211 -15.928583 11.000000
v -325.741005 -15.430372 11.000000
v -320.315742 -13.753574 11.000000
v -320.315742 -13.753574 14.000000
v -325.741005 -15.430372 14.000000
v -326.180954 -15.012162 14.000000
v -326.180954 -15.012162 11.000000
v -326.696091 -14.691075 11.000000
v -327.265320 -14.480257 11.000000
v -327.865334 -14.388340 11.000000
v -319.612732 -11.526875 11.000000
v -319.612732 -11.526875 14.000000
v -327.865334 -14.388340 14.000000
v -319.034538 -9.264548 14.000000
v -318.582973 -6.973585 14.000000
v -318.259430 -4.661066 14.000000
v -328.471565 -14.419084 14.000000
v -328.471565 -14.419084 11.000000
v -317.999992 -0.000000 11.000000
v -318.064919 2.334140 11.000000
v -318.064919 2.334140 14.000000
v -317.999992 -0.000000 14.000000
v -318.064919 -2.334140 11.000000
v -318.259430 -4.661066 11.000000
v -318.064919 -2.334140 14.000000
v -318.582973 -6.973585 11.000000
v -327.265320 -14.480257 14.000000
v -326.696091 -14.691075 14.000000
v -319.034538 -9.264548 11.000000
v -329.059181 -14.571232 14.000000
v -350.860367 -1.131522 14.000000
v -350.908318 -1.723853 14.000000
v -350.376320 -2.302266 14.351562
v -350.571747 -3.003991 14.322265
v -350.818253 -3.689438 14.292969
v -351.114578 -4.354890 14.263672
v -351.459007 -4.996743 14.234375
v -351.849747 -5.611519 14.205078
v -352.284622 -6.195885 14.175781
v -352.761307 -6.746675 14.146484
v -353.277245 -7.260904 14.117187
v -353.829613 -7.735786 14.087890
v -354.415398 -8.168747 14.058594
v -355.031509 -8.557441 14.029297
v -355.214348 -8.661045 14.380859
v -355.864487 -8.989631 14.351562
v -356.537018 -9.269500 14.322265
v -357.228317 -9.499138 14.292969
v -357.934608 -9.677299 14.263672
v -358.652115 -9.803017 14.234375
v -359.376907 -9.875613 14.205078
v -360.105095 -9.894692 14.175781
v -360.832710 -9.860150 14.146484
v -361.555824 -9.772176 14.117187
v -362.270470 -9.631245 14.087890
v -362.972832 -9.438122 14.058594
v -363.659134 -9.193853 14.029297
v -363.193588 -7.843792 14.849609
v -363.761940 -7.587606 14.820312
v -364.309921 -7.290302 14.791015
v -364.834557 -6.953490 14.761719
v -365.332985 -6.578997 14.732422
v -365.802536 -6.168853 14.703125
v -366.240616 -5.725278 14.673828
v -366.644859 -5.250677 14.644531
v -367.013130 -4.747624 14.615234
v -367.343369 -4.218841 14.585937
v -367.633858 -3.667198 14.556640
v -367.882919 -3.095680 14.527344
v -368.089333 -2.507388 14.498047
v -368.251877 -1.905507 14.468750
v -368.369675 -1.293300 14.439453
v -368.442154 -0.674085 14.410156
v -368.468857 -0.051217 14.380859
v -369.119263 0.066385 14.000000
v -401.854019 3.498955 14.000000
v -401.594887 5.819575 11.000000
v -401.207161 8.122205 11.000000
v -401.594887 5.819575 14.000000
v -401.207161 8.122205 14.000000
v -400.692062 10.399730 11.000000
v -400.051231 12.645112 11.000000
v -400.692062 10.399730 14.000000
v -400.051231 12.645112 14.000000
v -399.286575 14.851407 11.000000
v -398.400497 17.011797 11.000000
v -399.286575 14.851407 14.000000
v -398.400497 17.011797 14.000000
v -397.395744 19.119606 11.000000
v -361.910667 33.824246 11.000000
v -361.910667 33.824246 14.000000
v -363.076591 7.890404 14.000000
v -362.804832 7.991046 14.380859
v -362.209396 8.175731 14.351562
v -362.506180 9.572624 15.171875
v -361.795158 9.731051 15.142578
v -361.588058 9.766986 15.494140
v -360.865250 9.857348 15.464844
v -360.137749 9.894291 15.435547
v -359.409523 9.877616 15.406250
v -358.893089 9.833144 15.025390
v -358.172722 9.725072 14.996094
v -357.892532 8.202599 14.146484
v -357.462234 9.564298 14.966797
v -356.765518 9.351694 14.937500
v -356.086349 9.088413 14.908203
v -355.428391 8.775882 14.878906
v -355.242996 8.676797 15.230469
v -354.617577 8.303339 15.201172
v -354.021339 7.884885 15.171875
v -353.457489 7.423702 15.142578
v -352.929077 6.922289 15.113281
v -352.439003 6.383364 15.083984
v -351.989899 5.809847 15.054687
v -351.584206 5.204845 15.025390
v -351.224136 4.571638 14.996094
v -350.911598 3.913657 14.966797
v -350.648308 3.234468 14.937500
v -350.435715 2.537751 14.908203
v -350.274925 1.827281 14.878906
v -350.166855 1.106909 14.849609
v -350.122375 0.590480 14.468750
v -350.880013 0.057362 14.000000
v -318.259430 4.661066 14.000000
v -350.850830 -0.537169 14.000000
v -350.142632 -0.865258 14.410156
v -350.233002 -1.588065 14.380859
v -350.268936 -1.795165 14.732422
v -350.427361 -2.506161 14.703125
v -350.637665 -3.203577 14.673828
v -350.898705 -3.883632 14.644531
v -351.209068 -4.542641 14.615234
v -351.567078 -5.177033 14.585937
v -351.970749 -5.783371 14.556640
v -352.417984 -6.358367 14.527344
v -352.906265 -6.898907 14.498047
v -353.432999 -7.402062 14.468750
v -353.995323 -7.865104 14.439453
v -354.590187 -8.285524 14.410156
v -355.425911 -7.127533 15.230469
v -355.962639 -7.444711 15.201172
v -356.521225 -7.721546 15.171875
v -357.098694 -7.956536 15.142578
v -357.691879 -8.148410 15.113281
v -358.297577 -8.296126 15.083984
v -358.912506 -8.398886 15.054687
v -359.533310 -8.456131 15.025390
v -360.156631 -8.467551 14.996094
v -360.779114 -8.433086 14.966797
v -361.397400 -8.352920 14.937500
v -362.008095 -8.227490 14.908203
v -362.607880 -8.057473 14.878906
v -363.095665 -7.882939 15.347656
v -363.667221 -7.633847 15.318359
v -364.218826 -7.343387 15.289062
v -364.747620 -7.013133 15.259765
v -365.250664 -6.644874 15.230469
v -365.725288 -6.240605 15.201172
v -366.168861 -5.802518 15.171875
v -366.579018 -5.332987 15.142578
v -366.953506 -4.834556 15.113281
v -367.290306 -4.309926 15.083984
v -367.587624 -3.761941 15.054687
v -367.843781 -3.193569 15.025390
v -368.057480 -2.607890 14.996094
v -368.227463 -2.008079 14.966797
v -368.352890 -1.397387 14.937500
v -368.433075 -0.779122 14.908203
v -368.467560 -0.156634 14.878906
v -368.456116 0.466702 14.849609
v -368.449669 0.571929 14.351562
v -369.050827 0.656749 14.000000
v -368.943558 1.242126 14.000000
v -368.797531 1.820296 14.000000
v -368.613739 2.386521 14.000000
v -368.393021 2.938224 14.000000
v -368.135986 3.473508 14.000000
v -397.395744 19.119606 14.000000
v -396.275406 21.168315 11.000000
v -395.042877 23.151596 11.000000
v -396.275406 21.168315 14.000000
v -395.042877 23.151596 14.000000
v -393.702087 25.063317 11.000000
v -392.257118 26.897569 11.000000
v -393.702087 25.063317 14.000000
v -392.257118 26.897569 14.000000
v -390.712433 28.648679 11.000000
v -362.455635 34.091568 11.000000
v -362.455635 34.091568 14.000000
v -364.028358 7.449589 14.000000
v -363.385086 7.763056 14.410156
v -363.883629 9.101284 15.230469
v -363.203583 9.362322 15.201172
v -363.003998 9.428256 15.552734
v -362.302284 9.623697 15.523437
v -361.905518 8.251848 16.343750
v -361.293297 8.369668 16.314453
v -360.674057 8.442131 16.285156
v -360.051193 8.468845 16.255859
v -359.428062 8.449666 16.226562
v -358.684464 9.807414 15.376953
v -357.966537 9.684065 15.347656
v -357.259674 9.508237 15.318359
v -356.567612 9.280882 15.289062
v -355.894203 9.003234 15.259765
v -356.425400 7.677643 16.080078
v -355.870285 7.393876 16.050781
v -355.337563 7.070042 16.021484
v -354.830093 6.707894 15.992187
v -354.350624 6.309396 15.962890
v -353.901787 5.876706 15.933594
v -353.485985 5.412170 15.904297
v -353.105507 4.918304 15.875000
v -352.762375 4.397787 15.845703
v -352.458420 3.853437 15.816406
v -352.195396 3.288205 15.787109
v -351.974678 2.705154 15.757812
v -351.797409 2.107444 15.728515
v -351.664581 1.498313 15.699219
v -351.576958 0.881062 15.669922
v -350.112076 0.380539 14.820312
v -350.105705 -0.137762 14.439453
v -350.110855 -0.347893 14.791015
v -350.163269 -1.074440 14.761719
v -351.588554 -0.985845 15.582031
v -351.683884 -1.601957 15.552734
v -351.824265 -2.209387 15.523437
v -352.008934 -2.804845 15.494140
v -352.236938 -3.385103 15.464844
v -352.506981 -3.947017 15.435547
v -352.817650 -4.487541 15.406250
v -353.167229 -5.003747 15.376953
v -353.553848 -5.492837 15.347656
v -353.975410 -5.952162 15.318359
v -354.429588 -6.379231 15.289062
v -354.913979 -6.771730 15.259765
v -355.337563 -7.070042 15.728515
v -355.870285 -7.393876 15.699219
v -356.425400 -7.677643 15.669922
v -356.999893 -7.919804 15.640625
v -357.590637 -8.119047 15.611328
v -358.194427 -8.274292 15.582031
v -358.808022 -8.384698 15.552734
v -359.428062 -8.449666 15.523437
v -360.051193 -8.468845 15.494140
v -360.674057 -8.442131 15.464844
v -361.293297 -8.369668 15.435547
v -361.905518 -8.251848 15.406250
v -362.507401 -8.089312 15.376953
v -363.003998 -9.428256 16.197265
v -363.689423 -9.181722 16.167969
v -364.354897 -8.885432 16.138672
v -364.996719 -8.540991 16.109375
v -365.611496 -8.150266 16.080078
v -366.195908 -7.715373 16.050781
v -366.746674 -7.238671 16.021484
v -367.260895 -6.722741 15.992187
v -367.735786 -6.170380 15.962890
v -368.168716 -5.584581 15.933594
v -368.557434 -4.968519 15.904297
v -368.899765 -4.325532 15.875000
v -369.193840 -3.659105 15.845703
v -369.438095 -2.972849 15.816406
v -369.631271 -2.270483 15.787109
v -369.772186 -1.555813 15.757812
v -369.860153 -0.832711 15.728515
v -369.894676 -0.105097 15.699219
v -369.875603 0.623086 15.669922
v -368.398895 1.087509 14.820312
v -368.384705 1.191975 14.322265
v -368.274307 1.805562 14.292969
v -368.119049 2.409364 14.263672
v -367.919807 3.000110 14.234375
v -367.677650 3.574598 14.205078
v -367.843399 3.990476 14.000000
v -367.515945 4.487227 14.000000
v -367.154846 4.961255 14.000000
v -366.762962 5.408436 14.000000
v -390.712433 28.648679 14.000000
v -389.072800 30.311239 11.000000
v -387.343369 31.880109 11.000000
v -389.072800 30.311239 14.000000
v -387.343369 31.880109 14.000000
v -385.529366 33.350441 11.000000
v -383.636475 34.717686 11.000000
v -385.529366 33.350441 14.000000
v -383.636475 34.717686 14.000000
v -381.670494 35.977623 11.000000
v -362.935638 34.463124 11.000000
v -362.935638 34.463124 14.000000
v -364.918289 6.894508 14.000000
v -364.487534 7.182335 14.468750
v -363.947029 7.492998 14.439453
v -364.542618 8.790926 15.259765
v -364.354897 8.885432 15.611328
v -363.689423 9.181722 15.582031
v -363.095665 7.882939 16.402344
v -362.507401 8.089312 16.373047
v -362.008095 8.227490 16.841797
v -361.397400 8.352920 16.812500
v -360.779114 8.433086 16.783203
v -360.156631 8.467551 16.753906
v -359.533310 8.456131 16.724609
v -358.912506 8.398886 16.695312
v -358.808022 8.384698 16.197265
v -358.194427 8.274292 16.167969
v -357.590637 8.119047 16.138672
v -356.999893 7.919804 16.109375
v -356.521225 7.721546 16.578125
v -355.962639 7.444711 16.548828
v -355.425911 7.127533 16.519531
v -354.913979 6.771730 16.490234
v -354.429588 6.379231 16.460937
v -353.975410 5.952162 16.431640
v -353.553848 5.492837 16.402344
v -353.167229 5.003747 16.373047
v -352.817650 4.487541 16.343750
v -352.506981 3.947017 16.314453
v -352.236938 3.385103 16.285156
v -352.008934 2.804845 16.255859
v -351.824265 2.209387 16.226562
v -351.683884 1.601957 16.197265
v -351.588554 0.985845 16.167969
v -351.538849 0.364391 16.138672
v -351.534958 0.259037 15.640625
v -351.538849 -0.364391 15.611328
v -351.576958 -0.881062 16.080078
v -351.664581 -1.498313 16.050781
v -351.797409 -2.107444 16.021484
v -351.974678 -2.705154 15.992187
v -352.195396 -3.288205 15.962890
v -352.458420 -3.853437 15.933594
v -352.762375 -4.397787 15.904297
v -353.105507 -4.918304 15.875000
v -353.485985 -5.412170 15.845703
v -353.901787 -5.876706 15.816406
v -354.350624 -6.309396 15.787109
v -354.830093 -6.707894 15.757812
v -354.021339 -7.884885 16.578125
v -354.617577 -8.303339 16.548828
v -355.242996 -8.676797 16.519531
v -355.894203 -9.003234 16.490234
v -356.567612 -9.280882 16.460937
v -357.259674 -9.508237 16.431640
v -357.966537 -9.684065 16.402344
v -358.684464 -9.807414 16.373047
v -359.409523 -9.877616 16.343750
v -360.137749 -9.894291 16.314453
v -360.865250 -9.857348 16.285156
v -361.588058 -9.766986 16.255859
v -362.302284 -9.623697 16.226562
v -362.506180 -9.572624 16.578125
v -363.203583 -9.362322 16.548828
v -363.883629 -9.101284 16.519531
v -364.542618 -8.790926 16.490234
v -365.177040 -8.432930 16.460937
v -365.783348 -8.029234 16.431640
v -366.358376 -7.582027 16.402344
v -366.898880 -7.093733 16.373047
v -367.402077 -6.566997 16.343750
v -367.865105 -6.004674 16.314453
v -368.285522 -5.409811 16.285156
v -368.661041 -4.785632 16.255859
v -368.989639 -4.135519 16.226562
v -369.269485 -3.462996 16.197265
v -369.499130 -2.771706 16.167969
v -369.677315 -2.065396 16.138672
v -369.803009 -1.347893 16.109375
v -369.875603 -0.623086 16.080078
v -369.894676 0.105097 16.050781
v -369.860153 0.832711 16.021484
v -369.803009 1.347893 15.640625
v -368.296127 1.702423 14.791015
v -368.148422 2.308111 14.761719
v -367.956543 2.901291 14.732422
v -367.721558 3.478749 14.703125
v -367.444687 4.037355 14.673828
v -367.393875 4.129715 14.175781
v -367.070045 4.662453 14.146484
v -366.707878 5.169924 14.117187
v -366.309395 5.649379 14.087890
v -366.341934 5.826940 14.000000
v -365.893173 6.215178 14.000000
v -365.418167 6.571563 14.000000
v -381.670494 35.977623 14.000000
v -379.637566 37.126355 11.000000
v -377.543945 38.160331 11.000000
v -379.637566 37.126355 14.000000
v -377.543945 38.160331 14.000000
v -375.396042 39.076355 11.000000
v -363.331070 34.923694 11.000000
v -363.331070 34.923694 14.000000
v -375.396042 39.076355 14.000000
v -363.625603 35.454433 11.000000
v -363.625603 35.454433 14.000000
v -363.807335 36.033604 14.000000
v -363.868752 36.637502 14.000000
v -363.807335 36.033604 11.000000
v -365.412178 6.514014 14.029297
v -365.003738 6.832750 14.498047
v -365.783348 8.029234 15.318359
v -365.177040 8.432930 15.289062
v -364.996719 8.540991 15.640625
v -364.218826 7.343387 16.460937
v -363.667221 7.633847 16.431640
v -363.193588 7.843792 16.900390
v -362.607880 8.057473 16.871094
v -362.972832 9.438122 17.691406
v -362.270470 9.631245 17.662109
v -361.555824 9.772176 17.632812
v -360.832710 9.860150 17.603515
v -360.105095 9.894692 17.574219
v -359.376907 9.875613 17.544922
v -358.652115 9.803017 17.515625
v -358.297577 8.296126 16.666015
v -357.691879 8.148410 16.636719
v -357.098694 7.956536 16.607422
v -356.537018 9.269500 17.427734
v -355.864487 8.989631 17.398437
v -355.214348 8.661045 17.369140
v -354.590187 8.285524 17.339844
v -353.995323 7.865104 17.310547
v -353.432999 7.402062 17.281250
v -352.906265 6.898907 17.251953
v -352.417984 6.358367 17.222656
v -351.970749 5.783371 17.193359
v -351.567078 5.177033 17.164062
v -351.209068 4.542641 17.134765
v -350.898705 3.883632 17.105469
v -350.637665 3.203577 17.076172
v -350.427361 2.506161 17.046875
v -350.268936 1.795165 17.017578
v -350.163269 1.074440 16.988281
v -350.110855 0.347893 16.958984
v -351.534958 -0.259037 16.109375
v -350.112076 -0.380539 16.929687
v -350.166855 -1.106909 16.900390
v -350.274925 -1.827281 16.871094
v -350.435715 -2.537751 16.841797
v -350.648308 -3.234468 16.812500
v -350.911598 -3.913657 16.783203
v -351.224136 -4.571638 16.753906
v -351.584206 -5.204845 16.724609
v -351.989899 -5.809847 16.695312
v -352.439003 -6.383364 16.666015
v -352.929077 -6.922289 16.636719
v -353.457489 -7.423702 16.607422
v -353.616638 -7.560995 16.958984
v -354.190140 -8.010098 16.929687
v -354.795151 -8.415793 16.900390
v -355.428391 -8.775882 16.871094
v -356.086349 -9.088413 16.841797
v -356.765518 -9.351694 16.812500
v -357.462234 -9.564298 16.783203
v -358.172722 -9.725072 16.753906
v -358.893089 -9.833144 16.724609
v -359.619484 -9.887930 16.695312
v -360.347900 -9.889132 16.666015
v -361.074448 -9.836745 16.636719
v -361.795158 -9.731051 16.607422
v -361.601944 -8.316110 17.427734
v -362.209396 -8.175731 17.398437
v -362.804832 -7.991046 17.369140
v -363.385086 -7.763056 17.339844
v -363.947029 -7.492998 17.310547
v -364.487534 -7.182335 17.281250
v -365.003738 -6.832750 17.251953
v -365.492821 -6.446138 17.222656
v -365.952148 -6.024594 17.193359
v -366.379242 -5.570402 17.164062
v -366.771736 -5.086023 17.134765
v -367.127533 -4.574083 17.105469
v -367.444687 -4.037355 17.076172
v -367.721558 -3.478749 17.046875
v -367.956543 -2.901291 17.017578
v -368.148422 -2.308111 16.988281
v -368.296127 -1.702423 16.958984
v -368.398895 -1.087509 16.929687
v -368.456116 -0.466702 16.900390
v -368.467560 0.156634 16.871094
v -368.433075 0.779122 16.841797
v -369.772186 1.555813 15.992187
v -369.677315 2.065396 15.611328
v -369.499130 2.771706 15.582031
v -369.269485 3.462996 15.552734
v -368.989639 4.135519 15.523437
v -368.661041 4.785632 15.494140
v -367.127533 4.574083 14.644531
v -366.771736 5.086023 14.615234
v -366.379242 5.570402 14.585937
v -365.952148 6.024594 14.556640
v -365.876694 6.098220 14.058594
v -365.492821 6.446138 14.527344
v -366.358376 7.582027 15.347656
v -366.195908 7.715373 15.699219
v -365.611496 8.150266 15.669922
v -364.747620 7.013133 16.490234
v -364.309921 7.290302 16.958984
v -363.761940 7.587606 16.929687
v -364.325523 8.899760 17.750000
v -363.659134 9.193853 17.720703
v -363.462982 9.269500 18.072265
v -362.771683 9.499138 18.042969
v -362.065392 9.677299 18.013672
v -361.347885 9.803017 17.984375
v -360.623093 9.875613 17.955078
v -359.894905 9.894692 17.925781
v -359.167290 9.860150 17.896484
v -358.444176 9.772176 17.867187
v -357.934608 9.677299 17.486328
v -357.228317 9.499138 17.457031
v -357.027168 9.438122 17.808594
v -356.340866 9.193853 17.779297
v -355.674477 8.899760 17.750000
v -355.031509 8.557441 17.720703
v -354.415398 8.168747 17.691406
v -353.829613 7.735786 17.662109
v -353.277245 7.260904 17.632812
v -352.761307 6.746675 17.603515
v -352.284622 6.195885 17.574219
v -351.849747 5.611519 17.544922
v -351.459007 4.996743 17.515625
v -351.114578 4.354890 17.486328
v -350.818253 3.689438 17.457031
v -350.571747 3.003991 17.427734
v -350.376320 2.302266 17.398437
v -350.233002 1.588065 17.369140
v -350.142632 0.865258 17.339844
v -350.105705 0.137762 17.310547
v -350.122375 -0.590480 17.281250
v -350.192604 -1.315523 17.251953
v -350.315933 -2.033436 17.222656
v -350.491753 -2.740331 17.193359
v -350.719109 -3.432375 17.164062
v -350.996780 -4.105819 17.134765
v -351.323204 -4.757013 17.105469
v -351.696663 -5.382428 17.076172
v -352.115097 -5.978676 17.046875
v -352.576294 -6.542524 17.017578
v -353.077698 -7.070919 16.988281
v -354.123306 -6.098220 17.808594
v -354.587822 -6.514014 17.779297
v -355.081711 -6.894508 17.750000
v -355.602188 -7.237640 17.720703
v -356.146584 -7.541550 17.691406
v -356.711807 -7.804593 17.662109
v -357.294846 -8.025341 17.632812
v -357.892532 -8.202599 17.603515
v -358.501663 -8.335407 17.574219
v -359.118919 -8.423045 17.544922
v -359.740982 -8.465037 17.515625
v -360.364380 -8.461157 17.486328
v -360.985832 -8.411425 17.457031
v -361.498337 -8.335407 17.925781
v -362.107468 -8.202599 17.896484
v -362.705154 -8.025341 17.867187
v -363.288193 -7.804593 17.837890
v -363.853416 -7.541550 17.808594
v -364.397812 -7.237640 17.779297
v -364.918289 -6.894508 17.750000
v -365.412178 -6.514014 17.720703
v -365.876694 -6.098220 17.691406
v -366.309395 -5.649379 17.662109
v -366.707878 -5.169924 17.632812
v -367.070045 -4.662453 17.603515
v -367.393875 -4.129715 17.574219
v -367.677650 -3.574598 17.544922
v -367.919807 -3.000110 17.515625
v -368.119049 -2.409364 17.486328
v -368.274307 -1.805562 17.457031
v -368.384705 -1.191975 17.427734
v -368.449669 -0.571929 17.398437
v -368.468857 0.051217 17.369140
v -368.442154 0.674085 17.339844
v -368.369675 1.293300 17.310547
v -368.352890 1.397387 16.812500
v -369.631271 2.270483 15.962890
v -369.438095 2.972849 15.933594
v -369.193840 3.659105 15.904297
v -368.899765 4.325532 15.875000
v -368.557434 4.968519 15.845703
v -368.285522 5.409811 15.464844
v -367.865105 6.004674 15.435547
v -367.402077 6.566997 15.406250
v -366.898880 7.093733 15.376953
v -366.746674 7.238671 15.728515
v -365.725288 6.240605 16.548828
v -365.250664 6.644874 16.519531
v -364.834557 6.953490 16.988281
v -365.584602 8.168747 17.808594
v -364.968491 8.557441 17.779297
v -364.785652 8.661045 18.130859
v -364.135513 8.989631 18.101562
v -363.478775 7.721546 18.921875
v -362.901306 7.956536 18.892578
v -362.308121 8.148410 18.863281
v -361.702423 8.296126 18.833984
v -361.087494 8.398886 18.804687
v -360.466690 8.456131 18.775390
v -359.843369 8.467551 18.746094
v -359.220886 8.433086 18.716797
v -358.602600 8.352920 18.687500
v -357.729530 9.631245 17.837890
v -357.991905 8.227490 18.658203
v -357.392120 8.057473 18.628906
v -356.806412 7.843792 18.599609
v -356.238060 7.587606 18.570312
v -355.690079 7.290302 18.541015
v -355.165443 6.953490 18.511719
v -354.667015 6.578997 18.482422
v -354.197464 6.168853 18.453125
v -353.759384 5.725278 18.423828
v -353.355141 5.250677 18.394531
v -352.986870 4.747624 18.365234
v -352.656631 4.218841 18.335937
v -352.366142 3.667198 18.306640
v -352.117081 3.095680 18.277344
v -351.910667 2.507388 18.248047
v -351.748123 1.905507 18.218750
v -351.630325 1.293300 18.189453
v -351.557846 0.674085 18.160156
v -351.531143 0.051217 18.130859
v -351.550331 -0.571929 18.101562
v -351.615295 -1.191975 18.072265
v -351.725693 -1.805562 18.042969
v -351.880951 -2.409364 18.013672
v -352.080193 -3.000110 17.984375
v -352.322350 -3.574598 17.955078
v -352.606125 -4.129715 17.925781
v -352.929955 -4.662453 17.896484
v -353.292122 -5.169924 17.867187
v -353.690605 -5.649379 17.837890
v -354.047852 -6.024594 18.306640
v -354.507179 -6.446138 18.277344
v -354.996262 -6.832750 18.248047
v -355.512466 -7.182335 18.218750
v -356.052971 -7.492998 18.189453
v -356.614914 -7.763056 18.160156
v -357.195168 -7.991046 18.130859
v -357.790604 -8.175731 18.101562
v -358.398056 -8.316110 18.072265
v -359.014168 -8.411425 18.042969
v -359.635620 -8.461157 18.013672
v -360.259018 -8.465037 17.984375
v -360.881081 -8.423045 17.955078
v -361.106911 -9.833144 18.775390
v -361.827278 -9.725072 18.746094
v -362.537766 -9.564298 18.716797
v -363.234482 -9.351694 18.687500
v -363.913651 -9.088413 18.658203
v -364.571609 -8.775882 18.628906
v -365.204849 -8.415793 18.599609
v -365.809860 -8.010098 18.570312
v -366.383362 -7.560995 18.541015
v -366.922302 -7.070919 18.511719
v -367.423706 -6.542524 18.482422
v -367.884903 -5.978676 18.453125
v -368.303337 -5.382428 18.423828
v -368.676796 -4.757013 18.394531
v -369.003220 -4.105819 18.365234
v -369.280891 -3.432375 18.335937
v -369.508247 -2.740331 18.306640
v -369.684067 -2.033436 18.277344
v -369.807396 -1.315523 18.248047
v -369.877625 -0.590480 18.218750
v -369.894295 0.137762 18.189453
v -369.857368 0.865258 18.160156
v -369.766998 1.588065 18.130859
v -368.251877 1.905507 17.281250
v -368.227463 2.008079 16.783203
v -368.057480 2.607890 16.753906
v -367.843781 3.193569 16.724609
v -367.587624 3.761941 16.695312
v -367.290306 4.309926 16.666015
v -368.168716 5.584581 15.816406
v -367.735786 6.170380 15.787109
v -367.260895 6.722741 15.757812
v -366.168861 5.802518 16.578125
v -365.802536 6.168853 17.046875
v -365.332985 6.578997 17.017578
v -366.170387 7.735786 17.837890
v -366.004677 7.865104 18.189453
v -365.409813 8.285524 18.160156
v -364.574089 7.127533 18.980469
v -364.037361 7.444711 18.951172
v -363.574600 7.677643 19.419922
v -363.000107 7.919804 19.390625
v -362.409363 8.119047 19.361328
v -361.805573 8.274292 19.332031
v -361.191978 8.384698 19.302734
v -360.571938 8.449666 19.273437
v -359.948807 8.468845 19.244140
v -359.325943 8.442131 19.214844
v -358.706703 8.369668 19.185547
v -358.094482 8.251848 19.156250
v -357.492599 8.089312 19.126953
v -356.904335 7.882939 19.097656
v -356.332779 7.633847 19.068359
v -355.781174 7.343387 19.039062
v -355.252380 7.013133 19.009765
v -354.749336 6.644874 18.980469
v -354.274712 6.240605 18.951172
v -353.831139 5.802518 18.921875
v -353.420982 5.332987 18.892578
v -353.046494 4.834556 18.863281
v -352.709694 4.309926 18.833984
v -352.412376 3.761941 18.804687
v -352.156219 3.193569 18.775390
v -351.942520 2.607890 18.746094
v -351.772537 2.008079 18.716797
v -351.647110 1.397387 18.687500
v -351.566925 0.779122 18.658203
v -351.532440 0.156634 18.628906
v -351.543884 -0.466702 18.599609
v -351.601105 -1.087509 18.570312
v -351.703873 -1.702423 18.541015
v -351.851578 -2.308111 18.511719
v -352.043457 -2.901291 18.482422
v -352.278442 -3.478749 18.453125
v -352.555313 -4.037355 18.423828
v -352.872467 -4.574083 18.394531
v -353.228264 -5.086023 18.365234
v -353.620758 -5.570402 18.335937
v -352.597923 -6.566997 19.156250
v -353.101120 -7.093733 19.126953
v -353.641624 -7.582027 19.097656
v -354.216652 -8.029234 19.068359
v -354.822960 -8.432930 19.039062
v -355.457382 -8.790926 19.009765
v -356.116371 -9.101284 18.980469
v -356.796417 -9.362322 18.951172
v -357.493820 -9.572624 18.921875
v -358.204842 -9.731051 18.892578
v -358.925552 -9.836745 18.863281
v -359.652100 -9.889132 18.833984
v -360.380516 -9.887930 18.804687
v -360.590477 -9.877616 19.156250
v -361.315536 -9.807414 19.126953
v -362.033463 -9.684065 19.097656
v -362.740326 -9.508237 19.068359
v -363.432388 -9.280882 19.039062
v -364.105797 -9.003234 19.009765
v -364.757004 -8.676797 18.980469
v -365.382423 -8.303339 18.951172
v -365.978661 -7.884885 18.921875
v -366.542511 -7.423702 18.892578
v -367.070923 -6.922289 18.863281
v -367.560997 -6.383364 18.833984
v -368.010101 -5.809847 18.804687
v -368.415794 -5.204845 18.775390
v -368.775864 -4.571638 18.746094
v -369.088402 -3.913657 18.716797
v -369.351692 -3.234468 18.687500
v -369.564285 -2.537751 18.658203
v -369.725075 -1.827281 18.628906
v -369.833145 -1.106909 18.599609
v -369.887924 -0.380539 18.570312
v -369.889145 0.347893 18.541015
v -369.836731 1.074440 18.511719
v -369.731064 1.795165 18.482422
v -369.623680 2.302266 18.101562
v -368.089333 2.507388 17.251953
v -367.882919 3.095680 17.222656
v -367.633858 3.667198 17.193359
v -367.343369 4.218841 17.164062
v -367.013130 4.747624 17.134765
v -366.953506 4.834556 16.636719
v -366.579018 5.332987 16.607422
v -366.240616 5.725278 17.076172
v -367.238693 6.746675 17.896484
v -366.722755 7.260904 17.867187
v -366.567001 7.402062 18.218750
v -365.570412 6.379231 19.039062
v -365.086021 6.771730 19.009765
v -364.662437 7.070042 19.478515
v -364.129715 7.393876 19.449219
v -364.757004 8.676797 20.269532
v -364.105797 9.003234 20.240235
v -363.432388 9.280882 20.210938
v -362.740326 9.508237 20.181642
v -362.033463 9.684065 20.152345
v -361.315536 9.807414 20.123048
v -360.590477 9.877616 20.093751
v -359.862251 9.894291 20.064454
v -359.134750 9.857348 20.035157
v -358.411942 9.766986 20.005860
v -357.697716 9.623697 19.976562
v -356.996002 9.428256 19.947265
v -356.310577 9.181722 19.917969
v -355.645103 8.885432 19.888672
v -355.003281 8.540991 19.859375
v -354.388504 8.150266 19.830078
v -353.804092 7.715373 19.800781
v -353.253326 7.238671 19.771484
v -352.739105 6.722741 19.742187
v -352.264214 6.170380 19.712890
v -351.831284 5.584581 19.683594
v -351.442566 4.968519 19.654297
v -351.100235 4.325532 19.625000
v -350.806160 3.659105 19.595703
v -350.561905 2.972849 19.566406
v -350.368729 2.270483 19.537109
v -350.227814 1.555813 19.507812
v -350.139847 0.832711 19.478515
v -350.105324 0.105097 19.449219
v -350.124397 -0.623086 19.419922
v -350.196991 -1.347893 19.390625
v -350.322685 -2.065396 19.361328
v -350.500870 -2.771706 19.332031
v -350.730515 -3.462996 19.302734
v -351.010361 -4.135519 19.273437
v -351.338959 -4.785632 19.244140
v -351.714478 -5.409811 19.214844
v -352.134895 -6.004674 19.185547
v -352.264214 -6.170380 19.537109
v -352.739105 -6.722741 19.507812
v -353.253326 -7.238671 19.478515
v -353.804092 -7.715373 19.449219
v -354.388504 -8.150266 19.419922
v -355.003281 -8.540991 19.390625
v -355.645103 -8.885432 19.361328
v -356.310577 -9.181722 19.332031
v -356.996002 -9.428256 19.302734
v -357.697716 -9.623697 19.273437
v -358.411942 -9.766986 19.244140
v -359.134750 -9.857348 19.214844
v -359.862251 -9.894291 19.185547
v -359.948807 -8.468845 20.005860
v -360.571938 -8.449666 19.976562
v -361.191978 -8.384698 19.947265
v -361.805573 -8.274292 19.917969
v -362.409363 -8.119047 19.888672
v -363.000107 -7.919804 19.859375
v -363.574600 -7.677643 19.830078
v -364.129715 -7.393876 19.800781
v -364.662437 -7.070042 19.771484
v -365.169907 -6.707894 19.742187
v -365.649376 -6.309396 19.712890
v -366.098213 -5.876706 19.683594
v -366.514015 -5.412170 19.654297
v -366.894493 -4.918304 19.625000
v -367.237625 -4.397787 19.595703
v -367.541580 -3.853437 19.566406
v -367.804604 -3.288205 19.537109
v -368.025322 -2.705154 19.507812
v -368.202591 -2.107444 19.478515
v -368.335419 -1.498313 19.449219
v -368.423042 -0.881062 19.419922
v -368.465042 -0.259037 19.390625
v -368.461151 0.364391 19.361328
v -368.411446 0.985845 19.332031
v -368.316116 1.601957 19.302734
v -369.572639 2.506161 18.453125
v -369.428253 3.003991 18.072265
v -369.181747 3.689438 18.042969
v -368.885422 4.354890 18.013672
v -368.540993 4.996743 17.984375
v -368.150253 5.611519 17.955078
v -366.644859 5.250677 17.105469
v -367.715378 6.195885 17.925781
v -367.582016 6.358367 18.277344
v -367.093735 6.898907 18.248047
v -366.024590 5.952162 19.068359
v -365.649376 6.309396 19.537109
v -365.169907 6.707894 19.507812
v -365.978661 7.884885 20.328126
v -365.382423 8.303339 20.298829
v -365.204849 8.415793 20.650392
v -364.571609 8.775882 20.621095
v -363.913651 9.088413 20.591798
v -363.234482 9.351694 20.562501
v -362.537766 9.564298 20.533204
v -361.827278 9.725072 20.503907
v -361.106911 9.833144 20.474610
v -360.380516 9.887930 20.445313
v -359.652100 9.889132 20.416017
v -358.925552 9.836745 20.386720
v -358.204842 9.731051 20.357423
v -357.493820 9.572624 20.328126
v -356.796417 9.362322 20.298829
v -356.116371 9.101284 20.269532
v -355.457382 8.790926 20.240235
v -354.822960 8.432930 20.210938
v -354.216652 8.029234 20.181642
v -353.641624 7.582027 20.152345
v -353.101120 7.093733 20.123048
v -352.597923 6.566997 20.093751
v -352.134895 6.004674 20.064454
v -351.714478 5.409811 20.035157
v -351.338959 4.785632 20.005860
v -351.010361 4.135519 19.976562
v -350.730515 3.462996 19.947265
v -350.500870 2.771706 19.917969
v -350.322685 2.065396 19.888672
v -350.196991 1.347893 19.859375
v -350.124397 0.623086 19.830078
v -350.105324 -0.105097 19.800781
v -350.139847 -0.832711 19.771484
v -350.227814 -1.555813 19.742187
v -350.368729 -2.270483 19.712890
v -350.561905 -2.972849 19.683594
v -350.806160 -3.659105 19.654297
v -351.100235 -4.325532 19.625000
v -351.442566 -4.968519 19.595703
v -351.831284 -5.584581 19.566406
v -353.046494 -4.834556 20.386720
v -353.420982 -5.332987 20.357423
v -353.831139 -5.802518 20.328126
v -354.274712 -6.240605 20.298829
v -354.749336 -6.644874 20.269532
v -355.252380 -7.013133 20.240235
v -355.781174 -7.343387 20.210938
v -356.332779 -7.633847 20.181642
v -356.904335 -7.882939 20.152345
v -357.492599 -8.089312 20.123048
v -358.094482 -8.251848 20.093751
v -358.706703 -8.369668 20.064454
v -359.325943 -8.442131 20.035157
v -359.843369 -8.467551 20.503907
v -360.466690 -8.456131 20.474610
v -361.087494 -8.398886 20.445313
v -361.702423 -8.296126 20.416017
v -362.308121 -8.148410 20.386720
v -362.901306 -7.956536 20.357423
v -363.478775 -7.721546 20.328126
v -364.037361 -7.444711 20.298829
v -364.574089 -7.127533 20.269532
v -365.086021 -6.771730 20.240235
v -365.570412 -6.379231 20.210938
v -366.024590 -5.952162 20.181642
v -366.446152 -5.492837 20.152345
v -366.832771 -5.003747 20.123048
v -367.182350 -4.487541 20.093751
v -367.493019 -3.947017 20.064454
v -367.763062 -3.385103 20.035157
v -367.991066 -2.804845 20.005860
v -368.175735 -2.209387 19.976562
v -368.316116 -1.601957 19.947265
v -368.411446 -0.985845 19.917969
v -368.461151 -0.364391 19.888672
v -368.465042 0.259037 19.859375
v -368.423042 0.881062 19.830078
v -368.335419 1.498313 19.800781
v -368.202591 2.107444 19.771484
v -368.175735 2.209387 19.273437
v -369.362335 3.203577 18.423828
v -369.101295 3.883632 18.394531
v -368.790932 4.542641 18.365234
v -368.432922 5.177033 18.335937
v -368.029251 5.783371 18.306640
v -366.832771 5.003747 19.126953
v -366.446152 5.492837 19.097656
v -366.098213 5.876706 19.566406
v -367.070923 6.922289 20.386720
v -366.542511 7.423702 20.357423
v -366.383362 7.560995 20.708985
v -365.809860 8.010098 20.679688
v -364.918289 6.894508 21.500001
v -364.397812 7.237640 21.470704
v -363.853416 7.541550 21.441407
v -363.288193 7.804593 21.412110
v -362.705154 8.025341 21.382813
v -362.107468 8.202599 21.353517
v -361.498337 8.335407 21.324220
v -360.881081 8.423045 21.294923
v -360.259018 8.465037 21.265626
v -359.635620 8.461157 21.236329
v -359.014168 8.411425 21.207032
v -358.398056 8.316110 21.177735
v -357.790604 8.175731 21.148438
v -357.195168 7.991046 21.119142
v -356.614914 7.763056 21.089845
v -356.052971 7.492998 21.060548
v -355.512466 7.182335 21.031251
v -354.996262 6.832750 21.001954
v -354.507179 6.446138 20.972657
v -354.047852 6.024594 20.943360
v -353.620758 5.570402 20.914063
v -353.228264 5.086023 20.884767
v -352.872467 4.574083 20.855470
v -352.555313 4.037355 20.826173
v -352.278442 3.478749 20.796876
v -352.043457 2.901291 20.767579
v -351.851578 2.308111 20.738282
v -351.703873 1.702423 20.708985
v -351.601105 1.087509 20.679688
v -351.543884 0.466702 20.650392
v -351.532440 -0.156634 20.621095
v -351.566925 -0.779122 20.591798
v -351.647110 -1.397387 20.562501
v -351.772537 -2.008079 20.533204
v -351.942520 -2.607890 20.503907
v -352.156219 -3.193569 20.474610
v -352.412376 -3.761941 20.445313
v -352.709694 -4.309926 20.416017
v -352.986870 -4.747624 20.884767
v -353.355141 -5.250677 20.855470
v -353.759384 -5.725278 20.826173
v -354.197464 -6.168853 20.796876
v -354.667015 -6.578997 20.767579
v -355.165443 -6.953490 20.738282
v -355.690079 -7.290302 20.708985
v -356.238060 -7.587606 20.679688
v -356.806412 -7.843792 20.650392
v -357.392120 -8.057473 20.621095
v -357.991905 -8.227490 20.591798
v -358.602600 -8.352920 20.562501
v -359.220886 -8.433086 20.533204
v -359.167290 -9.860150 21.353517
v -359.894905 -9.894692 21.324220
v -360.623093 -9.875613 21.294923
v -361.347885 -9.803017 21.265626
v -362.065392 -9.677299 21.236329
v -362.771683 -9.499138 21.207032
v -363.462982 -9.269500 21.177735
v -364.135513 -8.989631 21.148438
v -364.785652 -8.661045 21.119142
v -365.409813 -8.285524 21.089845
v -366.004677 -7.865104 21.060548
v -366.567001 -7.402062 21.031251
v -367.093735 -6.898907 21.001954
v -367.582016 -6.358367 20.972657
v -368.029251 -5.783371 20.943360
v -368.432922 -5.177033 20.914063
v -368.790932 -4.542641 20.884767
v -369.101295 -3.883632 20.855470
v -369.362335 -3.203577 20.826173
v -369.572639 -2.506161 20.796876
v -369.731064 -1.795165 20.767579
v -369.836731 -1.074440 20.738282
v -369.889145 -0.347893 20.708985
v -369.887924 0.380539 20.679688
v -369.833145 1.106909 20.650392
v -369.725075 1.827281 20.621095
v -369.564285 2.537751 20.591798
v -368.025322 2.705154 19.742187
v -367.991066 2.804845 19.244140
v -367.763062 3.385103 19.214844
v -367.493019 3.947017 19.185547
v -367.182350 4.487541 19.156250
v -366.894493 4.918304 19.625000
v -366.514015 5.412170 19.595703
v -367.560997 6.383364 20.416017
v -367.423706 6.542524 20.767579
v -366.922302 7.070919 20.738282
v -365.876694 6.098220 21.558595
v -365.412178 6.514014 21.529298
v -365.003738 6.832750 21.998048
v -364.487534 7.182335 21.968751
v -363.947029 7.492998 21.939454
v -363.385086 7.763056 21.910157
v -362.804832 7.991046 21.880860
v -362.209396 8.175731 21.851563
v -361.601944 8.316110 21.822267
v -360.985832 8.411425 21.792970
v -360.364380 8.461157 21.763673
v -359.740982 8.465037 21.734376
v -359.118919 8.423045 21.705079
v -358.501663 8.335407 21.675782
v -357.892532 8.202599 21.646485
v -357.294846 8.025341 21.617188
v -356.711807 7.804593 21.587892
v -356.146584 7.541550 21.558595
v -355.602188 7.237640 21.529298
v -355.081711 6.894508 21.500001
v -354.587822 6.514014 21.470704
v -354.123306 6.098220 21.441407
v -353.690605 5.649379 21.412110
v -353.292122 5.169924 21.382813
v -352.929955 4.662453 21.353517
v -352.606125 4.129715 21.324220
v -352.322350 3.574598 21.294923
v -352.080193 3.000110 21.265626
v -351.880951 2.409364 21.236329
v -351.725693 1.805562 21.207032
v -351.615295 1.191975 21.177735
v -351.550331 0.571929 21.148438
v -351.531143 -0.051217 21.119142
v -351.557846 -0.674085 21.089845
v -351.630325 -1.293300 21.060548
v -351.748123 -1.905507 21.031251
v -351.910667 -2.507388 21.001954
v -352.117081 -3.095680 20.972657
v -352.366142 -3.667198 20.943360
v -352.656631 -4.218841 20.914063
v -351.459007 -4.996743 21.734376
v -351.849747 -5.611519 21.705079
v -352.284622 -6.195885 21.675782
v -352.761307 -6.746675 21.646485
v -353.277245 -7.260904 21.617188
v -353.829613 -7.735786 21.587892
v -354.415398 -8.168747 21.558595
v -355.031509 -8.557441 21.529298
v -355.674477 -8.899760 21.500001
v -356.340866 -9.193853 21.470704
v -357.027168 -9.438122 21.441407
v -357.729530 -9.631245 21.412110
v -358.444176 -9.772176 21.382813
v -358.652115 -9.803017 21.734376
v -359.376907 -9.875613 21.705079
v -360.105095 -9.894692 21.675782
v -360.832710 -9.860150 21.646485
v -361.555824 -9.772176 21.617188
v -362.270470 -9.631245 21.587892
v -362.972832 -9.438122 21.558595
v -363.659134 -9.193853 21.529298
v -364.325523 -8.899760 21.500001
v -364.968491 -8.557441 21.470704
v -365.584602 -8.168747 21.441407
v -366.170387 -7.735786 21.412110
v -366.722755 -7.260904 21.382813
v -367.238693 -6.746675 21.353517
v -367.715378 -6.195885 21.324220
v -368.150253 -5.611519 21.294923
v -368.540993 -4.996743 21.265626
v -368.885422 -4.354890 21.236329
v -369.181747 -3.689438 21.207032
v -369.428253 -3.003991 21.177735
v -369.623680 -2.302266 21.148438
v -369.766998 -1.588065 21.119142
v -369.857368 -0.865258 21.089845
v -369.894295 -0.137762 21.060548
v -369.877625 0.590480 21.031251
v -369.807396 1.315523 21.001954
v -369.684067 2.033436 20.972657
v -369.508247 2.740331 20.943360
v -369.351692 3.234468 20.562501
v -367.804604 3.288205 19.712890
v -367.541580 3.853437 19.683594
v -367.237625 4.397787 19.654297
v -368.415794 5.204845 20.474610
v -368.010101 5.809847 20.445313
v -367.884903 5.978676 20.796876
v -366.707878 5.169924 21.617188
v -366.309395 5.649379 21.587892
v -365.952148 6.024594 22.056642
v -365.492821 6.446138 22.027345
v -366.358376 7.582027 22.847657
v -365.783348 8.029234 22.818360
v -365.177040 8.432930 22.789063
v -364.542618 8.790926 22.759767
v -363.883629 9.101284 22.730470
v -363.203583 9.362322 22.701173
v -362.506180 9.572624 22.671876
v -361.795158 9.731051 22.642579
v -361.074448 9.836745 22.613282
v -360.347900 9.889132 22.583985
v -359.619484 9.887930 22.554688
v -358.893089 9.833144 22.525392
v -358.172722 9.725072 22.496095
v -357.462234 9.564298 22.466798
v -356.765518 9.351694 22.437501
v -356.086349 9.088413 22.408204
v -355.428391 8.775882 22.378907
v -354.795151 8.415793 22.349610
v -354.190140 8.010098 22.320313
v -353.616638 7.560995 22.291017
v -353.077698 7.070919 22.261720
v -352.576294 6.542524 22.232423
v -352.115097 5.978676 22.203126
v -351.696663 5.382428 22.173829
v -351.323204 4.757013 22.144532
v -350.996780 4.105819 22.115235
v -350.719109 3.432375 22.085938
v -350.491753 2.740331 22.056642
v -350.315933 2.033436 22.027345
v -350.192604 1.315523 21.998048
v -350.122375 0.590480 21.968751
v -350.105705 -0.137762 21.939454
v -350.142632 -0.865258 21.910157
v -350.233002 -1.588065 21.880860
v -350.376320 -2.302266 21.851563
v -350.571747 -3.003991 21.822267
v -350.818253 -3.689438 21.792970
v -351.114578 -4.354890 21.763673
v -351.209068 -4.542641 22.115235
v -351.567078 -5.177033 22.085938
v -351.970749 -5.783371 22.056642
v -352.417984 -6.358367 22.027345
v -352.906265 -6.898907 21.998048
v -353.432999 -7.402062 21.968751
v -353.995323 -7.865104 21.939454
v -354.590187 -8.285524 21.910157
v -355.214348 -8.661045 21.880860
v -355.864487 -8.989631 21.851563
v -356.537018 -9.269500 21.822267
v -357.228317 -9.499138 21.792970
v -357.934608 -9.677299 21.763673
v -358.297577 -8.296126 22.583985
v -358.912506 -8.398886 22.554688
v -359.533310 -8.456131 22.525392
v -360.156631 -8.467551 22.496095
v -360.779114 -8.433086 22.466798
v -361.397400 -8.352920 22.437501
v -362.008095 -8.227490 22.408204
v -362.607880 -8.057473 22.378907
v -363.193588 -7.843792 22.349610
v -363.761940 -7.587606 22.320313
v -364.309921 -7.290302 22.291017
v -364.834557 -6.953490 22.261720
v -365.332985 -6.578997 22.232423
v -365.802536 -6.168853 22.203126
v -366.240616 -5.725278 22.173829
v -366.644859 -5.250677 22.144532
v -367.013130 -4.747624 22.115235
v -367.343369 -4.218841 22.085938
v -367.633858 -3.667198 22.056642
v -367.882919 -3.095680 22.027345
v -368.089333 -2.507388 21.998048
v -368.251877 -1.905507 21.968751
v -368.369675 -1.293300 21.939454
v -368.442154 -0.674085 21.910157
v -368.468857 -0.051217 21.880860
v -368.449669 0.571929 21.851563
v -368.384705 1.191975 21.822267
v -368.274307 1.805562 21.792970
v -368.119049 2.409364 21.763673
v -369.280891 3.432375 20.914063
v -369.088402 3.913657 20.533204
v -368.775864 4.571638 20.503907
v -368.676796 4.757013 20.855470
v -368.303337 5.382428 20.826173
v -367.070045 4.662453 21.646485
v -366.771736 5.086023 22.115235
v -366.379242 5.570402 22.085938
v -367.402077 6.566997 22.906251
v -366.898880 7.093733 22.876954
v -366.746674 7.238671 23.228517
v -366.195908 7.715373 23.199220
v -365.611496 8.150266 23.169923
v -364.996719 8.540991 23.140626
v -364.354897 8.885432 23.111329
v -363.689423 9.181722 23.082032
v -363.003998 9.428256 23.052735
v -362.302284 9.623697 23.023438
v -361.588058 9.766986 22.994142
v -360.865250 9.857348 22.964845
v -360.137749 9.894291 22.935548
v -359.409523 9.877616 22.906251
v -358.684464 9.807414 22.876954
v -357.966537 9.684065 22.847657
v -357.259674 9.508237 22.818360
v -356.567612 9.280882 22.789063
v -355.894203 9.003234 22.759767
v -355.242996 8.676797 22.730470
v -354.617577 8.303339 22.701173
v -354.021339 7.884885 22.671876
v -353.457489 7.423702 22.642579
v -352.929077 6.922289 22.613282
v -352.439003 6.383364 22.583985
v -351.989899 5.809847 22.554688
v -351.584206 5.204845 22.525392
v -351.224136 4.571638 22.496095
v -350.911598 3.913657 22.466798
v -350.648308 3.234468 22.437501
v -350.435715 2.537751 22.408204
v -350.274925 1.827281 22.378907
v -350.166855 1.106909 22.349610
v -350.112076 0.380539 22.320313
v -350.110855 -0.347893 22.291017
v -350.163269 -1.074440 22.261720
v -350.268936 -1.795165 22.232423
v -350.427361 -2.506161 22.203126
v -350.637665 -3.203577 22.173829
v -350.898705 -3.883632 22.144532
v -352.236938 -3.385103 22.964845
v -352.506981 -3.947017 22.935548
v -352.817650 -4.487541 22.906251
v -353.167229 -5.003747 22.876954
v -353.553848 -5.492837 22.847657
v -353.975410 -5.952162 22.818360
v -354.429588 -6.379231 22.789063
v -354.913979 -6.771730 22.759767
v -355.425911 -7.127533 22.730470
v -355.962639 -7.444711 22.701173
v -356.521225 -7.721546 22.671876
v -357.098694 -7.956536 22.642579
v -357.691879 -8.148410 22.613282
v -358.194427 -8.274292 23.082032
v -358.808022 -8.384698 23.052735
v -359.428062 -8.449666 23.023438
v -360.051193 -8.468845 22.994142
v -360.674057 -8.442131 22.964845
v -361.293297 -8.369668 22.935548
v -361.905518 -8.251848 22.906251
v -362.507401 -8.089312 22.876954
v -363.095665 -7.882939 22.847657
v -363.667221 -7.633847 22.818360
v -364.218826 -7.343387 22.789063
v -364.747620 -7.013133 22.759767
v -365.250664 -6.644874 22.730470
v -365.725288 -6.240605 22.701173
v -366.168861 -5.802518 22.671876
v -366.579018 -5.332987 22.642579
v -366.953506 -4.834556 22.613282
v -367.290306 -4.309926 22.583985
v -367.587624 -3.761941 22.554688
v -367.843781 -3.193569 22.525392
v -368.057480 -2.607890 22.496095
v -368.227463 -2.008079 22.466798
v -368.352890 -1.397387 22.437501
v -368.433075 -0.779122 22.408204
v -368.467560 -0.156634 22.378907
v -368.456116 0.466702 22.349610
v -368.398895 1.087509 22.320313
v -368.296127 1.702423 22.291017
v -368.148422 2.308111 22.261720
v -367.956543 2.901291 22.232423
v -367.919807 3.000110 21.734376
v -369.003220 4.105819 20.884767
v -367.677650 3.574598 21.705079
v -367.393875 4.129715 21.675782
v -367.127533 4.574083 22.144532
v -368.285522 5.409811 22.964845
v -367.865105 6.004674 22.935548
v -367.735786 6.170380 23.287110
v -367.260895 6.722741 23.257813
v -366.168861 5.802518 24.078126
v -365.725288 6.240605 24.048829
v -365.250664 6.644874 24.019532
v -364.747620 7.013133 23.990235
v -364.218826 7.343387 23.960938
v -363.667221 7.633847 23.931642
v -363.095665 7.882939 23.902345
v -362.507401 8.089312 23.873048
v -361.905518 8.251848 23.843751
v -361.293297 8.369668 23.814454
v -360.674057 8.442131 23.785157
v -360.051193 8.468845 23.755860
v -359.428062 8.449666 23.726563
v -358.808022 8.384698 23.697267
v -358.194427 8.274292 23.667970
v -357.590637 8.119047 23.638673
v -356.999893 7.919804 23.609376
v -356.425400 7.677643 23.580079
v -355.870285 7.393876 23.550782
v -355.337563 7.070042 23.521485
v -354.830093 6.707894 23.492188
v -354.350624 6.309396 23.462892
v -353.901787 5.876706 23.433595
v -353.485985 5.412170 23.404298
v -353.105507 4.918304 23.375001
v -352.762375 4.397787 23.345704
v -352.458420 3.853437 23.316407
v -352.195396 3.288205 23.287110
v -351.974678 2.705154 23.257813
v -351.797409 2.107444 23.228517
v -351.664581 1.498313 23.199220
v -351.576958 0.881062 23.169923
v -351.534958 0.259037 23.140626
v -351.538849 -0.364391 23.111329
v -351.588554 -0.985845 23.082032
v -351.683884 -1.601957 23.052735
v -351.824265 -2.209387 23.023438
v -352.008934 -2.804845 22.994142
v -352.195396 -3.288205 23.462892
v -352.458420 -3.853437 23.433595
v -352.762375 -4.397787 23.404298
v -353.105507 -4.918304 23.375001
v -353.485985 -5.412170 23.345704
v -353.901787 -5.876706 23.316407
v -354.350624 -6.309396 23.287110
v -354.830093 -6.707894 23.257813
v -355.337563 -7.070042 23.228517
v -355.870285 -7.393876 23.199220
v -356.425400 -7.677643 23.169923
v -356.999893 -7.919804 23.140626
v -357.590637 -8.119047 23.111329
v -357.259674 -9.508237 23.931642
v -357.966537 -9.684065 23.902345
v -358.684464 -9.807414 23.873048
v -359.409523 -9.877616 23.843751
v -360.137749 -9.894291 23.814454
v -360.865250 -9.857348 23.785157
v -361.588058 -9.766986 23.755860
v -362.302284 -9.623697 23.726563
v -363.003998 -9.428256 23.697267
v -363.689423 -9.181722 23.667970
v -364.354897 -8.885432 23.638673
v -364.996719 -8.540991 23.609376
v -365.611496 -8.150266 23.580079
v -366.195908 -7.715373 23.550782
v -366.746674 -7.238671 23.521485
v -367.260895 -6.722741 23.492188
v -367.735786 -6.170380 23.462892
v -368.168716 -5.584581 23.433595
v -368.557434 -4.968519 23.404298
v -368.899765 -4.325532 23.375001
v -369.193840 -3.659105 23.345704
v -369.438095 -2.972849 23.316407
v -369.631271 -2.270483 23.287110
v -369.772186 -1.555813 23.257813
v -369.860153 -0.832711 23.228517
v -369.894676 -0.105097 23.199220
v -369.875603 0.623086 23.169923
v -369.803009 1.347893 23.140626
v -369.677315 2.065396 23.111329
v -369.499130 2.771706 23.082032
v -369.269485 3.462996 23.052735
v -367.721558 3.478749 22.203126
v -367.444687 4.037355 22.173829
v -368.661041 4.785632 22.994142
v -368.557434 4.968519 23.345704
v -368.168716 5.584581 23.316407
v -366.953506 4.834556 24.136720
v -366.579018 5.332987 24.107423
v -366.240616 5.725278 24.576173
v -365.802536 6.168853 24.546876
v -365.332985 6.578997 24.517579
v -364.834557 6.953490 24.488282
v -364.309921 7.290302 24.458985
v -363.761940 7.587606 24.429688
v -363.193588 7.843792 24.400392
v -362.607880 8.057473 24.371095
v -362.008095 8.227490 24.341798
v -361.397400 8.352920 24.312501
v -360.779114 8.433086 24.283204
v -360.156631 8.467551 24.253907
v -359.533310 8.456131 24.224610
v -358.912506 8.398886 24.195313
v -358.297577 8.296126 24.166017
v -357.691879 8.148410 24.136720
v -357.098694 7.956536 24.107423
v -356.521225 7.721546 24.078126
v -355.962639 7.444711 24.048829
v -355.425911 7.127533 24.019532
v -354.913979 6.771730 23.990235
v -354.429588 6.379231 23.960938
v -353.975410 5.952162 23.931642
v -353.553848 5.492837 23.902345
v -353.167229 5.003747 23.873048
v -352.817650 4.487541 23.843751
v -352.506981 3.947017 23.814454
v -352.236938 3.385103 23.785157
v -352.008934 2.804845 23.755860
v -351.824265 2.209387 23.726563
v -351.683884 1.601957 23.697267
v -351.588554 0.985845 23.667970
v -351.538849 0.364391 23.638673
v -351.534958 -0.259037 23.609376
v -351.576958 -0.881062 23.580079
v -351.664581 -1.498313 23.550782
v -351.797409 -2.107444 23.521485
v -351.974678 -2.705154 23.492188
v -350.648308 -3.234468 24.312501
v -350.911598 -3.913657 24.283204
v -351.224136 -4.571638 24.253907
v -351.584206 -5.204845 24.224610
v -351.989899 -5.809847 24.195313
v -352.439003 -6.383364 24.166017
v -352.929077 -6.922289 24.136720
v -353.457489 -7.423702 24.107423
v -354.021339 -7.884885 24.078126
v -354.617577 -8.303339 24.048829
v -355.242996 -8.676797 24.019532
v -355.894203 -9.003234 23.990235
v -356.567612 -9.280882 23.960938
v -356.765518 -9.351694 24.312501
v -357.462234 -9.564298 24.283204
v -358.172722 -9.725072 24.253907
v -358.893089 -9.833144 24.224610
v -359.619484 -9.887930 24.195313
v -360.347900 -9.889132 24.166017
v -361.074448 -9.836745 24.136720
v -361.795158 -9.731051 24.107423
v -362.506180 -9.572624 24.078126
v -363.203583 -9.362322 24.048829
v -363.883629 -9.101284 24.019532
v -364.542618 -8.790926 23.990235
v -365.177040 -8.432930 23.960938
v -365.783348 -8.029234 23.931642
v -366.358376 -7.582027 23.902345
v -366.898880 -7.093733 23.873048
v -367.402077 -6.566997 23.843751
v -367.865105 -6.004674 23.814454
v -368.285522 -5.409811 23.785157
v -368.661041 -4.785632 23.755860
v -368.989639 -4.135519 23.726563
v -369.269485 -3.462996 23.697267
v -369.499130 -2.771706 23.667970
v -369.677315 -2.065396 23.638673
v -369.803009 -1.347893 23.609376
v -369.875603 -0.623086 23.580079
v -369.894676 0.105097 23.550782
v -369.860153 0.832711 23.521485
v -369.772186 1.555813 23.492188
v -369.631271 2.270483 23.462892
v -369.438095 2.972849 23.433595
v -369.193840 3.659105 23.404298
v -368.989639 4.135519 23.023438
v -368.899765 4.325532 23.375001
v -367.587624 3.761941 24.195313
v -367.290306 4.309926 24.166017
v -367.013130 4.747624 24.634767
v -366.644859 5.250677 24.605470
v -367.715378 6.195885 25.425782
v -367.238693 6.746675 25.396485
v -366.722755 7.260904 25.367188
v -366.170387 7.735786 25.337892
v -365.584602 8.168747 25.308595
v -364.968491 8.557441 25.279298
v -364.325523 8.899760 25.250001
v -363.659134 9.193853 25.220704
v -362.972832 9.438122 25.191407
v -362.270470 9.631245 25.162110
v -361.555824 9.772176 25.132813
v -360.832710 9.860150 25.103517
v -360.105095 9.894692 25.074220
v -359.376907 9.875613 25.044923
v -358.652115 9.803017 25.015626
v -357.934608 9.677299 24.986329
v -357.228317 9.499138 24.957032
v -356.537018 9.269500 24.927735
v -355.864487 8.989631 24.898438
v -355.214348 8.661045 24.869142
v -354.590187 8.285524 24.839845
v -353.995323 7.865104 24.810548
v -353.432999 7.402062 24.781251
v -352.906265 6.898907 24.751954
v -352.417984 6.358367 24.722657
v -351.970749 5.783371 24.693360
v -351.567078 5.177033 24.664063
v -351.209068 4.542641 24.634767
v -350.898705 3.883632 24.605470
v -350.637665 3.203577 24.576173
v -350.427361 2.506161 24.546876
v -350.268936 1.795165 24.517579
v -350.163269 1.074440 24.488282
v -350.110855 0.347893 24.458985
v -350.112076 -0.380539 24.429688
v -350.166855 -1.106909 24.400392
v -350.274925 -1.827281 24.371095
v -350.435715 -2.537751 24.341798
v -350.491753 -2.740331 24.693360
v -350.719109 -3.432375 24.664063
v -350.996780 -4.105819 24.634767
v -351.323204 -4.757013 24.605470
v -351.696663 -5.382428 24.576173
v -352.115097 -5.978676 24.546876
v -352.576294 -6.542524 24.517579
v -353.077698 -7.070919 24.488282
v -353.616638 -7.560995 24.458985
v -354.190140 -8.010098 24.429688
v -354.795151 -8.415793 24.400392
v -355.428391 -8.775882 24.371095
v -356.086349 -9.088413 24.341798
v -356.711807 -7.804593 25.162110
v -357.294846 -8.025341 25.132813
v -357.892532 -8.202599 25.103517
v -358.501663 -8.335407 25.074220
v -359.118919 -8.423045 25.044923
v -359.740982 -8.465037 25.015626
v -360.364380 -8.461157 24.986329
v -360.985832 -8.411425 24.957032
v -361.601944 -8.316110 24.927735
v -362.209396 -8.175731 24.898438
v -362.804832 -7.991046 24.869142
v -363.385086 -7.763056 24.839845
v -363.947029 -7.492998 24.810548
v -364.487534 -7.182335 24.781251
v -365.003738 -6.832750 24.751954
v -365.492821 -6.446138 24.722657
v -365.952148 -6.024594 24.693360
v -366.379242 -5.570402 24.664063
v -366.771736 -5.086023 24.634767
v -367.127533 -4.574083 24.605470
v -367.444687 -4.037355 24.576173
v -367.721558 -3.478749 24.546876
v -367.956543 -2.901291 24.517579
v -368.148422 -2.308111 24.488282
v -368.296127 -1.702423 24.458985
v -368.398895 -1.087509 24.429688
v -368.456116 -0.466702 24.400392
v -368.467560 0.156634 24.371095
v -368.433075 0.779122 24.341798
v -368.352890 1.397387 24.312501
v -368.227463 2.008079 24.283204
v -368.057480 2.607890 24.253907
v -367.843781 3.193569 24.224610
v -367.633858 3.667198 24.693360
v -367.343369 4.218841 24.664063
v -368.540993 4.996743 25.484376
v -368.150253 5.611519 25.455079
v -368.029251 5.783371 25.806642
v -367.582016 6.358367 25.777345
v -367.093735 6.898907 25.748048
v -366.567001 7.402062 25.718751
v -366.004677 7.865104 25.689454
v -365.409813 8.285524 25.660157
v -364.785652 8.661045 25.630860
v -364.135513 8.989631 25.601563
v -363.462982 9.269500 25.572267
v -362.771683 9.499138 25.542970
v -362.065392 9.677299 25.513673
v -361.347885 9.803017 25.484376
v -360.623093 9.875613 25.455079
v -359.894905 9.894692 25.425782
v -359.167290 9.860150 25.396485
v -358.444176 9.772176 25.367188
v -357.729530 9.631245 25.337892
v -357.027168 9.438122 25.308595
v -356.340866 9.193853 25.279298
v -355.674477 8.899760 25.250001
v -355.031509 8.557441 25.220704
v -354.415398 8.168747 25.191407
v -353.829613 7.735786 25.162110
v -353.277245 7.260904 25.132813
v -352.761307 6.746675 25.103517
v -352.284622 6.195885 25.074220
v -351.849747 5.611519 25.044923
v -351.459007 4.996743 25.015626
v -351.114578 4.354890 24.986329
v -350.818253 3.689438 24.957032
v -350.571747 3.003991 24.927735
v -350.376320 2.302266 24.898438
v -350.233002 1.588065 24.869142
v -350.142632 0.865258 24.839845
v -350.105705 0.137762 24.810548
v -350.122375 -0.590480 24.781251
v -350.192604 -1.315523 24.751954
v -350.315933 -2.033436 24.722657
v -351.725693 -1.805562 25.542970
v -351.880951 -2.409364 25.513673
v -352.080193 -3.000110 25.484376
v -352.322350 -3.574598 25.455079
v -352.606125 -4.129715 25.425782
v -352.929955 -4.662453 25.396485
v -353.292122 -5.169924 25.367188
v -353.690605 -5.649379 25.337892
v -354.123306 -6.098220 25.308595
v -354.587822 -6.514014 25.279298
v -355.081711 -6.894508 25.250001
v -355.602188 -7.237640 25.220704
v -356.146584 -7.541550 25.191407
v -356.614914 -7.763056 25.660157
v -357.195168 -7.991046 25.630860
v -357.790604 -8.175731 25.601563
v -358.398056 -8.316110 25.572267
v -359.014168 -8.411425 25.542970
v -359.635620 -8.461157 25.513673
v -360.259018 -8.465037 25.484376
v -360.881081 -8.423045 25.455079
v -361.498337 -8.335407 25.425782
v -362.107468 -8.202599 25.396485
v -362.705154 -8.025341 25.367188
v -363.288193 -7.804593 25.337892
v -363.853416 -7.541550 25.308595
v -364.397812 -7.237640 25.279298
v -364.918289 -6.894508 25.250001
v -365.412178 -6.514014 25.220704
v -365.876694 -6.098220 25.191407
v -366.309395 -5.649379 25.162110
v -366.707878 -5.169924 25.132813
v -367.070045 -4.662453 25.103517
v -367.393875 -4.129715 25.074220
v -367.677650 -3.574598 25.044923
v -367.919807 -3.000110 25.015626
v -368.119049 -2.409364 24.986329
v -368.274307 -1.805562 24.957032
v -368.384705 -1.191975 24.927735
v -368.449669 -0.571929 24.898438
v -368.468857 0.051217 24.869142
v -368.442154 0.674085 24.839845
v -368.369675 1.293300 24.810548
v -368.251877 1.905507 24.781251
v -368.089333 2.507388 24.751954
v -367.882919 3.095680 24.722657
v -369.181747 3.689438 25.542970
v -368.885422 4.354890 25.513673
v -368.790932 4.542641 25.865235
v -368.432922 5.177033 25.835938
v -367.182350 4.487541 26.656251
v -366.832771 5.003747 26.626954
v -366.446152 5.492837 26.597657
v -366.024590 5.952162 26.568360
v -365.570412 6.379231 26.539063
v -365.086021 6.771730 26.509767
v -364.574089 7.127533 26.480470
v -364.037361 7.444711 26.451173
v -363.478775 7.721546 26.421876
v -362.901306 7.956536 26.392579
v -362.308121 8.148410 26.363282
v -361.702423 8.296126 26.333985
v -361.087494 8.398886 26.304688
v -360.466690 8.456131 26.275392
v -359.843369 8.467551 26.246095
v -359.220886 8.433086 26.216798
v -358.602600 8.352920 26.187501
v -357.991905 8.227490 26.158204
v -357.392120 8.057473 26.128907
v -356.806412 7.843792 26.099610
v -356.238060 7.587606 26.070313
v -355.690079 7.290302 26.041017
v -355.165443 6.953490 26.011720
v -354.667015 6.578997 25.982423
v -354.197464 6.168853 25.953126
v -353.759384 5.725278 25.923829
v -353.355141 5.250677 25.894532
v -352.986870 4.747624 25.865235
v -352.656631 4.218841 25.835938
v -352.366142 3.667198 25.806642
v -352.117081 3.095680 25.777345
v -351.910667 2.507388 25.748048
v -351.748123 1.905507 25.718751
v -351.630325 1.293300 25.689454
v -351.557846 0.674085 25.660157
v -351.531143 0.051217 25.630860
v -351.550331 -0.571929 25.601563
v -351.615295 -1.191975 25.572267
v -351.703873 -1.702423 26.041017
v -351.851578 -2.308111 26.011720
v -352.043457 -2.901291 25.982423
v -352.278442 -3.478749 25.953126
v -352.555313 -4.037355 25.923829
v -352.872467 -4.574083 25.894532
v -353.228264 -5.086023 25.865235
v -353.620758 -5.570402 25.835938
v -354.047852 -6.024594 25.806642
v -354.507179 -6.446138 25.777345
v -354.996262 -6.832750 25.748048
v -355.512466 -7.182335 25.718751
v -356.052971 -7.492998 25.689454
v -355.457382 -8.790926 26.509767
v -356.116371 -9.101284 26.480470
v -356.796417 -9.362322 26.451173
v -357.493820 -9.572624 26.421876
v -358.204842 -9.731051 26.392579
v -358.925552 -9.836745 26.363282
v -359.652100 -9.889132 26.333985
v -360.380516 -9.887930 26.304688
v -361.106911 -9.833144 26.275392
v -361.827278 -9.725072 26.246095
v -362.537766 -9.564298 26.216798
v -363.234482 -9.351694 26.187501
v -363.913651 -9.088413 26.158204
v -364.571609 -8.775882 26.128907
v -365.204849 -8.415793 26.099610
v -365.809860 -8.010098 26.070313
v -366.383362 -7.560995 26.041017
v -366.922302 -7.070919 26.011720
v -367.423706 -6.542524 25.982423
v -367.884903 -5.978676 25.953126
v -368.303337 -5.382428 25.923829
v -368.676796 -4.757013 25.894532
v -369.003220 -4.105819 25.865235
v -369.280891 -3.432375 25.835938
v -369.508247 -2.740331 25.806642
v -369.684067 -2.033436 25.777345
v -369.807396 -1.315523 25.748048
v -369.877625 -0.590480 25.718751
v -369.894295 0.137762 25.689454
v -369.857368 0.865258 25.660157
v -369.766998 1.588065 25.630860
v -369.623680 2.302266 25.601563
v -369.428253 3.003991 25.572267
v -369.362335 3.203577 25.923829
v -369.101295 3.883632 25.894532
v -367.763062 3.385103 26.714845
v -367.493019 3.947017 26.685548
v -367.237625 4.397787 27.154298
v -366.894493 4.918304 27.125001
v -366.514015 5.412170 27.095704
v -366.098213 5.876706 27.066407
v -365.649376 6.309396 27.037110
v -365.169907 6.707894 27.007813
v -364.662437 7.070042 26.978517
v -364.129715 7.393876 26.949220
v -363.574600 7.677643 26.919923
v -363.000107 7.919804 26.890626
v -362.409363 8.119047 26.861329
v -361.805573 8.274292 26.832032
v -361.191978 8.384698 26.802735
v -360.571938 8.449666 26.773438
v -359.948807 8.468845 26.744142
v -359.325943 8.442131 26.714845
v -358.706703 8.369668 26.685548
v -358.094482 8.251848 26.656251
v -357.492599 8.089312 26.626954
v -356.904335 7.882939 26.597657
v -356.332779 7.633847 26.568360
v -355.781174 7.343387 26.539063
v -355.252380 7.013133 26.509767
v -354.749336 6.644874 26.480470
v -354.274712 6.240605 26.451173
v -353.831139 5.802518 26.421876
v -353.420982 5.332987 26.392579
v -353.046494 4.834556 26.363282
v -352.709694 4.309926 26.333985
v -352.412376 3.761941 26.304688
v -352.156219 3.193569 26.275392
v -351.942520 2.607890 26.246095
v -351.772537 2.008079 26.216798
v -351.647110 1.397387 26.187501
v -351.566925 0.779122 26.158204
v -351.532440 0.156634 26.128907
v -351.543884 -0.466702 26.099610
v -351.601105 -1.087509 26.070313
v -350.196991 -1.347893 26.890626
v -350.322685 -2.065396 26.861329
v -350.500870 -2.771706 26.832032
v -350.730515 -3.462996 26.802735
v -351.010361 -4.135519 26.773438
v -351.338959 -4.785632 26.744142
v -351.714478 -5.409811 26.714845
v -352.134895 -6.004674 26.685548
v -352.597923 -6.566997 26.656251
v -353.101120 -7.093733 26.626954
v -353.641624 -7.582027 26.597657
v -354.216652 -8.029234 26.568360
v -354.822960 -8.432930 26.539063
v -355.003281 -8.540991 26.890626
v -355.645103 -8.885432 26.861329
v -356.310577 -9.181722 26.832032
v -356.996002 -9.428256 26.802735
v -357.697716 -9.623697 26.773438
v -358.411942 -9.766986 26.744142
v -359.134750 -9.857348 26.714845
v -359.862251 -9.894291 26.685548
v -360.590477 -9.877616 26.656251
v -361.315536 -9.807414 26.626954
v -362.033463 -9.684065 26.597657
v -362.740326 -9.508237 26.568360
v -363.432388 -9.280882 26.539063
v -364.105797 -9.003234 26.509767
v -364.757004 -8.676797 26.480470
v -365.382423 -8.303339 26.451173
v -365.978661 -7.884885 26.421876
v -366.542511 -7.423702 26.392579
v -367.070923 -6.922289 26.363282
v -367.560997 -6.383364 26.333985
v -368.010101 -5.809847 26.304688
v -368.415794 -5.204845 26.275392
v -368.775864 -4.571638 26.246095
v -369.088402 -3.913657 26.216798
v -369.351692 -3.234468 26.187501
v -369.564285 -2.537751 26.158204
v -369.725075 -1.827281 26.128907
v -369.833145 -1.106909 26.099610
v -369.887924 -0.380539 26.070313
v -369.889145 0.347893 26.041017
v -369.836731 1.074440 26.011720
v -369.731064 1.795165 25.982423
v -369.572639 2.506161 25.953126
v -368.175735 2.209387 26.773438
v -367.991066 2.804845 26.744142
v -367.804604 3.288205 27.212892
v -367.541580 3.853437 27.183595
v -368.775864 4.571638 28.003907
v -368.415794 5.204845 27.974610
v -368.010101 5.809847 27.945313
v -367.560997 6.383364 27.916017
v -367.070923 6.922289 27.886720
v -366.542511 7.423702 27.857423
v -365.978661 7.884885 27.828126
v -365.382423 8.303339 27.798829
v -364.757004 8.676797 27.769532
v -364.105797 9.003234 27.740235
v -363.432388 9.280882 27.710938
v -362.740326 9.508237 27.681642
v -362.033463 9.684065 27.652345
v -361.315536 9.807414 27.623048
v -360.590477 9.877616 27.593751
v -359.862251 9.894291 27.564454
v -359.134750 9.857348 27.535157
v -358.411942 9.766986 27.505860
v -357.697716 9.623697 27.476563
v -356.996002 9.428256 27.447267
v -356.310577 9.181722 27.417970
v -355.645103 8.885432 27.388673
v -355.003281 8.540991 27.359376
v -354.388504 8.150266 27.330079
v -353.804092 7.715373 27.300782
v -353.253326 7.238671 27.271485
v -352.739105 6.722741 27.242188
v -352.264214 6.170380 27.212892
v -351.831284 5.584581 27.183595
v -351.442566 4.968519 27.154298
v -351.100235 4.325532 27.125001
v -350.806160 3.659105 27.095704
v -350.561905 2.972849 27.066407
v -350.368729 2.270483 27.037110
v -350.227814 1.555813 27.007813
v -350.139847 0.832711 26.978517
v -350.105324 0.105097 26.949220
v -350.124397 -0.623086 26.919923
v -350.139847 -0.832711 27.271485
v -350.227814 -1.555813 27.242188
v -350.368729 -2.270483 27.212892
v -350.561905 -2.972849 27.183595
v -350.806160 -3.659105 27.154298
v -351.100235 -4.325532 27.125001
v -351.442566 -4.968519 27.095704
v -351.831284 -5.584581 27.066407
v -352.264214 -6.170380 27.037110
v -352.739105 -6.722741 27.007813
v -353.253326 -7.238671 26.978517
v -353.804092 -7.715373 26.949220
v -354.388504 -8.150266 26.919923
v -355.252380 -7.013133 27.740235
v -355.781174 -7.343387 27.710938
v -356.332779 -7.633847 27.681642
v -356.904335 -7.882939 27.652345
v -357.492599 -8.089312 27.623048
v -358.094482 -8.251848 27.593751
v -358.706703 -8.369668 27.564454
v -359.325943 -8.442131 27.535157
v -359.948807 -8.468845 27.505860
v -360.571938 -8.449666 27.476563
v -361.191978 -8.384698 27.447267
v -361.805573 -8.274292 27.417970
v -362.409363 -8.119047 27.388673
v -363.000107 -7.919804 27.359376
v -363.574600 -7.677643 27.330079
v -364.129715 -7.393876 27.300782
v -364.662437 -7.070042 27.271485
v -365.169907 -6.707894 27.242188
v -365.649376 -6.309396 27.212892
v -366.098213 -5.876706 27.183595
v -366.514015 -5.412170 27.154298
v -366.894493 -4.918304 27.125001
v -367.237625 -4.397787 27.095704
v -367.541580 -3.853437 27.066407
v -367.804604 -3.288205 27.037110
v -368.025322 -2.705154 27.007813
v -368.202591 -2.107444 26.978517
v -368.335419 -1.498313 26.949220
v -368.423042 -0.881062 26.919923
v -368.465042 -0.259037 26.890626
v -368.461151 0.364391 26.861329
v -368.411446 0.985845 26.832032
v -368.316116 1.601957 26.802735
v -368.202591 2.107444 27.271485
v -368.025322 2.705154 27.242188
v -369.351692 3.234468 28.062501
v -369.088402 3.913657 28.033204
v -369.003220 4.105819 28.384767
v -368.676796 4.757013 28.355470
v -368.303337 5.382428 28.326173
v -367.884903 5.978676 28.296876
v -367.423706 6.542524 28.267579
v -366.922302 7.070919 28.238282
v -366.383362 7.560995 28.208985
v -365.809860 8.010098 28.179688
v -365.204849 8.415793 28.150392
v -364.571609 8.775882 28.121095
v -363.913651 9.088413 28.091798
v -363.234482 9.351694 28.062501
v -362.537766 9.564298 28.033204
v -361.827278 9.725072 28.003907
v -361.106911 9.833144 27.974610
v -360.380516 9.887930 27.945313
v -359.652100 9.889132 27.916017
v -358.925552 9.836745 27.886720
v -358.204842 9.731051 27.857423
v -357.493820 9.572624 27.828126
v -356.796417 9.362322 27.798829
v -356.116371 9.101284 27.769532
v -355.457382 8.790926 27.740235
v -354.822960 8.432930 27.710938
v -354.216652 8.029234 27.681642
v -353.641624 7.582027 27.652345
v -353.101120 7.093733 27.623048
v -352.597923 6.566997 27.593751
v -352.134895 6.004674 27.564454
v -351.714478 5.409811 27.535157
v -351.338959 4.785632 27.505860
v -351.010361 4.135519 27.476563
v -350.730515 3.462996 27.447267
v -350.500870 2.771706 27.417970
v -350.322685 2.065396 27.388673
v -350.196991 1.347893 27.359376
v -350.124397 0.623086 27.330079
v -350.105324 -0.105097 27.300782
v -351.532440 -0.156634 28.121095
v -351.566925 -0.779122 28.091798
v -351.647110 -1.397387 28.062501
v -351.772537 -2.008079 28.033204
v -351.942520 -2.607890 28.003907
v -352.156219 -3.193569 27.974610
v -352.412376 -3.761941 27.945313
v -352.709694 -4.309926 27.916017
v -353.046494 -4.834556 27.886720
v -353.420982 -5.332987 27.857423
v -353.831139 -5.802518 27.828126
v -354.274712 -6.240605 27.798829
v -354.749336 -6.644874 27.769532
v -355.165443 -6.953490 28.238282
v -355.690079 -7.290302 28.208985
v -356.238060 -7.587606 28.179688
v -356.806412 -7.843792 28.150392
v -357.392120 -8.057473 28.121095
v -357.991905 -8.227490 28.091798
v -358.602600 -8.352920 28.062501
v -359.220886 -8.433086 28.033204
v -359.843369 -8.467551 28.003907
v -360.466690 -8.456131 27.974610
v -361.087494 -8.398886 27.945313
v -361.702423 -8.296126 27.916017
v -362.308121 -8.148410 27.886720
v -362.901306 -7.956536 27.857423
v -363.478775 -7.721546 27.828126
v -364.037361 -7.444711 27.798829
v -364.574089 -7.127533 27.769532
v -365.086021 -6.771730 27.740235
v -365.570412 -6.379231 27.710938
v -366.024590 -5.952162 27.681642
v -366.446152 -5.492837 27.652345
v -366.832771 -5.003747 27.623048
v -367.182350 -4.487541 27.593751
v -367.493019 -3.947017 27.564454
v -367.763062 -3.385103 27.535157
v -367.991066 -2.804845 27.505860
v -368.175735 -2.209387 27.476563
v -368.316116 -1.601957 27.447267
v -368.411446 -0.985845 27.417970
v -368.461151 -0.364391 27.388673
v -368.465042 0.259037 27.359376
v -368.423042 0.881062 27.330079
v -368.335419 1.498313 27.300782
v -369.725075 1.827281 28.121095
v -369.564285 2.537751 28.091798
v -369.508247 2.740331 28.443360
v -369.280891 3.432375 28.414063
v -368.135986 3.473508 29.000001
v -367.843399 3.990476 29.000001
v -367.515945 4.487227 29.000001
v -367.154846 4.961255 29.000001
v -366.762962 5.408436 29.000001
v -366.341934 5.826940 29.000001
v -365.893173 6.215178 29.000001
v -365.418167 6.571563 29.000001
v -364.918289 6.894508 29.000001
v -364.397812 7.237640 28.970704
v -363.853416 7.541550 28.941407
v -363.288193 7.804593 28.912110
v -362.705154 8.025341 28.882813
v -362.107468 8.202599 28.853517
v -361.498337 8.335407 28.824220
v -360.881081 8.423045 28.794923
v -360.259018 8.465037 28.765626
v -359.635620 8.461157 28.736329
v -359.014168 8.411425 28.707032
v -358.398056 8.316110 28.677735
v -357.790604 8.175731 28.648438
v -357.195168 7.991046 28.619142
v -356.614914 7.763056 28.589845
v -356.052971 7.492998 28.560548
v -355.512466 7.182335 28.531251
v -354.996262 6.832750 28.501954
v -354.507179 6.446138 28.472657
v -354.047852 6.024594 28.443360
v -353.620758 5.570402 28.414063
v -353.228264 5.086023 28.384767
v -352.872467 4.574083 28.355470
v -352.555313 4.037355 28.326173
v -352.278442 3.478749 28.296876
v -352.043457 2.901291 28.267579
v -351.851578 2.308111 28.238282
v -351.703873 1.702423 28.208985
v -351.601105 1.087509 28.179688
v -351.543884 0.466702 28.150392
v -351.531143 -0.051217 28.619142
v -351.557846 -0.674085 28.589845
v -351.630325 -1.293300 28.560548
v -351.748123 -1.905507 28.531251
v -351.910667 -2.507388 28.501954
v -352.117081 -3.095680 28.472657
v -352.366142 -3.667198 28.443360
v -352.656631 -4.218841 28.414063
v -352.986870 -4.747624 28.384767
v -353.355141 -5.250677 28.355470
v -353.759384 -5.725278 28.326173
v -354.197464 -6.168853 28.296876
v -354.667015 -6.578997 28.267579
v -354.213486 -7.872313 29.000001
v -354.678612 -8.243672 29.000001
v -355.166054 -8.586483 29.000001
v -355.674477 -8.899760 29.000001
v -356.340866 -9.193853 28.970704
v -357.027168 -9.438122 28.941407
v -357.729530 -9.631245 28.912110
v -358.444176 -9.772176 28.882813
v -359.167290 -9.860150 28.853517
v -359.894905 -9.894692 28.824220
v -360.623093 -9.875613 28.794923
v -361.347885 -9.803017 28.765626
v -362.065392 -9.677299 28.736329
v -362.771683 -9.499138 28.707032
v -363.462982 -9.269500 28.677735
v -364.135513 -8.989631 28.648438
v -364.785652 -8.661045 28.619142
v -365.409813 -8.285524 28.589845
v -366.004677 -7.865104 28.560548
v -366.567001 -7.402062 28.531251
v -367.093735 -6.898907 28.501954
v -367.582016 -6.358367 28.472657
v -368.029251 -5.783371 28.443360
v -368.432922 -5.177033 28.414063
v -368.790932 -4.542641 28.384767
v -369.101295 -3.883632 28.355470
v -369.362335 -3.203577 28.326173
v -369.572639 -2.506161 28.296876
v -369.731064 -1.795165 28.267579
v -369.836731 -1.074440 28.238282
v -369.889145 -0.347893 28.208985
v -369.887924 0.380539 28.179688
v -369.833145 1.106909 28.150392
v -369.807396 1.315523 28.501954
v -369.684067 2.033436 28.472657
v -368.613739 2.386521 29.000001
v -368.393021 2.938224 29.000001
v -355.081711 6.894508 29.000001
v -364.028358 7.449589 29.000001
v -363.076591 7.890404 29.000001
v -362.077675 8.210193 29.000001
v -361.046867 8.404049 29.000001
v -360.000000 8.469000 29.000001
v -358.953133 8.404049 29.000001
v -357.922325 8.210193 29.000001
v -356.923409 7.890404 29.000001
v -355.971642 7.449589 29.000001
v -354.587822 6.514014 28.970704
v -354.123306 6.098220 28.941407
v -353.690605 5.649379 28.912110
v -353.292122 5.169924 28.882813
v -352.929955 4.662453 28.853517
v -352.606125 4.129715 28.824220
v -352.322350 3.574598 28.794923
v -352.080193 3.000110 28.765626
v -351.880951 2.409364 28.736329
v -351.725693 1.805562 28.707032
v -351.615295 1.191975 28.677735
v -351.550331 0.571929 28.648438
v -350.880013 0.057362 29.000001
v -350.850830 -0.537169 29.000001
v -350.860367 -1.131522 29.000001
v -350.908318 -1.723853 29.000001
v -350.994415 -2.312318 29.000001
v -351.118279 -2.895071 29.000001
v -351.279449 -3.469716 29.000001
v -351.476479 -4.031862 29.000001
v -351.708374 -4.579640 29.000001
v -351.974182 -5.111547 29.000001
v -352.272987 -5.626077 29.000001
v -352.603836 -6.121728 29.000001
v -352.965622 -6.596808 29.000001
v -353.355637 -7.047895 29.000001
v -353.772049 -7.473392 29.000001
v -357.780685 -9.643167 29.000001
v -358.883209 -9.832028 29.000001
v -356.706543 -9.331082 29.000001
v -360.000000 -9.895250 29.000001
v -368.029785 -5.104175 29.000001
v -367.730293 -5.620832 29.000001
v -367.399368 -6.117286 29.000001
v -361.116791 -9.832028 29.000001
v -362.219315 -9.643167 29.000001
v -366.230812 -7.470621 29.000001
v -365.788040 -7.870978 29.000001
v -365.321999 -8.243214 29.000001
v -363.293457 -9.331082 29.000001
v -364.325523 -8.899760 29.000001
v -364.834023 -8.586439 29.000001
v -364.968491 -8.557441 28.970704
v -365.584602 -8.168747 28.941407
v -366.170387 -7.735786 28.912110
v -366.722755 -7.260904 28.882813
v -367.238693 -6.746675 28.853517
v -367.715378 -6.195885 28.824220
v -368.150253 -5.611519 28.794923
v -368.540993 -4.996743 28.765626
v -368.885422 -4.354890 28.736329
v -369.181747 -3.689438 28.707032
v -369.428253 -3.003991 28.677735
v -369.623680 -2.302266 28.648438
v -369.766998 -1.588065 28.619142
v -369.857368 -0.865258 28.589845
v -369.894295 -0.137762 28.560548
v -369.877625 0.590480 28.531251
v -369.050827 0.656749 29.000001
v -368.943558 1.242126 29.000001
v -368.797531 1.820296 29.000001
v -354.581375 6.571218 29.000001
v -354.105415 6.214009 29.000001
v -353.655357 5.824410 29.000001
v -353.232880 5.404011 29.000001
v -352.840652 4.955776 29.000001
v -352.480354 4.482034 29.000001
v -352.153015 3.984589 29.000001
v -351.859856 3.465511 29.000001
v -351.602898 2.928851 29.000001
v -351.382828 2.377024 29.000001
v -351.200027 1.811963 29.000001
v -351.055031 1.235603 29.000001
v -350.948181 0.649877 29.000001
v -369.119263 0.066385 29.000001
v -369.148979 -0.527058 29.000001
v -369.140091 -1.121675 29.000001
v -369.092598 -1.715558 29.000001
v -369.006729 -2.306045 29.000001
v -368.883324 -2.888608 29.000001
v -368.723221 -3.461348 29.000001
v -368.527069 -4.022620 29.000001
v -368.295670 -4.570777 29.000001
v -367.038345 -6.591929 29.000001
v -366.648369 -7.043487 29.000001
v -325.032654 -17.080984 14.000000
v -326.180954 -19.756817 14.000000
v -327.865334 -20.380638 14.000000
v -389.307442 -21.239829 14.000000
v -328.503036 -27.783861 14.000000
v -330.095825 -29.491355 11.000000
v -331.781006 -31.107697 11.000000
v -330.095825 -29.491355 14.000000
v -331.781006 -31.107697 14.000000
v -333.553391 -32.627883 11.000000
v -335.407600 -34.047222 11.000000
v -333.553391 -32.627883 14.000000
v -335.407600 -34.047222 14.000000
v -337.337723 -35.361321 11.000000
v -339.337997 -36.566119 11.000000
v -337.337723 -35.361321 14.000000
v -339.337997 -36.566119 14.000000
v -341.402054 -37.657895 11.000000
v -343.523636 -38.633270 11.000000
v -341.402054 -37.657895 14.000000
v -343.523636 -38.633270 14.000000
v -345.696144 -39.489236 11.000000
v -347.912827 -40.223141 11.000000
v -345.696144 -39.489236 14.000000
v -347.912827 -40.223141 14.000000
v -350.166893 -40.832720 11.000000
v -352.451401 -41.316085 11.000000
v -350.166893 -40.832720 14.000000
v -352.451401 -41.316085 14.000000
v -354.759178 -41.671743 11.000000
v -357.083168 -41.898599 11.000000
v -354.759178 -41.671743 14.000000
v -357.083168 -41.898599 14.000000
v -359.416161 -41.995950 11.000000
v -361.751022 -41.963491 11.000000
v -359.416161 -41.995950 14.000000
v -361.751022 -41.963491 14.000000
v -364.080429 -41.801329 11.000000
v -390.391769 -21.771731 11.000000
v -390.391769 -21.771731 14.000000
v -389.822578 -21.560912 14.000000
v -390.712433 -28.648679 14.000000
v -392.257118 -26.897569 14.000000
v -392.257118 -26.897569 11.000000
v -393.702087 -25.063317 11.000000
v -390.991783 -21.863649 11.000000
v -390.712433 -28.648679 11.000000
v -389.072800 -30.311239 14.000000
v -387.343369 -31.880109 14.000000
v -389.072800 -30.311239 11.000000
v -387.343369 -31.880109 11.000000
v -385.529366 -33.350441 14.000000
v -383.636475 -34.717686 14.000000
v -385.529366 -33.350441 11.000000
v -383.636475 -34.717686 11.000000
v -381.670494 -35.977623 14.000000
v -379.637566 -37.126355 14.000000
v -381.670494 -35.977623 11.000000
v -379.637566 -37.126355 11.000000
v -377.543945 -38.160331 14.000000
v -375.396042 -39.076355 14.000000
v -377.543945 -38.160331 11.000000
v -375.396042 -39.076355 11.000000
v -373.200607 -39.871597 14.000000
v -370.964355 -40.543599 14.000000
v -373.200607 -39.871597 11.000000
v -370.964355 -40.543599 11.000000
v -368.694229 -41.090279 14.000000
v -366.397171 -41.509957 14.000000
v -368.694229 -41.090279 11.000000
v -366.397171 -41.509957 11.000000
v -364.080429 -41.801329 14.000000
v -390.991783 -21.863649 14.000000
v -393.702087 -25.063317 14.000000
v -395.042877 -23.151596 11.000000
v -392.185669 -21.680756 11.000000
v -391.598015 -21.832905 11.000000
v -391.598015 -21.832905 14.000000
v -392.185669 -21.680756 14.000000
v -395.042877 -23.151596 14.000000
v -396.275406 -21.168315 11.000000
v -393.606033 -20.581305 11.000000
v -393.210678 -21.041877 11.000000
v -392.730637 -21.413434 11.000000
v -392.730637 -21.413434 14.000000
v -393.210678 -21.041877 14.000000
v -393.606033 -20.581305 14.000000
v -396.275406 -21.168315 14.000000
v -397.395744 -19.119606 11.000000
v -394.082336 -19.471395 11.000000
v -393.900642 -20.050569 11.000000
v -393.900642 -20.050569 14.000000
v -394.082336 -19.471395 14.000000
v -397.395744 -19.119606 14.000000
v -398.400497 -17.011797 11.000000
v -393.900642 -17.684433 11.000000
v -394.082336 -18.263605 11.000000
v -394.143753 -18.867500 11.000000
v -394.143753 -18.867500 14.000000
v -394.082336 -18.263605 14.000000
v -393.900642 -17.684433 14.000000
v -398.400497 -17.011797 14.000000
v -399.286575 -14.851407 11.000000
v -393.606033 -17.153696 11.000000
v -393.606033 -17.153696 14.000000
v -399.286575 -14.851407 14.000000
v -392.730637 -16.321567 11.000000
v -393.210678 -16.693121 11.000000
v -393.210678 -16.693121 14.000000
v -392.730637 -16.321567 14.000000
v -392.185669 -16.054243 14.000000
usemtl 156,156,156
f 1 2 3
f 1 3 4
f 4 5 1
f 5 6 1
f 1 6 2
f 7 2 6
f 6 8 7
f 7 8 9
f 7 9 10
f 10 11 7
f 7 11 12
f 7 12 13
f 14 7 13
f 13 15 14
f 16 14 15
f 16 15 17
f 17 18 16
f 16 18 19
f 19 14 16
f 19 7 14
f 4 7 19
f 19 18 4
f 4 18 20
f 4 20 21
f 21 22 4
f 4 22 23
f 4 23 24
f 24 5 4
f 24 8 5
f 5 8 6
f 24 9 8
f 23 9 24
f 23 10 9
f 22 10 23
f 22 11 10
f 21 11 22
f 21 12 11
f 20 12 21
f 20 13 12
f 18 13 20
f 18 25 13
f 25 26 13
f 13 26 27
f 13 27 28
f 28 29 13
f 13 29 15
f 17 15 29
f 17 29 30
f 30 18 17
f 31 18 30
f 30 28 31
f 31 28 27
f 31 27 32
f 32 18 31
f 33 18 32
f 32 34 33
f 34 35 33
f 33 35 25
f 33 25 18
f 25 35 26
f 26 35 36
f 26 36 37
f 38 26 37
f 38 37 39
f 39 40 38
f 38 40 41
f 38 41 42
f 38 42 32
f 32 26 38
f 32 27 26
f 32 42 34
f 42 36 34
f 34 36 35
f 42 43 36
f 37 36 43
f 37 43 44
f 37 44 45
f 39 37 45
f 39 45 46
f 46 47 39
f 39 47 48
f 39 48 40
f 48 49 40
f 40 49 44
f 40 44 41
f 41 44 43
f 41 43 42
f 45 44 49
f 45 49 50
f 45 50 51
f 46 45 51
f 46 51 52
f 52 53 46
f 46 53 47
f 53 54 47
f 47 54 50
f 47 50 48
f 48 50 49
f 51 50 54
f 51 54 55
f 52 51 55
f 52 55 56
f 56 57 52
f 52 57 53
f 57 58 53
f 53 58 54
f 55 54 58
f 55 58 59
f 56 55 59
f 56 59 60
f 60 61 56
f 56 61 57
f 61 62 57
f 57 62 58
f 59 58 62
f 59 62 63
f 60 59 63
f 60 63 64
f 64 61 60
f 64 65 61
f 65 66 61
f 61 66 62
f 67 62 66
f 67 66 68
f 69 67 68
f 69 68 70
f 70 65 69
f 69 65 64
f 64 67 69
f 64 63 67
f 63 62 67
f 70 71 65
f 71 72 65
f 65 72 66
f 73 66 72
f 73 72 74
f 75 73 74
f 74 76 75
f 77 75 76
f 77 76 78
f 78 71 77
f 77 71 79
f 79 75 77
f 79 73 75
f 70 73 79
f 79 71 70
f 70 68 73
f 68 66 73
f 78 80 71
f 80 81 71
f 71 81 72
f 74 72 81
f 74 81 82
f 82 83 74
f 74 83 84
f 84 85 74
f 74 85 86
f 74 86 87
f 87 88 74
f 74 88 89
f 74 89 90
f 90 91 74
f 74 91 92
f 74 92 93
f 93 94 74
f 74 94 95
f 74 95 96
f 96 97 74
f 74 97 98
f 74 98 99
f 99 100 74
f 74 100 76
f 78 76 100
f 78 100 101
f 101 80 78
f 102 80 101
f 101 99 102
f 102 99 98
f 102 98 103
f 103 80 102
f 104 80 103
f 103 97 104
f 104 97 96
f 104 96 105
f 105 80 104
f 106 80 105
f 105 95 106
f 106 95 94
f 106 94 107
f 107 108 106
f 108 80 106
f 108 109 80
f 109 82 80
f 80 82 81
f 109 83 82
f 110 83 109
f 111 110 109
f 111 109 108
f 108 112 111
f 111 112 113
f 111 113 114
f 114 115 111
f 111 115 116
f 111 116 117
f 117 118 111
f 111 118 119
f 111 119 120
f 120 110 111
f 120 121 110
f 121 122 110
f 110 122 83
f 84 83 122
f 84 122 123
f 123 124 84
f 84 124 125
f 84 125 85
f 125 126 85
f 85 126 127
f 85 127 86
f 86 127 128
f 86 128 129
f 87 86 129
f 87 129 130
f 87 130 131
f 131 88 87
f 132 88 131
f 131 133 132
f 132 133 134
f 132 134 135
f 132 135 136
f 136 88 132
f 137 88 136
f 136 138 137
f 138 139 137
f 137 139 140
f 137 140 141
f 141 88 137
f 142 88 141
f 141 143 142
f 142 143 144
f 142 144 145
f 145 88 142
f 146 88 145
f 145 147 146
f 146 147 148
f 146 148 149
f 149 88 146
f 150 88 149
f 149 151 150
f 150 151 152
f 150 152 153
f 153 88 150
f 154 88 153
f 153 155 154
f 154 155 156
f 154 156 157
f 157 88 154
f 158 88 157
f 157 159 158
f 158 159 160
f 158 160 161
f 161 88 158
f 162 88 161
f 161 160 162
f 162 160 163
f 162 163 164
f 164 165 162
f 162 165 88
f 166 88 165
f 166 165 167
f 167 168 166
f 166 168 169
f 166 169 170
f 170 88 166
f 170 89 88
f 171 89 170
f 170 169 171
f 171 169 172
f 172 90 171
f 171 90 89
f 172 91 90
f 173 91 172
f 172 169 173
f 173 169 174
f 174 92 173
f 173 92 91
f 174 93 92
f 107 93 174
f 174 108 107
f 174 169 108
f 169 175 108
f 108 175 112
f 175 176 112
f 112 176 177
f 112 177 178
f 112 178 113
f 113 178 179
f 113 179 180
f 180 181 113
f 113 181 182
f 113 182 183
f 183 184 113
f 113 184 185
f 113 185 186
f 186 187 113
f 113 187 188
f 113 188 189
f 189 190 113
f 113 190 191
f 113 191 192
f 192 193 113
f 113 193 194
f 195 113 194
f 195 194 196
f 196 197 195
f 195 197 198
f 195 198 199
f 199 200 195
f 195 200 201
f 195 201 202
f 202 203 195
f 195 203 204
f 195 204 205
f 205 206 195
f 195 206 207
f 195 207 208
f 208 209 195
f 195 209 210
f 195 210 211
f 211 212 195
f 195 212 213
f 195 213 214
f 214 215 195
f 195 215 216
f 217 195 216
f 217 216 218
f 219 217 218
f 219 218 220
f 220 120 219
f 219 120 221
f 221 217 219
f 221 222 217
f 222 195 217
f 223 195 222
f 224 223 222
f 224 222 221
f 221 120 224
f 224 120 225
f 225 223 224
f 225 226 223
f 226 195 223
f 226 227 195
f 228 195 227
f 228 227 229
f 230 228 229
f 230 229 231
f 231 232 230
f 230 232 233
f 230 233 234
f 234 228 230
f 234 120 228
f 120 195 228
f 120 235 195
f 235 113 195
f 235 236 113
f 113 236 237
f 113 237 238
f 238 239 113
f 113 239 240
f 114 113 240
f 114 240 241
f 241 242 114
f 114 242 115
f 242 243 115
f 115 243 239
f 115 239 116
f 116 239 238
f 116 238 117
f 117 238 237
f 117 237 118
f 118 237 236
f 118 236 119
f 119 236 235
f 119 235 120
f 240 239 243
f 240 243 244
f 241 240 244
f 241 244 245
f 245 246 241
f 241 246 242
f 246 247 242
f 242 247 243
f 244 243 247
f 244 247 248
f 245 244 248
f 245 248 249
f 249 250 245
f 245 250 246
f 250 251 246
f 246 251 247
f 248 247 251
f 248 251 252
f 249 248 252
f 249 252 253
f 253 254 249
f 249 254 250
f 254 255 250
f 250 255 251
f 252 251 255
f 252 255 256
f 253 252 256
f 253 256 257
f 257 258 253
f 253 258 254
f 258 259 254
f 254 259 255
f 256 255 259
f 256 259 260
f 257 256 260
f 257 260 261
f 262 257 261
f 261 263 262
f 262 263 264
f 262 264 265
f 262 265 266
f 266 267 262
f 262 267 268
f 262 268 269
f 269 270 262
f 262 270 271
f 262 271 272
f 272 258 262
f 262 258 257
f 272 273 258
f 258 273 259
f 259 273 268
f 260 259 268
f 260 268 274
f 261 260 274
f 261 274 263
f 263 274 275
f 263 275 264
f 264 275 276
f 264 276 265
f 265 276 277
f 265 277 278
f 266 265 278
f 266 278 279
f 266 279 280
f 280 281 266
f 266 281 267
f 282 267 281
f 282 281 283
f 284 282 283
f 284 283 285
f 280 284 285
f 285 286 280
f 280 286 287
f 287 288 280
f 280 288 281
f 289 281 288
f 289 288 290
f 291 289 290
f 291 290 292
f 287 291 292
f 287 292 293
f 293 294 287
f 287 294 288
f 295 288 294
f 295 294 296
f 297 295 296
f 297 296 298
f 293 297 298
f 298 299 293
f 293 299 300
f 300 301 293
f 293 301 294
f 302 294 301
f 302 301 303
f 304 302 303
f 304 303 305
f 300 304 305
f 300 305 306
f 306 307 300
f 300 307 301
f 308 301 307
f 308 307 309
f 310 308 309
f 310 309 311
f 306 310 311
f 311 312 306
f 306 312 313
f 306 313 314
f 314 315 306
f 306 315 307
f 316 307 315
f 316 315 317
f 317 318 316
f 316 318 319
f 316 319 320
f 321 316 320
f 321 320 168
f 322 321 168
f 322 168 323
f 323 324 322
f 322 324 325
f 322 325 326
f 326 321 322
f 327 321 326
f 326 328 327
f 327 328 319
f 327 319 329
f 329 313 327
f 327 313 321
f 313 316 321
f 313 330 316
f 330 307 316
f 331 307 330
f 312 331 330
f 312 330 313
f 311 331 312
f 311 309 331
f 309 307 331
f 332 313 329
f 329 318 332
f 332 318 317
f 332 317 314
f 314 313 332
f 314 317 315
f 329 319 318
f 320 319 328
f 320 328 325
f 320 325 333
f 168 320 333
f 168 333 169
f 169 333 175
f 333 334 175
f 175 334 335
f 175 335 176
f 335 336 176
f 176 336 337
f 176 337 177
f 177 337 178
f 178 337 338
f 178 338 179
f 179 338 339
f 179 339 180
f 180 339 340
f 180 340 181
f 181 340 341
f 181 341 182
f 182 341 342
f 182 342 183
f 183 342 343
f 183 343 184
f 184 343 185
f 185 343 344
f 185 344 186
f 186 344 345
f 186 345 187
f 187 345 346
f 187 346 188
f 188 346 347
f 188 347 189
f 189 347 190
f 347 348 190
f 190 348 349
f 190 349 350
f 190 350 191
f 191 350 351
f 191 351 192
f 192 351 352
f 192 352 353
f 192 353 193
f 193 353 354
f 193 354 194
f 194 354 355
f 194 355 356
f 194 356 196
f 196 356 357
f 196 357 197
f 197 357 358
f 197 358 359
f 197 359 198
f 198 359 360
f 198 360 199
f 360 361 199
f 199 361 362
f 199 362 200
f 200 362 363
f 200 363 201
f 201 363 364
f 201 364 202
f 202 364 365
f 202 365 203
f 203 365 366
f 203 366 204
f 204 366 205
f 205 366 367
f 205 367 206
f 206 367 368
f 206 368 207
f 207 368 369
f 207 369 208
f 208 369 370
f 208 370 209
f 209 370 371
f 209 371 210
f 210 371 211
f 211 371 372
f 211 372 212
f 212 372 373
f 212 373 213
f 213 373 374
f 213 374 214
f 214 374 375
f 214 375 215
f 215 375 376
f 215 376 216
f 216 376 377
f 216 377 378
f 218 216 378
f 218 378 379
f 220 218 379
f 220 379 380
f 380 120 220
f 381 120 380
f 380 382 381
f 381 382 383
f 381 383 384
f 384 120 381
f 385 120 384
f 384 386 385
f 385 386 387
f 385 387 388
f 388 120 385
f 389 120 388
f 388 390 389
f 389 390 391
f 389 391 392
f 392 120 389
f 392 393 120
f 393 121 120
f 393 394 121
f 121 394 122
f 123 122 394
f 123 394 395
f 395 396 123
f 123 396 397
f 123 397 124
f 397 398 124
f 124 398 399
f 124 399 125
f 125 399 126
f 399 400 126
f 126 400 401
f 126 401 127
f 127 401 402
f 127 402 128
f 128 402 403
f 128 403 404
f 129 128 404
f 129 404 130
f 130 404 405
f 130 405 406
f 131 130 406
f 131 406 133
f 406 407 133
f 133 407 408
f 133 408 134
f 134 408 409
f 134 409 135
f 135 409 410
f 135 410 138
f 136 135 138
f 138 410 139
f 410 411 139
f 139 411 412
f 139 412 140
f 140 412 413
f 140 413 143
f 141 140 143
f 143 413 414
f 143 414 144
f 144 414 415
f 144 415 147
f 145 144 147
f 147 415 416
f 147 416 148
f 148 416 417
f 148 417 151
f 149 148 151
f 151 417 418
f 151 418 152
f 152 418 419
f 152 419 155
f 153 152 155
f 155 419 420
f 155 420 156
f 156 420 421
f 156 421 159
f 157 156 159
f 159 421 422
f 159 422 160
f 160 422 423
f 160 423 163
f 163 423 424
f 163 424 425
f 164 163 425
f 164 425 426
f 426 427 164
f 164 427 165
f 167 165 427
f 167 427 323
f 323 168 167
f 323 427 324
f 426 324 427
f 333 324 426
f 426 428 333
f 333 428 334
f 428 429 334
f 334 429 430
f 334 430 335
f 335 430 336
f 430 431 336
f 336 431 432
f 336 432 337
f 337 432 433
f 337 433 338
f 338 433 434
f 338 434 339
f 339 434 435
f 339 435 340
f 340 435 436
f 340 436 341
f 341 436 437
f 341 437 342
f 342 437 438
f 342 438 343
f 343 438 439
f 343 439 344
f 344 439 440
f 344 440 345
f 345 440 441
f 345 441 346
f 346 441 442
f 346 442 347
f 347 442 348
f 442 443 348
f 348 443 444
f 348 444 349
f 349 444 445
f 349 445 350
f 350 445 446
f 350 446 351
f 351 446 447
f 351 447 352
f 352 447 448
f 352 448 353
f 353 448 449
f 353 449 354
f 354 449 450
f 354 450 355
f 355 450 451
f 355 451 356
f 356 451 452
f 356 452 357
f 357 452 453
f 357 453 358
f 358 453 454
f 358 454 359
f 359 454 455
f 359 455 360
f 360 455 361
f 455 456 361
f 361 456 457
f 361 457 362
f 362 457 458
f 362 458 363
f 363 458 459
f 363 459 364
f 364 459 460
f 364 460 365
f 365 460 461
f 365 461 366
f 366 461 462
f 366 462 367
f 367 462 463
f 367 463 368
f 368 463 464
f 368 464 369
f 369 464 465
f 369 465 370
f 370 465 466
f 370 466 371
f 371 466 467
f 371 467 372
f 372 467 468
f 372 468 373
f 373 468 469
f 373 469 374
f 374 469 470
f 374 470 375
f 375 470 471
f 375 471 376
f 376 471 472
f 376 472 377
f 377 472 473
f 377 473 474
f 378 377 474
f 378 474 475
f 379 378 475
f 379 475 382
f 380 379 382
f 382 475 476
f 382 476 383
f 383 476 477
f 383 477 386
f 384 383 386
f 386 477 387
f 387 477 478
f 387 478 390
f 388 387 390
f 390 478 479
f 390 479 391
f 391 479 480
f 391 480 481
f 392 391 481
f 392 481 482
f 482 393 392
f 483 393 482
f 482 484 483
f 483 484 485
f 483 485 486
f 486 393 483
f 487 393 486
f 486 488 487
f 487 488 489
f 487 489 490
f 490 393 487
f 490 491 393
f 491 492 393
f 393 492 394
f 395 394 492
f 395 492 493
f 493 494 395
f 395 494 396
f 494 495 396
f 396 495 496
f 396 496 397
f 397 496 398
f 496 497 398
f 398 497 498
f 398 498 399
f 399 498 400
f 498 499 400
f 400 499 500
f 400 500 401
f 401 500 501
f 401 501 402
f 402 501 502
f 402 502 403
f 403 502 503
f 403 503 504
f 404 403 504
f 404 504 405
f 405 504 505
f 405 505 407
f 406 405 407
f 407 505 506
f 407 506 408
f 408 506 507
f 408 507 409
f 409 507 508
f 409 508 410
f 410 508 411
f 508 509 411
f 411 509 510
f 411 510 412
f 412 510 511
f 412 511 413
f 413 511 512
f 413 512 414
f 414 512 513
f 414 513 415
f 415 513 514
f 415 514 416
f 416 514 515
f 416 515 417
f 417 515 516
f 417 516 418
f 418 516 517
f 418 517 419
f 419 517 518
f 419 518 420
f 420 518 519
f 420 519 421
f 421 519 520
f 421 520 422
f 422 520 521
f 422 521 423
f 423 521 522
f 423 522 424
f 424 522 523
f 424 523 524
f 425 424 524
f 425 524 525
f 426 425 525
f 426 525 428
f 428 525 429
f 525 526 429
f 429 526 527
f 429 527 430
f 430 527 431
f 527 528 431
f 431 528 529
f 431 529 432
f 432 529 530
f 432 530 433
f 433 530 531
f 433 531 434
f 434 531 532
f 434 532 435
f 435 532 533
f 435 533 436
f 436 533 534
f 436 534 437
f 437 534 535
f 437 535 438
f 438 535 536
f 438 536 439
f 439 536 537
f 439 537 440
f 440 537 538
f 440 538 441
f 441 538 539
f 441 539 442
f 442 539 443
f 539 540 443
f 443 540 541
f 443 541 444
f 444 541 542
f 444 542 445
f 445 542 543
f 445 543 446
f 446 543 544
f 446 544 447
f 447 544 545
f 447 545 448
f 448 545 546
f 448 546 449
f 449 546 547
f 449 547 450
f 450 547 548
f 450 548 451
f 451 548 549
f 451 549 452
f 452 549 550
f 452 550 453
f 453 550 551
f 453 551 454
f 454 551 552
f 454 552 455
f 455 552 456
f 552 553 456
f 456 553 554
f 456 554 457
f 457 554 555
f 457 555 458
f 458 555 556
f 458 556 459
f 459 556 557
f 459 557 460
f 460 557 558
f 460 558 461
f 461 558 559
f 461 559 462
f 462 559 560
f 462 560 463
f 463 560 561
f 463 561 464
f 464 561 562
f 464 562 465
f 465 562 563
f 465 563 466
f 466 563 564
f 466 564 467
f 467 564 565
f 467 565 468
f 468 565 566
f 468 566 469
f 469 566 567
f 469 567 470
f 470 567 568
f 470 568 471
f 471 568 569
f 471 569 472
f 472 569 570
f 472 570 473
f 473 570 571
f 473 571 572
f 474 473 572
f 474 572 573
f 476 474 573
f 476 573 477
f 477 573 574
f 477 574 478
f 478 574 575
f 478 575 479
f 479 575 576
f 479 576 480
f 480 576 577
f 480 577 578
f 481 480 578
f 481 578 484
f 482 481 484
f 484 578 579
f 484 579 485
f 485 579 488
f 486 485 488
f 488 579 580
f 488 580 489
f 489 580 581
f 489 581 582
f 490 489 582
f 490 582 583
f 583 491 490
f 584 491 583
f 583 585 584
f 584 585 586
f 584 586 587
f 587 491 584
f 588 491 587
f 587 589 588
f 588 589 590
f 588 590 591
f 591 592 588
f 588 592 491
f 592 593 491
f 491 593 492
f 493 492 593
f 493 593 594
f 594 595 493
f 493 595 596
f 493 596 494
f 596 597 494
f 494 597 495
f 597 598 495
f 495 598 599
f 495 599 496
f 496 599 497
f 599 600 497
f 497 600 601
f 497 601 498
f 498 601 499
f 601 602 499
f 499 602 603
f 499 603 500
f 500 603 604
f 500 604 501
f 501 604 605
f 501 605 502
f 502 605 606
f 502 606 503
f 503 606 607
f 503 607 608
f 504 503 608
f 504 608 505
f 505 608 609
f 505 609 506
f 506 609 610
f 506 610 507
f 507 610 611
f 507 611 508
f 508 611 509
f 611 612 509
f 509 612 613
f 509 613 510
f 510 613 614
f 510 614 511
f 511 614 615
f 511 615 512
f 512 615 616
f 512 616 513
f 513 616 617
f 513 617 514
f 514 617 618
f 514 618 515
f 515 618 619
f 515 619 516
f 516 619 620
f 516 620 517
f 517 620 621
f 517 621 518
f 518 621 622
f 518 622 519
f 519 622 623
f 519 623 520
f 520 623 624
f 520 624 521
f 521 624 625
f 521 625 522
f 522 625 626
f 522 626 523
f 523 626 627
f 523 627 628
f 524 523 628
f 524 628 526
f 525 524 526
f 526 628 629
f 526 629 527
f 527 629 528
f 629 630 528
f 528 630 631
f 528 631 529
f 529 631 632
f 529 632 530
f 530 632 633
f 530 633 531
f 531 633 634
f 531 634 532
f 532 634 635
f 532 635 533
f 533 635 636
f 533 636 534
f 534 636 637
f 534 637 535
f 535 637 638
f 535 638 536
f 536 638 639
f 536 639 537
f 537 639 640
f 537 640 538
f 538 640 641
f 538 641 539
f 539 641 540
f 641 642 540
f 540 642 643
f 540 643 541
f 541 643 644
f 541 644 542
f 542 644 645
f 542 645 543
f 543 645 646
f 543 646 544
f 544 646 647
f 544 647 545
f 545 647 648
f 545 648 546
f 546 648 649
f 546 649 547
f 547 649 650
f 547 650 548
f 548 650 651
f 548 651 549
f 549 651 652
f 549 652 550
f 550 652 653
f 550 653 551
f 551 653 654
f 551 654 552
f 552 654 553
f 654 655 553
f 553 655 656
f 553 656 554
f 554 656 657
f 554 657 555
f 555 657 658
f 555 658 556
f 556 658 659
f 556 659 557
f 557 659 660
f 557 660 558
f 558 660 661
f 558 661 559
f 559 661 662
f 559 662 560
f 560 662 663
f 560 663 561
f 561 663 664
f 561 664 562
f 562 664 665
f 562 665 563
f 563 665 666
f 563 666 564
f 564 666 667
f 564 667 565
f 565 667 668
f 565 668 566
f 566 668 669
f 566 669 567
f 567 669 670
f 567 670 568
f 568 670 671
f 568 671 569
f 569 671 672
f 569 672 570
f 570 672 673
f 570 673 571
f 571 673 674
f 571 674 675
f 572 571 675
f 572 675 676
f 573 572 676
f 573 676 574
f 574 676 677
f 574 677 575
f 575 677 678
f 575 678 576
f 576 678 679
f 576 679 577
f 577 679 680
f 577 680 681
f 578 577 681
f 578 681 579
f 579 681 682
f 579 682 580
f 580 682 683
f 580 683 581
f 581 683 684
f 581 684 685
f 582 581 685
f 582 685 585
f 583 582 585
f 585 685 686
f 585 686 586
f 586 686 589
f 587 586 589
f 589 686 687
f 589 687 590
f 590 687 594
f 594 688 590
f 591 590 688
f 591 688 689
f 689 592 591
f 690 592 689
f 689 691 690
f 690 691 692
f 690 692 693
f 693 694 690
f 690 694 592
f 694 695 592
f 592 695 593
f 695 692 593
f 593 692 691
f 593 691 688
f 594 593 688
f 689 688 691
f 692 695 696
f 693 692 696
f 693 696 4
f 4 697 693
f 693 697 694
f 697 698 694
f 694 698 695
f 696 695 698
f 696 698 7
f 4 696 7
f 7 698 699
f 699 700 7
f 7 700 2
f 3 2 700
f 3 700 701
f 4 3 701
f 4 701 697
f 701 699 697
f 697 699 698
f 701 700 699
f 687 702 594
f 702 703 594
f 594 703 595
f 703 704 595
f 595 704 705
f 595 705 596
f 596 705 597
f 705 706 597
f 597 706 598
f 706 707 598
f 598 707 708
f 598 708 599
f 599 708 600
f 708 709 600
f 600 709 710
f 600 710 601
f 601 710 602
f 710 711 602
f 602 711 712
f 602 712 603
f 603 712 713
f 603 713 604
f 604 713 714
f 604 714 605
f 605 714 715
f 605 715 606
f 606 715 716
f 606 716 607
f 607 716 717
f 607 717 718
f 608 607 718
f 608 718 609
f 609 718 719
f 609 719 610
f 610 719 720
f 610 720 611
f 611 720 612
f 720 721 612
f 612 721 722
f 612 722 613
f 613 722 723
f 613 723 614
f 614 723 724
f 614 724 615
f 615 724 725
f 615 725 616
f 616 725 726
f 616 726 617
f 617 726 727
f 617 727 618
f 618 727 728
f 618 728 619
f 619 728 729
f 619 729 620
f 620 729 730
f 620 730 621
f 621 730 731
f 621 731 622
f 622 731 732
f 622 732 623
f 623 732 733
f 623 733 624
f 624 733 734
f 624 734 625
f 625 734 735
f 625 735 626
f 626 735 736
f 626 736 627
f 627 736 737
f 627 737 738
f 628 627 738
f 628 738 629
f 629 738 630
f 738 739 630
f 630 739 740
f 630 740 631
f 631 740 741
f 631 741 632
f 632 741 742
f 632 742 633
f 633 742 743
f 633 743 634
f 634 743 744
f 634 744 635
f 635 744 745
f 635 745 636
f 636 745 746
f 636 746 637
f 637 746 747
f 637 747 638
f 638 747 748
f 638 748 639
f 639 748 749
f 639 749 640
f 640 749 750
f 640 750 641
f 641 750 642
f 750 751 642
f 642 751 752
f 642 752 643
f 643 752 753
f 643 753 644
f 644 753 754
f 644 754 645
f 645 754 755
f 645 755 646
f 646 755 756
f 646 756 647
f 647 756 757
f 647 757 648
f 648 757 758
f 648 758 649
f 649 758 759
f 649 759 650
f 650 759 760
f 650 760 651
f 651 760 761
f 651 761 652
f 652 761 762
f 652 762 653
f 653 762 763
f 653 763 654
f 654 763 655
f 763 764 655
f 655 764 765
f 655 765 656
f 656 765 766
f 656 766 657
f 657 766 767
f 657 767 658
f 658 767 768
f 658 768 659
f 659 768 769
f 659 769 660
f 660 769 770
f 660 770 661
f 661 770 771
f 661 771 662
f 662 771 772
f 662 772 663
f 663 772 773
f 663 773 664
f 664 773 774
f 664 774 665
f 665 774 775
f 665 775 666
f 666 775 776
f 666 776 667
f 667 776 777
f 667 777 668
f 668 777 778
f 668 778 669
f 669 778 779
f 669 779 670
f 670 779 780
f 670 780 671
f 671 780 781
f 671 781 672
f 672 781 782
f 672 782 673
f 673 782 783
f 673 783 674
f 674 783 784
f 674 784 785
f 675 674 785
f 675 785 786
f 676 675 786
f 676 786 677
f 677 786 787
f 677 787 678
f 678 787 788
f 678 788 679
f 679 788 789
f 679 789 680
f 680 789 790
f 680 790 791
f 681 680 791
f 681 791 682
f 682 791 792
f 682 792 683
f 683 792 793
f 683 793 684
f 684 793 794
f 684 794 795
f 685 684 795
f 685 795 686
f 686 795 702
f 686 702 687
f 795 796 702
f 702 796 703
f 796 797 703
f 703 797 704
f 797 798 704
f 704 798 799
f 704 799 705
f 705 799 706
f 799 800 706
f 706 800 707
f 800 801 707
f 707 801 802
f 707 802 708
f 708 802 709
f 802 803 709
f 709 803 804
f 709 804 710
f 710 804 711
f 804 805 711
f 711 805 806
f 711 806 712
f 712 806 807
f 712 807 713
f 713 807 808
f 713 808 714
f 714 808 809
f 714 809 715
f 715 809 810
f 715 810 716
f 716 810 811
f 716 811 717
f 717 811 812
f 717 812 813
f 718 717 813
f 718 813 719
f 719 813 814
f 719 814 720
f 720 814 721
f 814 815 721
f 721 815 816
f 721 816 722
f 722 816 817
f 722 817 723
f 723 817 818
f 723 818 724
f 724 818 819
f 724 819 725
f 725 819 820
f 725 820 726
f 726 820 821
f 726 821 727
f 727 821 822
f 727 822 728
f 728 822 823
f 728 823 729
f 729 823 824
f 729 824 730
f 730 824 825
f 730 825 731
f 731 825 826
f 731 826 732
f 732 826 827
f 732 827 733
f 733 827 828
f 733 828 734
f 734 828 829
f 734 829 735
f 735 829 830
f 735 830 736
f 736 830 831
f 736 831 737
f 737 831 832
f 737 832 739
f 738 737 739
f 739 832 833
f 739 833 740
f 740 833 834
f 740 834 741
f 741 834 835
f 741 835 742
f 742 835 836
f 742 836 743
f 743 836 837
f 743 837 744
f 744 837 838
f 744 838 745
f 745 838 839
f 745 839 746
f 746 839 840
f 746 840 747
f 747 840 841
f 747 841 748
f 748 841 842
f 748 842 749
f 749 842 843
f 749 843 750
f 750 843 751
f 843 844 751
f 751 844 845
f 751 845 752
f 752 845 846
f 752 846 753
f 753 846 847
f 753 847 754
f 754 847 848
f 754 848 755
f 755 848 849
f 755 849 756
f 756 849 850
f 756 850 757
f 757 850 851
f 757 851 758
f 758 851 852
f 758 852 759
f 759 852 853
f 759 853 760
f 760 853 854
f 760 854 761
f 761 854 855
f 761 855 762
f 762 855 856
f 762 856 763
f 763 856 764
f 856 857 764
f 764 857 858
f 764 858 765
f 765 858 859
f 765 859 766
f 766 859 860
f 766 860 767
f 767 860 861
f 767 861 768
f 768 861 862
f 768 862 769
f 769 862 863
f 769 863 770
f 770 863 864
f 770 864 771
f 771 864 865
f 771 865 772
f 772 865 866
f 772 866 773
f 773 866 867
f 773 867 774
f 774 867 868
f 774 868 775
f 775 868 869
f 775 869 776
f 776 869 870
f 776 870 777
f 777 870 871
f 777 871 778
f 778 871 872
f 778 872 779
f 779 872 873
f 779 873 780
f 780 873 874
f 780 874 781
f 781 874 875
f 781 875 782
f 782 875 876
f 782 876 783
f 783 876 877
f 783 877 784
f 784 877 878
f 784 878 879
f 785 784 879
f 785 879 880
f 786 785 880
f 786 880 787
f 787 880 881
f 787 881 788
f 788 881 882
f 788 882 789
f 789 882 883
f 789 883 790
f 790 883 884
f 790 884 885
f 791 790 885
f 791 885 792
f 792 885 886
f 792 886 793
f 793 886 887
f 793 887 794
f 794 887 888
f 794 888 796
f 795 794 796
f 796 888 797
f 888 889 797
f 797 889 798
f 889 890 798
f 798 890 891
f 798 891 799
f 799 891 800
f 891 892 800
f 800 892 801
f 892 893 801
f 801 893 894
f 801 894 802
f 802 894 803
f 894 895 803
f 803 895 896
f 803 896 804
f 804 896 805
f 896 897 805
f 805 897 898
f 805 898 806
f 806 898 899
f 806 899 807
f 807 899 900
f 807 900 808
f 808 900 901
f 808 901 809
f 809 901 902
f 809 902 810
f 810 902 903
f 810 903 811
f 811 903 904
f 811 904 812
f 812 904 905
f 812 905 906
f 813 812 906
f 813 906 814
f 814 906 815
f 906 907 815
f 815 907 908
f 815 908 816
f 816 908 909
f 816 909 817
f 817 909 910
f 817 910 818
f 818 910 911
f 818 911 819
f 819 911 912
f 819 912 820
f 820 912 913
f 820 913 821
f 821 913 914
f 821 914 822
f 822 914 915
f 822 915 823
f 823 915 916
f 823 916 824
f 824 916 917
f 824 917 825
f 825 917 918
f 825 918 826
f 826 918 919
f 826 919 827
f 827 919 920
f 827 920 828
f 828 920 921
f 828 921 829
f 829 921 922
f 829 922 830
f 830 922 923
f 830 923 831
f 831 923 924
f 831 924 832
f 832 924 925
f 832 925 833
f 833 925 926
f 833 926 834
f 834 926 927
f 834 927 835
f 835 927 928
f 835 928 836
f 836 928 929
f 836 929 837
f 837 929 930
f 837 930 838
f 838 930 931
f 838 931 839
f 839 931 932
f 839 932 840
f 840 932 933
f 840 933 841
f 841 933 934
f 841 934 842
f 842 934 935
f 842 935 843
f 843 935 844
f 935 936 844
f 844 936 937
f 844 937 845
f 845 937 938
f 845 938 846
f 846 938 939
f 846 939 847
f 847 939 940
f 847 940 848
f 848 940 941
f 848 941 849
f 849 941 942
f 849 942 850
f 850 942 943
f 850 943 851
f 851 943 944
f 851 944 852
f 852 944 945
f 852 945 853
f 853 945 946
f 853 946 854
f 854 946 947
f 854 947 855
f 855 947 948
f 855 948 856
f 856 948 857
f 948 949 857
f 857 949 950
f 857 950 858
f 858 950 951
f 858 951 859
f 859 951 952
f 859 952 860
f 860 952 953
f 860 953 861
f 861 953 954
f 861 954 862
f 862 954 955
f 862 955 863
f 863 955 956
f 863 956 864
f 864 956 957
f 864 957 865
f 865 957 958
f 865 958 866
f 866 958 959
f 866 959 867
f 867 959 960
f 867 960 868
f 868 960 961
f 868 961 869
f 869 961 962
f 869 962 870
f 870 962 963
f 870 963 871
f 871 963 964
f 871 964 872
f 872 964 965
f 872 965 873
f 873 965 966
f 873 966 874
f 874 966 967
f 874 967 875
f 875 967 968
f 875 968 876
f 876 968 969
f 876 969 877
f 877 969 970
f 877 970 878
f 878 970 971
f 878 971 972
f 879 878 972
f 879 972 973
f 880 879 973
f 880 973 881
f 881 973 974
f 881 974 882
f 882 974 975
f 882 975 883
f 883 975 976
f 883 976 884
f 884 976 977
f 884 977 978
f 885 884 978
f 885 978 886
f 886 978 979
f 886 979 887
f 887 979 980
f 887 980 888
f 888 980 889
f 980 981 889
f 889 981 890
f 981 982 890
f 890 982 983
f 890 983 891
f 891 983 892
f 983 984 892
f 892 984 893
f 984 985 893
f 893 985 986
f 893 986 894
f 894 986 895
f 986 987 895
f 895 987 988
f 895 988 896
f 896 988 897
f 988 989 897
f 897 989 990
f 897 990 898
f 898 990 991
f 898 991 899
f 899 991 992
f 899 992 900
f 900 992 993
f 900 993 901
f 901 993 994
f 901 994 902
f 902 994 995
f 902 995 903
f 903 995 996
f 903 996 904
f 904 996 997
f 904 997 905
f 905 997 998
f 905 998 907
f 906 905 907
f 907 998 999
f 907 999 908
f 908 999 1000
f 908 1000 909
f 909 1000 1001
f 909 1001 910
f 910 1001 1002
f 910 1002 911
f 911 1002 1003
f 911 1003 912
f 912 1003 1004
f 912 1004 913
f 913 1004 1005
f 913 1005 914
f 914 1005 1006
f 914 1006 915
f 915 1006 1007
f 915 1007 916
f 916 1007 1008
f 916 1008 917
f 917 1008 1009
f 917 1009 918
f 918 1009 1010
f 918 1010 919
f 919 1010 1011
f 919 1011 920
f 920 1011 1012
f 920 1012 921
f 921 1012 1013
f 921 1013 922
f 922 1013 1014
f 922 1014 923
f 923 1014 1015
f 923 1015 924
f 924 1015 1016
f 924 1016 925
f 925 1016 1017
f 925 1017 926
f 926 1017 1018
f 926 1018 927
f 927 1018 1019
f 927 1019 928
f 928 1019 1020
f 928 1020 929
f 929 1020 1021
f 929 1021 930
f 930 1021 1022
f 930 1022 931
f 931 1022 1023
f 931 1023 932
f 932 1023 1024
f 932 1024 933
f 933 1024 1025
f 933 1025 934
f 934 1025 1026
f 934 1026 935
f 935 1026 936
f 1026 1027 936
f 936 1027 1028
f 936 1028 937
f 937 1028 1029
f 937 1029 938
f 938 1029 1030
f 938 1030 939
f 939 1030 1031
f 939 1031 940
f 940 1031 1032
f 940 1032 941
f 941 1032 1033
f 941 1033 942
f 942 1033 1034
f 942 1034 943
f 943 1034 1035
f 943 1035 944
f 944 1035 1036
f 944 1036 945
f 945 1036 1037
f 945 1037 946
f 946 1037 1038
f 946 1038 947
f 947 1038 1039
f 947 1039 948
f 948 1039 949
f 1039 1040 949
f 949 1040 1041
f 949 1041 950
f 950 1041 1042
f 950 1042 951
f 951 1042 1043
f 951 1043 952
f 952 1043 1044
f 952 1044 953
f 953 1044 1045
f 953 1045 954
f 954 1045 1046
f 954 1046 955
f 955 1046 1047
f 955 1047 956
f 956 1047 1048
f 956 1048 957
f 957 1048 1049
f 957 1049 958
f 958 1049 1050
f 958 1050 959
f 959 1050 1051
f 959 1051 960
f 960 1051 1052
f 960 1052 961
f 961 1052 1053
f 961 1053 962
f 962 1053 1054
f 962 1054 963
f 963 1054 1055
f 963 1055 964
f 964 1055 1056
f 964 1056 965
f 965 1056 1057
f 965 1057 966
f 966 1057 1058
f 966 1058 967
f 967 1058 1059
f 967 1059 968
f 968 1059 1060
f 968 1060 969
f 969 1060 1061
f 969 1061 970
f 970 1061 1062
f 970 1062 971
f 971 1062 1063
f 971 1063 1064
f 972 971 1064
f 972 1064 1065
f 973 972 1065
f 973 1065 974
f 974 1065 1066
f 974 1066 975
f 975 1066 1067
f 975 1067 976
f 976 1067 1068
f 976 1068 977
f 977 1068 1069
f 977 1069 1070
f 978 977 1070
f 978 1070 979
f 979 1070 1071
f 979 1071 980
f 980 1071 981
f 1071 1072 981
f 981 1072 982
f 1072 1073 982
f 982 1073 1074
f 982 1074 983
f 983 1074 984
f 1074 1075 984
f 984 1075 985
f 1075 1076 985
f 985 1076 1077
f 985 1077 986
f 986 1077 987
f 1077 1078 987
f 987 1078 1079
f 987 1079 988
f 988 1079 989
f 1079 1080 989
f 989 1080 1081
f 989 1081 990
f 990 1081 1082
f 990 1082 991
f 991 1082 1083
f 991 1083 992
f 992 1083 1084
f 992 1084 993
f 993 1084 1085
f 993 1085 994
f 994 1085 1086
f 994 1086 995
f 995 1086 1087
f 995 1087 996
f 996 1087 1088
f 996 1088 997
f 997 1088 1089
f 997 1089 998
f 998 1089 1090
f 998 1090 999
f 999 1090 1091
f 999 1091 1000
f 1000 1091 1092
f 1000 1092 1001
f 1001 1092 1093
f 1001 1093 1002
f 1002 1093 1094
f 1002 1094 1003
f 1003 1094 1095
f 1003 1095 1004
f 1004 1095 1096
f 1004 1096 1005
f 1005 1096 1097
f 1005 1097 1006
f 1006 1097 1098
f 1006 1098 1007
f 1007 1098 1099
f 1007 1099 1008
f 1008 1099 1100
f 1008 1100 1009
f 1009 1100 1101
f 1009 1101 1010
f 1010 1101 1102
f 1010 1102 1011
f 1011 1102 1103
f 1011 1103 1012
f 1012 1103 1104
f 1012 1104 1013
f 1013 1104 1105
f 1013 1105 1014
f 1014 1105 1106
f 1014 1106 1015
f 1015 1106 1107
f 1015 1107 1016
f 1016 1107 1108
f 1016 1108 1017
f 1017 1108 1109
f 1017 1109 1018
f 1018 1109 1110
f 1018 1110 1019
f 1019 1110 1111
f 1019 1111 1020
f 1020 1111 1112
f 1020 1112 1021
f 1021 1112 1113
f 1021 1113 1022
f 1022 1113 1114
f 1022 1114 1023
f 1023 1114 1115
f 1023 1115 1024
f 1024 1115 1116
f 1024 1116 1025
f 1025 1116 1117
f 1025 1117 1026
f 1026 1117 1027
f 1117 1118 1027
f 1027 1118 1119
f 1027 1119 1028
f 1028 1119 1120
f 1028 1120 1029
f 1029 1120 1121
f 1029 1121 1030
f 1030 1121 1122
f 1030 1122 1031
f 1031 1122 1123
f 1031 1123 1032
f 1032 1123 1124
f 1032 1124 1033
f 1033 1124 1125
f 1033 1125 1034
f 1034 1125 1126
f 1034 1126 1035
f 1035 1126 1127
f 1035 1127 1036
f 1036 1127 1128
f 1036 1128 1037
f 1037 1128 1129
f 1037 1129 1038
f 1038 1129 1130
f 1038 1130 1039
f 1039 1130 1040
f 1130 1131 1040
f 1040 1131 1132
f 1040 1132 1041
f 1041 1132 1133
f 1041 1133 1042
f 1042 1133 1134
f 1042 1134 1043
f 1043 1134 1135
f 1043 1135 1044
f 1044 1135 1136
f 1044 1136 1045
f 1045 1136 1137
f 1045 1137 1046
f 1046 1137 1138
f 1046 1138 1047
f 1047 1138 1139
f 1047 1139 1048
f 1048 1139 1140
f 1048 1140 1049
f 1049 1140 1141
f 1049 1141 1050
f 1050 1141 1142
f 1050 1142 1051
f 1051 1142 1143
f 1051 1143 1052
f 1052 1143 1144
f 1052 1144 1053
f 1053 1144 1145
f 1053 1145 1054
f 1054 1145 1146
f 1054 1146 1055
f 1055 1146 1147
f 1055 1147 1056
f 1056 1147 1148
f 1056 1148 1057
f 1057 1148 1149
f 1057 1149 1058
f 1058 1149 1150
f 1058 1150 1059
f 1059 1150 1151
f 1059 1151 1060
f 1060 1151 1152
f 1060 1152 1061
f 1061 1152 1153
f 1061 1153 1062
f 1062 1153 1154
f 1062 1154 1063
f 1063 1154 1155
f 1063 1155 1156
f 1064 1063 1156
f 1064 1156 1157
f 1065 1064 1157
f 1065 1157 1066
f 1066 1157 1158
f 1066 1158 1067
f 1067 1158 1159
f 1067 1159 1068
f 1068 1159 1160
f 1068 1160 1069
f 1069 1160 1161
f 1069 1161 1162
f 1070 1069 1162
f 1070 1162 1071
f 1071 1162 1072
f 1162 1163 1072
f 1072 1163 1073
f 1163 1164 1073
f 1073 1164 1165
f 1073 1165 1074
f 1074 1165 1075
f 1165 1166 1075
f 1075 1166 1076
f 1166 1167 1076
f 1076 1167 1168
f 1076 1168 1077
f 1077 1168 1078
f 1168 1169 1078
f 1078 1169 1170
f 1078 1170 1079
f 1079 1170 1080
f 1170 1171 1080
f 1080 1171 1172
f 1080 1172 1081
f 1081 1172 1173
f 1081 1173 1082
f 1082 1173 1174
f 1082 1174 1083
f 1083 1174 1175
f 1083 1175 1084
f 1084 1175 1176
f 1084 1176 1085
f 1085 1176 1177
f 1085 1177 1086
f 1086 1177 1178
f 1086 1178 1087
f 1087 1178 1179
f 1087 1179 1088
f 1088 1179 1180
f 1088 1180 1089
f 1089 1180 1181
f 1089 1181 1090
f 1090 1181 1182
f 1090 1182 1091
f 1091 1182 1183
f 1091 1183 1092
f 1092 1183 1184
f 1092 1184 1093
f 1093 1184 1185
f 1093 1185 1094
f 1094 1185 1186
f 1094 1186 1095
f 1095 1186 1187
f 1095 1187 1096
f 1096 1187 1188
f 1096 1188 1097
f 1097 1188 1189
f 1097 1189 1098
f 1098 1189 1190
f 1098 1190 1099
f 1099 1190 1191
f 1099 1191 1100
f 1100 1191 1192
f 1100 1192 1101
f 1101 1192 1193
f 1101 1193 1102
f 1102 1193 1194
f 1102 1194 1103
f 1103 1194 1195
f 1103 1195 1104
f 1104 1195 1196
f 1104 1196 1105
f 1105 1196 1197
f 1105 1197 1106
f 1106 1197 1198
f 1106 1198 1107
f 1107 1198 1199
f 1107 1199 1108
f 1108 1199 1200
f 1108 1200 1109
f 1109 1200 1201
f 1109 1201 1110
f 1110 1201 1202
f 1110 1202 1111
f 1111 1202 1203
f 1111 1203 1112
f 1112 1203 1204
f 1112 1204 1113
f 1113 1204 1205
f 1113 1205 1114
f 1114 1205 1206
f 1114 1206 1115
f 1115 1206 1207
f 1115 1207 1116
f 1116 1207 1208
f 1116 1208 1117
f 1117 1208 1118
f 1208 1209 1118
f 1118 1209 1210
f 1118 1210 1119
f 1119 1210 1211
f 1119 1211 1120
f 1120 1211 1212
f 1120 1212 1121
f 1121 1212 1213
f 1121 1213 1122
f 1122 1213 1214
f 1122 1214 1123
f 1123 1214 1215
f 1123 1215 1124
f 1124 1215 1216
f 1124 1216 1125
f 1125 1216 1217
f 1125 1217 1126
f 1126 1217 1218
f 1126 1218 1127
f 1127 1218 1219
f 1127 1219 1128
f 1128 1219 1220
f 1128 1220 1129
f 1129 1220 1221
f 1129 1221 1130
f 1130 1221 1131
f 1221 1222 1131
f 1131 1222 1223
f 1131 1223 1132
f 1132 1223 1224
f 1132 1224 1133
f 1133 1224 1225
f 1133 1225 1134
f 1134 1225 1226
f 1134 1226 1135
f 1135 1226 1227
f 1135 1227 1136
f 1136 1227 1228
f 1136 1228 1137
f 1137 1228 1229
f 1137 1229 1138
f 1138 1229 1230
f 1138 1230 1139
f 1139 1230 1231
f 1139 1231 1140
f 1140 1231 1232
f 1140 1232 1141
f 1141 1232 1233
f 1141 1233 1142
f 1142 1233 1234
f 1142 1234 1143
f 1143 1234 1235
f 1143 1235 1144
f 1144 1235 1236
f 1144 1236 1145
f 1145 1236 1237
f 1145 1237 1146
f 1146 1237 1238
f 1146 1238 1147
f 1147 1238 1239
f 1147 1239 1148
f 1148 1239 1240
f 1148 1240 1149
f 1149 1240 1241
f 1149 1241 1150
f 1150 1241 1242
f 1150 1242 1151
f 1151 1242 1243
f 1151 1243 1152
f 1152 1243 1244
f 1152 1244 1153
f 1153 1244 1245
f 1153 1245 1154
f 1154 1245 1246
f 1154 1246 1155
f 1155 1246 1247
f 1155 1247 1248
f 1156 1155 1248
f 1156 1248 1249
f 1157 1156 1249
f 1157 1249 1158
f 1158 1249 1250
f 1158 1250 1159
f 1159 1250 1251
f 1159 1251 1160
f 1160 1251 1252
f 1160 1252 1161
f 1161 1252 1253
f 1161 1253 1163
f 1162 1161 1163
f 1163 1253 1164
f 1253 1254 1164
f 1164 1254 1255
f 1164 1255 1165
f 1165 1255 1166
f 1255 1256 1166
f 1166 1256 1167
f 1256 1257 1167
f 1167 1257 1258
f 1167 1258 1168
f 1168 1258 1169
f 1258 1259 1169
f 1169 1259 1260
f 1169 1260 1170
f 1170 1260 1171
f 1260 1261 1171
f 1171 1261 1262
f 1171 1262 1172
f 1172 1262 1263
f 1172 1263 1173
f 1173 1263 1264
f 1173 1264 1174
f 1174 1264 1265
f 1174 1265 1175
f 1175 1265 1266
f 1175 1266 1176
f 1176 1266 1267
f 1176 1267 1177
f 1177 1267 1268
f 1177 1268 1178
f 1178 1268 1269
f 1178 1269 1179
f 1179 1269 1270
f 1179 1270 1180
f 1180 1270 1271
f 1180 1271 1181
f 1181 1271 1272
f 1181 1272 1182
f 1182 1272 1273
f 1182 1273 1183
f 1183 1273 1274
f 1183 1274 1184
f 1184 1274 1275
f 1184 1275 1185
f 1185 1275 1276
f 1185 1276 1186
f 1186 1276 1277
f 1186 1277 1187
f 1187 1277 1278
f 1187 1278 1188
f 1188 1278 1279
f 1188 1279 1189
f 1189 1279 1280
f 1189 1280 1190
f 1190 1280 1281
f 1190 1281 1191
f 1191 1281 1282
f 1191 1282 1192
f 1192 1282 1283
f 1192 1283 1193
f 1193 1283 1284
f 1193 1284 1194
f 1194 1284 1285
f 1194 1285 1195
f 1195 1285 1286
f 1195 1286 1196
f 1196 1286 1287
f 1196 1287 1197
f 1197 1287 1288
f 1197 1288 1198
f 1198 1288 1289
f 1198 1289 1199
f 1199 1289 1290
f 1199 1290 1200
f 1200 1290 1291
f 1200 1291 1201
f 1201 1291 1292
f 1201 1292 1202
f 1202 1292 1293
f 1202 1293 1203
f 1203 1293 1294
f 1203 1294 1204
f 1204 1294 1295
f 1204 1295 1205
f 1205 1295 1296
f 1205 1296 1206
f 1206 1296 1297
f 1206 1297 1207
f 1207 1297 1298
f 1207 1298 1208
f 1208 1298 1209
f 1298 1299 1209
f 1209 1299 1300
f 1209 1300 1210
f 1210 1300 1301
f 1210 1301 1211
f 1211 1301 1302
f 1211 1302 1212
f 1212 1302 1303
f 1212 1303 1213
f 1213 1303 1304
f 1213 1304 1214
f 1214 1304 1305
f 1214 1305 1215
f 1215 1305 1306
f 1215 1306 1216
f 1216 1306 1307
f 1216 1307 1217
f 1217 1307 1308
f 1217 1308 1218
f 1218 1308 1309
f 1218 1309 1219
f 1219 1309 1310
f 1219 1310 1220
f 1220 1310 1311
f 1220 1311 1221
f 1221 1311 1222
f 1311 1312 1222
f 1222 1312 1313
f 1222 1313 1223
f 1223 1313 1314
f 1223 1314 1224
f 1224 1314 1315
f 1224 1315 1225
f 1225 1315 1316
f 1225 1316 1226
f 1226 1316 1317
f 1226 1317 1227
f 1227 1317 1318
f 1227 1318 1228
f 1228 1318 1319
f 1228 1319 1229
f 1229 1319 1320
f 1229 1320 1230
f 1230 1320 1321
f 1230 1321 1231
f 1231 1321 1322
f 1231 1322 1232
f 1232 1322 1323
f 1232 1323 1233
f 1233 1323 1324
f 1233 1324 1234
f 1234 1324 1325
f 1234 1325 1235
f 1235 1325 1326
f 1235 1326 1236
f 1236 1326 1327
f 1236 1327 1237
f 1237 1327 1328
f 1237 1328 1238
f 1238 1328 1329
f 1238 1329 1239
f 1239 1329 1330
f 1239 1330 1240
f 1240 1330 1331
f 1240 1331 1241
f 1241 1331 1332
f 1241 1332 1242
f 1242 1332 1333
f 1242 1333 1243
f 1243 1333 1334
f 1243 1334 1244
f 1244 1334 1335
f 1244 1335 1245
f 1245 1335 1336
f 1245 1336 1246
f 1246 1336 1337
f 1246 1337 1247
f 1247 1337 1338
f 1247 1338 1339
f 1248 1247 1339
f 1248 1339 1340
f 1249 1248 1340
f 1249 1340 1250
f 1250 1340 1341
f 1250 1341 1251
f 1251 1341 1342
f 1251 1342 1252
f 1252 1342 1343
f 1252 1343 1253
f 1253 1343 1254
f 1343 1344 1254
f 1254 1344 1345
f 1254 1345 1255
f 1255 1345 1256
f 1345 1346 1256
f 1256 1346 1257
f 1346 1347 1257
f 1257 1347 1348
f 1257 1348 1258
f 1258 1348 1259
f 1348 1349 1259
f 1259 1349 1350
f 1259 1350 1260
f 1260 1350 1261
f 1350 1351 1261
f 1261 1351 1352
f 1261 1352 1262
f 1262 1352 1353
f 1262 1353 1263
f 1263 1353 1354
f 1263 1354 1264
f 1264 1354 1355
f 1264 1355 1265
f 1265 1355 1356
f 1265 1356 1266
f 1266 1356 1357
f 1266 1357 1267
f 1267 1357 1358
f 1267 1358 1268
f 1268 1358 1359
f 1268 1359 1269
f 1269 1359 1360
f 1269 1360 1270
f 1270 1360 1361
f 1270 1361 1271
f 1271 1361 1362
f 1271 1362 1272
f 1272 1362 1363
f 1272 1363 1273
f 1273 1363 1364
f 1273 1364 1274
f 1274 1364 1365
f 1274 1365 1275
f 1275 1365 1366
f 1275 1366 1276
f 1276 1366 1367
f 1276 1367 1277
f 1277 1367 1368
f 1277 1368 1278
f 1278 1368 1369
f 1278 1369 1279
f 1279 1369 1370
f 1279 1370 1280
f 1280 1370 1371
f 1280 1371 1281
f 1281 1371 1372
f 1281 1372 1282
f 1282 1372 1373
f 1282 1373 1283
f 1283 1373 1374
f 1283 1374 1284
f 1284 1374 1375
f 1284 1375 1285
f 1285 1375 1376
f 1285 1376 1286
f 1286 1376 1377
f 1286 1377 1287
f 1287 1377 1378
f 1287 1378 1288
f 1288 1378 1379
f 1288 1379 1289
f 1289 1379 1380
f 1289 1380 1290
f 1290 1380 1381
f 1290 1381 1291
f 1291 1381 1382
f 1291 1382 1292
f 1292 1382 1383
f 1292 1383 1293
f 1293 1383 1384
f 1293 1384 1294
f 1294 1384 1385
f 1294 1385 1295
f 1295 1385 1386
f 1295 1386 1296
f 1296 1386 1387
f 1296 1387 1297
f 1297 1387 1388
f 1297 1388 1298
f 1298 1388 1299
f 1388 1389 1299
f 1299 1389 1390
f 1299 1390 1300
f 1300 1390 1391
f 1300 1391 1301
f 1301 1391 1392
f 1301 1392 1302
f 1302 1392 1393
f 1302 1393 1303
f 1303 1393 1394
f 1303 1394 1304
f 1304 1394 1395
f 1304 1395 1305
f 1305 1395 1396
f 1305 1396 1306
f 1306 1396 1397
f 1306 1397 1307
f 1307 1397 1398
f 1307 1398 1308
f 1308 1398 1399
f 1308 1399 1309
f 1309 1399 1400
f 1309 1400 1310
f 1310 1400 1401
f 1310 1401 1311
f 1311 1401 1312
f 1401 1402 1312
f 1312 1402 1403
f 1312 1403 1313
f 1313 1403 1404
f 1313 1404 1314
f 1314 1404 1405
f 1314 1405 1315
f 1315 1405 1406
f 1315 1406 1316
f 1316 1406 1407
f 1316 1407 1317
f 1317 1407 1408
f 1317 1408 1318
f 1318 1408 1409
f 1318 1409 1319
f 1319 1409 1410
f 1319 1410 1320
f 1320 1410 1411
f 1320 1411 1321
f 1321 1411 1412
f 1321 1412 1322
f 1322 1412 1413
f 1322 1413 1323
f 1323 1413 1414
f 1323 1414 1324
f 1324 1414 1415
f 1324 1415 1325
f 1325 1415 1416
f 1325 1416 1326
f 1326 1416 1417
f 1326 1417 1327
f 1327 1417 1418
f 1327 1418 1328
f 1328 1418 1419
f 1328 1419 1329
f 1329 1419 1420
f 1329 1420 1330
f 1330 1420 1421
f 1330 1421 1331
f 1331 1421 1422
f 1331 1422 1332
f 1332 1422 1423
f 1332 1423 1333
f 1333 1423 1424
f 1333 1424 1334
f 1334 1424 1425
f 1334 1425 1335
f 1335 1425 1426
f 1335 1426 1336
f 1336 1426 1427
f 1336 1427 1337
f 1337 1427 1428
f 1337 1428 1338
f 1338 1428 1429
f 1338 1429 1430
f 1339 1338 1430
f 1339 1430 1431
f 1340 1339 1431
f 1340 1431 1341
f 1341 1431 1432
f 1341 1432 1342
f 1342 1432 1433
f 1342 1433 1343
f 1343 1433 1344
f 1433 1434 1344
f 1344 1434 1435
f 1344 1435 1345
f 1345 1435 1346
f 1435 1436 1346
f 1346 1436 1347
f 1436 1437 1347
f 1347 1437 1438
f 1347 1438 1348
f 1348 1438 1349
f 1438 1439 1349
f 1349 1439 1440
f 1349 1440 1350
f 1350 1440 1351
f 1440 1441 1351
f 1351 1441 1442
f 1351 1442 1352
f 1352 1442 1443
f 1352 1443 1353
f 1353 1443 1444
f 1353 1444 1354
f 1354 1444 1445
f 1354 1445 1355
f 1355 1445 1446
f 1355 1446 1356
f 1356 1446 1447
f 1356 1447 1357
f 1357 1447 1448
f 1357 1448 1358
f 1358 1448 1449
f 1358 1449 1359
f 1359 1449 1450
f 1359 1450 1360
f 1360 1450 1451
f 1360 1451 1361
f 1361 1451 1452
f 1361 1452 1362
f 1362 1452 1453
f 1362 1453 1363
f 1363 1453 1454
f 1363 1454 1364
f 1364 1454 1455
f 1364 1455 1365
f 1365 1455 1456
f 1365 1456 1366
f 1366 1456 1457
f 1366 1457 1367
f 1367 1457 1458
f 1367 1458 1368
f 1368 1458 1459
f 1368 1459 1369
f 1369 1459 1460
f 1369 1460 1370
f 1370 1460 1461
f 1370 1461 1371
f 1371 1461 1462
f 1371 1462 1372
f 1372 1462 1463
f 1372 1463 1373
f 1373 1463 1464
f 1373 1464 1374
f 1374 1464 1465
f 1374 1465 1375
f 1375 1465 1466
f 1375 1466 1376
f 1376 1466 1467
f 1376 1467 1377
f 1377 1467 1468
f 1377 1468 1378
f 1378 1468 1469
f 1378 1469 1379
f 1379 1469 1470
f 1379 1470 1380
f 1380 1470 1471
f 1380 1471 1381
f 1381 1471 1472
f 1381 1472 1382
f 1382 1472 1473
f 1382 1473 1383
f 1383 1473 1474
f 1383 1474 1384
f 1384 1474 1475
f 1384 1475 1385
f 1385 1475 1476
f 1385 1476 1386
f 1386 1476 1477
f 1386 1477 1387
f 1387 1477 1478
f 1387 1478 1388
f 1388 1478 1389
f 1478 1479 1389
f 1389 1479 1480
f 1389 1480 1390
f 1390 1480 1481
f 1390 1481 1391
f 1391 1481 1482
f 1391 1482 1392
f 1392 1482 1483
f 1392 1483 1393
f 1393 1483 1484
f 1393 1484 1394
f 1394 1484 1485
f 1394 1485 1395
f 1395 1485 1486
f 1395 1486 1396
f 1396 1486 1487
f 1396 1487 1397
f 1397 1487 1488
f 1397 1488 1398
f 1398 1488 1489
f 1398 1489 1399
f 1399 1489 1490
f 1399 1490 1400
f 1400 1490 1491
f 1400 1491 1401
f 1401 1491 1402
f 1491 1492 1402
f 1402 1492 1493
f 1402 1493 1403
f 1403 1493 1494
f 1403 1494 1404
f 1404 1494 1495
f 1404 1495 1405
f 1405 1495 1496
f 1405 1496 1406
f 1406 1496 1497
f 1406 1497 1407
f 1407 1497 1498
f 1407 1498 1408
f 1408 1498 1499
f 1408 1499 1409
f 1409 1499 1500
f 1409 1500 1410
f 1410 1500 1501
f 1410 1501 1411
f 1411 1501 1502
f 1411 1502 1412
f 1412 1502 1503
f 1412 1503 1413
f 1413 1503 1504
f 1413 1504 1414
f 1414 1504 1505
f 1414 1505 1415
f 1415 1505 1506
f 1415 1506 1416
f 1416 1506 1507
f 1416 1507 1417
f 1417 1507 1508
f 1417 1508 1418
f 1418 1508 1509
f 1418 1509 1419
f 1419 1509 1510
f 1419 1510 1420
f 1420 1510 1511
f 1420 1511 1421
f 1421 1511 1512
f 1421 1512 1422
f 1422 1512 1513
f 1422 1513 1423
f 1423 1513 1514
f 1423 1514 1424
f 1424 1514 1515
f 1424 1515 1425
f 1425 1515 1516
f 1425 1516 1426
f 1426 1516 1517
f 1426 1517 1427
f 1427 1517 1518
f 1427 1518 1428
f 1428 1518 1519
f 1428 1519 1429
f 1429 1519 1520
f 1429 1520 1521
f 1430 1429 1521
f 1430 1521 1522
f 1431 1430 1522
f 1431 1522 1432
f 1432 1522 1523
f 1432 1523 1433
f 1433 1523 1434
f 1523 1524 1434
f 1434 1524 1525
f 1434 1525 1435
f 1435 1525 1436
f 1525 1526 1436
f 1436 1526 1437
f 1526 1527 1437
f 1437 1527 1528
f 1437 1528 1438
f 1438 1528 1439
f 1528 1529 1439
f 1439 1529 1530
f 1439 1530 1440
f 1440 1530 1441
f 1530 1531 1441
f 1441 1531 1532
f 1441 1532 1442
f 1442 1532 1533
f 1442 1533 1443
f 1443 1533 1534
f 1443 1534 1444
f 1444 1534 1535
f 1444 1535 1445
f 1445 1535 1536
f 1445 1536 1446
f 1446 1536 1537
f 1446 1537 1447
f 1447 1537 1538
f 1447 1538 1448
f 1448 1538 1539
f 1448 1539 1449
f 1449 1539 1540
f 1449 1540 1450
f 1450 1540 1541
f 1450 1541 1451
f 1451 1541 1542
f 1451 1542 1452
f 1452 1542 1543
f 1452 1543 1453
f 1453 1543 1544
f 1453 1544 1454
f 1454 1544 1545
f 1454 1545 1455
f 1455 1545 1546
f 1455 1546 1456
f 1456 1546 1547
f 1456 1547 1457
f 1457 1547 1548
f 1457 1548 1458
f 1458 1548 1549
f 1458 1549 1459
f 1459 1549 1550
f 1459 1550 1460
f 1460 1550 1551
f 1460 1551 1461
f 1461 1551 1552
f 1461 1552 1462
f 1462 1552 1553
f 1462 1553 1463
f 1463 1553 1554
f 1463 1554 1464
f 1464 1554 1555
f 1464 1555 1465
f 1465 1555 1556
f 1465 1556 1466
f 1466 1556 1557
f 1466 1557 1467
f 1467 1557 1558
f 1467 1558 1468
f 1468 1558 1559
f 1468 1559 1469
f 1469 1559 1560
f 1469 1560 1470
f 1470 1560 1561
f 1470 1561 1471
f 1471 1561 1562
f 1471 1562 1472
f 1472 1562 1563
f 1472 1563 1473
f 1473 1563 1564
f 1473 1564 1474
f 1474 1564 1565
f 1474 1565 1475
f 1475 1565 1566
f 1475 1566 1476
f 1476 1566 1567
f 1476 1567 1477
f 1477 1567 1568
f 1477 1568 1478
f 1478 1568 1479
f 1568 1569 1479
f 1479 1569 1570
f 1479 1570 1480
f 1480 1570 1571
f 1480 1571 1481
f 1481 1571 1572
f 1481 1572 1482
f 1482 1572 1573
f 1482 1573 1483
f 1483 1573 1574
f 1483 1574 1484
f 1484 1574 1575
f 1484 1575 1485
f 1485 1575 1576
f 1485 1576 1486
f 1486 1576 1577
f 1486 1577 1487
f 1487 1577 1578
f 1487 1578 1488
f 1488 1578 1579
f 1488 1579 1489
f 1489 1579 1580
f 1489 1580 1490
f 1490 1580 1581
f 1490 1581 1491
f 1491 1581 1492
f 1581 1582 1492
f 1492 1582 1583
f 1492 1583 1493
f 1493 1583 1584
f 1493 1584 1494
f 1494 1584 1585
f 1494 1585 1495
f 1495 1585 1586
f 1495 1586 1496
f 1496 1586 1587
f 1496 1587 1497
f 1497 1587 1588
f 1497 1588 1498
f 1498 1588 1589
f 1498 1589 1499
f 1499 1589 1590
f 1499 1590 1500
f 1500 1590 1591
f 1500 1591 1501
f 1501 1591 1592
f 1501 1592 1502
f 1502 1592 1593
f 1502 1593 1503
f 1503 1593 1594
f 1503 1594 1504
f 1504 1594 1595
f 1504 1595 1505
f 1505 1595 1596
f 1505 1596 1506
f 1506 1596 1597
f 1506 1597 1507
f 1507 1597 1598
f 1507 1598 1508
f 1508 1598 1599
f 1508 1599 1509
f 1509 1599 1600
f 1509 1600 1510
f 1510 1600 1601
f 1510 1601 1511
f 1511 1601 1602
f 1511 1602 1512
f 1512 1602 1603
f 1512 1603 1513
f 1513 1603 1604
f 1513 1604 1514
f 1514 1604 1605
f 1514 1605 1515
f 1515 1605 1606
f 1515 1606 1516
f 1516 1606 1607
f 1516 1607 1517
f 1517 1607 1608
f 1517 1608 1518
f 1518 1608 1609
f 1518 1609 1519
f 1519 1609 1610
f 1519 1610 1520
f 1520 1610 1611
f 1520 1611 1612
f 1521 1520 1612
f 1521 1612 1613
f 1522 1521 1613
f 1522 1613 1523
f 1523 1613 1524
f 1613 1614 1524
f 1524 1614 1615
f 1524 1615 1525
f 1525 1615 1526
f 1615 1616 1526
f 1526 1616 1527
f 1616 1617 1527
f 1527 1617 1618
f 1527 1618 1528
f 1528 1618 1529
f 1618 1619 1529
f 1529 1619 1620
f 1529 1620 1530
f 1530 1620 1531
f 1620 1621 1531
f 1531 1621 1622
f 1531 1622 1532
f 1532 1622 1623
f 1532 1623 1533
f 1533 1623 1624
f 1533 1624 1534
f 1534 1624 1625
f 1534 1625 1535
f 1535 1625 1626
f 1535 1626 1536
f 1536 1626 1627
f 1536 1627 1537
f 1537 1627 1628
f 1537 1628 1538
f 1538 1628 1629
f 1538 1629 1539
f 1539 1629 1630
f 1539 1630 1540
f 1540 1630 1631
f 1540 1631 1541
f 1541 1631 1632
f 1541 1632 1542
f 1542 1632 1633
f 1542 1633 1543
f 1543 1633 1634
f 1543 1634 1544
f 1544 1634 1635
f 1544 1635 1545
f 1545 1635 1636
f 1545 1636 1546
f 1546 1636 1637
f 1546 1637 1547
f 1547 1637 1638
f 1547 1638 1548
f 1548 1638 1639
f 1548 1639 1549
f 1549 1639 1640
f 1549 1640 1550
f 1550 1640 1641
f 1550 1641 1551
f 1551 1641 1642
f 1551 1642 1552
f 1552 1642 1643
f 1552 1643 1553
f 1553 1643 1644
f 1553 1644 1554
f 1554 1644 1645
f 1554 1645 1555
f 1555 1645 1646
f 1555 1646 1556
f 1556 1646 1647
f 1556 1647 1557
f 1557 1647 1648
f 1557 1648 1558
f 1558 1648 1649
f 1558 1649 1559
f 1559 1649 1650
f 1559 1650 1560
f 1560 1650 1651
f 1560 1651 1561
f 1561 1651 1652
f 1561 1652 1562
f 1562 1652 1653
f 1562 1653 1563
f 1563 1653 1654
f 1563 1654 1564
f 1564 1654 1655
f 1564 1655 1565
f 1565 1655 1656
f 1565 1656 1566
f 1566 1656 1657
f 1566 1657 1567
f 1567 1657 1658
f 1567 1658 1568
f 1568 1658 1569
f 1658 1659 1569
f 1569 1659 1660
f 1569 1660 1570
f 1570 1660 1661
f 1570 1661 1571
f 1571 1661 1662
f 1571 1662 1572
f 1572 1662 1663
f 1572 1663 1573
f 1573 1663 1664
f 1573 1664 1574
f 1574 1664 1665
f 1574 1665 1575
f 1575 1665 1666
f 1575 1666 1576
f 1576 1666 1667
f 1576 1667 1577
f 1577 1667 1668
f 1577 1668 1578
f 1578 1668 1669
f 1578 1669 1579
f 1579 1669 1670
f 1579 1670 1580
f 1580 1670 1671
f 1580 1671 1581
f 1581 1671 1582
f 1671 1672 1582
f 1582 1672 1673
f 1582 1673 1583
f 1583 1673 1674
f 1583 1674 1584
f 1584 1674 1675
f 1584 1675 1585
f 1585 1675 1676
f 1585 1676 1586
f 1586 1676 1677
f 1586 1677 1587
f 1587 1677 1678
f 1587 1678 1588
f 1588 1678 1679
f 1588 1679 1589
f 1589 1679 1680
f 1589 1680 1590
f 1590 1680 1681
f 1590 1681 1591
f 1591 1681 1682
f 1591 1682 1592
f 1592 1682 1683
f 1592 1683 1593
f 1593 1683 1684
f 1593 1684 1594
f 1594 1684 1685
f 1594 1685 1595
f 1595 1685 1686
f 1595 1686 1596
f 1596 1686 1687
f 1596 1687 1597
f 1597 1687 1688
f 1597 1688 1598
f 1598 1688 1689
f 1598 1689 1599
f 1599 1689 1690
f 1599 1690 1600
f 1600 1690 1691
f 1600 1691 1601
f 1601 1691 1692
f 1601 1692 1602
f 1602 1692 1693
f 1602 1693 1603
f 1603 1693 1694
f 1603 1694 1604
f 1604 1694 1695
f 1604 1695 1605
f 1605 1695 1696
f 1605 1696 1606
f 1606 1696 1697
f 1606 1697 1607
f 1607 1697 1698
f 1607 1698 1608
f 1608 1698 1699
f 1608 1699 1609
f 1609 1699 1700
f 1609 1700 1610
f 1610 1700 1701
f 1610 1701 1611
f 1611 1701 1702
f 1611 1702 1703
f 1612 1611 1703
f 1612 1703 1614
f 1613 1612 1614
f 1614 1703 1704
f 1614 1704 1615
f 1615 1704 1616
f 1704 1705 1616
f 1616 1705 1617
f 1705 1706 1617
f 1617 1706 1707
f 1617 1707 1618
f 1618 1707 1619
f 1707 1708 1619
f 1619 1708 1709
f 1619 1709 1620
f 1620 1709 1621
f 1709 1710 1621
f 1621 1710 1711
f 1621 1711 1622
f 1622 1711 1712
f 1622 1712 1623
f 1623 1712 1713
f 1623 1713 1624
f 1624 1713 1714
f 1624 1714 1625
f 1625 1714 1715
f 1625 1715 1626
f 1626 1715 1716
f 1626 1716 1627
f 1627 1716 1717
f 1627 1717 1628
f 1628 1717 1718
f 1628 1718 1629
f 1629 1718 1719
f 1629 1719 1630
f 1630 1719 1720
f 1630 1720 1631
f 1631 1720 1721
f 1631 1721 1632
f 1632 1721 1722
f 1632 1722 1633
f 1633 1722 1723
f 1633 1723 1634
f 1634 1723 1724
f 1634 1724 1635
f 1635 1724 1725
f 1635 1725 1636
f 1636 1725 1726
f 1636 1726 1637
f 1637 1726 1727
f 1637 1727 1638
f 1638 1727 1728
f 1638 1728 1639
f 1639 1728 1729
f 1639 1729 1640
f 1640 1729 1730
f 1640 1730 1641
f 1641 1730 1731
f 1641 1731 1642
f 1642 1731 1732
f 1642 1732 1643
f 1643 1732 1733
f 1643 1733 1644
f 1644 1733 1734
f 1644 1734 1645
f 1645 1734 1735
f 1645 1735 1646
f 1646 1735 1736
f 1646 1736 1647
f 1647 1736 1737
f 1647 1737 1648
f 1648 1737 1738
f 1648 1738 1649
f 1649 1738 1739
f 1649 1739 1650
f 1650 1739 1740
f 1650 1740 1651
f 1651 1740 1741
f 1651 1741 1652
f 1652 1741 1742
f 1652 1742 1653
f 1653 1742 1743
f 1653 1743 1654
f 1654 1743 1744
f 1654 1744 1655
f 1655 1744 1745
f 1655 1745 1656
f 1656 1745 1746
f 1656 1746 1657
f 1657 1746 1747
f 1657 1747 1658
f 1658 1747 1659
f 1747 1748 1659
f 1659 1748 1749
f 1659 1749 1660
f 1660 1749 1750
f 1660 1750 1661
f 1661 1750 1751
f 1661 1751 1662
f 1662 1751 1752
f 1662 1752 1663
f 1663 1752 1753
f 1663 1753 1664
f 1664 1753 1754
f 1664 1754 1665
f 1665 1754 1755
f 1665 1755 1666
f 1666 1755 1756
f 1666 1756 1667
f 1667 1756 1757
f 1667 1757 1668
f 1668 1757 1758
f 1668 1758 1669
f 1669 1758 1759
f 1669 1759 1670
f 1670 1759 1760
f 1670 1760 1671
f 1671 1760 1672
f 1760 1761 1672
f 1672 1761 1762
f 1672 1762 1673
f 1673 1762 1763
f 1673 1763 1674
f 1674 1763 1764
f 1674 1764 1675
f 1675 1764 1765
f 1675 1765 1676
f 1676 1765 1766
f 1676 1766 1677
f 1677 1766 1767
f 1677 1767 1678
f 1678 1767 1768
f 1678 1768 1679
f 1679 1768 1769
f 1679 1769 1680
f 1680 1769 1770
f 1680 1770 1681
f 1681 1770 1771
f 1681 1771 1682
f 1682 1771 1772
f 1682 1772 1683
f 1683 1772 1773
f 1683 1773 1684
f 1684 1773 1774
f 1684 1774 1685
f 1685 1774 1775
f 1685 1775 1686
f 1686 1775 1776
f 1686 1776 1687
f 1687 1776 1777
f 1687 1777 1688
f 1688 1777 1778
f 1688 1778 1689
f 1689 1778 1779
f 1689 1779 1690
f 1690 1779 1780
f 1690 1780 1691
f 1691 1780 1781
f 1691 1781 1692
f 1692 1781 1782
f 1692 1782 1693
f 1693 1782 1783
f 1693 1783 1694
f 1694 1783 1784
f 1694 1784 1695
f 1695 1784 1785
f 1695 1785 1696
f 1696 1785 1786
f 1696 1786 1697
f 1697 1786 1787
f 1697 1787 1698
f 1698 1787 1788
f 1698 1788 1699
f 1699 1788 1789
f 1699 1789 1700
f 1700 1789 1790
f 1700 1790 1701
f 1701 1790 1791
f 1701 1791 1702
f 1702 1791 1792
f 1702 1792 1793
f 1703 1702 1793
f 1703 1793 1704
f 1704 1793 1705
f 1793 1794 1705
f 1705 1794 1706
f 1794 1795 1706
f 1706 1795 1796
f 1706 1796 1707
f 1707 1796 1708
f 1796 1797 1708
f 1708 1797 1798
f 1708 1798 1709
f 1709 1798 1710
f 1798 1799 1710
f 1710 1799 1800
f 1710 1800 1711
f 1711 1800 1801
f 1711 1801 1712
f 1712 1801 1802
f 1712 1802 1713
f 1713 1802 1803
f 1713 1803 1714
f 1714 1803 1804
f 1714 1804 1715
f 1715 1804 1805
f 1715 1805 1716
f 1716 1805 1806
f 1716 1806 1717
f 1717 1806 1807
f 1717 1807 1718
f 1718 1807 1808
f 1718 1808 1719
f 1719 1808 1809
f 1719 1809 1720
f 1720 1809 1810
f 1720 1810 1721
f 1721 1810 1811
f 1721 1811 1722
f 1722 1811 1812
f 1722 1812 1723
f 1723 1812 1813
f 1723 1813 1724
f 1724 1813 1814
f 1724 1814 1725
f 1725 1814 1815
f 1725 1815 1726
f 1726 1815 1816
f 1726 1816 1727
f 1727 1816 1817
f 1727 1817 1728
f 1728 1817 1818
f 1728 1818 1729
f 1729 1818 1819
f 1729 1819 1730
f 1730 1819 1820
f 1730 1820 1731
f 1731 1820 1821
f 1731 1821 1732
f 1732 1821 1822
f 1732 1822 1733
f 1733 1822 1823
f 1733 1823 1734
f 1734 1823 1824
f 1734 1824 1735
f 1735 1824 1825
f 1735 1825 1736
f 1736 1825 1826
f 1736 1826 1737
f 1737 1826 1827
f 1737 1827 1738
f 1738 1827 1828
f 1738 1828 1739
f 1739 1828 1829
f 1739 1829 1740
f 1740 1829 1830
f 1740 1830 1741
f 1741 1830 1831
f 1741 1831 1742
f 1742 1831 1832
f 1742 1832 1743
f 1743 1832 1833
f 1743 1833 1744
f 1744 1833 1834
f 1744 1834 1745
f 1745 1834 1835
f 1745 1835 1746
f 1746 1835 1836
f 1746 1836 1747
f 1747 1836 1748
f 1836 1837 1748
f 1748 1837 1838
f 1748 1838 1749
f 1749 1838 1839
f 1749 1839 1750
f 1750 1839 1840
f 1750 1840 1751
f 1751 1840 1841
f 1751 1841 1752
f 1752 1841 1842
f 1752 1842 1753
f 1753 1842 1843
f 1753 1843 1754
f 1754 1843 1844
f 1754 1844 1755
f 1755 1844 1845
f 1755 1845 1756
f 1756 1845 1846
f 1756 1846 1757
f 1757 1846 1847
f 1757 1847 1758
f 1758 1847 1848
f 1758 1848 1759
f 1759 1848 1849
f 1759 1849 1760
f 1760 1849 1761
f 1849 1850 1761
f 1761 1850 1851
f 1761 1851 1762
f 1762 1851 1852
f 1762 1852 1763
f 1763 1852 1853
f 1763 1853 1764
f 1764 1853 1854
f 1764 1854 1765
f 1765 1854 1855
f 1765 1855 1766
f 1766 1855 1856
f 1766 1856 1767
f 1767 1856 1857
f 1767 1857 1768
f 1768 1857 1858
f 1768 1858 1769
f 1769 1858 1859
f 1769 1859 1770
f 1770 1859 1860
f 1770 1860 1771
f 1771 1860 1861
f 1771 1861 1772
f 1772 1861 1862
f 1772 1862 1773
f 1773 1862 1863
f 1773 1863 1774
f 1774 1863 1864
f 1774 1864 1775
f 1775 1864 1865
f 1775 1865 1776
f 1776 1865 1866
f 1776 1866 1777
f 1777 1866 1867
f 1777 1867 1778
f 1778 1867 1868
f 1778 1868 1779
f 1779 1868 1869
f 1779 1869 1780
f 1780 1869 1870
f 1780 1870 1781
f 1781 1870 1871
f 1781 1871 1782
f 1782 1871 1872
f 1782 1872 1783
f 1783 1872 1873
f 1783 1873 1784
f 1784 1873 1874
f 1784 1874 1785
f 1785 1874 1875
f 1785 1875 1786
f 1786 1875 1876
f 1786 1876 1787
f 1787 1876 1877
f 1787 1877 1788
f 1788 1877 1878
f 1788 1878 1789
f 1789 1878 1879
f 1789 1879 1790
f 1790 1879 1880
f 1790 1880 1791
f 1791 1880 1881
f 1791 1881 1792
f 1792 1881 1882
f 1792 1882 1794
f 1793 1792 1794
f 1794 1882 1795
f 1882 1883 1795
f 1795 1883 1884
f 1795 1884 1796
f 1796 1884 1797
f 1884 1885 1797
f 1797 1885 1886
f 1797 1886 1798
f 1798 1886 1799
f 1886 1887 1799
f 1799 1887 1888
f 1799 1888 1800
f 1800 1888 1889
f 1800 1889 1801
f 1801 1889 1890
f 1801 1890 1802
f 1802 1890 1891
f 1802 1891 1803
f 1803 1891 1892
f 1803 1892 1804
f 1804 1892 1893
f 1804 1893 1805
f 1805 1893 1894
f 1805 1894 1806
f 1806 1894 1895
f 1806 1895 1807
f 1807 1895 1896
f 1807 1896 1808
f 1808 1896 1897
f 1808 1897 1809
f 1809 1897 1898
f 1809 1898 1810
f 1810 1898 1899
f 1810 1899 1811
f 1811 1899 1900
f 1811 1900 1812
f 1812 1900 1901
f 1812 1901 1813
f 1813 1901 1902
f 1813 1902 1814
f 1814 1902 1903
f 1814 1903 1815
f 1815 1903 1904
f 1815 1904 1816
f 1816 1904 1905
f 1816 1905 1817
f 1817 1905 1906
f 1817 1906 1818
f 1818 1906 1907
f 1818 1907 1819
f 1819 1907 1908
f 1819 1908 1820
f 1820 1908 1909
f 1820 1909 1821
f 1821 1909 1910
f 1821 1910 1822
f 1822 1910 1911
f 1822 1911 1823
f 1823 1911 1912
f 1823 1912 1824
f 1824 1912 1913
f 1824 1913 1825
f 1825 1913 1914
f 1825 1914 1826
f 1826 1914 1915
f 1826 1915 1827
f 1827 1915 1916
f 1827 1916 1828
f 1828 1916 1917
f 1828 1917 1829
f 1829 1917 1918
f 1829 1918 1830
f 1830 1918 1919
f 1830 1919 1831
f 1831 1919 1920
f 1831 1920 1832
f 1832 1920 1921
f 1832 1921 1833
f 1833 1921 1922
f 1833 1922 1834
f 1834 1922 1923
f 1834 1923 1835
f 1835 1923 1924
f 1835 1924 1836
f 1836 1924 1837
f 1924 1925 1837
f 1837 1925 1926
f 1837 1926 1838
f 1838 1926 1927
f 1838 1927 1839
f 1839 1927 1928
f 1839 1928 1840
f 1840 1928 1929
f 1840 1929 1841
f 1841 1929 1930
f 1841 1930 1842
f 1842 1930 1931
f 1842 1931 1843
f 1843 1931 1932
f 1843 1932 1844
f 1844 1932 1933
f 1844 1933 1845
f 1845 1933 1934
f 1845 1934 1846
f 1846 1934 1935
f 1846 1935 1847
f 1847 1935 1936
f 1847 1936 1848
f 1848 1936 1937
f 1848 1937 1849
f 1849 1937 1850
f 1937 1938 1850
f 1850 1938 1939
f 1850 1939 1851
f 1851 1939 1940
f 1851 1940 1852
f 1852 1940 1941
f 1852 1941 1853
f 1853 1941 1942
f 1853 1942 1854
f 1854 1942 1943
f 1854 1943 1855
f 1855 1943 1944
f 1855 1944 1856
f 1856 1944 1945
f 1856 1945 1857
f 1857 1945 1946
f 1857 1946 1858
f 1858 1946 1947
f 1858 1947 1859
f 1859 1947 1948
f 1859 1948 1860
f 1860 1948 1949
f 1860 1949 1861
f 1861 1949 1950
f 1861 1950 1862
f 1862 1950 1951
f 1862 1951 1863
f 1863 1951 1952
f 1863 1952 1864
f 1864 1952 1953
f 1864 1953 1865
f 1865 1953 1954
f 1865 1954 1866
f 1866 1954 1955
f 1866 1955 1867
f 1867 1955 1956
f 1867 1956 1868
f 1868 1956 1957
f 1868 1957 1869
f 1869 1957 1958
f 1869 1958 1870
f 1870 1958 1959
f 1870 1959 1871
f 1871 1959 1960
f 1871 1960 1872
f 1872 1960 1961
f 1872 1961 1873
f 1873 1961 1962
f 1873 1962 1874
f 1874 1962 1963
f 1874 1963 1875
f 1875 1963 1964
f 1875 1964 1876
f 1876 1964 1965
f 1876 1965 1877
f 1877 1965 1966
f 1877 1966 1878
f 1878 1966 1967
f 1878 1967 1879
f 1879 1967 1968
f 1879 1968 1880
f 1880 1968 1969
f 1880 1969 1881
f 1881 1969 1970
f 1881 1970 1882
f 1882 1970 1883
f 1970 1971 1883
f 1883 1971 1972
f 1883 1972 1884
f 1884 1972 1885
f 1972 1973 1885
f 1885 1973 1974
f 1885 1974 1886
f 1886 1974 1887
f 1974 1975 1887
f 1887 1975 1976
f 1887 1976 1888
f 1888 1976 1977
f 1888 1977 1889
f 1889 1977 1978
f 1889 1978 1890
f 1890 1978 1979
f 1890 1979 1891
f 1891 1979 1980
f 1891 1980 1892
f 1892 1980 1981
f 1892 1981 1893
f 1893 1981 1982
f 1893 1982 1894
f 1894 1982 1983
f 1894 1983 1895
f 1895 1983 1984
f 1895 1984 1896
f 1896 1984 1985
f 1896 1985 1897
f 1897 1985 1986
f 1897 1986 1898
f 1898 1986 1987
f 1898 1987 1899
f 1899 1987 1988
f 1899 1988 1900
f 1900 1988 1989
f 1900 1989 1901
f 1901 1989 1990
f 1901 1990 1902
f 1902 1990 1991
f 1902 1991 1903
f 1903 1991 1992
f 1903 1992 1904
f 1904 1992 1993
f 1904 1993 1905
f 1905 1993 1994
f 1905 1994 1906
f 1906 1994 1995
f 1906 1995 1907
f 1907 1995 1996
f 1907 1996 1908
f 1908 1996 1997
f 1908 1997 1909
f 1909 1997 1998
f 1909 1998 1910
f 1910 1998 1999
f 1910 1999 1911
f 1911 1999 2000
f 1911 2000 1912
f 1912 2000 2001
f 1912 2001 1913
f 1913 2001 2002
f 1913 2002 1914
f 1914 2002 2003
f 1914 2003 1915
f 1915 2003 2004
f 1915 2004 1916
f 1916 2004 2005
f 1916 2005 1917
f 1917 2005 2006
f 1917 2006 1918
f 1918 2006 2007
f 1918 2007 1919
f 1919 2007 2008
f 1919 2008 1920
f 1920 2008 2009
f 1920 2009 1921
f 1921 2009 2010
f 1921 2010 1922
f 1922 2010 2011
f 1922 2011 1923
f 1923 2011 2012
f 1923 2012 1924
f 1924 2012 1925
f 2012 2013 1925
f 1925 2013 2014
f 1925 2014 1926
f 1926 2014 2015
f 1926 2015 1927
f 1927 2015 2016
f 1927 2016 1928
f 1928 2016 2017
f 1928 2017 1929
f 1929 2017 2018
f 1929 2018 1930
f 1930 2018 2019
f 1930 2019 1931
f 1931 2019 2020
f 1931 2020 1932
f 1932 2020 2021
f 1932 2021 1933
f 1933 2021 2022
f 1933 2022 1934
f 1934 2022 2023
f 1934 2023 1935
f 1935 2023 2024
f 1935 2024 1936
f 1936 2024 2025
f 1936 2025 1937
f 1937 2025 1938
f 2025 2026 1938
f 1938 2026 2027
f 1938 2027 1939
f 1939 2027 2028
f 1939 2028 1940
f 1940 2028 2029
f 1940 2029 1941
f 1941 2029 2030
f 1941 2030 1942
f 1942 2030 2031
f 1942 2031 1943
f 1943 2031 2032
f 1943 2032 1944
f 1944 2032 2033
f 1944 2033 1945
f 1945 2033 2034
f 1945 2034 1946
f 1946 2034 2035
f 1946 2035 1947
f 1947 2035 2036
f 1947 2036 1948
f 1948 2036 2037
f 1948 2037 1949
f 1949 2037 2038
f 1949 2038 1950
f 1950 2038 2039
f 1950 2039 1951
f 1951 2039 2040
f 1951 2040 1952
f 1952 2040 2041
f 1952 2041 1953
f 1953 2041 2042
f 1953 2042 1954
f 1954 2042 2043
f 1954 2043 1955
f 1955 2043 2044
f 1955 2044 1956
f 1956 2044 2045
f 1956 2045 1957
f 1957 2045 2046
f 1957 2046 1958
f 1958 2046 2047
f 1958 2047 1959
f 1959 2047 2048
f 1959 2048 1960
f 1960 2048 2049
f 1960 2049 1961
f 1961 2049 2050
f 1961 2050 1962
f 1962 2050 2051
f 1962 2051 1963
f 1963 2051 2052
f 1963 2052 1964
f 1964 2052 2053
f 1964 2053 1965
f 1965 2053 2054
f 1965 2054 1966
f 1966 2054 2055
f 1966 2055 1967
f 1967 2055 2056
f 1967 2056 1968
f 1968 2056 2057
f 1968 2057 1969
f 1969 2057 2058
f 1969 2058 1970
f 1970 2058 1971
f 2058 2059 1971
f 1971 2059 2060
f 1971 2060 1972
f 1972 2060 1973
f 2060 2061 1973
f 1973 2061 2062
f 1973 2062 1974
f 1974 2062 1975
f 2062 2063 1975
f 1975 2063 2064
f 1975 2064 1976
f 1976 2064 2065
f 1976 2065 1977
f 1977 2065 2066
f 1977 2066 1978
f 1978 2066 2067
f 1978 2067 1979
f 1979 2067 2068
f 1979 2068 1980
f 1980 2068 2069
f 1980 2069 1981
f 1981 2069 2070
f 1981 2070 1982
f 1982 2070 2071
f 1982 2071 1983
f 1983 2071 2072
f 1983 2072 1984
f 1984 2072 2073
f 1984 2073 1985
f 1985 2073 2074
f 1985 2074 1986
f 1986 2074 2075
f 1986 2075 1987
f 1987 2075 2076
f 1987 2076 1988
f 1988 2076 2077
f 1988 2077 1989
f 1989 2077 2078
f 1989 2078 1990
f 1990 2078 2079
f 1990 2079 1991
f 1991 2079 2080
f 1991 2080 1992
f 1992 2080 2081
f 1992 2081 1993
f 1993 2081 2082
f 1993 2082 1994
f 1994 2082 2083
f 1994 2083 1995
f 1995 2083 2084
f 1995 2084 1996
f 1996 2084 2085
f 1996 2085 1997
f 1997 2085 2086
f 1997 2086 1998
f 1998 2086 2087
f 1998 2087 1999
f 1999 2087 2088
f 1999 2088 2000
f 2000 2088 2089
f 2000 2089 2001
f 2001 2089 2090
f 2001 2090 2002
f 2002 2090 2091
f 2002 2091 2003
f 2003 2091 2092
f 2003 2092 2004
f 2004 2092 2093
f 2004 2093 2005
f 2005 2093 2094
f 2005 2094 2006
f 2006 2094 2095
f 2006 2095 2007
f 2007 2095 2096
f 2007 2096 2008
f 2008 2096 2097
f 2008 2097 2009
f 2009 2097 2098
f 2009 2098 2010
f 2010 2098 2099
f 2010 2099 2011
f 2011 2099 2100
f 2011 2100 2012
f 2012 2100 2013
f 2100 2101 2013
f 2013 2101 2102
f 2013 2102 2014
f 2014 2102 2103
f 2014 2103 2015
f 2015 2103 2104
f 2015 2104 2016
f 2016 2104 2105
f 2016 2105 2017
f 2017 2105 2106
f 2017 2106 2018
f 2018 2106 2107
f 2018 2107 2019
f 2019 2107 2108
f 2019 2108 2020
f 2020 2108 2109
f 2020 2109 2021
f 2021 2109 2110
f 2021 2110 2022
f 2022 2110 2111
f 2022 2111 2023
f 2023 2111 2112
f 2023 2112 2024
f 2024 2112 2113
f 2024 2113 2025
f 2025 2113 2026
f 2113 2114 2026
f 2026 2114 2115
f 2026 2115 2027
f 2027 2115 2116
f 2027 2116 2028
f 2028 2116 2117
f 2028 2117 2029
f 2029 2117 2118
f 2029 2118 2030
f 2030 2118 2119
f 2030 2119 2031
f 2031 2119 2120
f 2031 2120 2032
f 2032 2120 2121
f 2032 2121 2033
f 2033 2121 2122
f 2033 2122 2034
f 2034 2122 2123
f 2034 2123 2035
f 2035 2123 2124
f 2035 2124 2036
f 2036 2124 2125
f 2036 2125 2037
f 2037 2125 2126
f 2037 2126 2038
f 2038 2126 2127
f 2038 2127 2039
f 2039 2127 2128
f 2039 2128 2040
f 2040 2128 2129
f 2040 2129 2041
f 2041 2129 2130
f 2041 2130 2042
f 2042 2130 2131
f 2042 2131 2043
f 2043 2131 2132
f 2043 2132 2044
f 2044 2132 2133
f 2044 2133 2045
f 2045 2133 2134
f 2045 2134 2046
f 2046 2134 2135
f 2046 2135 2047
f 2047 2135 2136
f 2047 2136 2048
f 2048 2136 2137
f 2048 2137 2049
f 2049 2137 2138
f 2049 2138 2050
f 2050 2138 2139
f 2050 2139 2051
f 2051 2139 2140
f 2051 2140 2052
f 2052 2140 2141
f 2052 2141 2053
f 2053 2141 2142
f 2053 2142 2054
f 2054 2142 2143
f 2054 2143 2055
f 2055 2143 2144
f 2055 2144 2056
f 2056 2144 2145
f 2056 2145 2057
f 2057 2145 2146
f 2057 2146 2058
f 2058 2146 2059
f 2146 2147 2059
f 2059 2147 2148
f 2059 2148 2060
f 2060 2148 2061
f 2148 2149 2061
f 2061 2149 2150
f 2061 2150 2062
f 2062 2150 2063
f 2150 2151 2063
f 2063 2151 2152
f 2063 2152 2064
f 2064 2152 2153
f 2064 2153 2065
f 2065 2153 2154
f 2065 2154 2066
f 2066 2154 2155
f 2066 2155 2067
f 2067 2155 2156
f 2067 2156 2068
f 2068 2156 2157
f 2068 2157 2069
f 2069 2157 2158
f 2069 2158 2070
f 2070 2158 2159
f 2070 2159 2071
f 2071 2159 2160
f 2071 2160 2072
f 2072 2160 2161
f 2072 2161 2073
f 2073 2161 2162
f 2073 2162 2074
f 2074 2162 2163
f 2074 2163 2075
f 2075 2163 2164
f 2075 2164 2076
f 2076 2164 2165
f 2076 2165 2077
f 2077 2165 2166
f 2077 2166 2078
f 2078 2166 2167
f 2078 2167 2079
f 2079 2167 2168
f 2079 2168 2080
f 2080 2168 2169
f 2080 2169 2081
f 2081 2169 2170
f 2081 2170 2082
f 2082 2170 2171
f 2082 2171 2083
f 2083 2171 2172
f 2083 2172 2084
f 2084 2172 2173
f 2084 2173 2085
f 2085 2173 2174
f 2085 2174 2086
f 2086 2174 2175
f 2086 2175 2087
f 2087 2175 2176
f 2087 2176 2088
f 2088 2176 2177
f 2088 2177 2089
f 2089 2177 2178
f 2089 2178 2090
f 2090 2178 2179
f 2090 2179 2091
f 2091 2179 2180
f 2091 2180 2092
f 2092 2180 2181
f 2092 2181 2093
f 2093 2181 2182
f 2093 2182 2094
f 2094 2182 2183
f 2094 2183 2095
f 2095 2183 2184
f 2095 2184 2096
f 2096 2184 2185
f 2096 2185 2097
f 2097 2185 2186
f 2097 2186 2098
f 2098 2186 2187
f 2098 2187 2099
f 2099 2187 2188
f 2099 2188 2100
f 2100 2188 2101
f 2188 2189 2101
f 2101 2189 2190
f 2101 2190 2102
f 2102 2190 2191
f 2102 2191 2103
f 2103 2191 2192
f 2103 2192 2104
f 2104 2192 2193
f 2104 2193 2105
f 2105 2193 2194
f 2105 2194 2106
f 2106 2194 2195
f 2106 2195 2107
f 2107 2195 2196
f 2107 2196 2108
f 2108 2196 2197
f 2108 2197 2109
f 2109 2197 2198
f 2109 2198 2110
f 2110 2198 2199
f 2110 2199 2111
f 2111 2199 2200
f 2111 2200 2112
f 2112 2200 2201
f 2112 2201 2113
f 2113 2201 2114
f 2201 2202 2114
f 2114 2202 2203
f 2114 2203 2115
f 2115 2203 2204
f 2115 2204 2116
f 2116 2204 2205
f 2116 2205 2117
f 2117 2205 2206
f 2117 2206 2118
f 2118 2206 2207
f 2118 2207 2119
f 2119 2207 2208
f 2119 2208 2120
f 2120 2208 2209
f 2120 2209 2121
f 2121 2209 2210
f 2121 2210 2122
f 2122 2210 2211
f 2122 2211 2123
f 2123 2211 2212
f 2123 2212 2124
f 2124 2212 2213
f 2124 2213 2125
f 2125 2213 2214
f 2125 2214 2126
f 2126 2214 2215
f 2126 2215 2127
f 2127 2215 2216
f 2127 2216 2128
f 2128 2216 2217
f 2128 2217 2129
f 2129 2217 2218
f 2129 2218 2130
f 2130 2218 2219
f 2130 2219 2131
f 2131 2219 2220
f 2131 2220 2132
f 2132 2220 2221
f 2132 2221 2133
f 2133 2221 2222
f 2133 2222 2134
f 2134 2222 2223
f 2134 2223 2135
f 2135 2223 2224
f 2135 2224 2136
f 2136 2224 2225
f 2136 2225 2137
f 2137 2225 2226
f 2137 2226 2138
f 2138 2226 2227
f 2138 2227 2139
f 2139 2227 2228
f 2139 2228 2140
f 2140 2228 2229
f 2140 2229 2141
f 2141 2229 2230
f 2141 2230 2142
f 2142 2230 2231
f 2142 2231 2143
f 2143 2231 2232
f 2143 2232 2144
f 2144 2232 2233
f 2144 2233 2145
f 2145 2233 2234
f 2145 2234 2146
f 2146 2234 2147
f 2234 2235 2147
f 2147 2235 2236
f 2147 2236 2148
f 2148 2236 2149
f 2236 2237 2149
f 2149 2237 2238
f 2149 2238 2150
f 2150 2238 2151
f 2238 2239 2151
f 2151 2239 2240
f 2151 2240 2152
f 2152 2240 2241
f 2152 2241 2153
f 2153 2241 2242
f 2153 2242 2154
f 2154 2242 2243
f 2154 2243 2155
f 2155 2243 2244
f 2155 2244 2156
f 2156 2244 2245
f 2156 2245 2157
f 2157 2245 2246
f 2157 2246 2158
f 2158 2246 2247
f 2158 2247 2159
f 2159 2247 2248
f 2159 2248 2160
f 2160 2248 2249
f 2160 2249 2161
f 2161 2249 2250
f 2161 2250 2162
f 2162 2250 2251
f 2162 2251 2163
f 2163 2251 2252
f 2163 2252 2164
f 2164 2252 2253
f 2164 2253 2165
f 2165 2253 2254
f 2165 2254 2166
f 2166 2254 2255
f 2166 2255 2167
f 2167 2255 2256
f 2167 2256 2168
f 2168 2256 2257
f 2168 2257 2169
f 2169 2257 2258
f 2169 2258 2170
f 2170 2258 2259
f 2170 2259 2171
f 2171 2259 2260
f 2171 2260 2172
f 2172 2260 2261
f 2172 2261 2173
f 2173 2261 2262
f 2173 2262 2174
f 2174 2262 2263
f 2174 2263 2175
f 2175 2263 2264
f 2175 2264 2176
f 2176 2264 2265
f 2176 2265 2177
f 2177 2265 2266
f 2177 2266 2178
f 2178 2266 2267
f 2178 2267 2179
f 2179 2267 2268
f 2179 2268 2180
f 2180 2268 2269
f 2180 2269 2181
f 2181 2269 2270
f 2181 2270 2182
f 2182 2270 2271
f 2182 2271 2183
f 2183 2271 2272
f 2183 2272 2184
f 2184 2272 2273
f 2184 2273 2185
f 2185 2273 2274
f 2185 2274 2186
f 2186 2274 2275
f 2186 2275 2187
f 2187 2275 2276
f 2187 2276 2188
f 2188 2276 2189
f 2276 2277 2189
f 2189 2277 2278
f 2189 2278 2190
f 2190 2278 2279
f 2190 2279 2191
f 2191 2279 2280
f 2191 2280 2192
f 2192 2280 2281
f 2192 2281 2193
f 2193 2281 2282
f 2193 2282 2194
f 2194 2282 2283
f 2194 2283 2195
f 2195 2283 2284
f 2195 2284 2196
f 2196 2284 2285
f 2196 2285 2197
f 2197 2285 2286
f 2197 2286 2198
f 2198 2286 2287
f 2198 2287 2199
f 2199 2287 2288
f 2199 2288 2200
f 2200 2288 2289
f 2200 2289 2201
f 2201 2289 2202
f 2289 2290 2202
f 2202 2290 2291
f 2202 2291 2203
f 2203 2291 2292
f 2203 2292 2204
f 2204 2292 2293
f 2204 2293 2205
f 2205 2293 2294
f 2205 2294 2206
f 2206 2294 2295
f 2206 2295 2207
f 2207 2295 2296
f 2207 2296 2208
f 2208 2296 2297
f 2208 2297 2209
f 2209 2297 2298
f 2209 2298 2210
f 2210 2298 2299
f 2210 2299 2211
f 2211 2299 2300
f 2211 2300 2212
f 2212 2300 2301
f 2212 2301 2213
f 2213 2301 2302
f 2213 2302 2214
f 2214 2302 2303
f 2214 2303 2215
f 2215 2303 2304
f 2215 2304 2216
f 2216 2304 2305
f 2216 2305 2217
f 2217 2305 2306
f 2217 2306 2218
f 2218 2306 2307
f 2218 2307 2219
f 2219 2307 2308
f 2219 2308 2220
f 2220 2308 2309
f 2220 2309 2221
f 2221 2309 2310
f 2221 2310 2222
f 2222 2310 2311
f 2222 2311 2223
f 2223 2311 2312
f 2223 2312 2224
f 2224 2312 2313
f 2224 2313 2225
f 2225 2313 2314
f 2225 2314 2226
f 2226 2314 2315
f 2226 2315 2227
f 2227 2315 2316
f 2227 2316 2228
f 2228 2316 2317
f 2228 2317 2229
f 2229 2317 2318
f 2229 2318 2230
f 2230 2318 2319
f 2230 2319 2231
f 2231 2319 2320
f 2231 2320 2232
f 2232 2320 2321
f 2232 2321 2233
f 2233 2321 2322
f 2233 2322 2234
f 2234 2322 2235
f 2322 2323 2235
f 2235 2323 2324
f 2235 2324 2236
f 2236 2324 2237
f 2324 2325 2237
f 2237 2325 2326
f 2237 2326 2238
f 2238 2326 2239
f 2326 2327 2239
f 2239 2327 2328
f 2239 2328 2240
f 2240 2328 2329
f 2240 2329 2241
f 2241 2329 2330
f 2241 2330 2242
f 2242 2330 2331
f 2242 2331 2243
f 2243 2331 2332
f 2243 2332 2244
f 2244 2332 2333
f 2244 2333 2245
f 2245 2333 2334
f 2245 2334 2246
f 2246 2334 2335
f 2246 2335 2247
f 2247 2335 2336
f 2247 2336 2248
f 2248 2336 2337
f 2248 2337 2249
f 2249 2337 2338
f 2249 2338 2250
f 2250 2338 2339
f 2250 2339 2251
f 2251 2339 2340
f 2251 2340 2252
f 2252 2340 2341
f 2252 2341 2253
f 2253 2341 2342
f 2253 2342 2254
f 2254 2342 2343
f 2254 2343 2255
f 2255 2343 2344
f 2255 2344 2256
f 2256 2344 2345
f 2256 2345 2257
f 2257 2345 2346
f 2257 2346 2258
f 2258 2346 2347
f 2258 2347 2259
f 2259 2347 2348
f 2259 2348 2260
f 2260 2348 2349
f 2260 2349 2261
f 2261 2349 2350
f 2261 2350 2262
f 2262 2350 2351
f 2262 2351 2263
f 2263 2351 2352
f 2263 2352 2264
f 2264 2352 2353
f 2264 2353 2265
f 2265 2353 2354
f 2265 2354 2266
f 2266 2354 2355
f 2266 2355 2267
f 2267 2355 2356
f 2267 2356 2268
f 2268 2356 2357
f 2268 2357 2269
f 2269 2357 2358
f 2269 2358 2270
f 2270 2358 2359
f 2270 2359 2271
f 2271 2359 2360
f 2271 2360 2272
f 2272 2360 2361
f 2272 2361 2273
f 2273 2361 2362
f 2273 2362 2274
f 2274 2362 2363
f 2274 2363 2275
f 2275 2363 2364
f 2275 2364 2276
f 2276 2364 2277
f 2364 2365 2277
f 2277 2365 2366
f 2277 2366 2278
f 2278 2366 2367
f 2278 2367 2279
f 2279 2367 2368
f 2279 2368 2280
f 2280 2368 2369
f 2280 2369 2281
f 2281 2369 2370
f 2281 2370 2282
f 2282 2370 2371
f 2282 2371 2283
f 2283 2371 2372
f 2283 2372 2284
f 2284 2372 2373
f 2284 2373 2285
f 2285 2373 2374
f 2285 2374 2286
f 2286 2374 2375
f 2286 2375 2287
f 2287 2375 2376
f 2287 2376 2288
f 2288 2376 2377
f 2288 2377 2289
f 2289 2377 2290
f 2377 2378 2290
f 2290 2378 2379
f 2290 2379 2291
f 2291 2379 2380
f 2291 2380 2292
f 2292 2380 2381
f 2292 2381 2293
f 2293 2381 2382
f 2293 2382 2294
f 2294 2382 2383
f 2294 2383 2295
f 2295 2383 2384
f 2295 2384 2296
f 2296 2384 2385
f 2296 2385 2297
f 2297 2385 2386
f 2297 2386 2298
f 2298 2386 2387
f 2298 2387 2299
f 2299 2387 2388
f 2299 2388 2300
f 2300 2388 2389
f 2300 2389 2301
f 2301 2389 2390
f 2301 2390 2302
f 2302 2390 2391
f 2302 2391 2303
f 2303 2391 2392
f 2303 2392 2304
f 2304 2392 2393
f 2304 2393 2305
f 2305 2393 2394
f 2305 2394 2306
f 2306 2394 2395
f 2306 2395 2307
f 2307 2395 2396
f 2307 2396 2308
f 2308 2396 2397
f 2308 2397 2309
f 2309 2397 2398
f 2309 2398 2310
f 2310 2398 2399
f 2310 2399 2311
f 2311 2399 2400
f 2311 2400 2312
f 2312 2400 2401
f 2312 2401 2313
f 2313 2401 2402
f 2313 2402 2314
f 2314 2402 2403
f 2314 2403 2315
f 2315 2403 2404
f 2315 2404 2316
f 2316 2404 2405
f 2316 2405 2317
f 2317 2405 2406
f 2317 2406 2318
f 2318 2406 2407
f 2318 2407 2319
f 2319 2407 2408
f 2319 2408 2320
f 2320 2408 2409
f 2320 2409 2321
f 2321 2409 2410
f 2321 2410 2322
f 2322 2410 2323
f 2410 2411 2323
f 2323 2411 2412
f 2323 2412 2324
f 2324 2412 2325
f 2412 2413 2325
f 2325 2413 2414
f 2325 2414 2326
f 2326 2414 2327
f 2327 2414 2415
f 2415 2328 2327
f 2415 2329 2328
f 2330 2329 2415
f 2415 2331 2330
f 2415 2332 2331
f 2333 2332 2415
f 2415 2334 2333
f 2415 2335 2334
f 2416 2335 2415
f 2415 2417 2416
f 2337 2416 2417
f 2337 2417 2338
f 2338 2417 2339
f 2339 2417 2418
f 2339 2418 2340
f 2340 2418 2341
f 2341 2418 2419
f 2341 2419 2342
f 2342 2419 2343
f 2343 2419 2420
f 2343 2420 2344
f 2344 2420 2421
f 2344 2421 2345
f 2345 2421 2346
f 2346 2421 2422
f 2346 2422 2347
f 2347 2422 2348
f 2348 2422 2423
f 2348 2423 2349
f 2349 2423 2424
f 2349 2424 2350
f 2350 2424 2351
f 2351 2424 2415
f 2351 2415 2352
f 2352 2415 2425
f 2352 2425 2353
f 2353 2425 2426
f 2353 2426 2354
f 2354 2426 2427
f 2354 2427 2355
f 2355 2427 2428
f 2355 2428 2356
f 2356 2428 2429
f 2356 2429 2357
f 2357 2429 2430
f 2357 2430 2358
f 2358 2430 2431
f 2358 2431 2359
f 2359 2431 2432
f 2359 2432 2360
f 2360 2432 2433
f 2360 2433 2361
f 2361 2433 2434
f 2361 2434 2362
f 2362 2434 2435
f 2362 2435 2363
f 2363 2435 2436
f 2363 2436 2364
f 2364 2436 2365
f 2436 2437 2365
f 2365 2437 2438
f 2365 2438 2366
f 2366 2438 2439
f 2366 2439 2367
f 2367 2439 2440
f 2367 2440 2368
f 2368 2440 2441
f 2368 2441 2369
f 2369 2441 2442
f 2369 2442 2370
f 2370 2442 2443
f 2370 2443 2371
f 2371 2443 2444
f 2371 2444 2445
f 2371 2445 2372
f 2372 2445 2446
f 2372 2446 2373
f 2373 2446 2447
f 2373 2447 2374
f 2374 2447 2448
f 2374 2448 2375
f 2375 2448 2449
f 2375 2449 2376
f 2376 2449 2450
f 2376 2450 2451
f 2376 2451 2377
f 2377 2451 2378
f 2452 2378 2451
f 2452 2451 2453
f 2453 2385 2452
f 2452 2385 2384
f 2452 2384 2383
f 2452 2383 2454
f 2454 2379 2452
f 2452 2379 2378
f 2454 2380 2379
f 2381 2380 2454
f 2454 2382 2381
f 2454 2383 2382
f 2453 2386 2385
f 2455 2386 2453
f 2453 2448 2455
f 2455 2448 2447
f 2455 2447 2446
f 2446 2456 2455
f 2455 2456 2457
f 2455 2457 2458
f 2455 2458 2459
f 2459 2388 2455
f 2455 2388 2387
f 2455 2387 2386
f 2459 2389 2388
f 2460 2389 2459
f 2459 2461 2460
f 2460 2461 2462
f 2460 2462 2463
f 2460 2463 2464
f 2464 2391 2460
f 2460 2391 2390
f 2460 2390 2389
f 2464 2392 2391
f 2465 2392 2464
f 2464 2466 2465
f 2465 2466 2467
f 2467 2394 2465
f 2465 2394 2393
f 2465 2393 2392
f 2394 2467 2395
f 2395 2467 2468
f 2395 2468 2396
f 2396 2468 2469
f 2396 2469 2397
f 2397 2469 2470
f 2397 2470 2398
f 2398 2470 2471
f 2398 2471 2399
f 2399 2471 2472
f 2399 2472 2400
f 2400 2472 2473
f 2400 2473 2401
f 2401 2473 2474
f 2401 2474 2402
f 2402 2474 2475
f 2402 2475 2403
f 2403 2475 2476
f 2403 2476 2404
f 2404 2476 2477
f 2404 2477 2405
f 2405 2477 2478
f 2405 2478 2406
f 2406 2478 2479
f 2406 2479 2407
f 2407 2479 2480
f 2407 2480 2408
f 2408 2480 2481
f 2408 2481 2409
f 2409 2481 2482
f 2409 2482 2410
f 2410 2482 2411
f 2482 2483 2411
f 2411 2483 2484
f 2411 2484 2412
f 2412 2484 2485
f 2412 2485 2413
f 2415 2413 2485
f 2485 2484 2415
f 2415 2484 2486
f 2415 2486 2425
f 2425 2486 2487
f 2425 2487 2426
f 2426 2487 2488
f 2426 2488 2427
f 2427 2488 2489
f 2427 2489 2428
f 2428 2489 2490
f 2428 2490 2429
f 2429 2490 2491
f 2429 2491 2430
f 2430 2491 2492
f 2430 2492 2431
f 2431 2492 2493
f 2431 2493 2432
f 2432 2493 2494
f 2432 2494 2433
f 2433 2494 2495
f 2433 2495 2434
f 2434 2495 2496
f 2434 2496 2435
f 2435 2496 2497
f 2435 2497 2436
f 2436 2497 2498
f 2436 2498 2437
f 2498 2484 2437
f 2437 2484 2438
f 2438 2484 2439
f 2439 2484 2440
f 2440 2484 2483
f 2440 2483 2499
f 2499 2500 2440
f 2440 2500 2501
f 2440 2501 2441
f 2441 2501 2502
f 2441 2502 2503
f 2503 2504 2441
f 2441 2504 2442
f 2442 2504 2505
f 2442 2505 2443
f 2443 2505 2506
f 2443 2506 2444
f 2444 2506 2445
f 2445 2506 2507
f 2445 2507 2446
f 2446 2507 2456
f 2474 2456 2507
f 2474 2507 2475
f 2475 2507 2506
f 2475 2506 2476
f 2476 2506 2505
f 2476 2505 2477
f 2477 2505 2504
f 2477 2504 2503
f 2477 2503 2478
f 2478 2503 2502
f 2478 2502 2479
f 2479 2502 2501
f 2479 2501 2480
f 2480 2501 2500
f 2480 2500 2481
f 2481 2500 2499
f 2481 2499 2482
f 2482 2499 2483
f 2473 2456 2474
f 2473 2457 2456
f 2472 2457 2473
f 2472 2458 2457
f 2471 2458 2472
f 2471 2508 2458
f 2459 2458 2508
f 2459 2508 2509
f 2509 2461 2459
f 2470 2461 2509
f 2470 2509 2471
f 2471 2509 2508
f 2469 2461 2470
f 2469 2462 2461
f 2468 2462 2469
f 2468 2463 2462
f 2467 2463 2468
f 2467 2466 2463
f 2464 2463 2466
f 2497 2484 2498
f 2496 2484 2497
f 2495 2484 2496
f 2494 2484 2495
f 2493 2484 2494
f 2492 2484 2493
f 2491 2484 2492
f 2490 2484 2491
f 2489 2484 2490
f 2488 2484 2489
f 2487 2484 2488
f 2486 2484 2487
f 2415 2414 2413
f 2449 2448 2453
f 2453 2450 2449
f 2453 2451 2450
f 2424 2423 2415
f 2415 2423 2422
f 2415 2422 2421
f 2421 2420 2415
f 2415 2420 2419
f 2415 2419 2418
f 2418 2417 2415
f 2336 2416 2337
f 2335 2416 2336
f 475 474 476
f 333 325 324
f 326 325 328
f 306 305 310
f 305 308 310
f 305 303 308
f 303 301 308
f 300 299 304
f 299 302 304
f 299 2510 302
f 2510 294 302
f 296 294 2510
f 298 296 2510
f 298 2510 299
f 293 292 297
f 292 295 297
f 292 290 295
f 290 288 295
f 287 286 291
f 286 289 291
f 286 2511 289
f 2511 281 289
f 283 281 2511
f 285 283 2511
f 285 2511 286
f 280 279 284
f 279 282 284
f 279 2512 282
f 2512 267 282
f 277 267 2512
f 278 277 2512
f 278 2512 279
f 277 268 267
f 276 268 277
f 275 268 276
f 274 268 275
f 268 273 2513
f 268 2513 2514
f 269 268 2514
f 269 2514 2515
f 2515 270 269
f 2516 270 2515
f 2515 2517 2516
f 2516 2517 2518
f 2516 2518 2519
f 2519 270 2516
f 2520 270 2519
f 2519 2521 2520
f 2520 2521 2522
f 2520 2522 2523
f 2523 270 2520
f 2524 270 2523
f 2523 2525 2524
f 2524 2525 2526
f 2524 2526 2527
f 2527 270 2524
f 2528 270 2527
f 2527 2529 2528
f 2528 2529 2530
f 2528 2530 2531
f 2531 270 2528
f 2532 270 2531
f 2531 2533 2532
f 2532 2533 2534
f 2532 2534 2535
f 2535 270 2532
f 2536 270 2535
f 2535 2537 2536
f 2536 2537 2538
f 2536 2538 2539
f 2539 270 2536
f 2540 270 2539
f 2539 2541 2540
f 2540 2541 2542
f 2540 2542 2543
f 2543 270 2540
f 2544 270 2543
f 2543 2545 2544
f 2544 2545 2546
f 2544 2546 2547
f 2547 270 2544
f 2547 2548 270
f 2548 2549 270
f 270 2549 2550
f 270 2550 271
f 271 2550 2513
f 271 2513 272
f 272 2513 273
f 2551 2513 2550
f 2551 2550 2552
f 2553 2551 2552
f 2553 2552 2554
f 2554 2555 2553
f 2553 2555 2548
f 2553 2548 2556
f 2556 2551 2553
f 2556 2557 2551
f 2557 2513 2551
f 2558 2513 2557
f 2559 2558 2557
f 2559 2557 2556
f 2556 2548 2559
f 2559 2548 2560
f 2560 2558 2559
f 2560 2561 2558
f 2561 2513 2558
f 2562 2513 2561
f 2563 2562 2561
f 2563 2561 2560
f 2560 2548 2563
f 2563 2548 2564
f 2564 2562 2563
f 2564 2565 2562
f 2565 2513 2562
f 2566 2513 2565
f 2567 2566 2565
f 2567 2565 2564
f 2564 2548 2567
f 2567 2548 2568
f 2568 2566 2567
f 2568 2569 2566
f 2569 2513 2566
f 2570 2513 2569
f 2571 2570 2569
f 2571 2569 2568
f 2568 2548 2571
f 2571 2548 2572
f 2572 2570 2571
f 2572 2573 2570
f 2573 2513 2570
f 2574 2513 2573
f 2575 2574 2573
f 2575 2573 2572
f 2572 2548 2575
f 2575 2548 2576
f 2576 2574 2575
f 2576 2577 2574
f 2577 2513 2574
f 2578 2513 2577
f 2579 2578 2577
f 2579 2577 2576
f 2576 2548 2579
f 2579 2548 2580
f 2580 2578 2579
f 2580 2581 2578
f 2581 2513 2578
f 2546 2513 2581
f 2547 2546 2581
f 2547 2581 2580
f 2580 2548 2547
f 2545 2513 2546
f 2542 2513 2545
f 2543 2542 2545
f 2541 2513 2542
f 2538 2513 2541
f 2539 2538 2541
f 2537 2513 2538
f 2534 2513 2537
f 2535 2534 2537
f 2533 2513 2534
f 2530 2513 2533
f 2531 2530 2533
f 2529 2513 2530
f 2526 2513 2529
f 2527 2526 2529
f 2525 2513 2526
f 2522 2513 2525
f 2523 2522 2525
f 2521 2513 2522
f 2518 2513 2521
f 2519 2518 2521
f 2517 2513 2518
f 2514 2513 2517
f 2515 2514 2517
f 2555 2582 2548
f 2548 2582 2549
f 2552 2549 2582
f 2552 2582 2583
f 2554 2552 2583
f 2554 2583 2584
f 2584 2585 2554
f 2554 2585 2586
f 2554 2586 2555
f 2586 2587 2555
f 2555 2587 2582
f 2583 2582 2587
f 2583 2587 2588
f 2583 2588 2589
f 2584 2583 2589
f 2584 2589 2590
f 2590 2591 2584
f 2584 2591 2592
f 2584 2592 2593
f 2593 2585 2584
f 2593 2594 2585
f 2585 2594 2588
f 2585 2588 2586
f 2586 2588 2587
f 2589 2588 2594
f 2589 2594 2595
f 2595 2596 2589
f 2589 2596 2597
f 2590 2589 2597
f 2590 2597 2598
f 2598 2599 2590
f 2590 2599 2600
f 2590 2600 2591
f 2600 2601 2591
f 2591 2601 2596
f 2591 2596 2592
f 2592 2596 2595
f 2592 2595 2593
f 2593 2595 2594
f 2597 2596 2601
f 2597 2601 2602
f 2597 2602 2603
f 2598 2597 2603
f 2598 2603 2604
f 2604 2605 2598
f 2598 2605 2606
f 2606 2607 2598
f 2598 2607 2599
f 2607 2608 2599
f 2599 2608 2602
f 2599 2602 2600
f 2600 2602 2601
f 2602 2608 2603
f 2603 2608 2609
f 2603 2609 2610
f 2603 2610 2611
f 2604 2603 2611
f 2604 2611 2612
f 2612 2613 2604
f 2604 2613 2605
f 2613 2614 2605
f 2605 2614 2610
f 2605 2610 2606
f 2606 2610 2609
f 2606 2609 2607
f 2607 2609 2608
f 2611 2610 2614
f 2611 2614 2615
f 2612 2611 2615
f 2612 2615 231
f 231 2616 2612
f 2612 2616 2617
f 2612 2617 2613
f 2617 2618 2613
f 2613 2618 2614
f 2615 2614 2618
f 2615 2618 2619
f 2615 2619 232
f 231 2615 232
f 232 2619 2620
f 232 2620 233
f 233 2620 227
f 233 227 226
f 234 233 226
f 234 226 225
f 225 120 234
f 229 227 2620
f 229 2620 2616
f 231 229 2616
f 2616 2620 2619
f 2616 2619 2617
f 2617 2619 2618
f 2552 2550 2549
f 107 94 93
f 105 96 95
f 103 98 97
f 101 100 99
f 30 29 28
g MeshFeature1_2

v -323.868752 26.637502 11.000000
v -323.807335 27.241397 11.000000
v -323.807335 26.033604 11.000000
v -323.862495 26.443686 22.000000
v -323.840218 27.050290 22.000000
v -323.696289 27.639990 22.000000
v -323.625603 27.820568 11.000000
v -323.625603 25.454431 11.000000
v -323.331070 24.923694 11.000000
v -323.543434 25.278800 22.000000
v -323.762169 25.845020 22.000000
v -317.954292 25.926211 22.000000
v -317.870750 26.527448 22.000000
v -317.909966 27.133188 22.000000
v -318.070335 27.718637 22.000000
v -323.436623 28.188651 22.000000
v -323.331070 28.351305 11.000000
v -322.935638 24.463122 11.000000
v -323.215179 24.768202 22.000000
v -318.470974 24.834523 22.000000
v -318.882999 24.388762 22.000000
v -318.592472 24.683383 11.000000
v -319.032440 24.265172 11.000000
v -322.935638 28.811879 11.000000
v -318.245697 25.181594 11.000000
v -318.157139 25.354095 22.000000
v -318.006325 25.739410 11.000000
v -317.884159 26.333995 11.000000
v -317.884159 26.941006 11.000000
v -318.006325 27.535589 11.000000
v -318.245697 28.093407 11.000000
v -322.455635 29.183433 11.000000
v -318.592472 28.591619 11.000000
v -318.345242 28.259823 22.000000
v -323.071823 28.673806 22.000000
v -322.455635 24.091568 11.000000
v -322.790871 24.334133 22.000000
v -319.376316 24.035068 22.000000
v -319.547577 23.944087 11.000000
v -320.116806 23.733268 11.000000
v -319.930725 23.787916 22.000000
v -320.523567 23.657427 22.000000
v -320.716782 23.641350 11.000000
v -321.323013 23.672094 11.000000
v -321.130486 23.648942 22.000000
v -321.726761 23.762808 22.000000
v -321.910667 23.824244 11.000000
v -322.287827 23.994365 22.000000
v -322.616806 29.075594 22.000000
v -322.090225 29.377568 22.000000
v -321.910667 29.450755 11.000000
v -319.547577 29.330914 11.000000
v -320.116806 29.541731 11.000000
v -319.724331 29.410641 22.000000
v -319.189548 29.123504 22.000000
v -319.032440 29.009826 11.000000
v -318.723488 28.734593 22.000000
v -321.513672 29.567361 22.000000
v -321.323013 29.602904 11.000000
v -320.716782 29.633651 11.000000
v -320.306015 29.584243 22.000000
v -320.910683 29.637208 22.000000
f 2621 2622 2623
f 2623 2624 2621
f 2621 2624 2625
f 2621 2625 2622
f 2622 2625 2626
f 2622 2626 2627
f 2628 2622 2627
f 2628 2627 2629
f 2629 2630 2628
f 2628 2630 2631
f 2628 2631 2623
f 2623 2622 2628
f 2623 2631 2624
f 2631 2632 2624
f 2624 2632 2633
f 2624 2633 2625
f 2625 2633 2634
f 2625 2634 2626
f 2626 2634 2635
f 2626 2635 2636
f 2627 2626 2636
f 2627 2636 2637
f 2629 2627 2637
f 2629 2637 2638
f 2638 2639 2629
f 2629 2639 2630
f 2640 2630 2639
f 2640 2639 2641
f 2642 2640 2641
f 2642 2641 2643
f 2643 2644 2642
f 2642 2644 2645
f 2645 2640 2642
f 2645 2646 2640
f 2646 2630 2640
f 2646 2631 2630
f 2632 2631 2646
f 2647 2632 2646
f 2647 2646 2645
f 2645 2644 2647
f 2647 2644 2648
f 2648 2632 2647
f 2648 2633 2632
f 2649 2633 2648
f 2648 2644 2649
f 2649 2644 2650
f 2650 2634 2649
f 2649 2634 2633
f 2650 2635 2634
f 2651 2635 2650
f 2650 2652 2651
f 2651 2652 2653
f 2653 2654 2651
f 2651 2654 2635
f 2636 2635 2654
f 2636 2654 2655
f 2637 2636 2655
f 2637 2655 2644
f 2638 2637 2644
f 2638 2644 2656
f 2656 2657 2638
f 2638 2657 2639
f 2641 2639 2657
f 2641 2657 2658
f 2643 2641 2658
f 2643 2658 2659
f 2659 2644 2643
f 2660 2644 2659
f 2659 2661 2660
f 2660 2661 2662
f 2660 2662 2663
f 2663 2644 2660
f 2664 2644 2663
f 2663 2665 2664
f 2664 2665 2666
f 2664 2666 2667
f 2667 2644 2664
f 2656 2644 2667
f 2667 2668 2656
f 2656 2668 2657
f 2658 2657 2668
f 2658 2668 2661
f 2659 2658 2661
f 2661 2668 2666
f 2661 2666 2662
f 2662 2666 2665
f 2663 2662 2665
f 2667 2666 2668
f 2644 2655 2669
f 2644 2669 2652
f 2650 2644 2652
f 2652 2669 2670
f 2652 2670 2671
f 2672 2652 2671
f 2672 2671 2673
f 2673 2674 2672
f 2672 2674 2675
f 2672 2675 2676
f 2676 2652 2672
f 2653 2652 2676
f 2676 2677 2653
f 2653 2677 2654
f 2655 2654 2677
f 2655 2677 2669
f 2669 2677 2675
f 2669 2675 2670
f 2670 2675 2674
f 2670 2674 2678
f 2671 2670 2678
f 2671 2678 2679
f 2673 2671 2679
f 2673 2679 2680
f 2680 2681 2673
f 2673 2681 2674
f 2678 2674 2681
f 2678 2681 2682
f 2679 2678 2682
f 2679 2682 2680
f 2680 2682 2681
f 2676 2675 2677
g MeshFeature1_3

v -313.799076 4.719172 22.000000
v -312.004356 4.791682 22.000000
v -314.366093 4.935836 22.000000
v -314.059181 4.802255 11.000000
v -313.471565 4.650106 11.000000
v -313.200035 4.621084 22.000000
v -312.593498 4.645588 22.000000
v -312.265320 4.711280 11.000000
v -311.696072 4.922098 11.000000
v -311.456661 5.053383 22.000000
v -314.877892 5.262207 22.000000
v -314.604149 5.069579 11.000000
v -315.084171 9.789889 11.000000
v -312.865334 4.619362 11.000000
v -311.180935 5.243184 11.000000
v -310.972843 5.419978 22.000000
v -315.888767 6.746926 22.000000
v -316.004829 7.342736 22.000000
v -315.955849 7.011616 11.000000
v -315.774136 6.432444 11.000000
v -315.655155 6.186675 22.000000
v -315.313530 5.684922 22.000000
v -315.479546 5.901707 11.000000
v -315.084171 5.441133 11.000000
v -315.479546 9.329316 11.000000
v -315.273323 9.592950 22.000000
v -315.625191 9.098333 22.000000
v -314.829063 10.006610 22.000000
v -314.604149 10.161444 11.000000
v -310.154839 8.513600 11.000000
v -310.394230 9.071417 11.000000
v -310.248356 8.770146 22.000000
v -310.537472 9.303886 22.000000
v -310.272713 6.404136 22.000000
v -310.085049 6.981407 22.000000
v -310.072594 8.189135 22.000000
v -310.032654 7.919016 11.000000
v -310.032654 7.312006 11.000000
v -310.017433 7.584639 22.000000
v -310.154839 6.717422 11.000000
v -310.394230 6.159605 11.000000
v -310.572758 5.876459 22.000000
v -310.928097 9.768504 22.000000
v -310.741005 9.569629 11.000000
v -311.180935 9.987839 11.000000
v -311.404266 10.144979 22.000000
v -310.741005 5.661393 11.000000
v -311.946449 10.417897 22.000000
v -311.696072 10.308925 11.000000
v -312.265320 10.519743 11.000000
v -312.532501 10.576084 22.000000
v -313.138371 10.613066 22.000000
v -312.865334 10.611660 11.000000
v -313.471565 10.580916 11.000000
v -313.739281 10.527327 22.000000
v -314.310665 10.322378 22.000000
v -314.059181 10.428768 11.000000
v -315.870304 8.543010 22.000000
v -315.774136 8.798579 11.000000
v -315.955849 8.219407 11.000000
v -315.998592 7.949714 22.000000
v -316.017265 7.615511 11.000000
f 2683 2684 2685
f 2685 2686 2683
f 2683 2686 2687
f 2683 2687 2688
f 2688 2689 2683
f 2683 2689 2684
f 2689 2690 2684
f 2684 2690 2691
f 2684 2691 2692
f 2685 2684 2692
f 2685 2692 2693
f 2693 2694 2685
f 2685 2694 2686
f 2694 2695 2686
f 2686 2695 2687
f 2687 2695 2696
f 2688 2687 2696
f 2688 2696 2689
f 2689 2696 2690
f 2696 2695 2690
f 2690 2695 2691
f 2691 2695 2697
f 2692 2691 2697
f 2692 2697 2698
f 2699 2692 2698
f 2699 2698 2700
f 2700 2701 2699
f 2699 2701 2702
f 2699 2702 2703
f 2703 2692 2699
f 2704 2692 2703
f 2703 2705 2704
f 2704 2705 2706
f 2704 2706 2693
f 2693 2692 2704
f 2693 2706 2694
f 2706 2695 2694
f 2706 2707 2695
f 2708 2695 2707
f 2708 2707 2709
f 2709 2698 2708
f 2708 2698 2710
f 2710 2695 2708
f 2710 2711 2695
f 2712 2695 2711
f 2712 2711 2713
f 2714 2712 2713
f 2714 2713 2715
f 2715 2716 2714
f 2714 2716 2717
f 2714 2717 2718
f 2718 2712 2714
f 2718 2719 2712
f 2719 2695 2712
f 2720 2695 2719
f 2721 2720 2719
f 2721 2719 2718
f 2718 2717 2721
f 2717 2720 2721
f 2717 2722 2720
f 2722 2695 2720
f 2723 2695 2722
f 2716 2723 2722
f 2716 2722 2717
f 2724 2723 2716
f 2715 2724 2716
f 2725 2724 2715
f 2715 2726 2725
f 2725 2726 2727
f 2725 2727 2728
f 2728 2698 2725
f 2725 2698 2724
f 2698 2729 2724
f 2724 2729 2723
f 2729 2695 2723
f 2697 2695 2729
f 2698 2697 2729
f 2730 2698 2728
f 2728 2731 2730
f 2730 2731 2732
f 2730 2732 2733
f 2733 2698 2730
f 2734 2698 2733
f 2733 2735 2734
f 2734 2735 2736
f 2734 2736 2737
f 2737 2698 2734
f 2738 2698 2737
f 2737 2739 2738
f 2738 2739 2711
f 2738 2711 2710
f 2710 2698 2738
f 2731 2711 2739
f 2731 2739 2732
f 2732 2739 2736
f 2732 2736 2735
f 2733 2732 2735
f 2737 2736 2739
f 2727 2711 2731
f 2728 2727 2731
f 2726 2711 2727
f 2713 2711 2726
f 2715 2713 2726
f 2740 2698 2709
f 2709 2741 2740
f 2740 2741 2742
f 2740 2742 2743
f 2743 2698 2740
f 2700 2698 2743
f 2743 2744 2700
f 2700 2744 2701
f 2744 2742 2701
f 2701 2742 2702
f 2702 2742 2741
f 2702 2741 2705
f 2703 2702 2705
f 2705 2741 2707
f 2705 2707 2706
f 2709 2707 2741
f 2743 2742 2744
g MeshFeature1_4

v -318.492947 -17.001699 22.000000
v -314.161339 -16.615807 22.000000
v -318.069267 -16.567001 22.000000
v -318.210659 -16.693121 11.000000
v -317.730656 -16.321567 11.000000
v -313.281345 -17.969410 11.000000
v -313.520718 -17.411594 11.000000
v -313.434048 -17.580055 22.000000
v -313.230343 -18.151869 22.000000
v -313.159142 -18.563995 11.000000
v -313.159142 -19.171005 11.000000
v -313.145943 -18.752979 22.000000
v -313.184242 -19.358780 22.000000
v -313.281345 -19.765589 11.000000
v -313.520718 -20.323405 11.000000
v -313.343716 -19.944465 22.000000
v -313.617821 -20.486062 22.000000
v -313.867455 -20.821617 11.000000
v -314.307442 -21.239829 11.000000
v -313.995361 -20.961394 22.000000
v -314.460812 -21.350999 22.000000
v -314.822578 -21.560912 11.000000
v -315.391788 -21.771731 11.000000
v -314.995213 -21.638932 22.000000
v -315.576591 -21.813402 22.000000
v -315.991783 -21.863649 11.000000
v -316.598015 -21.832905 11.000000
v -316.181221 -21.867266 22.000000
v -316.784306 -21.798320 22.000000
v -317.185669 -21.680756 11.000000
v -317.730656 -21.413434 11.000000
v -317.361145 -21.609385 22.000000
v -317.888184 -21.308198 22.000000
v -318.210659 -21.041877 11.000000
v -318.606052 -17.153696 11.000000
v -318.820457 -17.512785 22.000000
v -313.748684 -17.060950 22.000000
v -313.867455 -16.913383 11.000000
v -314.307442 -16.495173 11.000000
v -314.655209 -16.262846 22.000000
v -317.566776 -16.226485 22.000000
v -317.185669 -16.054243 11.000000
v -314.822578 -16.174085 11.000000
v -315.391788 -15.963268 11.000000
v -315.209999 -16.016521 22.000000
v -317.006016 -15.994090 22.000000
v -316.598015 -15.902095 11.000000
v -315.991783 -15.871351 11.000000
v -315.803013 -15.886915 22.000000
v -316.409969 -15.879334 22.000000
v -319.038353 -18.079334 22.000000
v -319.137764 -18.678148 22.000000
v -319.114590 -19.284718 22.000000
v -318.969784 -19.874203 22.000000
v -318.709297 -20.422475 22.000000
v -318.343773 -20.907087 22.000000
v -318.606052 -20.581305 11.000000
v -318.900642 -17.684433 11.000000
v -319.082336 -18.263605 11.000000
v -318.900642 -20.050569 11.000000
v -319.082336 -19.471395 11.000000
v -319.143734 -18.867500 11.000000
f 2745 2746 2747
f 2748 2745 2747
f 2748 2747 2749
f 2750 2748 2749
f 2750 2749 2751
f 2751 2752 2750
f 2750 2752 2753
f 2750 2753 2754
f 2754 2748 2750
f 2755 2748 2754
f 2754 2756 2755
f 2755 2756 2757
f 2755 2757 2758
f 2758 2748 2755
f 2759 2748 2758
f 2758 2760 2759
f 2759 2760 2761
f 2759 2761 2762
f 2762 2748 2759
f 2763 2748 2762
f 2762 2764 2763
f 2763 2764 2765
f 2763 2765 2766
f 2766 2748 2763
f 2767 2748 2766
f 2766 2768 2767
f 2767 2768 2769
f 2767 2769 2770
f 2770 2748 2767
f 2771 2748 2770
f 2770 2772 2771
f 2771 2772 2773
f 2771 2773 2774
f 2774 2748 2771
f 2775 2748 2774
f 2774 2776 2775
f 2775 2776 2777
f 2775 2777 2778
f 2778 2748 2775
f 2778 2779 2748
f 2779 2745 2748
f 2779 2780 2745
f 2781 2745 2780
f 2781 2780 2752
f 2751 2781 2752
f 2782 2781 2751
f 2751 2749 2782
f 2782 2749 2783
f 2783 2746 2782
f 2782 2746 2781
f 2746 2745 2781
f 2783 2784 2746
f 2747 2746 2784
f 2747 2784 2785
f 2749 2747 2785
f 2749 2785 2786
f 2787 2749 2786
f 2787 2786 2788
f 2788 2789 2787
f 2787 2789 2784
f 2787 2784 2783
f 2783 2749 2787
f 2785 2784 2789
f 2785 2789 2790
f 2786 2785 2790
f 2786 2790 2791
f 2788 2786 2791
f 2788 2791 2792
f 2792 2793 2788
f 2788 2793 2789
f 2790 2789 2793
f 2790 2793 2794
f 2791 2790 2794
f 2791 2794 2792
f 2792 2794 2793
f 2752 2780 2795
f 2752 2795 2753
f 2753 2795 2796
f 2753 2796 2756
f 2754 2753 2756
f 2756 2796 2797
f 2756 2797 2757
f 2757 2797 2798
f 2757 2798 2760
f 2758 2757 2760
f 2760 2798 2799
f 2760 2799 2761
f 2761 2799 2800
f 2761 2800 2764
f 2762 2761 2764
f 2764 2800 2777
f 2764 2777 2765
f 2765 2777 2776
f 2765 2776 2768
f 2766 2765 2768
f 2768 2776 2773
f 2768 2773 2769
f 2769 2773 2772
f 2770 2769 2772
f 2774 2773 2776
f 2778 2777 2800
f 2778 2800 2801
f 2801 2779 2778
f 2801 2802 2779
f 2802 2780 2779
f 2802 2795 2780
f 2803 2795 2802
f 2804 2803 2802
f 2804 2802 2801
f 2801 2799 2804
f 2804 2799 2798
f 2804 2798 2805
f 2805 2803 2804
f 2806 2803 2805
f 2805 2797 2806
f 2806 2797 2796
f 2806 2796 2803
f 2803 2796 2795
f 2805 2798 2797
f 2801 2800 2799
# 2806 vertices
# 0 texture params
# 0 normals
# 5608 facets

# 4 groups
