# WaveFront *.obj file (generated by Autodesk ATF)

mtllib planet.mtl

g MeshFeature1

v -215.002747 -3.663295 0.964760
v -215.001545 -3.670599 8.464797
v -214.894867 -4.423581 -0.285222
v -214.893990 -4.430935 9.714778
v -214.831429 -5.080705 4.714778
v -214.797745 -5.670893 9.714778
v -214.831257 -5.083166 4.714778
v -214.831066 -5.085627 4.714778
v -214.830875 -5.088088 4.714778
v -214.791718 -5.854992 5.964760
v -214.789467 -6.622860 7.214761
v -214.798317 -6.914581 9.714778
v -214.824181 -7.389932 8.464770
v -214.895725 -8.154449 9.714778
v -215.145512 -2.916346 7.214795
v -215.147076 -2.909109 2.214761
v -215.325584 -2.169904 5.964786
v -215.327492 -2.162751 3.464770
v -215.541344 -1.432985 4.714778
v -215.542107 -1.430634 4.714778
v -215.542870 -1.428283 4.714778
v -215.543613 -1.425932 4.714778
v -214.798031 -5.663494 -0.285222
v -214.791908 -5.847591 3.464797
v -214.789314 -6.615458 2.214795
v -214.798031 -6.907183 -0.285222
v -214.823666 -7.382545 0.964786
v -214.894867 -8.147095 -0.285222
v -219.550896 5.090398 0.964760
v -219.545631 5.085202 8.464797
v -219.016743 4.538728 -0.285222
v -219.011726 4.533285 9.714778
v -218.579178 4.044386 4.714778
v -218.205013 3.586717 9.714778
v -218.577576 4.042504 4.714778
v -218.575993 4.040622 4.714778
v -218.574390 4.038740 4.714778
v -218.091927 3.441322 5.964760
v -217.638779 2.821416 7.214761
v -217.474461 2.580213 9.714778
v -217.215977 2.180447 8.464770
v -216.824493 1.519884 9.714778
v -220.105457 5.610781 7.214795
v -220.110970 5.615715 2.214761
v -220.689888 6.108817 5.964786
v -220.695629 6.113481 3.464770
v -221.297588 6.578171 4.714778
v -221.299572 6.579632 4.714778
v -221.301575 6.581093 4.714778
v -221.303558 6.582553 4.714778
v -218.209591 3.592534 -0.285222
v -218.096428 3.447191 3.464797
v -217.643013 2.827496 2.214795
v -217.478580 2.586369 -0.285222
v -217.219906 2.186723 0.964786
v -216.828117 1.526342 -0.285222
v -228.375740 9.498945 0.964760
v -228.368416 9.497844 8.464797
v -227.619324 9.366612 -0.285222
v -227.612057 9.365160 9.714778
v -226.974754 9.223873 4.714778
v -226.403046 9.073538 9.714778
v -226.972351 9.223289 4.714778
v -226.969948 9.222706 4.714778
v -226.967564 9.222121 4.714778
v -226.226082 9.022382 5.964760
v -225.495110 8.787221 7.214761
v -225.220394 8.688668 9.714778
v -224.776306 8.517183 8.464770
v -224.071312 8.212888 9.714778
v -229.130230 9.593993 7.214795
v -229.137611 9.594742 2.214761
v -229.895802 9.653392 5.964786
v -229.903183 9.653786 3.464770
v -230.663319 9.675905 4.714778
v -230.665779 9.675916 4.714778
v -230.668259 9.675929 4.714778
v -230.670738 9.675941 4.714778
v -226.410179 9.075551 -0.285222
v -226.233177 9.024477 3.464797
v -225.502110 8.789656 2.214795
v -225.227356 8.691230 -0.285222
v -224.783173 8.519952 0.964786
v -224.078045 8.215984 -0.285222
v -238.106441 7.878433 0.964760
v -238.099861 7.881845 8.464797
v -237.416706 8.215984 -0.285222
v -237.409992 8.219075 9.714778
v -236.811333 8.479369 4.714778
v -236.260452 8.693789 9.714778
v -236.809063 8.480307 4.714778
v -236.806774 8.481243 4.714778
v -236.804504 8.482180 4.714778
v -236.087227 8.756412 5.964760
v -235.357628 8.995821 7.214761
v -235.077457 9.077561 9.714778
v -234.617386 9.199859 8.464770
v -233.868179 9.368062 9.714778
v -238.772717 7.511841 7.214795
v -238.779106 7.508117 2.214761
v -239.426994 7.109913 5.964786
v -239.433193 7.105886 3.464770
v -240.061150 6.676984 4.714778
v -240.063152 6.675544 4.714778
v -240.065174 6.674103 4.714778
v -240.067177 6.672662 4.714778
v -236.267414 8.691230 -0.285222
v -236.094208 8.753934 3.464797
v -235.364723 8.993681 2.214795
v -235.084572 9.075551 -0.285222
v -234.624577 9.198063 0.964786
v -233.875446 9.366612 -0.285222
v -245.026245 0.847842 0.964760
v -245.022926 0.854465 8.464797
v -244.666634 1.526342 -0.285222
v -244.663029 1.532798 9.714778
v -244.331703 2.095248 4.714778
v -244.012070 2.592523 9.714778
v -244.330406 2.097348 4.714778
v -244.329109 2.099448 4.714778
v -244.327812 2.101548 4.714778
v -243.908730 2.745006 5.964760
v -243.459206 3.367537 7.214761
v -243.280582 3.598349 9.714778
v -242.980251 3.967716 8.464770
v -242.472992 4.544169 9.714778
v -245.349789 0.159635 7.214795
v -245.352783 0.152861 2.214761
v -245.642853 -0.550096 5.964786
v -245.645523 -0.557006 3.464770
v -245.901451 -1.273102 4.714778
v -245.902214 -1.275446 4.714778
v -245.902996 -1.277789 4.714778
v -245.903759 -1.280132 4.714778
v -244.016171 2.586369 -0.285222
v -243.912926 2.738900 3.464797
v -243.463669 3.361639 2.214795
v -243.285160 3.592534 -0.285222
v -242.985001 3.962041 0.964786
v -242.478008 4.538728 -0.285222
v -246.492004 -8.907382 0.964760
v -246.493206 -8.900079 8.464797
v -246.599884 -8.147095 -0.285222
v -246.600761 -8.139743 9.714778
v -246.663322 -7.489972 4.714778
v -246.697006 -6.899785 9.714778
v -246.663494 -7.487511 4.714778
v -246.663704 -7.485050 4.714778
v -246.663876 -7.482589 4.714778
v -246.703033 -6.715685 5.964760
v -246.705284 -5.947818 7.214761
v -246.696434 -5.656096 9.714778
v -246.670570 -5.180746 8.464770
v -246.599026 -4.416228 9.714778
v -246.349239 -9.654332 7.214795
v -246.347675 -9.661568 2.214761
v -246.169167 -10.400773 5.964786
v -246.167259 -10.407927 3.464770
v -245.953407 -11.137693 4.714778
v -245.952644 -11.140044 4.714778
v -245.951881 -11.142395 4.714778
v -245.951138 -11.144745 4.714778
v -246.696720 -6.907183 -0.285222
v -246.702843 -6.723087 3.464797
v -246.705437 -5.955220 2.214795
v -246.696720 -5.663494 -0.285222
v -246.671085 -5.188132 0.964786
v -246.599884 -4.423581 -0.285222
v -241.943855 -17.661076 0.964760
v -241.949120 -17.655880 8.464797
v -242.478008 -17.109406 -0.285222
v -242.483025 -17.103964 9.714778
v -242.915573 -16.615063 4.714778
v -243.289738 -16.157395 9.714778
v -242.917175 -16.613182 4.714778
v -242.918777 -16.611300 4.714778
v -242.920361 -16.609417 4.714778
v -243.402824 -16.011999 5.964760
v -243.855972 -15.392094 7.214761
v -244.020290 -15.150890 9.714778
v -244.278774 -14.751124 8.464770
v -244.670277 -14.090561 9.714778
v -241.389313 -18.181458 7.214795
v -241.383781 -18.186394 2.214761
v -240.804863 -18.679495 5.964786
v -240.799122 -18.684158 3.464770
v -240.197163 -19.148849 4.714778
v -240.195179 -19.150311 4.714778
v -240.193176 -19.151770 4.714778
v -240.191193 -19.153230 4.714778
v -243.285160 -16.163212 -0.285222
v -243.398323 -16.017869 3.464797
v -243.851738 -15.398173 2.214795
v -244.016171 -15.157046 -0.285222
v -244.274845 -14.757401 0.964786
v -244.666634 -14.097019 -0.285222
v -233.119011 -22.069621 0.964760
v -233.126335 -22.068522 8.464797
v -233.875446 -21.937289 -0.285222
v -233.882694 -21.935837 9.714778
v -234.519997 -21.794550 4.714778
v -235.091705 -21.644216 9.714778
v -234.522400 -21.793966 4.714778
v -234.524803 -21.793382 4.714778
v -234.527187 -21.792798 4.714778
v -235.268669 -21.593060 5.964760
v -235.999641 -21.357899 7.214761
v -236.274357 -21.259346 9.714778
v -236.718445 -21.087861 8.464770
v -237.423439 -20.783565 9.714778
v -232.364521 -22.164671 7.214795
v -232.357140 -22.165418 2.214761
v -231.598949 -22.224069 5.964786
v -231.591568 -22.224462 3.464770
v -230.831432 -22.246583 4.714778
v -230.828972 -22.246594 4.714778
v -230.826492 -22.246606 4.714778
v -230.824032 -22.246618 4.714778
v -235.084572 -21.646228 -0.285222
v -235.261574 -21.595154 3.464797
v -235.992641 -21.360335 2.214795
v -236.267414 -21.261907 -0.285222
v -236.711578 -21.090629 0.964786
v -237.416706 -20.786662 -0.285222
v -223.388309 -20.449109 0.964760
v -223.394890 -20.452523 8.464797
v -224.078045 -20.786662 -0.285222
v -224.084778 -20.789752 9.714778
v -224.683418 -21.050048 4.714778
v -225.234299 -21.264467 9.714778
v -224.685688 -21.050982 4.714778
v -224.687977 -21.051919 4.714778
v -224.690266 -21.052856 4.714778
v -225.407524 -21.327090 5.964760
v -226.137123 -21.566498 7.214761
v -226.417294 -21.648240 9.714778
v -226.877365 -21.770537 8.464770
v -227.626572 -21.938739 9.714778
v -222.722034 -20.082519 7.214795
v -222.715645 -20.078795 2.214761
v -222.067757 -19.680592 5.964786
v -222.061558 -19.676564 3.464770
v -221.433601 -19.247662 4.714778
v -221.431599 -19.246222 4.714778
v -221.429577 -19.244782 4.714778
v -221.427574 -19.243339 4.714778
v -225.227356 -21.261907 -0.285222
v -225.400543 -21.324611 3.464797
v -226.130028 -21.564357 2.214795
v -226.410179 -21.646228 -0.285222
v -226.870193 -21.768739 0.964786
v -227.619324 -21.937289 -0.285222
v -216.468506 -13.418519 0.964760
v -216.471825 -13.425143 8.464797
v -216.828117 -14.097019 -0.285222
v -216.831741 -14.103475 9.714778
v -217.163048 -14.665926 4.714778
v -217.482700 -15.163200 9.714778
v -217.164345 -14.668026 4.714778
v -217.165642 -14.670126 4.714778
v -217.166939 -14.672226 4.714778
v -217.586021 -15.315683 5.964760
v -218.035545 -15.938214 7.214761
v -218.214169 -16.169027 9.714778
v -218.514519 -16.538393 8.464770
v -219.021759 -17.114846 9.714778
v -216.144962 -12.730312 7.214795
v -216.141968 -12.723539 2.214761
v -215.851898 -12.020581 5.964786
v -215.849247 -12.013671 3.464770
v -215.593300 -11.297575 4.714778
v -215.592537 -11.295232 4.714778
v -215.591755 -11.292889 4.714778
v -215.590992 -11.290545 4.714778
v -217.478580 -15.157046 -0.285222
v -217.581825 -15.309577 3.464797
v -218.031082 -15.932317 2.214795
v -218.209591 -16.163212 -0.285222
v -218.509750 -16.532719 0.964786
v -219.016743 -17.109406 -0.285222
v -217.238426 -13.337309 9.714778
v -216.581821 -13.223610 8.464718
v -216.264572 -12.534344 7.214793
v -216.118069 -12.183236 6.588125
v -215.980759 -11.830547 5.964710
v -216.644669 -11.469113 6.588125
v -216.524239 -11.129043 5.964409
v -217.018776 -11.049342 6.588125
v -216.908264 -10.718228 5.964226
v -217.427044 -10.666802 6.588125
v -217.325573 -10.345480 5.964043
v -217.864990 -10.341773 6.588125
v -217.771187 -10.030997 5.963859
v -218.423519 -10.392958 7.214778
v -217.726231 -9.339334 4.714778
v -218.085899 -9.189922 4.714778
v -216.139030 -10.623338 4.714778
v -216.735725 -10.030403 4.714778
v -217.382393 -9.535347 4.714778
v -217.966576 -10.651317 7.214779
v -218.875179 -11.557992 9.714778
v -218.191051 -11.260378 8.463861
v -218.550739 -11.773436 9.714778
v -218.250732 -12.031593 9.714778
v -217.777729 -11.616226 8.464046
v -217.710686 -12.641194 9.714778
v -217.398148 -12.027341 8.464230
v -217.055397 -12.473146 8.464416
v -216.773796 -11.807747 7.214788
v -217.137680 -11.379092 7.214785
v -217.536602 -10.986824 7.214782
v -216.137009 -10.616561 4.714778
v -216.733971 -10.023903 4.714778
v -217.380867 -9.529146 4.714778
v -217.724800 -9.333295 4.714778
v -218.084526 -9.184048 4.714778
v -219.782200 -8.800781 4.714778
v -219.781818 -8.799086 4.714778
v -219.781418 -8.797390 4.714778
v -219.781036 -8.795694 4.714778
v -215.978222 -11.823790 3.464682
v -216.236000 -11.472875 3.464526
v -216.522141 -11.122869 3.464371
v -216.906395 -10.712420 3.464181
v -216.771240 -11.801264 2.214768
v -217.135315 -11.372778 2.214771
v -217.261944 -11.699607 1.588026
v -217.651482 -11.298004 1.588026
v -217.775555 -11.610968 0.963987
v -218.189125 -11.255471 0.963799
v -218.248062 -12.025796 -0.285222
v -218.548183 -11.767777 -0.285222
v -216.261673 -12.527626 2.214764
v -216.502266 -12.164657 2.214766
v -216.416435 -12.875214 1.588026
v -216.578655 -13.217127 0.964673
v -217.235146 -13.331043 -0.285222
v -217.707748 -12.635145 -0.285222
v -217.052708 -12.467202 0.964365
v -216.801529 -12.843074 0.964519
v -217.395744 -12.021738 0.964176
v -216.908340 -12.136762 1.588026
v -216.648216 -12.506545 1.588026
v -218.872719 -11.552483 -0.285222
v -218.421612 -10.387242 2.214778
v -218.073406 -10.952426 1.588026
v -217.964554 -10.645387 2.214777
v -217.534447 -10.980695 2.214774
v -217.769737 -10.025924 3.463801
v -217.323933 -10.340041 3.463990
v -223.963432 -19.930871 9.714778
v -223.365421 -20.224822 8.464718
v -222.703609 -19.853671 7.214793
v -222.378712 -19.655731 6.588125
v -222.060318 -19.451109 5.964710
v -222.384987 -18.768466 6.588125
v -222.087669 -18.564125 5.964409
v -222.440910 -18.208973 6.588125
v -222.156887 -18.006046 5.964226
v -222.546349 -17.659509 6.588125
v -222.275410 -17.459198 5.964043
v -222.709618 -17.139142 6.588125
v -222.451057 -16.942850 5.963859
v -223.191566 -16.852255 7.214778
v -222.008133 -16.409714 4.714778
v -222.211285 -16.077435 4.714778
v -221.478767 -18.381430 4.714778
v -221.613007 -17.551005 4.714778
v -221.845169 -16.770397 4.714778
v -222.973747 -17.329853 7.214779
v -224.241753 -17.529309 9.714778
v -223.513355 -17.690649 8.463861
v -224.105911 -17.894309 9.714778
v -224.014931 -18.279502 9.714778
v -223.388119 -18.221490 8.464046
v -223.936348 -19.090103 9.714778
v -223.322697 -18.777193 8.464230
v -223.307438 -19.339329 8.464416
v -222.688503 -18.966520 7.214788
v -222.730923 -18.405851 7.214785
v -222.823105 -17.854013 7.214782
v -221.473179 -18.377129 4.714778
v -221.607780 -17.546766 4.714778
v -221.840324 -16.766268 4.714778
v -222.003441 -16.405659 4.714778
v -222.206745 -16.073472 4.714778
v -223.350964 -14.762112 4.714778
v -223.352280 -14.763256 4.714778
v -223.353596 -14.764398 4.714778
v -223.354912 -14.765542 4.714778
v -222.054291 -19.447134 3.464682
v -222.056580 -19.011714 3.464526
v -222.082348 -18.560365 3.464371
v -222.151966 -18.002441 3.464181
v -222.682629 -18.962780 2.214768
v -222.725315 -18.402132 2.214771
v -223.019867 -18.592106 1.588026
v -223.098946 -18.038238 1.588026
v -223.383293 -18.218508 0.963987
v -223.508892 -17.687820 0.963799
v -224.009380 -18.276379 -0.285222
v -224.100533 -17.891226 -0.285222
v -222.697334 -19.849937 2.214764
v -222.678623 -19.414867 2.214766
v -223.026848 -20.040166 1.588026
v -223.359032 -20.221441 0.964673
v -223.957100 -19.927721 -0.285222
v -223.930416 -19.086943 -0.285222
v -223.301754 -19.336097 0.964365
v -223.319492 -19.787823 0.964519
v -223.317451 -18.774077 0.964176
v -222.990742 -19.153624 1.588026
v -222.997646 -19.605678 1.588026
v -224.236546 -17.526289 -0.285222
v -223.186665 -16.848748 2.214778
v -223.237171 -17.510660 1.588026
v -222.968636 -17.326244 2.214777
v -222.817726 -17.850336 2.214774
v -222.446899 -16.939608 3.463801
v -222.270870 -17.455763 3.463990
v -233.279705 -21.312301 9.714778
v -232.968674 -21.901622 8.464718
v -232.215099 -21.990354 7.214793
v -231.835899 -22.021191 6.588125
v -231.458054 -22.042794 5.964710
v -231.319466 -21.299686 6.588125
v -230.958824 -21.309130 5.964409
v -231.035843 -20.814178 6.588125
v -230.686779 -20.816953 5.964226
v -230.798187 -20.307670 6.588125
v -230.461235 -20.304880 5.964043
v -230.624409 -19.790726 6.588125
v -230.299854 -19.783897 5.963859
v -230.845680 -19.275348 7.214778
v -229.628143 -19.612926 4.714778
v -229.597187 -19.224699 4.714778
v -230.358829 -21.519227 4.714778
v -229.979305 -20.768504 4.714778
v -229.708309 -20.000513 4.714778
v -230.950184 -19.789759 7.214779
v -232.093258 -19.205811 9.714778
v -231.598797 -19.764478 8.463861
v -232.197895 -19.580950 9.714778
v -232.350712 -19.946047 9.714778
v -231.809502 -20.267551 8.464046
v -232.763596 -20.648029 9.714778
v -232.083206 -20.755582 8.464230
v -232.401276 -21.219332 8.464416
v -231.681423 -21.281514 7.214788
v -231.386204 -20.802989 7.214785
v -231.136398 -20.302362 7.214782
v -230.351753 -21.519043 4.714778
v -229.972572 -20.768147 4.714778
v -229.701958 -20.000029 4.714778
v -229.621964 -19.612405 4.714778
v -229.591179 -19.224164 4.714778
v -229.746075 -17.490690 4.714778
v -229.747810 -17.490845 4.714778
v -229.749546 -17.491000 4.714778
v -229.751282 -17.491153 4.714778
v -231.450844 -22.043118 3.464682
v -231.196766 -21.689510 3.464526
v -230.952301 -21.309218 3.464371
v -230.680676 -20.816927 3.464181
v -231.674461 -21.281943 2.214768
v -231.379452 -20.803285 2.214771
v -231.729431 -20.783839 1.588026
v -231.467857 -20.289264 1.588026
v -231.803837 -20.267982 0.963987
v -231.593533 -19.764811 0.963799
v -232.344379 -19.946791 -0.285222
v -232.191734 -19.581621 -0.285222
v -232.207813 -21.991034 2.214764
v -231.936970 -21.650043 2.214766
v -232.586231 -21.951244 1.588026
v -232.961521 -21.902637 0.964673
v -233.272743 -21.313474 -0.285222
v -232.756920 -20.648961 -0.285222
v -232.394791 -21.220047 0.964365
v -232.674656 -21.575084 0.964519
v -232.077141 -20.756142 0.964176
v -232.035904 -21.255240 1.588026
v -232.307224 -21.616893 1.588026
v -232.087269 -19.206434 -0.285222
v -230.839653 -19.275392 2.214778
v -231.269569 -19.781204 1.588026
v -230.943928 -19.789852 2.214777
v -231.129894 -20.302541 2.214774
v -230.294571 -19.783720 3.463801
v -230.455551 -20.304761 3.463990
v -241.628685 -16.953943 9.714778
v -241.723461 -17.613535 8.464718
v -241.165962 -18.128256 7.214793
v -240.877323 -18.376089 6.588125
v -240.584316 -18.615668 5.964710
v -240.035419 -18.095938 6.588125
v -239.749203 -18.315556 5.964409
v -239.520588 -17.869864 6.588125
v -239.239826 -18.077278 5.964226
v -239.030609 -17.599777 6.588125
v -238.756371 -17.795575 5.964043
v -238.586159 -17.283710 6.588125
v -238.319569 -17.468952 5.963859
v -238.462238 -16.736701 7.214778
v -237.675667 -17.725452 4.714778
v -237.422409 -17.429569 4.714778
v -239.387283 -18.838193 4.714778
v -238.638973 -18.453926 4.714778
v -237.968330 -17.991898 4.714778
v -238.849144 -17.091436 7.214779
v -239.430676 -15.947133 9.714778
v -239.359035 -16.689733 8.463861
v -239.735832 -16.189120 9.714778
v -240.074062 -16.394666 9.714778
v -239.825191 -16.972883 8.464046
v -240.820713 -16.719894 9.714778
v -240.333481 -17.206829 8.464230
v -240.863380 -17.395055 8.464416
v -240.317574 -17.868477 7.214788
v -239.797459 -17.654874 7.214785
v -239.301109 -17.396685 7.214782
v -239.381466 -18.842201 4.714778
v -238.633327 -18.457587 4.714778
v -237.962894 -17.995245 4.714778
v -237.670345 -17.728666 4.714778
v -237.417259 -17.432663 4.714778
v -236.523647 -15.939205 4.714778
v -236.525154 -15.938312 4.714778
v -236.526642 -15.937419 4.714778
v -236.528130 -15.936525 4.714778
v -240.578671 -18.620167 3.464682
v -240.165291 -18.483436 3.464526
v -239.743996 -18.319461 3.464371
v -239.234886 -18.080841 3.464181
v -240.312195 -17.872915 2.214768
v -239.792175 -17.659073 2.214771
v -240.063877 -17.437637 1.588026
v -239.561558 -17.191267 1.588026
v -239.820862 -16.976560 0.963987
v -239.354973 -16.693100 0.963799
v -240.069389 -16.398993 -0.285222
v -239.731255 -16.193287 -0.285222
v -241.160469 -18.133090 2.214764
v -240.740929 -18.016424 2.214766
v -241.443214 -17.878478 1.588026
v -241.718273 -17.618557 0.964673
v -241.623745 -16.958990 -0.285222
v -240.815868 -16.724565 -0.285222
v -240.858574 -17.399445 0.964365
v -241.293659 -17.522180 0.964519
v -240.328903 -17.210852 0.964176
v -240.588913 -17.638861 1.588026
v -241.020985 -17.771976 1.588026
v -239.426193 -15.951160 -0.285222
v -238.457375 -16.740277 2.214778
v -239.102516 -16.896785 1.588026
v -238.844128 -17.095194 2.214777
v -239.295940 -17.400650 2.214774
v -238.315201 -17.471911 3.463801
v -238.751698 -17.798818 3.463990
v -245.115604 -11.362399 4.714778
v -245.113239 -11.369064 4.714778
v -244.284325 -11.491363 4.714778
v -244.281921 -11.497642 4.714778
v -243.470192 -11.511774 4.714778
v -243.467770 -11.517675 4.714778
v -243.074398 -11.473963 4.714778
v -243.076801 -11.468245 4.714778
v -242.695656 -11.383264 4.714778
v -242.698021 -11.377721 4.714778
v -241.094875 -10.700271 4.714778
v -241.095562 -10.698671 4.714778
v -241.096249 -10.697072 4.714778
v -241.096916 -10.695471 4.714778
v -245.951290 -10.485730 3.464682
v -245.536480 -10.618105 3.464526
v -245.099258 -10.733078 3.464371
v -244.547138 -10.839274 3.464181
v -245.296478 -10.037825 2.214768
v -244.750099 -10.170481 2.214771
v -244.839745 -9.831637 1.588026
v -244.288540 -9.927575 1.588026
v -244.372139 -9.601457 0.963987
v -243.828602 -9.645979 0.963799
v -244.233685 -8.988122 -0.285222
v -243.839226 -9.020454 -0.285222
v -246.135674 -9.749705 2.214764
v -245.727673 -9.901930 2.214766
v -246.214771 -9.377526 1.588026
v -246.284523 -9.005570 0.964673
v -245.820351 -8.527533 -0.285222
v -245.028973 -8.812739 -0.285222
v -245.460205 -9.333633 0.964365
v -245.884361 -9.177185 0.964519
v -244.920845 -9.492387 0.964176
v -245.382786 -9.685823 1.588026
v -245.810566 -9.539554 1.588026
v -243.450127 -9.003871 -0.285222
v -243.130169 -10.211731 2.214778
v -243.744087 -9.959155 1.588026
v -243.651676 -10.271537 2.214777
v -244.196739 -10.253088 2.214774
v -243.445168 -10.887210 3.463801
v -243.990459 -10.895116 3.463990
v -244.256325 0.766632 9.714778
v -244.912930 0.652932 8.464718
v -245.230179 -0.036333 7.214793
v -245.376701 -0.387441 6.588125
v -245.513992 -0.740130 5.964710
v -244.850082 -1.101565 6.588125
v -244.970512 -1.441634 5.964409
v -244.475975 -1.521335 6.588125
v -244.586487 -1.852450 5.964226
v -244.067707 -1.903875 6.588125
v -244.169178 -2.225197 5.964043
v -243.629761 -2.228905 6.588125
v -243.723564 -2.539681 5.963859
v -243.071232 -2.177719 7.214778
v -243.768520 -3.231342 4.714778
v -243.408871 -3.380756 4.714778
v -245.355721 -1.947339 4.714778
v -244.759026 -2.540275 4.714778
v -244.112358 -3.035331 4.714778
v -243.528175 -1.919361 7.214779
v -242.619591 -1.012687 9.714778
v -243.303699 -1.310299 8.463861
v -242.944012 -0.797242 9.714778
v -243.244019 -0.539084 9.714778
v -243.717041 -0.954452 8.464046
v -243.784065 0.070516 9.714778
v -244.096603 -0.543336 8.464230
v -244.439354 -0.097532 8.464416
v -244.720955 -0.762930 7.214788
v -244.357071 -1.191585 7.214785
v -243.958149 -1.583853 7.214782
v -245.357742 -1.954116 4.714778
v -244.760780 -2.546775 4.714778
v -244.113884 -3.041531 4.714778
v -243.769951 -3.237383 4.714778
v -243.410225 -3.386630 4.714778
v -241.712551 -3.769896 4.714778
v -241.712933 -3.771592 4.714778
v -241.713333 -3.773287 4.714778
v -241.713715 -3.774983 4.714778
v -245.516548 -0.746887 3.464682
v -245.258751 -1.097803 3.464526
v -244.972610 -1.447808 3.464371
v -244.588356 -1.858257 3.464181
v -244.723511 -0.769413 2.214768
v -244.359436 -1.197899 2.214771
v -244.232807 -0.871071 1.588026
v -243.843269 -1.272673 1.588026
v -243.719196 -0.959708 0.963987
v -243.305626 -1.315207 0.963799
v -243.246689 -0.544881 -0.285222
v -242.946568 -0.802900 -0.285222
v -245.233078 -0.043052 2.214764
v -244.992485 -0.406019 2.214766
v -245.078316 0.304536 1.588026
v -244.916115 0.646451 0.964673
v -244.259605 0.760365 -0.285222
v -243.787003 0.064468 -0.285222
v -244.442043 -0.103475 0.964365
v -244.693222 0.272396 0.964519
v -244.099007 -0.548939 0.964176
v -244.586430 -0.433916 1.588026
v -244.846535 -0.064132 1.588026
v -242.622032 -1.018195 -0.285222
v -243.073139 -2.183436 2.214778
v -243.421345 -1.618251 1.588026
v -243.530197 -1.925290 2.214777
v -243.960323 -1.589982 2.214774
v -243.725014 -2.544752 3.463801
v -244.170818 -2.230636 3.463990
v -237.531319 7.360193 9.714778
v -238.129330 7.654144 8.464718
v -238.791142 7.282993 7.214793
v -239.116039 7.085054 6.588125
v -239.434433 6.880432 5.964710
v -239.109764 6.197788 6.588125
v -239.407082 5.993448 5.964409
v -239.053841 5.638295 6.588125
v -239.337864 5.435370 5.964226
v -238.948402 5.088833 6.588125
v -239.219341 4.888520 5.964043
v -238.785133 4.568463 6.588125
v -239.043694 4.372173 5.963859
v -238.303185 4.281577 7.214778
v -239.486618 3.839037 4.714778
v -239.283466 3.506757 4.714778
v -240.015984 5.810752 4.714778
v -239.881744 4.980327 4.714778
v -239.649582 4.199720 4.714778
v -238.521004 4.759175 7.214779
v -237.252998 4.958631 9.714778
v -237.981396 5.119971 8.463861
v -237.388840 5.323631 9.714778
v -237.479820 5.708824 9.714778
v -238.106632 5.650814 8.464046
v -237.558403 6.519426 9.714778
v -238.172054 6.206516 8.464230
v -238.187332 6.768651 8.464416
v -238.806248 6.395842 7.214788
v -238.763828 5.835175 7.214785
v -238.671646 5.283335 7.214782
v -240.021572 5.806451 4.714778
v -239.886971 4.976088 4.714778
v -239.654427 4.195589 4.714778
v -239.491310 3.834982 4.714778
v -239.288006 3.502796 4.714778
v -238.143787 2.191435 4.714778
v -238.142471 2.192578 4.714778
v -238.141155 2.193722 4.714778
v -238.139839 2.194865 4.714778
v -239.440460 6.876456 3.464682
v -239.438171 6.441036 3.464526
v -239.412403 5.989689 3.464371
v -239.342785 5.431764 3.464181
v -238.812122 6.392103 2.214768
v -238.769436 5.831455 2.214771
v -238.474884 6.021429 1.588026
v -238.395805 5.467561 1.588026
v -238.111458 5.647830 0.963987
v -237.985859 5.117143 0.963799
v -237.485390 5.705701 -0.285222
v -237.394218 5.320549 -0.285222
v -238.797436 7.279260 2.214764
v -238.816128 6.844190 2.214766
v -238.467903 7.469490 1.588026
v -238.135719 7.650764 0.964673
v -237.537651 7.357044 -0.285222
v -237.564335 6.516265 -0.285222
v -238.192997 6.765421 0.964365
v -238.175259 7.217146 0.964519
v -238.177299 6.203399 0.964176
v -238.504009 6.582947 1.588026
v -238.497105 7.035001 1.588026
v -237.258205 4.955612 -0.285222
v -238.308086 4.278071 2.214778
v -238.257580 4.939984 1.588026
v -238.526115 4.755568 2.214777
v -238.677025 5.279659 2.214774
v -239.047852 4.368930 3.463801
v -239.223881 4.885086 3.463990
v -228.215065 8.741624 9.714778
v -228.526096 9.330945 8.464718
v -229.279652 9.419677 7.214793
v -229.658852 9.450514 6.588125
v -230.036716 9.472117 5.964710
v -230.175285 8.729010 6.588125
v -230.535927 8.738452 5.964409
v -230.458908 8.243502 6.588125
v -230.807972 8.246277 5.964226
v -230.696564 7.736994 6.588125
v -231.033516 7.734202 5.964043
v -230.870361 7.220048 6.588125
v -231.194897 7.213219 5.963859
v -230.649071 6.704670 7.214778
v -231.866608 7.042249 4.714778
v -231.897564 6.654022 4.714778
v -231.135921 8.948548 4.714778
v -231.515446 8.197826 4.714778
v -231.786461 7.429835 4.714778
v -230.544567 7.219082 7.214779
v -229.401512 6.635134 9.714778
v -229.895954 7.193800 8.463861
v -229.296856 7.010272 9.714778
v -229.144039 7.375370 9.714778
v -229.685249 7.696875 8.464046
v -228.731155 8.077351 9.714778
v -229.411545 8.184905 8.464230
v -229.093475 8.648654 8.464416
v -229.813328 8.710834 7.214788
v -230.108547 8.232310 7.214785
v -230.358353 7.731684 7.214782
v -231.142998 8.948366 4.714778
v -231.522179 8.197469 4.714778
v -231.792793 7.429352 4.714778
v -231.872787 7.041728 4.714778
v -231.903572 6.653487 4.714778
v -231.748676 4.920013 4.714778
v -231.746941 4.920168 4.714778
v -231.745205 4.920322 4.714778
v -231.743469 4.920476 4.714778
v -230.043907 9.472440 3.464682
v -230.298004 9.118834 3.464526
v -230.542450 8.738543 3.464371
v -230.814075 8.246250 3.464181
v -229.820290 8.711267 2.214768
v -230.115299 8.232606 2.214771
v -229.765320 8.213162 1.588026
v -230.026894 7.718588 1.588026
v -229.690914 7.697304 0.963987
v -229.901218 7.194132 0.963799
v -229.150372 7.376112 -0.285222
v -229.303017 7.010943 -0.285222
v -229.286938 9.420357 2.214764
v -229.557781 9.079367 2.214766
v -228.908539 9.380566 1.588026
v -228.533230 9.331959 0.964673
v -228.222027 8.742797 -0.285222
v -228.737831 8.078285 -0.285222
v -229.099960 8.649370 0.964365
v -228.820095 9.004405 0.964519
v -229.417610 8.185464 0.964176
v -229.458847 8.684562 1.588026
v -229.187527 9.046217 1.588026
v -229.407482 6.635757 -0.285222
v -230.655098 6.704715 2.214778
v -230.225182 7.210527 1.588026
v -230.550823 7.219175 2.214777
v -230.364857 7.731863 2.214774
v -231.200180 7.213043 3.463801
v -231.039200 7.734085 3.463990
v -219.866066 4.383266 9.714778
v -219.771290 5.042858 8.464718
v -220.328789 5.557579 7.214793
v -220.617428 5.805413 6.588125
v -220.910435 6.044990 5.964710
v -221.459332 5.525261 6.588125
v -221.745548 5.744878 5.964409
v -221.974163 5.299186 6.588125
v -222.254925 5.506601 5.964226
v -222.464142 5.029100 6.588125
v -222.738380 5.224897 5.964043
v -222.908592 4.713034 6.588125
v -223.175182 4.898275 5.963859
v -223.032513 4.166022 7.214778
v -223.819084 5.154775 4.714778
v -224.072342 4.858891 4.714778
v -222.107468 6.267517 4.714778
v -222.855778 5.883249 4.714778
v -223.526421 5.421220 4.714778
v -222.645607 4.520759 7.214779
v -222.064075 3.376456 9.714778
v -222.135715 4.119057 8.463861
v -221.758919 3.618442 9.714778
v -221.420689 3.823989 9.714778
v -221.669559 4.402205 8.464046
v -220.674038 4.149217 9.714778
v -221.161270 4.636152 8.464230
v -220.631371 4.824378 8.464416
v -221.177177 5.297799 7.214788
v -221.697292 5.084198 7.214785
v -222.193642 4.826007 7.214782
v -222.113285 6.271523 4.714778
v -222.861423 5.886909 4.714778
v -223.531857 5.424568 4.714778
v -223.824406 5.157988 4.714778
v -224.077511 4.861986 4.714778
v -224.971104 3.368528 4.714778
v -224.969597 3.367634 4.714778
v -224.968109 3.366741 4.714778
v -224.966621 3.365847 4.714778
v -220.916080 6.049489 3.464682
v -221.329479 5.912760 3.464526
v -221.750774 5.748783 3.464371
v -222.259865 5.510164 3.464181
v -221.182556 5.302237 2.214768
v -221.702576 5.088395 2.214771
v -221.430874 4.866961 1.588026
v -221.933193 4.620590 1.588026
v -221.673889 4.405884 0.963987
v -222.139778 4.122422 0.963799
v -221.425381 3.828315 -0.285222
v -221.763515 3.622610 -0.285222
v -220.334282 5.562411 2.214764
v -220.753822 5.445748 2.214766
v -220.051537 5.307800 1.588026
v -219.776478 5.047879 0.964673
v -219.871006 4.388312 -0.285222
v -220.678883 4.153889 -0.285222
v -220.636177 4.828768 0.964365
v -220.201092 4.951502 0.964519
v -221.165848 4.640174 0.964176
v -220.905838 5.068184 1.588026
v -220.473785 5.201299 1.588026
v -222.068558 3.380483 -0.285222
v -223.037376 4.169599 2.214778
v -222.392235 4.326108 1.588026
v -222.650623 4.524516 2.214777
v -222.198811 4.829974 2.214774
v -223.179550 4.901234 3.463801
v -222.743053 5.228142 3.463990
v -215.673351 -4.050136 9.714778
v -215.208988 -3.572215 8.464718
v -215.357475 -2.828111 7.214793
v -215.445309 -2.457945 6.588125
v -215.541534 -2.091904 5.964710
v -216.291084 -2.189735 6.588125
v -216.393547 -1.843830 5.964409
v -216.840477 -2.070025 6.588125
v -216.945705 -1.737195 5.964226
v -217.395649 -2.000524 6.588125
v -217.502422 -1.680927 5.964043
v -217.940998 -1.994985 6.588125
v -218.047771 -1.688429 5.963859
v -218.362770 -2.364691 7.214778
v -218.417950 -1.102433 4.714778
v -218.796730 -1.192957 4.714778
v -216.379147 -1.208278 4.714778
v -217.210426 -1.079315 4.714778
v -218.024559 -1.058903 4.714778
v -217.841225 -2.305125 7.214779
v -218.043385 -3.572699 9.714778
v -217.664833 -2.929813 8.463861
v -217.654266 -3.556296 9.714778
v -217.259808 -3.588811 9.714778
v -217.121296 -2.974742 8.464046
v -216.464596 -3.764563 9.714778
v -216.572552 -3.084238 8.464230
v -216.033211 -3.243431 8.464416
v -216.196537 -2.539602 7.214788
v -216.742859 -2.406691 7.214785
v -217.296181 -2.323827 7.214782
v -216.381512 -1.201614 4.714778
v -217.212830 -1.073036 4.714778
v -218.027000 -1.053002 4.714778
v -218.420353 -1.096714 4.714778
v -218.799095 -1.187414 4.714778
v -220.399876 -1.870406 4.714778
v -220.399189 -1.872006 4.714778
v -220.398521 -1.873606 4.714778
v -220.397835 -1.875207 4.714778
v -215.543461 -2.084947 3.464682
v -215.958271 -1.952573 3.464526
v -216.395493 -1.837601 3.464371
v -216.947613 -1.731404 3.464181
v -216.198273 -2.532853 2.214768
v -216.744652 -2.400196 2.214771
v -216.655006 -2.739040 1.588026
v -217.206211 -2.643102 1.588026
v -217.122631 -2.969220 0.963987
v -217.666149 -2.924699 0.963799
v -217.261066 -3.582555 -0.285222
v -217.655525 -3.550223 -0.285222
v -215.359077 -2.820972 2.214764
v -215.767078 -2.668748 2.214766
v -215.279980 -3.193151 1.588026
v -215.210228 -3.565106 0.964673
v -215.674400 -4.043144 -0.285222
v -216.465778 -3.757938 -0.285222
v -216.034546 -3.237045 0.964365
v -215.610409 -3.393492 0.964519
v -216.573906 -3.078291 0.964176
v -216.111965 -2.884854 1.588026
v -215.684185 -3.031123 1.588026
v -218.044624 -3.566807 -0.285222
v -218.364601 -2.358947 2.214778
v -217.750683 -2.611523 1.588026
v -217.843075 -2.299139 2.214777
v -217.298012 -2.317588 2.214774
v -218.049583 -1.683466 3.463801
v -217.504292 -1.675561 3.463990
v -220.678883 -16.724565 -0.285222
v -221.425381 -16.398993 -0.285222
v -219.871006 -16.958990 -0.285222
v -221.763515 -16.193287 -0.285222
v -222.068558 -15.951160 -0.285222
v -223.231297 -14.656185 -0.285222
v -223.825302 -15.153672 -0.285222
v -225.685234 -12.988684 -0.285222
v -224.899864 -12.315799 -0.285222
v -224.203091 -11.551498 -0.285222
v -224.452133 -15.609092 -0.285222
v -226.547375 -13.559952 -0.285222
v -225.108833 -16.020286 -0.285222
v -227.473183 -14.020945 -0.285222
v -228.448601 -14.364674 -0.285222
v -229.587002 -17.475336 -0.285222
v -229.458885 -14.585929 -0.285222
v -230.488701 -14.681355 -0.285222
v -230.359974 -17.528665 -0.285222
v -231.134777 -17.528665 -0.285222
v -229.407482 -19.206434 -0.285222
v -229.303017 -19.581621 -0.285222
v -229.150372 -19.946791 -0.285222
v -228.737831 -20.648961 -0.285222
v -228.222027 -21.313474 -0.285222
v -231.522427 -14.649506 -0.285222
v -231.907749 -17.475336 -0.285222
v -232.544422 -14.490864 -0.285222
v -233.539162 -14.207836 -0.285222
v -236.385918 -16.020286 -0.285222
v -234.491577 -13.804710 -0.285222
v -235.387230 -13.287599 -0.285222
v -237.042618 -15.609092 -0.285222
v -237.669449 -15.153672 -0.285222
v -237.258205 -17.526289 -0.285222
v -237.394218 -17.891226 -0.285222
v -237.485390 -18.276379 -0.285222
v -237.564335 -19.086943 -0.285222
v -237.537651 -19.927721 -0.285222
v -236.212578 -12.664340 -0.285222
v -238.263454 -14.656185 -0.285222
v -236.955051 -11.944382 -0.285222
v -237.603416 -11.138638 -0.285222
v -241.031132 -10.846819 -0.285222
v -238.147869 -10.259324 -0.285222
v -238.580132 -9.319769 -0.285222
v -241.320705 -10.128162 -0.285222
v -241.560135 -9.391276 -0.285222
v -242.622032 -11.552483 -0.285222
v -242.946568 -11.767777 -0.285222
v -243.246689 -12.025796 -0.285222
v -243.787003 -12.635145 -0.285222
v -244.259605 -13.331043 -0.285222
v -238.893681 -8.334214 -0.285222
v -241.748276 -8.639656 -0.285222
v -239.083710 -7.317600 -0.285222
v -239.147377 -6.285339 -0.285222
v -241.748276 -3.931021 -0.285222
v -239.083710 -5.253077 -0.285222
v -238.893681 -4.236464 -0.285222
v -241.560135 -3.179402 -0.285222
v -238.580132 -3.250909 -0.285222
v -241.320705 -2.442516 -0.285222
v -241.031132 -1.723858 -0.285222
v -243.450127 -3.566807 -0.285222
v -243.839226 -3.550223 -0.285222
v -244.233685 -3.582555 -0.285222
v -245.028973 -3.757938 -0.285222
v -245.820351 -4.043144 -0.285222
v -238.263454 2.085508 -0.285222
v -237.603416 -1.432039 -0.285222
v -238.147869 -2.311353 -0.285222
v -239.426193 3.380483 -0.285222
v -240.069389 3.828315 -0.285222
v -239.731255 3.622610 -0.285222
v -240.815868 4.153889 -0.285222
v -241.623745 4.388312 -0.285222
v -237.669449 2.582994 -0.285222
v -236.212578 0.093662 -0.285222
v -236.955051 -0.626295 -0.285222
v -235.387230 0.716921 -0.285222
v -237.042618 3.038415 -0.285222
v -236.385918 3.449610 -0.285222
v -231.907749 4.904658 -0.285222
v -233.539162 1.637158 -0.285222
v -234.491577 1.234033 -0.285222
v -232.087269 6.635757 -0.285222
v -232.191734 7.010943 -0.285222
v -232.344379 7.376112 -0.285222
v -232.756920 8.078285 -0.285222
v -233.272743 8.742797 -0.285222
v -231.134777 4.957989 -0.285222
v -231.522427 2.078828 -0.285222
v -232.544422 1.920187 -0.285222
v -230.488701 2.110677 -0.285222
v -230.359974 4.957989 -0.285222
v -229.587002 4.904658 -0.285222
v -224.236546 4.955612 -0.285222
v -225.108833 3.449610 -0.285222
v -228.448601 1.793997 -0.285222
v -227.473183 1.450268 -0.285222
v -226.547375 0.989275 -0.285222
v -224.452133 3.038415 -0.285222
v -225.685234 0.418006 -0.285222
v -223.825302 2.582994 -0.285222
v -223.231297 2.085508 -0.285222
v -224.100533 5.320549 -0.285222
v -224.009380 5.705701 -0.285222
v -223.930416 6.516265 -0.285222
v -223.957100 7.357044 -0.285222
v -218.872719 -1.018195 -0.285222
v -220.463638 -1.723858 -0.285222
v -224.203091 -1.019179 -0.285222
v -223.605556 -1.863309 -0.285222
v -223.116264 -2.774472 -0.285222
v -220.174065 -2.442516 -0.285222
v -222.742653 -3.738856 -0.285222
v -219.934616 -3.179402 -0.285222
v -219.746475 -3.931021 -0.285222
v -218.248062 -0.544881 -0.285222
v -218.548183 -0.802900 -0.285222
v -217.707748 0.064468 -0.285222
v -217.235146 0.760365 -0.285222
v -218.044624 -9.003871 -0.285222
v -219.746475 -8.639656 -0.285222
v -222.363319 -6.802450 -0.285222
v -222.490406 -7.828835 -0.285222
v -222.742653 -8.831822 -0.285222
v -219.934616 -9.391276 -0.285222
v -220.174065 -10.128162 -0.285222
v -217.655525 -9.020454 -0.285222
v -217.261066 -8.988122 -0.285222
v -216.465778 -8.812739 -0.285222
v -215.674400 -8.527533 -0.285222
v -223.116264 -9.796206 -0.285222
v -220.463638 -10.846819 -0.285222
v -223.605556 -10.707369 -0.285222
v -222.363319 -5.768227 -0.285222
v -222.490406 -4.741843 -0.285222
v -224.899864 -0.254879 -0.285222
v -229.458885 2.015251 -0.285222
v -239.083710 -7.317600 9.714778
v -239.147377 -6.285339 9.714778
v -239.083710 -5.253077 9.714778
v -238.893681 -4.236464 9.714778
v -238.580132 -3.250909 9.714778
v -238.147869 -2.311353 9.714778
v -237.603416 -1.432039 9.714778
v -236.955051 -0.626295 9.714778
v -236.212578 0.093662 9.714778
v -235.387230 0.716921 9.714778
v -234.491577 1.234033 9.714778
v -233.539162 1.637158 9.714778
v -232.544422 1.920187 9.714778
v -231.522427 2.078828 9.714778
v -230.488701 2.110677 9.714778
v -229.458885 2.015251 9.714778
v -228.448601 1.793997 9.714778
v -227.473183 1.450268 9.714778
v -226.547375 0.989275 9.714778
v -225.685234 0.418006 9.714778
v -224.899864 -0.254879 9.714778
v -224.203091 -1.019179 9.714778
v -223.605556 -1.863309 9.714778
v -223.116264 -2.774472 9.714778
v -222.742653 -3.738856 9.714778
v -222.490406 -4.741843 9.714778
v -222.363319 -5.768227 9.714778
v -222.363319 -6.802450 9.714778
v -222.490406 -7.828835 9.714778
v -222.742653 -8.831822 9.714778
v -223.116264 -9.796206 9.714778
v -223.605556 -10.707369 9.714778
v -224.203091 -11.551498 9.714778
v -224.899864 -12.315799 9.714778
v -225.685234 -12.988684 9.714778
v -226.547375 -13.559952 9.714778
v -227.473183 -14.020945 9.714778
v -228.448601 -14.364674 9.714778
v -229.458885 -14.585929 9.714778
v -230.488701 -14.681355 9.714778
v -231.522427 -14.649506 9.714778
v -232.544422 -14.490864 9.714778
v -233.539162 -14.207836 9.714778
v -234.491577 -13.804710 9.714778
v -235.387230 -13.287599 9.714778
v -236.212578 -12.664340 9.714778
v -236.955051 -11.944382 9.714778
v -237.603416 -11.138638 9.714778
v -238.147869 -10.259324 9.714778
v -238.580132 -9.319769 9.714778
v -238.893681 -8.334214 9.714778
v -220.380058 -14.112766 4.714778
v -221.769009 -13.064090 4.714778
v -221.475620 -14.013431 3.464023
v -222.461815 -13.895342 2.214778
v -221.857796 -14.450128 2.214778
v -222.260990 -14.868470 0.964023
v -221.180058 -15.072614 2.214778
v -218.738441 -16.512146 0.964710
v -218.930473 -16.490335 0.964642
v -219.335594 -16.430311 0.964504
v -219.095402 -16.153448 1.588124
v -219.509830 -16.080796 1.588124
v -219.392929 -15.945024 1.900349
v -220.185337 -15.742259 1.900349
v -220.071640 -15.613735 2.214783
v -220.450096 -15.476449 2.214781
v -220.020313 -14.971102 3.463967
v -220.383625 -14.820702 3.463832
v -220.181255 -14.568942 4.089227
v -220.053749 -14.282577 4.714778
v -219.814491 -14.710666 4.089227
v -219.700546 -14.418235 4.714778
v -219.427128 -14.820325 4.089227
v -218.940353 -14.598768 4.714778
v -218.620358 -14.955542 4.089227
v -218.153057 -14.677722 4.714778
v -218.200817 -14.987925 4.089227
v -217.791481 -14.998927 4.089227
v -218.004704 -15.307811 3.464650
v -217.811432 -15.311068 3.464718
v -218.260460 -15.922709 2.214793
v -218.378029 -16.073126 1.900349
v -218.496532 -16.221066 1.588124
v -218.570709 -16.058199 1.900349
v -218.689022 -16.203827 1.588124
v -218.977642 -16.012701 1.900349
v -217.598228 -14.997556 4.089227
v -217.392273 -14.678460 4.714778
v -220.805740 -15.308757 2.214779
v -220.562096 -15.600402 1.900349
v -220.299759 -15.868531 1.588124
v -219.748249 -16.347822 0.964365
v -221.251640 -15.776906 0.963831
v -221.026268 -15.545925 1.588124
v -220.915680 -15.428416 1.900349
v -220.674782 -15.722156 1.588124
v -220.904446 -15.961511 0.963964
v -220.532990 -16.116806 0.964098
v -219.276848 -15.806897 2.214787
v -219.635658 -15.089989 3.464102
v -218.832359 -15.244533 3.464371
v -218.860779 -15.869544 2.214789
v -218.413677 -15.286988 3.464510
v -218.453331 -15.910114 2.214791
v -219.491425 -10.643383 0.964023
v -220.072956 -9.837691 2.214778
v -219.294777 -10.096664 2.214778
v -219.124794 -9.541802 3.464023
v -226.960869 -18.711621 4.714778
v -227.468166 -17.046814 4.714778
v -227.788811 -17.987301 3.464023
v -228.517265 -17.312086 2.214778
v -228.354683 -18.115959 2.214778
v -228.926792 -18.217413 0.964023
v -228.172264 -19.017929 2.214778
v -227.043114 -21.617684 0.964710
v -227.185650 -21.487150 0.964642
v -227.478123 -21.200473 0.964504
v -227.121048 -21.117673 1.588124
v -227.413635 -20.815291 1.588124
v -227.239265 -20.774169 1.900349
v -227.761135 -20.144362 1.900349
v -227.593632 -20.107207 2.214783
v -227.819099 -19.773695 2.214781
v -227.174358 -19.617484 3.463967
v -227.379875 -19.282253 3.463832
v -227.068195 -19.197521 4.089227
v -226.796703 -19.040804 4.714778
v -226.854763 -19.527760 4.089227
v -226.590691 -19.358151 4.714778
v -226.605835 -19.844167 4.089227
v -226.081810 -19.951036 4.714778
v -226.032639 -20.427759 4.089227
v -225.491295 -20.477672 4.714778
v -225.712242 -20.700560 4.089227
v -225.387554 -20.950065 4.089227
v -225.741615 -21.074634 3.464650
v -225.587177 -21.190865 3.464718
v -226.309967 -21.421754 2.214793
v -226.493473 -21.474349 1.900349
v -226.676292 -21.524377 1.588124
v -226.640587 -21.349015 1.900349
v -226.821918 -21.397283 1.588124
v -226.943073 -21.073012 1.900349
v -225.230389 -21.062551 4.089227
v -224.876213 -20.925450 4.714778
v -228.008251 -19.428985 2.214779
v -227.982559 -19.808146 1.900349
v -227.927933 -20.179262 1.588124
v -227.763481 -20.891187 0.964365
v -228.644161 -19.545637 0.963831
v -228.326073 -19.491231 1.588124
v -228.167534 -19.461172 1.900349
v -228.145294 -19.840406 1.588124
v -228.471794 -19.899056 0.963964
v -228.262558 -20.243030 0.964098
v -227.064152 -20.730650 2.214787
v -226.933041 -19.939762 3.464102
v -226.373997 -20.536957 3.464371
v -226.764374 -21.025887 2.214789
v -226.060238 -20.817387 3.464510
v -226.458588 -21.298206 2.214791
v -224.202709 -16.427152 0.964023
v -224.199600 -15.433519 2.214778
v -223.722267 -16.100442 2.214778
v -223.258610 -15.751455 3.464023
v -234.988022 -18.564056 4.714778
v -234.419899 -16.919019 4.714778
v -235.232105 -17.491419 3.464023
v -235.424538 -16.516985 2.214778
v -235.765514 -17.262895 2.214778
v -236.287975 -17.008709 0.964023
v -236.148109 -18.099827 2.214778
v -236.762676 -20.866785 0.964710
v -236.801281 -20.677388 0.964642
v -236.869392 -20.273561 0.964504
v -236.531849 -20.416448 1.588124
v -236.590824 -19.999841 1.588124
v -236.425571 -20.069075 1.900349
v -236.477585 -19.252793 1.900349
v -236.320229 -19.321196 2.214783
v -236.306610 -18.918846 2.214781
v -235.693169 -19.171438 3.463967
v -235.662422 -18.779423 3.463832
v -235.360451 -18.894087 4.089227
v -235.048695 -18.926874 4.714778
v -235.381889 -19.286699 4.089227
v -235.068550 -19.304698 4.714778
v -235.366478 -19.689000 4.089227
v -235.005341 -20.083473 4.714778
v -235.245781 -20.498052 4.089227
v -234.837151 -20.856633 4.714778
v -235.146923 -20.907071 4.089227
v -235.030899 -21.299777 4.089227
v -235.390549 -21.192448 3.464650
v -235.333920 -21.377256 3.464718
v -236.054401 -21.139205 2.214793
v -236.233788 -21.073890 1.900349
v -236.411095 -21.006894 1.588124
v -236.279125 -20.886016 1.900349
v -236.454201 -20.818491 1.588124
v -236.361599 -20.484939 1.900349
v -234.969883 -21.483154 4.089227
v -234.602757 -21.580417 4.714778
v -236.257019 -18.528788 2.214779
v -236.459103 -18.850635 1.900349
v -236.633034 -19.182985 1.588124
v -236.918449 -19.855614 0.964365
v -236.840038 -18.249385 0.963831
v -236.550732 -18.392338 1.588124
v -236.404800 -18.461211 1.900349
v -236.609726 -18.781080 1.588124
v -236.908321 -18.636621 0.963964
v -236.941242 -19.037888 0.964098
v -236.258335 -20.136786 2.214787
v -235.687370 -19.574009 3.464102
v -235.586128 -20.385747 3.464371
v -236.189327 -20.551841 2.214789
v -235.497131 -20.797038 3.464510
v -236.102028 -20.951893 2.214791
v -231.413841 -18.337094 0.964023
v -230.827293 -17.535055 2.214778
v -230.833111 -18.355185 2.214778
v -230.252876 -18.345373 3.464023
v -241.395378 -13.726439 4.714778
v -239.968834 -12.729521 4.714778
v -240.962353 -12.715194 3.464023
v -240.545311 -11.813744 2.214778
v -241.259575 -12.216779 2.214778
v -241.532860 -11.704042 0.964023
v -242.061043 -12.668992 2.214778
v -244.184608 -14.546270 0.964710
v -244.104519 -14.370353 0.964642
v -243.922253 -14.003623 0.964504
v -243.733177 -14.317621 1.588124
v -243.535995 -13.945918 1.588124
v -243.443012 -14.099060 1.900349
v -243.005295 -13.408093 1.900349
v -242.918205 -13.555930 2.214783
v -242.670689 -13.238428 2.214781
v -242.322884 -13.803340 3.463967
v -242.067566 -13.504277 3.463832
v -241.890659 -13.774540 4.089227
v -241.657715 -13.984309 4.714778
v -242.138786 -14.079561 4.089227
v -241.895866 -14.278290 4.714778
v -242.362785 -14.414086 4.089227
v -242.302494 -14.945493 4.714778
v -242.740669 -15.139571 4.089227
v -242.620869 -15.669854 4.714778
v -242.901115 -15.528575 4.089227
v -243.038082 -15.914483 4.089227
v -243.265953 -15.616252 3.464650
v -243.328781 -15.799049 3.464718
v -243.771725 -15.182983 2.214793
v -243.878460 -15.024705 1.900349
v -243.982525 -14.866279 1.588124
v -243.804722 -14.846056 1.900349
v -243.906670 -14.688528 1.588124
v -243.635693 -14.473097 1.900349
v -243.096504 -16.098707 4.089227
v -242.856655 -16.393182 4.714778
v -242.401295 -12.952009 2.214779
v -242.753944 -13.093610 1.900349
v -243.090019 -13.260248 1.588124
v -243.716297 -13.636656 0.964365
v -242.708740 -12.383275 0.963831
v -242.558708 -12.668980 1.588124
v -242.481117 -12.810477 1.900349
v -242.834930 -12.948806 1.588124
v -242.991600 -12.656418 0.963964
v -243.254070 -12.961706 0.964098
v -243.347511 -14.252139 2.214787
v -242.554817 -14.132435 3.464102
v -242.950020 -14.848663 3.464371
v -243.535652 -14.628478 2.214789
v -243.119774 -15.233713 3.464510
v -243.700142 -15.003453 2.214791
v -238.370399 -15.643674 0.964023
v -237.424431 -15.339581 2.214778
v -237.911205 -15.999656 2.214778
v -237.436028 -16.332767 3.464023
v -243.735561 -6.046575 4.714778
v -241.995487 -6.078564 4.714778
v -242.790852 -5.482985 3.464023
v -241.923561 -4.998841 2.214778
v -242.738342 -4.905052 2.214778
v -242.658043 -4.329614 0.964023
v -243.652534 -4.799819 2.214778
v -246.473980 -5.070360 0.964710
v -246.305790 -4.975116 0.964642
v -245.942764 -4.785562 0.964504
v -245.974369 -5.150735 1.588124
v -245.596371 -4.965912 1.588124
v -245.611153 -5.144470 1.900349
v -244.850883 -4.842745 1.900349
v -244.867325 -5.013545 2.214783
v -244.480457 -4.902165 2.214781
v -244.531136 -5.563622 3.463967
v -244.148788 -5.471743 3.463832
v -244.164524 -5.794371 4.089227
v -244.099369 -6.100999 4.714778
v -244.544563 -5.895295 4.089227
v -244.464836 -6.198848 4.714778
v -244.922390 -6.034269 4.089227
v -245.185966 -6.499627 4.714778
v -245.654564 -6.399074 4.089227
v -245.869312 -6.898509 4.714778
v -246.012993 -6.619478 4.089227
v -246.350632 -6.851183 4.089227
v -246.359692 -6.475965 3.464650
v -246.517963 -6.586927 3.464718
v -246.514206 -5.828162 2.214793
v -246.507511 -5.637379 1.900349
v -246.498604 -5.448035 1.588124
v -246.342850 -5.536193 1.900349
v -246.332741 -5.348832 1.588124
v -245.986900 -5.333811 1.900349
v -246.506176 -6.965888 4.089227
v -246.485252 -7.345096 4.714778
v -244.094162 -4.828788 2.214779
v -244.462700 -4.736056 1.900349
v -244.832535 -4.673330 1.588124
v -245.560436 -4.609745 0.964365
v -244.008598 -4.187959 0.963831
v -244.055138 -4.507290 1.588124
v -244.075565 -4.667364 1.900349
v -244.443092 -4.571314 1.588124
v -244.397984 -4.242678 0.963964
v -244.789772 -4.335380 0.964098
v -245.623856 -5.324446 2.214787
v -244.912205 -5.693539 3.464102
v -245.652924 -6.040677 3.464371
v -245.997276 -5.518318 2.214789
v -246.016579 -6.252413 3.464510
v -246.350765 -5.724992 2.214791
v -242.415218 -9.375688 0.964023
v -241.471195 -9.685694 2.214778
v -242.252979 -9.933588 2.214778
v -242.064342 -10.482386 3.464023
v -241.114693 1.542089 4.714778
v -239.725742 0.493413 4.714778
v -240.019131 1.442754 3.464023
v -239.032936 1.324665 2.214778
v -239.636955 1.879451 2.214778
v -239.233761 2.297793 0.964023
v -240.314713 2.501937 2.214778
v -242.756329 3.941470 0.964710
v -242.564278 3.919659 0.964642
v -242.159157 3.859634 0.964504
v -242.399368 3.582771 1.588124
v -241.984921 3.510117 1.588124
v -242.101841 3.374347 1.900349
v -241.309414 3.171582 1.900349
v -241.423111 3.043058 2.214783
v -241.044655 2.905772 2.214781
v -241.474438 2.400425 3.463967
v -241.111126 2.250025 3.463832
v -241.313496 1.998264 4.089227
v -241.441002 1.711900 4.714778
v -241.680260 2.139988 4.089227
v -241.794205 1.847558 4.714778
v -242.067623 2.249648 4.089227
v -242.554398 2.028090 4.714778
v -242.874393 2.384866 4.089227
v -243.341694 2.107045 4.714778
v -243.293934 2.417248 4.089227
v -243.703270 2.428250 4.089227
v -243.490067 2.737134 3.464650
v -243.683319 2.740391 3.464718
v -243.234291 3.352031 2.214793
v -243.116722 3.502448 1.900349
v -242.998238 3.650388 1.588124
v -242.924042 3.487522 1.900349
v -242.805729 3.633150 1.588124
v -242.517109 3.442023 1.900349
v -243.896523 2.426879 4.089227
v -244.102478 2.107783 4.714778
v -240.689011 2.738080 2.214779
v -240.932655 3.029725 1.900349
v -241.194992 3.297854 1.588124
v -241.746502 3.777146 0.964365
v -240.243111 3.206229 0.963831
v -240.468483 2.975248 1.588124
v -240.579090 2.857738 1.900349
v -240.819969 3.151478 1.588124
v -240.590305 3.390835 0.963964
v -240.961761 3.546128 0.964098
v -242.217903 3.236219 2.214787
v -241.859093 2.519311 3.464102
v -242.662411 2.673855 3.464371
v -242.633972 3.298866 2.214789
v -243.081074 2.716311 3.464510
v -243.041420 3.339438 2.214791
v -242.003326 -1.927295 0.964023
v -241.421795 -2.732987 2.214778
v -242.199974 -2.474013 2.214778
v -242.369957 -3.028875 3.464023
v -234.533882 6.140943 4.714778
v -234.026585 4.476137 4.714778
v -233.705940 5.416623 3.464023
v -232.977486 4.741408 2.214778
v -233.140068 5.545283 2.214778
v -232.567978 5.646735 0.964023
v -233.322487 6.447251 2.214778
v -234.451656 9.047006 0.964710
v -234.309101 8.916472 0.964642
v -234.016647 8.629796 0.964504
v -234.373703 8.546995 1.588124
v -234.081116 8.244616 1.588124
v -234.255505 8.203492 1.900349
v -233.733616 7.573686 1.900349
v -233.901138 7.536530 2.214783
v -233.675652 7.203017 2.214781
v -234.320393 7.046806 3.463967
v -234.114876 6.711575 3.463832
v -234.426556 6.626845 4.089227
v -234.698067 6.470126 4.714778
v -234.639988 6.957083 4.089227
v -234.904060 6.787473 4.714778
v -234.888916 7.273491 4.089227
v -235.412941 7.380359 4.714778
v -235.462112 7.857082 4.089227
v -236.003475 7.906995 4.714778
v -235.782509 8.129882 4.089227
v -236.107197 8.379389 4.089227
v -235.753136 8.503956 3.464650
v -235.907574 8.620188 3.464718
v -235.184803 8.851077 2.214793
v -235.001278 8.903673 1.900349
v -234.818459 8.953701 1.588124
v -234.854164 8.778335 1.900349
v -234.672852 8.826607 1.588124
v -234.551678 8.502337 1.900349
v -236.264362 8.491874 4.089227
v -236.618538 8.354775 4.714778
v -233.486500 6.858309 2.214779
v -233.512192 7.237468 1.900349
v -233.566818 7.608584 1.588124
v -233.731270 8.320510 0.964365
v -232.850609 6.974961 0.963831
v -233.168678 6.920555 1.588124
v -233.327217 6.890495 1.900349
v -233.349457 7.269728 1.588124
v -233.022957 7.328378 0.963964
v -233.232193 7.672350 0.964098
v -234.430599 8.159972 2.214787
v -234.561710 7.369084 3.464102
v -235.120754 7.966280 3.464371
v -234.730377 8.455210 2.214789
v -235.434513 8.246710 3.464510
v -235.036163 8.727528 2.214791
v -237.292042 3.856474 0.964023
v -237.295151 2.862842 2.214778
v -237.772484 3.529765 2.214778
v -238.236141 3.180778 3.464023
v -226.506729 5.993379 4.714778
v -227.074871 4.348343 4.714778
v -226.262646 4.920742 3.464023
v -226.070213 3.946308 2.214778
v -225.729237 4.692219 2.214778
v -225.206776 4.438031 0.964023
v -225.346642 5.529150 2.214778
v -224.732075 8.296108 0.964710
v -224.693470 8.106710 0.964642
v -224.625359 7.702883 0.964504
v -224.962902 7.845771 1.588124
v -224.903927 7.429165 1.588124
v -225.069180 7.498397 1.900349
v -225.017166 6.682114 1.900349
v -225.174522 6.750519 2.214783
v -225.188141 6.348169 2.214781
v -225.801582 6.600760 3.463967
v -225.832329 6.208745 3.463832
v -226.134300 6.323410 4.089227
v -226.446056 6.356198 4.714778
v -226.112862 6.716022 4.089227
v -226.426201 6.734020 4.714778
v -226.128273 7.118322 4.089227
v -226.489410 7.512797 4.714778
v -226.248970 7.927374 4.089227
v -226.657600 8.285955 4.714778
v -226.347828 8.336393 4.089227
v -226.463852 8.729099 4.089227
v -226.104202 8.621770 3.464650
v -226.160831 8.806580 3.464718
v -225.440350 8.568527 2.214793
v -225.260983 8.503212 1.900349
v -225.083656 8.436219 1.588124
v -225.215645 8.315338 1.900349
v -225.040569 8.247813 1.588124
v -225.133152 7.914260 1.900349
v -226.524868 8.912476 4.089227
v -226.891994 9.009741 4.714778
v -225.237732 5.958111 2.214779
v -225.035667 6.279958 1.900349
v -224.861717 6.612309 1.588124
v -224.576302 7.284936 0.964365
v -224.654713 5.678709 0.963831
v -224.944019 5.821660 1.588124
v -225.089951 5.890532 1.900349
v -224.885044 6.210403 1.588124
v -224.586430 6.065944 0.963964
v -224.553509 6.467210 0.964098
v -225.236416 7.566108 2.214787
v -225.807381 7.003332 3.464102
v -225.908623 7.815071 3.464371
v -225.305424 7.981165 2.214789
v -225.997620 8.226361 3.464510
v -225.392742 8.381215 2.214791
v -230.080910 5.766416 0.964023
v -230.667458 4.964377 2.214778
v -230.661640 5.784507 2.214778
v -231.241875 5.774696 3.464023
v -220.099373 1.155762 4.714778
v -221.525936 0.158844 4.714778
v -220.532398 0.144518 3.464023
v -220.949459 -0.756932 2.214778
v -220.235176 -0.353899 2.214778
v -219.961891 -0.866636 0.964023
v -219.433708 0.098315 2.214778
v -217.310143 1.975593 0.964710
v -217.390232 1.799675 0.964642
v -217.572498 1.432945 0.964504
v -217.761574 1.746944 1.588124
v -217.958755 1.375241 1.588124
v -218.051758 1.528382 1.900349
v -218.489456 0.837416 1.900349
v -218.576565 0.985253 2.214783
v -218.824081 0.667750 2.214781
v -219.171867 1.232663 3.463967
v -219.427185 0.933600 3.463832
v -219.604092 1.203862 4.089227
v -219.837036 1.413632 4.714778
v -219.355965 1.508884 4.089227
v -219.598885 1.707613 4.714778
v -219.131966 1.843409 4.089227
v -219.192257 2.374815 4.714778
v -218.754082 2.568893 4.089227
v -218.873882 3.099177 4.714778
v -218.593636 2.957898 4.089227
v -218.456669 3.343805 4.089227
v -218.228798 3.045575 3.464650
v -218.165970 3.228372 3.464718
v -217.723026 2.612305 2.214793
v -217.616310 2.454027 1.900349
v -217.512226 2.295602 1.588124
v -217.690029 2.275378 1.900349
v -217.588100 2.117850 1.588124
v -217.859058 1.902420 1.900349
v -218.398247 3.528031 4.089227
v -218.638096 3.822506 4.714778
v -219.093456 0.381332 2.214779
v -218.740807 0.522933 1.900349
v -218.404732 0.689570 1.588124
v -217.778473 1.065979 0.964365
v -218.786011 -0.187403 0.963831
v -218.936043 0.098303 1.588124
v -219.013634 0.239800 1.900349
v -218.659821 0.378129 1.588124
v -218.503151 0.085740 0.963964
v -218.240681 0.391029 0.964098
v -218.147240 1.681462 2.214787
v -218.939934 1.561759 3.464102
v -218.544731 2.277985 3.464371
v -217.959099 2.057801 2.214789
v -218.374977 2.663036 3.464510
v -217.794609 2.432776 2.214791
v -223.124352 3.072996 0.964023
v -224.070320 2.768903 2.214778
v -223.583546 3.428978 2.214778
v -224.058723 3.762091 3.464023
v -217.759190 -6.524101 4.714778
v -219.499283 -6.492113 4.714778
v -218.703899 -7.087693 3.464023
v -219.571190 -7.571837 2.214778
v -218.756409 -7.665625 2.214778
v -218.836708 -8.241063 0.964023
v -217.842216 -7.770858 2.214778
v -215.020771 -7.500317 0.964710
v -215.188961 -7.595561 0.964642
v -215.551987 -7.785115 0.964504
v -215.520401 -7.419943 1.588124
v -215.898399 -7.604765 1.588124
v -215.883598 -7.426208 1.900349
v -216.643867 -7.727932 1.900349
v -216.627445 -7.557132 2.214783
v -217.014294 -7.668512 2.214781
v -216.963634 -7.007055 3.463967
v -217.345963 -7.098934 3.463832
v -217.330227 -6.776305 4.089227
v -217.395382 -6.469679 4.714778
v -216.950207 -6.675383 4.089227
v -217.029915 -6.371829 4.714778
v -216.572361 -6.536408 4.089227
v -216.308784 -6.071051 4.714778
v -215.840187 -6.171603 4.089227
v -215.625439 -5.672168 4.714778
v -215.481758 -5.951198 4.089227
v -215.144119 -5.719494 4.089227
v -215.135059 -6.094712 3.464650
v -214.976788 -5.983750 3.464718
v -214.980564 -6.742514 2.214793
v -214.987240 -6.933299 1.900349
v -214.996147 -7.122642 1.588124
v -215.151901 -7.034485 1.900349
v -215.162029 -7.221845 1.588124
v -215.507851 -7.236866 1.900349
v -214.988575 -5.604789 4.089227
v -215.009518 -5.225582 4.714778
v -217.400589 -7.741889 2.214779
v -217.032051 -7.834622 1.900349
v -216.662216 -7.897347 1.588124
v -215.934315 -7.960932 0.964365
v -217.486153 -8.382718 0.963831
v -217.439613 -8.063388 1.588124
v -217.419186 -7.903313 1.900349
v -217.051659 -7.999363 1.588124
v -217.096767 -8.327999 0.963964
v -216.704979 -8.235297 0.964098
v -215.870895 -7.246231 2.214787
v -216.582546 -6.877139 3.464102
v -215.841827 -6.530000 3.464371
v -215.497475 -7.052358 2.214789
v -215.478172 -6.318264 3.464510
v -215.143986 -6.845686 2.214791
v -219.079533 -3.194989 0.964023
v -220.023575 -2.884983 2.214778
v -219.241772 -2.637090 2.214778
v -219.430408 -2.088291 3.464023
v -234.608402 -21.582518 4.714778
v -234.809799 -20.972714 4.714778
v -234.841957 -20.857940 4.714778
v -234.996433 -20.152478 4.714778
v -235.007305 -20.083776 4.714778
v -235.073586 -19.341739 4.714778
v -235.057602 -18.946273 4.714778
v -234.993706 -18.562088 4.714778
v -234.421520 -16.918452 4.714778
v -234.423180 -16.917883 4.714778
v -234.424820 -16.917315 4.714778
v -224.879570 -20.930471 4.714778
v -225.400925 -20.555503 4.714778
v -225.494404 -20.481553 4.714778
v -226.034031 -20.001621 4.714778
v -226.083221 -19.952434 4.714778
v -226.572990 -19.391069 4.714778
v -226.792507 -19.061735 4.714778
v -226.966648 -18.713375 4.714778
v -227.473183 -17.048334 4.714778
v -227.471504 -17.047827 4.714778
v -227.469845 -17.047322 4.714778
v -217.392006 -14.684482 4.714778
v -218.034210 -14.687575 4.714778
v -218.153305 -14.682695 4.714778
v -218.871975 -14.611609 4.714778
v -218.940678 -14.600728 4.714778
v -219.666862 -14.434454 4.714778
v -220.038033 -14.297049 4.714778
v -220.383682 -14.117575 4.714778
v -221.772156 -13.068254 4.714778
v -221.771107 -13.066866 4.714778
v -221.770058 -13.065479 4.714778
v -215.005760 -5.230305 4.714778
v -215.523491 -5.610278 4.714778
v -215.622711 -5.676332 4.714778
v -216.245918 -6.041245 4.714778
v -216.307888 -6.072825 4.714778
v -216.993141 -6.365155 4.714778
v -217.374172 -6.472161 4.714778
v -217.759304 -6.530126 4.714778
v -219.499321 -6.493853 4.714778
v -219.499340 -6.495592 4.714778
v -219.499378 -6.497331 4.714778
v -218.632278 3.820885 4.714778
v -218.827782 3.209170 4.714778
v -218.869228 3.097411 4.714778
v -219.158916 2.435883 4.714778
v -219.190502 2.373904 4.714778
v -219.573040 1.734632 4.714778
v -219.818420 1.424087 4.714778
v -220.095921 1.150822 4.714778
v -221.522942 0.154566 4.714778
v -221.523933 0.155992 4.714778
v -221.524925 0.157418 4.714778
v -226.886349 9.011841 4.714778
v -226.684971 8.402039 4.714778
v -226.652794 8.287262 4.714778
v -226.498318 7.581801 4.714778
v -226.487446 7.513097 4.714778
v -226.421165 6.771063 4.714778
v -226.437149 6.375595 4.714778
v -226.501045 5.991411 4.714778
v -227.073231 4.347775 4.714778
v -227.071571 4.347207 4.714778
v -227.069931 4.346638 4.714778
v -236.615200 8.359795 4.714778
v -236.093845 7.984828 4.714778
v -236.000347 7.910875 4.714778
v -235.460720 7.430943 4.714778
v -235.411530 7.381757 4.714778
v -234.921761 6.820391 4.714778
v -234.702244 6.491058 4.714778
v -234.528103 6.142698 4.714778
v -234.021587 4.477657 4.714778
v -234.023247 4.477150 4.714778
v -234.024925 4.476644 4.714778
v -244.102745 2.113804 4.714778
v -243.460541 2.116898 4.714778
v -243.341446 2.112017 4.714778
v -242.622795 2.040932 4.714778
v -242.554073 2.030050 4.714778
v -241.827888 1.863777 4.714778
v -241.456718 1.726371 4.714778
v -241.111069 1.546898 4.714778
v -239.722595 0.497577 4.714778
v -239.723644 0.496189 4.714778
v -239.724693 0.494801 4.714778
v -246.488991 -7.340373 4.714778
v -245.971260 -6.960400 4.714778
v -245.872040 -6.894346 4.714778
v -245.248833 -6.529432 4.714778
v -245.186863 -6.497852 4.714778
v -244.501610 -6.205522 4.714778
v -244.120579 -6.098517 4.714778
v -243.735466 -6.040550 4.714778
v -241.995430 -6.076825 4.714778
v -241.995411 -6.075085 4.714778
v -241.995373 -6.073346 4.714778
v -242.862473 -16.391563 4.714778
v -242.666969 -15.779847 4.714778
v -242.625523 -15.668088 4.714778
v -242.335835 -15.006560 4.714778
v -242.304268 -14.944581 4.714778
v -241.921711 -14.305309 4.714778
v -241.676331 -13.994764 4.714778
v -241.398830 -13.721499 4.714778
v -239.971809 -12.725242 4.714778
v -239.970818 -12.726669 4.714778
v -239.969826 -12.728095 4.714778
v -232.081261 6.636377 9.714778
v -231.902561 4.905195 9.714778
v -232.563133 5.647473 8.464023
v -232.972374 4.742441 7.214778
v -233.134575 5.546392 7.214778
v -233.701191 5.417823 5.964023
v -233.316574 6.448445 7.214778
v -235.900764 8.622547 5.964673
v -235.746460 8.506218 5.964604
v -235.390129 8.621877 6.588026
v -234.771290 8.068823 6.588026
v -235.029202 8.729516 7.214764
v -234.423904 8.161680 7.214769
v -233.724995 8.321792 8.464325
v -233.226490 7.673367 8.464047
v -232.750282 8.079216 9.714778
v -232.338047 7.376852 9.714778
v -235.541630 8.741872 6.588026
v -235.177765 8.853133 7.214764
v -234.444637 9.048699 8.464682
v -234.302216 8.918082 8.464612
v -233.265762 8.743967 9.714778
v -232.185555 7.011613 9.714778
v -232.845440 6.975777 8.463771
v -233.017540 7.329285 8.463909
v -233.894711 7.537992 7.214773
v -234.227200 7.458090 6.588026
v -235.114632 7.968162 5.964319
v -233.480415 6.859578 7.214777
v -233.669395 7.204374 7.214776
v -234.109821 6.712883 5.963770
v -233.796654 6.789857 6.588026
v -234.556122 7.370645 5.964044
v -234.315071 7.048231 5.963907
v -233.993893 7.130002 6.588026
v -238.232307 3.183816 5.964023
v -237.290916 2.865879 7.214778
v -237.767944 3.533023 7.214778
v -237.287922 3.859129 8.464023
v -236.381416 3.452224 9.714778
v -231.129570 4.958168 9.714778
v -230.662251 4.964339 7.214778
v -230.354748 4.957808 9.714778
v -229.581814 4.904119 9.714778
v -237.038307 3.041334 9.714778
v -237.665348 2.586204 9.714778
v -238.259563 2.088994 9.714778
v -239.029408 1.328508 7.214778
v -224.231319 4.952590 9.714778
v -225.104313 3.446993 9.714778
v -225.202427 4.435782 8.464023
v -226.065464 3.944138 7.214778
v -225.724144 4.689890 7.214778
v -226.258106 4.918921 5.964023
v -225.341167 5.526643 7.214778
v -226.153908 8.804480 5.964673
v -226.097450 8.619668 5.964604
v -225.741196 8.503792 6.588026
v -225.565624 7.692615 6.588026
v -225.385933 8.378730 7.214764
v -225.229988 7.563550 7.214769
v -224.570465 7.282278 8.464325
v -224.548302 6.464672 8.464047
v -223.924484 6.513101 9.714778
v -224.003811 5.702574 9.714778
v -225.793247 8.689922 6.588026
v -225.433464 8.566063 7.214764
v -224.725399 8.293355 8.464682
v -224.686966 8.103971 8.464612
v -223.950787 7.353893 9.714778
v -224.095135 5.317464 9.714778
v -224.650059 5.676340 8.463771
v -224.581490 6.063485 8.463909
v -225.168495 6.747932 7.214773
v -225.484428 6.878716 6.588026
v -225.902557 7.812987 5.964319
v -225.232048 5.955554 7.214777
v -225.182285 6.345589 7.214776
v -225.827484 6.206834 5.963770
v -225.528889 6.085033 6.588026
v -225.801926 7.001307 5.964044
v -225.796432 6.598785 5.963907
v -225.488529 6.476156 6.588026
v -231.236992 5.774896 5.964023
v -230.656033 5.784466 7.214778
v -230.076027 5.766144 8.464023
v -224.447803 3.035493 9.714778
v -224.066124 2.765805 7.214778
v -223.821182 2.579782 9.714778
v -223.227425 2.082021 9.714778
v -218.870277 -1.023703 9.714778
v -220.461521 -1.728629 9.714778
v -219.959698 -0.871012 8.464023
v -220.946903 -0.761478 7.214778
v -220.232430 -0.358776 7.214778
v -220.529785 0.140372 5.964023
v -219.430752 0.093066 7.214778
v -218.161621 3.222614 5.964673
v -218.224583 3.039913 5.964604
v -218.004456 2.736760 6.588026
v -218.339214 1.977304 6.588026
v -217.790565 2.426767 7.214764
v -218.143559 1.675616 7.214769
v -217.775307 1.060395 8.464325
v -218.237953 0.385906 8.464047
v -217.704811 0.058419 9.714778
v -218.245411 -0.550680 9.714778
v -217.937145 2.917932 6.588026
v -217.718906 2.606262 7.214764
v -217.306347 1.969444 8.464682
v -217.386570 1.793634 8.464612
v -217.231884 0.754096 9.714778
v -218.545647 -0.808560 9.714778
v -218.783646 -0.192051 8.463771
v -218.500614 0.080853 8.463909
v -218.573189 0.979606 7.214773
v -218.751926 1.271121 6.588026
v -218.541050 2.272731 5.964319
v -219.090366 0.375925 7.214777
v -218.820839 0.662218 7.214776
v -219.424381 0.929200 5.963770
v -219.254417 0.655148 6.588026
v -218.936729 1.556922 5.964044
v -219.168892 1.228042 5.963907
v -218.991852 0.947851 6.588026
v -224.054642 3.759376 5.964023
v -223.579044 3.425654 7.214778
v -223.120556 3.069903 8.464023
v -220.172272 -2.447421 9.714778
v -220.021992 -2.889958 7.214778
v -219.933186 -3.184418 9.714778
v -219.745388 -3.936124 9.714778
v -218.045902 -9.009763 9.714778
v -219.747581 -8.644759 9.714778
v -218.837490 -8.245896 8.464023
v -219.571781 -7.577021 7.214778
v -218.757057 -7.671188 7.214778
v -218.704243 -7.092580 5.964023
v -217.842903 -7.776845 7.214778
v -214.976654 -5.990966 5.964673
v -215.134964 -6.101772 5.964604
v -215.135078 -6.476406 6.588026
v -215.852318 -6.894056 6.588026
v -215.144234 -6.852924 7.214764
v -215.871334 -7.253132 7.214769
v -215.935020 -7.967309 8.464325
v -216.705780 -8.241048 8.464047
v -216.466942 -8.819364 9.714778
v -217.262306 -8.994378 9.714778
v -214.974155 -6.369396 6.588026
v -214.980774 -6.749828 7.214764
v -215.021324 -7.507513 8.464682
v -215.189552 -7.602597 8.464612
v -215.675430 -8.534525 9.714778
v -217.656803 -9.026527 9.714778
v -217.486973 -8.387872 8.463771
v -217.097588 -8.333446 8.463909
v -216.628017 -7.563682 7.214773
v -216.601276 -7.222785 6.588026
v -215.841942 -6.536416 5.964319
v -217.401257 -7.748080 7.214777
v -217.014942 -7.674883 7.214776
v -217.346287 -7.104143 5.963770
v -217.369862 -7.425767 6.588026
v -216.582794 -6.882941 5.964044
v -216.963921 -7.012557 5.963907
v -216.985397 -7.343286 6.588026
v -219.428711 -2.092883 5.964023
v -219.240074 -2.642427 7.214778
v -219.078274 -3.199723 8.464023
v -219.936066 -9.396291 9.714778
v -220.074596 -9.842642 7.214778
v -220.175838 -10.133065 9.714778
v -220.465736 -10.851589 9.714778
v -222.073040 -15.955185 9.714778
v -223.235188 -14.659671 9.714778
v -222.264462 -14.871913 8.464023
v -222.465363 -13.899186 7.214778
v -221.861572 -14.454252 7.214778
v -221.478767 -14.017193 5.964023
v -221.184120 -15.077051 7.214778
v -217.815571 -15.316986 5.964673
v -218.008766 -15.313573 5.964604
v -218.229084 -15.616591 6.588026
v -219.054813 -15.532906 6.588026
v -218.457794 -15.915816 7.214764
v -219.281273 -15.812216 7.214769
v -219.752579 -16.352556 8.464325
v -220.537014 -16.120989 8.464047
v -220.683727 -16.729234 9.714778
v -221.430073 -16.403315 9.714778
v -218.035965 -15.624616 6.588026
v -218.264942 -15.928500 7.214764
v -218.743095 -16.517642 8.464682
v -218.935108 -16.495680 8.464612
v -219.875965 -16.964033 9.714778
v -221.768112 -16.197455 9.714778
v -221.255322 -15.780596 8.463771
v -220.908318 -15.965439 8.463909
v -220.075970 -15.618687 7.214773
v -219.853954 -15.358618 6.588026
v -218.836212 -15.249661 5.964319
v -220.809917 -15.313368 7.214777
v -220.454369 -15.481225 7.214776
v -220.386944 -14.824730 5.963770
v -220.595055 -15.071077 6.588026
v -219.639244 -15.094540 5.964044
v -220.023766 -14.975383 5.963907
v -220.235558 -15.230322 6.588026
v -219.126110 -9.546518 5.964023
v -219.296532 -10.101978 7.214778
v -219.493198 -10.647949 8.464023
v -223.829403 -15.156882 9.714778
v -224.203854 -15.436556 7.214778
v -224.456444 -15.612011 9.714778
v -225.113335 -16.022902 9.714778
v -229.413490 -19.207054 9.714778
v -229.592190 -17.475872 9.714778
v -228.931618 -18.218151 8.464023
v -228.522377 -17.313118 7.214778
v -228.360176 -18.117069 7.214778
v -227.793579 -17.988501 5.964023
v -228.178177 -19.019121 7.214778
v -225.593987 -21.193223 5.964673
v -225.748291 -21.076894 5.964604
v -226.104622 -21.192555 6.588026
v -226.723461 -20.639501 6.588026
v -226.465549 -21.300194 7.214764
v -227.070847 -20.732358 7.214769
v -227.769756 -20.892470 8.464325
v -228.268280 -20.244043 8.464047
v -228.744469 -20.649893 9.714778
v -229.156704 -19.947529 9.714778
v -225.953121 -21.312549 6.588026
v -226.316986 -21.423812 7.214764
v -227.050114 -21.619377 8.464682
v -227.192535 -21.488757 8.464612
v -228.228989 -21.314645 9.714778
v -229.309196 -19.582288 9.714778
v -228.649311 -19.546454 8.463771
v -228.477211 -19.899962 8.463909
v -227.600040 -20.108669 7.214773
v -227.267570 -20.028768 6.588026
v -226.380119 -20.538840 5.964319
v -228.014355 -19.430256 7.214777
v -227.825356 -19.775051 7.214776
v -227.384930 -19.283559 5.963770
v -227.698097 -19.360533 6.588026
v -226.938629 -19.941323 5.964044
v -227.179680 -19.618908 5.963907
v -227.500858 -19.700680 6.588026
v -223.262444 -15.754492 5.964023
v -223.726807 -16.103700 7.214778
v -224.206829 -16.429806 8.464023
v -230.365181 -17.528845 9.714778
v -230.832500 -17.535017 7.214778
v -231.140003 -17.528486 9.714778
v -231.912956 -17.474797 9.714778
v -237.263432 -17.523267 9.714778
v -236.390438 -16.017669 9.714778
v -236.292324 -17.006460 8.464023
v -235.429287 -16.514814 7.214778
v -235.770607 -17.260567 7.214778
v -235.236645 -17.489599 5.964023
v -236.153584 -18.097321 7.214778
v -235.340843 -21.375155 5.964673
v -235.397301 -21.190345 5.964604
v -235.753555 -21.074469 6.588026
v -235.929146 -20.263293 6.588026
v -236.108818 -20.949407 7.214764
v -236.264763 -20.134227 7.214769
v -236.924286 -19.852955 8.464325
v -236.946449 -19.035349 8.464047
v -237.570267 -19.083779 9.714778
v -237.490940 -18.273251 9.714778
v -235.701523 -21.260600 6.588026
v -236.061287 -21.136739 7.214764
v -236.769352 -20.864034 8.464682
v -236.807804 -20.674648 8.464612
v -237.543964 -19.924570 9.714778
v -237.399616 -17.888142 9.714778
v -236.844692 -18.247017 8.463771
v -236.913261 -18.634161 8.463909
v -236.326275 -19.318609 7.214773
v -236.010323 -19.449394 6.588026
v -235.592194 -20.383666 5.964319
v -236.262703 -18.526232 7.214777
v -236.312466 -18.916266 7.214776
v -235.667267 -18.777511 5.963770
v -235.965862 -18.655710 6.588026
v -235.692825 -19.571985 5.964044
v -235.698318 -19.169462 5.963907
v -236.006222 -19.046834 6.588026
v -230.257778 -18.345573 5.964023
v -230.838718 -18.355144 7.214778
v -231.418724 -18.336823 8.464023
v -237.046947 -15.606171 9.714778
v -237.428627 -15.336483 7.214778
v -237.673569 -15.150459 9.714778
v -238.267326 -14.652698 9.714778
v -242.624474 -11.546974 9.714778
v -241.033230 -10.842049 9.714778
v -241.535053 -11.699665 8.464023
v -240.547867 -11.809199 7.214778
v -241.262341 -12.211902 7.214778
v -240.964966 -12.711051 5.964023
v -242.063999 -12.663743 7.214778
v -243.333130 -15.793293 5.964673
v -243.270187 -15.610590 5.964604
v -243.490295 -15.307438 6.588026
v -243.155537 -14.547981 6.588026
v -243.704185 -14.997444 7.214764
v -243.351192 -14.246294 7.214769
v -243.719444 -13.631072 8.464325
v -243.256798 -12.956583 8.464047
v -243.789940 -12.629097 9.714778
v -243.249340 -12.019998 9.714778
v -243.557606 -15.488608 6.588026
v -243.775845 -15.176940 7.214764
v -244.188404 -14.540122 8.464682
v -244.108181 -14.364312 8.464612
v -244.262886 -13.324773 9.714778
v -242.949104 -11.762117 9.714778
v -242.711105 -12.378626 8.463771
v -242.994137 -12.651532 8.463909
v -242.921562 -13.550284 7.214773
v -242.742825 -13.841798 6.588026
v -242.953701 -14.843409 5.964319
v -242.404385 -12.946603 7.214777
v -242.673912 -13.232896 7.214776
v -242.070370 -13.499877 5.963770
v -242.240353 -13.225825 6.588026
v -242.558022 -14.127599 5.964044
v -242.325878 -13.798720 5.963907
v -242.502899 -13.518529 6.588026
v -237.440109 -16.330054 5.964023
v -237.915726 -15.996331 7.214778
v -238.374214 -15.640581 8.464023
v -241.322479 -10.123255 9.714778
v -241.472759 -9.680719 7.214778
v -241.561565 -9.386259 9.714778
v -241.749363 -8.634553 9.714778
v -243.448849 -3.560914 9.714778
v -241.747169 -3.925918 9.714778
v -242.657261 -4.324782 8.464023
v -241.922970 -4.993657 7.214778
v -242.737694 -4.899490 7.214778
v -242.790527 -5.478098 5.964023
v -243.651848 -4.793833 7.214778
v -246.518097 -6.579711 5.964673
v -246.359787 -6.468905 5.964604
v -246.359673 -6.094271 6.588026
v -245.642452 -5.676621 6.588026
v -246.350517 -5.717753 7.214764
v -245.623417 -5.317546 7.214769
v -245.559731 -4.603368 8.464325
v -244.788990 -4.329630 8.464047
v -245.027809 -3.751313 9.714778
v -244.232445 -3.576300 9.714778
v -246.520615 -6.201282 6.588026
v -246.513996 -5.820849 7.214764
v -246.473427 -5.063165 8.464682
v -246.305199 -4.968081 8.464612
v -245.819321 -4.036152 9.714778
v -243.837948 -3.544150 9.714778
v -244.007778 -4.182806 8.463771
v -244.397163 -4.237231 8.463909
v -244.866734 -5.006995 7.214773
v -244.893475 -5.347892 6.588026
v -245.652809 -6.034261 5.964319
v -244.093494 -4.822598 7.214777
v -244.479809 -4.895794 7.214776
v -244.148464 -5.466534 5.963770
v -244.124908 -5.144910 6.588026
v -244.911957 -5.687737 5.964044
v -244.530830 -5.558120 5.963907
v -244.509354 -5.227392 6.588026
v -245.821400 -8.520541 9.714778
v -246.285763 -8.998462 8.464718
v -246.137276 -9.742567 7.214793
v -246.049442 -10.112733 6.588125
v -245.953217 -10.478773 5.964710
v -245.203667 -10.380943 6.588125
v -245.101204 -10.726848 5.964409
v -244.654274 -10.500653 6.588125
v -244.549046 -10.833483 5.964226
v -244.099102 -10.570153 6.588125
v -243.992329 -10.889750 5.964043
v -243.553753 -10.575693 6.588125
v -243.446980 -10.882248 5.963859
v -243.131981 -10.205986 7.214778
v -243.653526 -10.265552 7.214779
v -243.451366 -8.997978 9.714778
v -243.829918 -9.640864 8.463861
v -243.840485 -9.014381 9.714778
v -244.234943 -8.981866 9.714778
v -244.373474 -9.595935 8.464046
v -245.030155 -8.806114 9.714778
v -244.922199 -9.486439 8.464230
v -245.461540 -9.327247 8.464416
v -245.298214 -10.031075 7.214788
v -244.751892 -10.163987 7.214785
v -244.198570 -10.246850 7.214782
v -242.066040 -10.477794 5.964023
v -242.254677 -9.928250 7.214778
v -242.416477 -9.370953 8.464023
v -241.558685 -3.174387 9.714778
v -241.420155 -2.728036 7.214778
v -241.318932 -2.437612 9.714778
v -241.029015 -1.719088 9.714778
v -239.421711 3.384508 9.714778
v -239.230289 2.301235 8.464023
v -239.633179 1.883574 7.214778
v -240.016003 1.446515 5.964023
v -240.310631 2.506374 7.214778
v -243.679180 2.746309 5.964673
v -243.485985 2.742896 5.964604
v -243.265686 3.045914 6.588026
v -242.439957 2.962229 6.588026
v -243.036957 3.345139 7.214764
v -242.213478 3.241539 7.214769
v -241.742172 3.781880 8.464325
v -240.957737 3.550311 8.464047
v -240.811024 4.158558 9.714778
v -240.064678 3.832638 9.714778
v -243.458786 3.053938 6.588026
v -243.229809 3.357822 7.214764
v -242.751656 3.946963 8.464682
v -242.559643 3.925002 8.464612
v -241.618786 4.393357 9.714778
v -239.726639 3.626776 9.714778
v -240.239449 3.209918 8.463771
v -240.586433 3.394762 8.463909
v -241.418781 3.048009 7.214773
v -241.640797 2.787941 6.588026
v -242.658558 2.678984 5.964319
v -240.684834 2.742690 7.214777
v -241.040382 2.910548 7.214776
v -241.107807 2.254053 5.963770
v -240.899696 2.500400 6.588026
v -241.855507 2.523862 5.964044
v -241.470985 2.404706 5.963907
v -241.259193 2.659645 6.588026
v -242.368641 -3.024159 5.964023
v -242.198219 -2.468700 7.214778
v -242.001553 -1.922728 8.464023
usemtl 156,156,156
f 1 2 3
f 3 2 4
f 3 4 5
f 5 4 6
f 5 6 7
f 7 6 8
f 8 6 9
f 9 6 10
f 10 6 11
f 11 6 12
f 11 12 13
f 13 12 14
f 2 1 15
f 15 1 16
f 15 16 17
f 17 16 18
f 17 18 19
f 19 18 20
f 20 18 21
f 21 18 22
f 3 5 23
f 23 5 24
f 23 24 25
f 23 25 26
f 26 25 27
f 26 27 28
f 29 30 31
f 31 30 32
f 31 32 33
f 33 32 34
f 33 34 35
f 35 34 36
f 36 34 37
f 37 34 38
f 38 34 39
f 39 34 40
f 39 40 41
f 41 40 42
f 30 29 43
f 43 29 44
f 43 44 45
f 45 44 46
f 45 46 47
f 47 46 48
f 48 46 49
f 49 46 50
f 31 33 51
f 51 33 52
f 51 52 53
f 51 53 54
f 54 53 55
f 54 55 56
f 57 58 59
f 59 58 60
f 59 60 61
f 61 60 62
f 61 62 63
f 63 62 64
f 64 62 65
f 65 62 66
f 66 62 67
f 67 62 68
f 67 68 69
f 69 68 70
f 58 57 71
f 71 57 72
f 71 72 73
f 73 72 74
f 73 74 75
f 75 74 76
f 76 74 77
f 77 74 78
f 59 61 79
f 79 61 80
f 79 80 81
f 79 81 82
f 82 81 83
f 82 83 84
f 85 86 87
f 87 86 88
f 87 88 89
f 89 88 90
f 89 90 91
f 91 90 92
f 92 90 93
f 93 90 94
f 94 90 95
f 95 90 96
f 95 96 97
f 97 96 98
f 86 85 99
f 99 85 100
f 99 100 101
f 101 100 102
f 101 102 103
f 103 102 104
f 104 102 105
f 105 102 106
f 87 89 107
f 107 89 108
f 107 108 109
f 107 109 110
f 110 109 111
f 110 111 112
f 113 114 115
f 115 114 116
f 115 116 117
f 117 116 118
f 117 118 119
f 119 118 120
f 120 118 121
f 121 118 122
f 122 118 123
f 123 118 124
f 123 124 125
f 125 124 126
f 114 113 127
f 127 113 128
f 127 128 129
f 129 128 130
f 129 130 131
f 131 130 132
f 132 130 133
f 133 130 134
f 115 117 135
f 135 117 136
f 135 136 137
f 135 137 138
f 138 137 139
f 138 139 140
f 141 142 143
f 143 142 144
f 143 144 145
f 145 144 146
f 145 146 147
f 147 146 148
f 148 146 149
f 149 146 150
f 150 146 151
f 151 146 152
f 151 152 153
f 153 152 154
f 142 141 155
f 155 141 156
f 155 156 157
f 157 156 158
f 157 158 159
f 159 158 160
f 160 158 161
f 161 158 162
f 143 145 163
f 163 145 164
f 163 164 165
f 163 165 166
f 166 165 167
f 166 167 168
f 169 170 171
f 171 170 172
f 171 172 173
f 173 172 174
f 173 174 175
f 175 174 176
f 176 174 177
f 177 174 178
f 178 174 179
f 179 174 180
f 179 180 181
f 181 180 182
f 170 169 183
f 183 169 184
f 183 184 185
f 185 184 186
f 185 186 187
f 187 186 188
f 188 186 189
f 189 186 190
f 171 173 191
f 191 173 192
f 191 192 193
f 191 193 194
f 194 193 195
f 194 195 196
f 197 198 199
f 199 198 200
f 199 200 201
f 201 200 202
f 201 202 203
f 203 202 204
f 204 202 205
f 205 202 206
f 206 202 207
f 207 202 208
f 207 208 209
f 209 208 210
f 198 197 211
f 211 197 212
f 211 212 213
f 213 212 214
f 213 214 215
f 215 214 216
f 216 214 217
f 217 214 218
f 199 201 219
f 219 201 220
f 219 220 221
f 219 221 222
f 222 221 223
f 222 223 224
f 225 226 227
f 227 226 228
f 227 228 229
f 229 228 230
f 229 230 231
f 231 230 232
f 232 230 233
f 233 230 234
f 234 230 235
f 235 230 236
f 235 236 237
f 237 236 238
f 226 225 239
f 239 225 240
f 239 240 241
f 241 240 242
f 241 242 243
f 243 242 244
f 244 242 245
f 245 242 246
f 227 229 247
f 247 229 248
f 247 248 249
f 247 249 250
f 250 249 251
f 250 251 252
f 253 254 255
f 255 254 256
f 255 256 257
f 257 256 258
f 257 258 259
f 259 258 260
f 260 258 261
f 261 258 262
f 262 258 263
f 263 258 264
f 263 264 265
f 265 264 266
f 254 253 267
f 267 253 268
f 267 268 269
f 269 268 270
f 269 270 271
f 271 270 272
f 272 270 273
f 273 270 274
f 255 257 275
f 275 257 276
f 275 276 277
f 275 277 278
f 278 277 279
f 278 279 280
f 281 256 282
f 282 256 254
f 282 254 267
f 282 267 283
f 283 267 269
f 283 269 284
f 284 269 285
f 284 285 286
f 286 285 287
f 286 287 288
f 288 287 289
f 288 289 290
f 290 289 291
f 290 291 292
f 292 291 293
f 292 293 294
f 294 293 295
f 294 295 296
f 269 271 285
f 285 271 297
f 285 297 287
f 287 297 298
f 287 298 289
f 289 298 291
f 298 299 291
f 291 299 293
f 299 295 293
f 292 294 300
f 300 294 301
f 300 301 302
f 302 301 303
f 302 303 304
f 302 304 305
f 305 304 306
f 305 306 307
f 307 306 308
f 307 308 309
f 309 308 283
f 309 283 284
f 306 281 308
f 308 281 282
f 308 282 283
f 290 292 300
f 305 307 310
f 310 307 309
f 310 309 286
f 286 309 284
f 302 305 311
f 311 305 310
f 311 310 288
f 288 310 286
f 290 300 311
f 311 300 302
f 290 311 288
f 271 272 297
f 297 272 273
f 297 273 274
f 274 312 297
f 297 312 298
f 298 312 313
f 298 313 299
f 299 313 314
f 299 314 295
f 295 314 315
f 295 315 296
f 296 315 316
f 296 316 317
f 317 316 318
f 318 316 319
f 319 316 320
f 270 321 274
f 274 321 322
f 274 322 312
f 312 322 323
f 312 323 324
f 324 323 325
f 324 325 326
f 326 325 327
f 326 327 328
f 328 327 329
f 328 329 330
f 330 329 331
f 330 331 332
f 270 268 321
f 321 268 333
f 321 333 322
f 322 333 334
f 322 334 323
f 323 334 325
f 333 268 335
f 335 268 253
f 335 253 336
f 336 253 255
f 336 255 337
f 338 339 337
f 337 339 340
f 337 340 336
f 336 340 335
f 331 329 338
f 338 329 341
f 338 341 339
f 339 341 342
f 339 342 343
f 343 342 334
f 343 334 333
f 332 344 330
f 330 344 345
f 330 345 346
f 346 345 347
f 346 347 348
f 348 347 349
f 348 349 350
f 350 349 314
f 350 314 313
f 316 315 345
f 345 315 349
f 345 349 347
f 315 314 349
f 350 313 324
f 324 313 312
f 328 330 346
f 348 350 326
f 326 350 324
f 343 333 335
f 327 325 342
f 342 325 334
f 346 348 328
f 328 348 326
f 339 343 340
f 340 343 335
f 329 327 341
f 341 327 342
f 351 228 352
f 352 228 226
f 352 226 239
f 352 239 353
f 353 239 241
f 353 241 354
f 354 241 355
f 354 355 356
f 356 355 357
f 356 357 358
f 358 357 359
f 358 359 360
f 360 359 361
f 360 361 362
f 362 361 363
f 362 363 364
f 364 363 365
f 364 365 366
f 241 243 355
f 355 243 367
f 355 367 357
f 357 367 368
f 357 368 359
f 359 368 361
f 368 369 361
f 361 369 363
f 369 365 363
f 362 364 370
f 370 364 371
f 370 371 372
f 372 371 373
f 372 373 374
f 372 374 375
f 375 374 376
f 375 376 377
f 377 376 378
f 377 378 379
f 379 378 353
f 379 353 354
f 376 351 378
f 378 351 352
f 378 352 353
f 360 362 370
f 375 377 380
f 380 377 379
f 380 379 356
f 356 379 354
f 372 375 381
f 381 375 380
f 381 380 358
f 358 380 356
f 360 370 381
f 381 370 372
f 360 381 358
f 243 244 367
f 367 244 245
f 367 245 246
f 246 382 367
f 367 382 383
f 367 383 368
f 368 383 384
f 368 384 369
f 369 384 385
f 369 385 365
f 365 385 386
f 365 386 366
f 366 386 387
f 366 387 388
f 388 389 366
f 366 389 390
f 242 391 246
f 246 391 392
f 246 392 382
f 382 392 393
f 382 393 394
f 394 393 395
f 394 395 396
f 396 395 397
f 396 397 398
f 398 397 399
f 398 399 400
f 400 399 401
f 400 401 402
f 242 240 391
f 391 240 403
f 391 403 392
f 392 403 404
f 392 404 393
f 393 404 395
f 403 240 405
f 405 240 225
f 405 225 406
f 406 225 227
f 406 227 407
f 408 409 407
f 407 409 410
f 407 410 406
f 406 410 405
f 401 399 408
f 408 399 411
f 408 411 409
f 409 411 412
f 409 412 413
f 413 412 404
f 413 404 403
f 402 414 400
f 400 414 415
f 400 415 416
f 416 415 417
f 416 417 418
f 418 417 419
f 418 419 420
f 420 419 384
f 420 384 383
f 386 385 415
f 415 385 419
f 415 419 417
f 385 384 419
f 420 383 394
f 394 383 382
f 398 400 416
f 418 420 396
f 396 420 394
f 413 403 405
f 397 395 412
f 412 395 404
f 416 418 398
f 398 418 396
f 409 413 410
f 410 413 405
f 399 397 411
f 411 397 412
f 421 200 422
f 422 200 198
f 422 198 211
f 422 211 423
f 423 211 213
f 423 213 424
f 424 213 425
f 424 425 426
f 426 425 427
f 426 427 428
f 428 427 429
f 428 429 430
f 430 429 431
f 430 431 432
f 432 431 433
f 432 433 434
f 434 433 435
f 434 435 436
f 213 215 425
f 425 215 437
f 425 437 427
f 427 437 438
f 427 438 429
f 429 438 431
f 438 439 431
f 431 439 433
f 439 435 433
f 432 434 440
f 440 434 441
f 440 441 442
f 442 441 443
f 442 443 444
f 442 444 445
f 445 444 446
f 445 446 447
f 447 446 448
f 447 448 449
f 449 448 423
f 449 423 424
f 446 421 448
f 448 421 422
f 448 422 423
f 430 432 440
f 445 447 450
f 450 447 449
f 450 449 426
f 426 449 424
f 442 445 451
f 451 445 450
f 451 450 428
f 428 450 426
f 430 440 451
f 451 440 442
f 430 451 428
f 215 216 437
f 437 216 217
f 437 217 218
f 218 452 437
f 437 452 438
f 438 452 453
f 438 453 439
f 439 453 454
f 439 454 435
f 435 454 455
f 435 455 436
f 436 455 456
f 436 456 457
f 457 458 436
f 436 458 459
f 436 459 460
f 214 461 218
f 218 461 462
f 218 462 452
f 452 462 463
f 452 463 464
f 464 463 465
f 464 465 466
f 466 465 467
f 466 467 468
f 468 467 469
f 468 469 470
f 470 469 471
f 470 471 472
f 214 212 461
f 461 212 473
f 461 473 462
f 462 473 474
f 462 474 463
f 463 474 465
f 473 212 475
f 475 212 197
f 475 197 476
f 476 197 199
f 476 199 477
f 478 479 477
f 477 479 480
f 477 480 476
f 476 480 475
f 471 469 478
f 478 469 481
f 478 481 479
f 479 481 482
f 479 482 483
f 483 482 474
f 483 474 473
f 472 484 470
f 470 484 485
f 470 485 486
f 486 485 487
f 486 487 488
f 488 487 489
f 488 489 490
f 490 489 454
f 490 454 453
f 456 455 485
f 485 455 489
f 485 489 487
f 455 454 489
f 490 453 464
f 464 453 452
f 468 470 486
f 488 490 466
f 466 490 464
f 483 473 475
f 467 465 482
f 482 465 474
f 486 488 468
f 468 488 466
f 479 483 480
f 480 483 475
f 469 467 481
f 481 467 482
f 491 172 492
f 492 172 170
f 492 170 183
f 492 183 493
f 493 183 185
f 493 185 494
f 494 185 495
f 494 495 496
f 496 495 497
f 496 497 498
f 498 497 499
f 498 499 500
f 500 499 501
f 500 501 502
f 502 501 503
f 502 503 504
f 504 503 505
f 504 505 506
f 185 187 495
f 495 187 507
f 495 507 497
f 497 507 508
f 497 508 499
f 499 508 501
f 508 509 501
f 501 509 503
f 509 505 503
f 502 504 510
f 510 504 511
f 510 511 512
f 512 511 513
f 512 513 514
f 512 514 515
f 515 514 516
f 515 516 517
f 517 516 518
f 517 518 519
f 519 518 493
f 519 493 494
f 516 491 518
f 518 491 492
f 518 492 493
f 500 502 510
f 515 517 520
f 520 517 519
f 520 519 496
f 496 519 494
f 512 515 521
f 521 515 520
f 521 520 498
f 498 520 496
f 500 510 521
f 521 510 512
f 500 521 498
f 187 188 507
f 507 188 189
f 507 189 190
f 190 522 507
f 507 522 508
f 508 522 523
f 508 523 509
f 509 523 524
f 509 524 505
f 505 524 525
f 505 525 506
f 506 525 526
f 506 526 527
f 527 528 506
f 506 528 529
f 506 529 530
f 186 531 190
f 190 531 532
f 190 532 522
f 522 532 533
f 522 533 534
f 534 533 535
f 534 535 536
f 536 535 537
f 536 537 538
f 538 537 539
f 538 539 540
f 540 539 541
f 540 541 542
f 186 184 531
f 531 184 543
f 531 543 532
f 532 543 544
f 532 544 533
f 533 544 535
f 543 184 545
f 545 184 169
f 545 169 546
f 546 169 171
f 546 171 547
f 548 549 547
f 547 549 550
f 547 550 546
f 546 550 545
f 541 539 548
f 548 539 551
f 548 551 549
f 549 551 552
f 549 552 553
f 553 552 544
f 553 544 543
f 542 554 540
f 540 554 555
f 540 555 556
f 556 555 557
f 556 557 558
f 558 557 559
f 558 559 560
f 560 559 524
f 560 524 523
f 526 525 555
f 555 525 559
f 555 559 557
f 525 524 559
f 560 523 534
f 534 523 522
f 538 540 556
f 558 560 536
f 536 560 534
f 553 543 545
f 537 535 552
f 552 535 544
f 556 558 538
f 538 558 536
f 549 553 550
f 550 553 545
f 539 537 551
f 551 537 552
f 159 160 561
f 561 160 161
f 561 161 162
f 162 562 561
f 561 562 563
f 563 562 564
f 563 564 565
f 565 564 566
f 565 566 567
f 565 567 568
f 568 567 569
f 568 569 570
f 570 569 571
f 570 571 572
f 572 573 570
f 570 573 574
f 158 575 162
f 162 575 576
f 162 576 562
f 562 576 577
f 562 577 578
f 578 577 579
f 578 579 580
f 580 579 581
f 580 581 582
f 582 581 583
f 582 583 584
f 584 583 585
f 584 585 586
f 158 156 575
f 575 156 587
f 575 587 576
f 576 587 588
f 576 588 577
f 577 588 579
f 587 156 589
f 589 156 141
f 589 141 590
f 590 141 143
f 590 143 591
f 592 593 591
f 591 593 594
f 591 594 590
f 590 594 589
f 585 583 592
f 592 583 595
f 592 595 593
f 593 595 596
f 593 596 597
f 597 596 588
f 597 588 587
f 586 598 584
f 584 598 599
f 584 599 600
f 600 599 601
f 600 601 602
f 602 601 603
f 602 603 604
f 604 603 566
f 604 566 564
f 569 567 599
f 599 567 603
f 599 603 601
f 567 566 603
f 604 564 578
f 578 564 562
f 582 584 600
f 602 604 580
f 580 604 578
f 597 587 589
f 581 579 596
f 596 579 588
f 600 602 582
f 582 602 580
f 593 597 594
f 594 597 589
f 583 581 595
f 595 581 596
f 605 116 606
f 606 116 114
f 606 114 127
f 606 127 607
f 607 127 129
f 607 129 608
f 608 129 609
f 608 609 610
f 610 609 611
f 610 611 612
f 612 611 613
f 612 613 614
f 614 613 615
f 614 615 616
f 616 615 617
f 616 617 618
f 618 617 619
f 618 619 620
f 129 131 609
f 609 131 621
f 609 621 611
f 611 621 622
f 611 622 613
f 613 622 615
f 622 623 615
f 615 623 617
f 623 619 617
f 616 618 624
f 624 618 625
f 624 625 626
f 626 625 627
f 626 627 628
f 626 628 629
f 629 628 630
f 629 630 631
f 631 630 632
f 631 632 633
f 633 632 607
f 633 607 608
f 630 605 632
f 632 605 606
f 632 606 607
f 614 616 624
f 629 631 634
f 634 631 633
f 634 633 610
f 610 633 608
f 626 629 635
f 635 629 634
f 635 634 612
f 612 634 610
f 614 624 635
f 635 624 626
f 614 635 612
f 131 132 621
f 621 132 133
f 621 133 134
f 134 636 621
f 621 636 622
f 622 636 637
f 622 637 623
f 623 637 638
f 623 638 619
f 619 638 639
f 619 639 620
f 620 639 640
f 620 640 641
f 641 640 642
f 642 640 643
f 643 640 644
f 130 645 134
f 134 645 646
f 134 646 636
f 636 646 647
f 636 647 648
f 648 647 649
f 648 649 650
f 650 649 651
f 650 651 652
f 652 651 653
f 652 653 654
f 654 653 655
f 654 655 656
f 130 128 645
f 645 128 657
f 645 657 646
f 646 657 658
f 646 658 647
f 647 658 649
f 657 128 659
f 659 128 113
f 659 113 660
f 660 113 115
f 660 115 661
f 662 663 661
f 661 663 664
f 661 664 660
f 660 664 659
f 655 653 662
f 662 653 665
f 662 665 663
f 663 665 666
f 663 666 667
f 667 666 658
f 667 658 657
f 656 668 654
f 654 668 669
f 654 669 670
f 670 669 671
f 670 671 672
f 672 671 673
f 672 673 674
f 674 673 638
f 674 638 637
f 640 639 669
f 669 639 673
f 669 673 671
f 639 638 673
f 674 637 648
f 648 637 636
f 652 654 670
f 672 674 650
f 650 674 648
f 667 657 659
f 651 649 666
f 666 649 658
f 670 672 652
f 652 672 650
f 663 667 664
f 664 667 659
f 653 651 665
f 665 651 666
f 675 88 676
f 676 88 86
f 676 86 99
f 676 99 677
f 677 99 101
f 677 101 678
f 678 101 679
f 678 679 680
f 680 679 681
f 680 681 682
f 682 681 683
f 682 683 684
f 684 683 685
f 684 685 686
f 686 685 687
f 686 687 688
f 688 687 689
f 688 689 690
f 101 103 679
f 679 103 691
f 679 691 681
f 681 691 692
f 681 692 683
f 683 692 685
f 692 693 685
f 685 693 687
f 693 689 687
f 686 688 694
f 694 688 695
f 694 695 696
f 696 695 697
f 696 697 698
f 696 698 699
f 699 698 700
f 699 700 701
f 701 700 702
f 701 702 703
f 703 702 677
f 703 677 678
f 700 675 702
f 702 675 676
f 702 676 677
f 684 686 694
f 699 701 704
f 704 701 703
f 704 703 680
f 680 703 678
f 696 699 705
f 705 699 704
f 705 704 682
f 682 704 680
f 684 694 705
f 705 694 696
f 684 705 682
f 103 104 691
f 691 104 105
f 691 105 106
f 106 706 691
f 691 706 707
f 691 707 692
f 692 707 708
f 692 708 693
f 693 708 709
f 693 709 689
f 689 709 710
f 689 710 690
f 690 710 711
f 690 711 712
f 712 713 690
f 690 713 714
f 102 715 106
f 106 715 716
f 106 716 706
f 706 716 717
f 706 717 718
f 718 717 719
f 718 719 720
f 720 719 721
f 720 721 722
f 722 721 723
f 722 723 724
f 724 723 725
f 724 725 726
f 102 100 715
f 715 100 727
f 715 727 716
f 716 727 728
f 716 728 717
f 717 728 719
f 727 100 729
f 729 100 85
f 729 85 730
f 730 85 87
f 730 87 731
f 732 733 731
f 731 733 734
f 731 734 730
f 730 734 729
f 725 723 732
f 732 723 735
f 732 735 733
f 733 735 736
f 733 736 737
f 737 736 728
f 737 728 727
f 726 738 724
f 724 738 739
f 724 739 740
f 740 739 741
f 740 741 742
f 742 741 743
f 742 743 744
f 744 743 708
f 744 708 707
f 710 709 739
f 739 709 743
f 739 743 741
f 709 708 743
f 744 707 718
f 718 707 706
f 722 724 740
f 742 744 720
f 720 744 718
f 737 727 729
f 721 719 736
f 736 719 728
f 740 742 722
f 722 742 720
f 733 737 734
f 734 737 729
f 723 721 735
f 735 721 736
f 745 60 746
f 746 60 58
f 746 58 71
f 746 71 747
f 747 71 73
f 747 73 748
f 748 73 749
f 748 749 750
f 750 749 751
f 750 751 752
f 752 751 753
f 752 753 754
f 754 753 755
f 754 755 756
f 756 755 757
f 756 757 758
f 758 757 759
f 758 759 760
f 73 75 749
f 749 75 761
f 749 761 751
f 751 761 762
f 751 762 753
f 753 762 755
f 762 763 755
f 755 763 757
f 763 759 757
f 756 758 764
f 764 758 765
f 764 765 766
f 766 765 767
f 766 767 768
f 766 768 769
f 769 768 770
f 769 770 771
f 771 770 772
f 771 772 773
f 773 772 747
f 773 747 748
f 770 745 772
f 772 745 746
f 772 746 747
f 754 756 764
f 769 771 774
f 774 771 773
f 774 773 750
f 750 773 748
f 766 769 775
f 775 769 774
f 775 774 752
f 752 774 750
f 754 764 775
f 775 764 766
f 754 775 752
f 75 76 761
f 761 76 77
f 761 77 78
f 78 776 761
f 761 776 762
f 762 776 777
f 762 777 763
f 763 777 778
f 763 778 759
f 759 778 779
f 759 779 760
f 760 779 780
f 760 780 781
f 781 782 760
f 760 782 783
f 760 783 784
f 74 785 78
f 78 785 786
f 78 786 776
f 776 786 787
f 776 787 788
f 788 787 789
f 788 789 790
f 790 789 791
f 790 791 792
f 792 791 793
f 792 793 794
f 794 793 795
f 794 795 796
f 74 72 785
f 785 72 797
f 785 797 786
f 786 797 798
f 786 798 787
f 787 798 789
f 797 72 799
f 799 72 57
f 799 57 800
f 800 57 59
f 800 59 801
f 802 803 801
f 801 803 804
f 801 804 800
f 800 804 799
f 795 793 802
f 802 793 805
f 802 805 803
f 803 805 806
f 803 806 807
f 807 806 798
f 807 798 797
f 796 808 794
f 794 808 809
f 794 809 810
f 810 809 811
f 810 811 812
f 812 811 813
f 812 813 814
f 814 813 778
f 814 778 777
f 780 779 809
f 809 779 813
f 809 813 811
f 779 778 813
f 814 777 788
f 788 777 776
f 792 794 810
f 812 814 790
f 790 814 788
f 807 797 799
f 791 789 806
f 806 789 798
f 810 812 792
f 792 812 790
f 803 807 804
f 804 807 799
f 793 791 805
f 805 791 806
f 815 32 816
f 816 32 30
f 816 30 43
f 816 43 817
f 817 43 45
f 817 45 818
f 818 45 819
f 818 819 820
f 820 819 821
f 820 821 822
f 822 821 823
f 822 823 824
f 824 823 825
f 824 825 826
f 826 825 827
f 826 827 828
f 828 827 829
f 828 829 830
f 45 47 819
f 819 47 831
f 819 831 821
f 821 831 832
f 821 832 823
f 823 832 825
f 832 833 825
f 825 833 827
f 833 829 827
f 826 828 834
f 834 828 835
f 834 835 836
f 836 835 837
f 836 837 838
f 836 838 839
f 839 838 840
f 839 840 841
f 841 840 842
f 841 842 843
f 843 842 817
f 843 817 818
f 840 815 842
f 842 815 816
f 842 816 817
f 824 826 834
f 839 841 844
f 844 841 843
f 844 843 820
f 820 843 818
f 836 839 845
f 845 839 844
f 845 844 822
f 822 844 820
f 824 834 845
f 845 834 836
f 824 845 822
f 47 48 831
f 831 48 49
f 831 49 50
f 50 846 831
f 831 846 832
f 832 846 847
f 832 847 833
f 833 847 848
f 833 848 829
f 829 848 849
f 829 849 830
f 830 849 850
f 830 850 851
f 851 852 830
f 830 852 853
f 830 853 854
f 46 855 50
f 50 855 856
f 50 856 846
f 846 856 857
f 846 857 858
f 858 857 859
f 858 859 860
f 860 859 861
f 860 861 862
f 862 861 863
f 862 863 864
f 864 863 865
f 864 865 866
f 46 44 855
f 855 44 867
f 855 867 856
f 856 867 868
f 856 868 857
f 857 868 859
f 867 44 869
f 869 44 29
f 869 29 870
f 870 29 31
f 870 31 871
f 872 873 871
f 871 873 874
f 871 874 870
f 870 874 869
f 865 863 872
f 872 863 875
f 872 875 873
f 873 875 876
f 873 876 877
f 877 876 868
f 877 868 867
f 866 878 864
f 864 878 879
f 864 879 880
f 880 879 881
f 880 881 882
f 882 881 883
f 882 883 884
f 884 883 848
f 884 848 847
f 850 849 879
f 879 849 883
f 879 883 881
f 849 848 883
f 884 847 858
f 858 847 846
f 862 864 880
f 882 884 860
f 860 884 858
f 877 867 869
f 861 859 876
f 876 859 868
f 880 882 862
f 862 882 860
f 873 877 874
f 874 877 869
f 863 861 875
f 875 861 876
f 885 4 886
f 886 4 2
f 886 2 15
f 886 15 887
f 887 15 17
f 887 17 888
f 888 17 889
f 888 889 890
f 890 889 891
f 890 891 892
f 892 891 893
f 892 893 894
f 894 893 895
f 894 895 896
f 896 895 897
f 896 897 898
f 898 897 899
f 898 899 900
f 17 19 889
f 889 19 901
f 889 901 891
f 891 901 902
f 891 902 893
f 893 902 895
f 902 903 895
f 895 903 897
f 903 899 897
f 896 898 904
f 904 898 905
f 904 905 906
f 906 905 907
f 906 907 908
f 906 908 909
f 909 908 910
f 909 910 911
f 911 910 912
f 911 912 913
f 913 912 887
f 913 887 888
f 910 885 912
f 912 885 886
f 912 886 887
f 894 896 904
f 909 911 914
f 914 911 913
f 914 913 890
f 890 913 888
f 906 909 915
f 915 909 914
f 915 914 892
f 892 914 890
f 894 904 915
f 915 904 906
f 894 915 892
f 19 20 901
f 901 20 21
f 901 21 22
f 22 916 901
f 901 916 902
f 902 916 917
f 902 917 903
f 903 917 918
f 903 918 919
f 903 919 899
f 899 919 920
f 899 920 900
f 900 920 921
f 900 921 922
f 922 923 900
f 900 923 924
f 18 925 22
f 22 925 926
f 22 926 916
f 916 926 927
f 916 927 928
f 928 927 929
f 928 929 930
f 930 929 931
f 930 931 932
f 932 931 933
f 932 933 934
f 934 933 935
f 934 935 936
f 18 16 925
f 925 16 937
f 925 937 926
f 926 937 938
f 926 938 927
f 927 938 929
f 937 16 939
f 939 16 1
f 939 1 940
f 940 1 3
f 940 3 941
f 942 943 941
f 941 943 944
f 941 944 940
f 940 944 939
f 935 933 942
f 942 933 945
f 942 945 943
f 943 945 946
f 943 946 947
f 947 946 938
f 947 938 937
f 936 948 934
f 934 948 949
f 934 949 950
f 950 949 951
f 950 951 952
f 952 951 953
f 952 953 954
f 954 953 918
f 954 918 917
f 920 919 949
f 949 919 953
f 949 953 951
f 919 918 953
f 954 917 928
f 928 917 916
f 932 934 950
f 952 954 930
f 930 954 928
f 947 937 939
f 931 929 946
f 946 929 938
f 950 952 932
f 932 952 930
f 943 947 944
f 944 947 939
f 933 931 945
f 945 931 946
f 255 275 337
f 337 275 338
f 338 275 955
f 338 955 956
f 275 278 955
f 955 278 957
f 957 278 280
f 338 956 331
f 331 956 958
f 331 958 959
f 960 344 959
f 959 344 332
f 959 332 331
f 961 962 960
f 960 962 963
f 960 963 964
f 961 965 962
f 962 965 966
f 966 965 967
f 966 967 968
f 968 967 969
f 969 967 970
f 969 970 971
f 971 970 972
f 972 970 973
f 972 973 974
f 967 414 970
f 970 414 975
f 975 414 402
f 975 402 976
f 976 402 401
f 976 401 977
f 977 401 408
f 977 408 978
f 978 408 247
f 978 247 250
f 408 407 247
f 247 407 227
f 252 979 250
f 250 979 978
f 972 974 980
f 980 974 981
f 980 981 982
f 982 981 983
f 983 981 984
f 983 984 985
f 985 984 986
f 986 984 987
f 986 987 988
f 984 981 989
f 989 981 484
f 989 484 990
f 990 484 472
f 990 472 991
f 991 472 471
f 991 471 992
f 992 471 478
f 992 478 222
f 222 478 219
f 219 478 477
f 219 477 199
f 224 993 222
f 222 993 992
f 986 988 994
f 994 988 995
f 994 995 996
f 996 995 997
f 997 995 998
f 997 998 999
f 999 998 1000
f 1000 998 1001
f 1000 1001 1002
f 998 995 1003
f 1003 995 554
f 1003 554 1004
f 1004 554 1005
f 1005 554 542
f 1005 542 541
f 1005 541 1006
f 1006 541 548
f 1006 548 194
f 194 548 191
f 191 548 547
f 191 547 171
f 196 1007 194
f 194 1007 1006
f 1000 1002 1008
f 1008 1002 1009
f 1008 1009 1010
f 1010 1009 1011
f 1011 1009 1012
f 1011 1012 1013
f 1013 1012 1014
f 1014 1012 1015
f 1014 1015 1016
f 1016 1015 1017
f 1016 1017 1018
f 1009 598 1012
f 1012 598 1019
f 1019 598 586
f 1019 586 1020
f 1020 586 585
f 1020 585 1021
f 1021 585 1022
f 1022 585 592
f 1022 592 166
f 166 592 163
f 163 592 591
f 163 591 143
f 168 1023 166
f 166 1023 1022
f 668 1024 1018
f 1018 1024 1025
f 1018 1025 1026
f 1024 668 1027
f 1027 668 656
f 1027 656 655
f 662 1028 655
f 655 1028 1029
f 655 1029 1027
f 661 135 662
f 662 135 1030
f 662 1030 1028
f 661 115 135
f 135 138 1030
f 1030 138 1031
f 1031 138 140
f 1032 1033 1024
f 1024 1033 1034
f 1024 1034 1025
f 1033 1032 1035
f 1035 1032 1036
f 1035 1036 1037
f 738 1038 1037
f 1037 1038 1039
f 1037 1039 1040
f 1038 738 1041
f 1041 738 726
f 1041 726 1042
f 1042 726 725
f 1042 725 1043
f 1043 725 732
f 1043 732 1044
f 1044 732 107
f 1044 107 110
f 732 731 107
f 107 731 87
f 112 1045 110
f 110 1045 1044
f 1046 1047 1038
f 1038 1047 1048
f 1038 1048 1039
f 1047 1046 1049
f 1049 1046 1050
f 1049 1050 1051
f 808 1052 1051
f 1051 1052 1053
f 1051 1053 1054
f 1054 1053 1055
f 1055 1053 1056
f 1056 1053 1057
f 1056 1057 1058
f 1058 1057 1059
f 1058 1059 1060
f 1052 808 1061
f 1061 808 796
f 1061 796 1062
f 1062 796 795
f 1062 795 1063
f 1063 795 802
f 1063 802 82
f 82 802 79
f 79 802 801
f 79 801 59
f 84 1064 82
f 82 1064 1063
f 878 1065 1060
f 1060 1065 1066
f 1060 1066 1067
f 1067 1066 1068
f 1068 1066 1069
f 1069 1066 1070
f 1069 1070 1071
f 1071 1070 1072
f 1071 1072 1073
f 866 1074 878
f 878 1074 1075
f 878 1075 1065
f 866 865 1074
f 1074 865 1076
f 1076 865 872
f 1076 872 54
f 54 872 51
f 51 872 871
f 51 871 31
f 56 1077 54
f 54 1077 1076
f 948 1078 1073
f 1073 1078 1079
f 1073 1079 1080
f 1080 1079 1081
f 1081 1079 1082
f 1082 1079 1083
f 1082 1083 1084
f 948 936 1078
f 1078 936 1085
f 1085 936 935
f 1085 935 1086
f 1086 935 942
f 1086 942 1087
f 1087 942 23
f 1087 23 26
f 942 941 23
f 23 941 3
f 28 1088 26
f 26 1088 1087
f 1082 1084 1089
f 1089 1084 1090
f 1089 1090 1091
f 1091 1090 964
f 964 1090 960
f 1090 344 960
f 1080 1092 1073
f 1073 1092 1093
f 1073 1093 1071
f 1067 1094 1060
f 1060 1094 1058
f 1054 1095 1051
f 1051 1095 1049
f 1040 1035 1037
f 1026 1016 1018
f 1096 1010 1097
f 1097 1010 1011
f 1097 1011 1098
f 1098 1011 1013
f 1098 1013 1099
f 1099 1013 1014
f 1099 1014 1100
f 1100 1014 1016
f 1100 1016 1101
f 1101 1016 1026
f 1101 1026 1102
f 1102 1026 1025
f 1102 1025 1103
f 1103 1025 1034
f 1103 1034 1104
f 1104 1034 1033
f 1104 1033 1105
f 1105 1033 1035
f 1105 1035 1106
f 1106 1035 1040
f 1106 1040 1107
f 1107 1040 1039
f 1107 1039 1108
f 1108 1039 1048
f 1108 1048 1109
f 1109 1048 1047
f 1109 1047 1110
f 1110 1047 1049
f 1110 1049 1111
f 1111 1049 1095
f 1111 1095 1112
f 1112 1095 1054
f 1112 1054 1113
f 1113 1054 1055
f 1113 1055 1114
f 1114 1055 1056
f 1114 1056 1115
f 1115 1056 1058
f 1115 1058 1116
f 1116 1058 1094
f 1116 1094 1117
f 1117 1094 1067
f 1117 1067 1118
f 1118 1067 1068
f 1118 1068 1119
f 1119 1068 1069
f 1119 1069 1120
f 1120 1069 1071
f 1120 1071 1121
f 1121 1071 1093
f 1121 1093 1122
f 1122 1093 1092
f 1122 1092 1123
f 1123 1092 1080
f 1123 1080 1124
f 1124 1080 1081
f 1124 1081 1125
f 1125 1081 1082
f 1125 1082 1126
f 1126 1082 1089
f 1126 1089 1127
f 1127 1089 1091
f 1127 1091 1128
f 1128 1091 964
f 1128 964 1129
f 1129 964 963
f 1129 963 1130
f 1130 963 962
f 1130 962 1131
f 1131 962 966
f 1131 966 1132
f 1132 966 968
f 1132 968 1133
f 1133 968 969
f 1133 969 1134
f 1134 969 971
f 1134 971 1135
f 1135 971 972
f 1135 972 1136
f 1136 972 980
f 1136 980 1137
f 1137 980 982
f 1137 982 1138
f 1138 982 983
f 1138 983 1139
f 1139 983 985
f 1139 985 1140
f 1140 985 986
f 1140 986 1141
f 1141 986 994
f 1141 994 1142
f 1142 994 996
f 1142 996 1143
f 1143 996 997
f 1143 997 1144
f 1144 997 999
f 1144 999 1145
f 1145 999 1000
f 1145 1000 1146
f 1146 1000 1008
f 1146 1008 1096
f 1096 1008 1010
f 1147 1148 1149
f 1149 1148 1150
f 1149 1150 1151
f 1151 1150 1152
f 1151 1152 1153
f 1153 1152 959
f 959 1152 960
f 960 1152 1150
f 1151 1153 1149
f 1149 1153 1147
f 279 1154 280
f 280 1154 1155
f 280 1155 1156
f 1156 1155 1157
f 1156 1157 1158
f 1158 1157 1159
f 1158 1159 1160
f 1160 1159 1161
f 1160 1161 1162
f 1162 1161 1163
f 1162 1163 1164
f 1164 1163 1165
f 1164 1165 1147
f 1147 1165 1166
f 1166 1165 1167
f 1166 1167 1168
f 1168 1167 1169
f 1168 1169 1170
f 1170 1169 1171
f 1170 1171 1172
f 1172 1171 1173
f 1172 1173 1174
f 1174 1173 1175
f 1174 1175 1176
f 1176 1175 1177
f 1176 1177 277
f 277 1177 1178
f 277 1178 1179
f 1179 1178 1180
f 1179 1180 1181
f 1181 1180 1182
f 1181 1182 1157
f 1157 1182 1159
f 1154 279 1179
f 1179 279 277
f 277 276 1176
f 1176 276 1183
f 1176 1183 1174
f 1174 1183 1184
f 1174 1184 1172
f 276 257 1183
f 1183 257 1184
f 1147 1153 1164
f 1164 1153 1185
f 1164 1185 1162
f 1162 1185 1186
f 1162 1186 1160
f 1160 1186 1187
f 1160 1187 1158
f 1158 1187 1188
f 1158 1188 1156
f 1156 1188 957
f 1156 957 280
f 959 1189 1153
f 1153 1189 1190
f 1153 1190 1191
f 1191 1190 1192
f 1191 1192 1186
f 1186 1192 1187
f 959 958 1189
f 1189 958 956
f 1189 956 1193
f 1193 956 955
f 1193 955 1194
f 1194 955 1188
f 1194 1188 1187
f 955 957 1188
f 1179 1181 1154
f 1154 1181 1155
f 1181 1157 1155
f 1190 1189 1193
f 1187 1192 1194
f 1194 1192 1193
f 1192 1190 1193
f 1186 1185 1191
f 1191 1185 1153
f 1161 1195 1196
f 1196 1195 1197
f 1196 1197 1169
f 1169 1197 1171
f 1195 1198 1197
f 1197 1198 1199
f 1197 1199 1171
f 1171 1199 1173
f 1161 1159 1195
f 1195 1159 1182
f 1195 1182 1198
f 1198 1182 1180
f 1198 1180 1200
f 1200 1180 1178
f 1200 1178 1177
f 1198 1200 1199
f 1199 1200 1175
f 1199 1175 1173
f 1200 1177 1175
f 1161 1196 1163
f 1163 1196 1167
f 1163 1167 1165
f 1167 1196 1169
f 344 1090 1201
f 1201 1090 1202
f 1201 1202 1203
f 1203 1202 1204
f 1203 1204 345
f 345 1204 316
f 316 1204 320
f 320 1204 1202
f 1203 345 1201
f 1201 345 344
f 1205 1206 1207
f 1207 1206 1208
f 1207 1208 1209
f 1209 1208 1210
f 1209 1210 1211
f 1211 1210 975
f 975 1210 970
f 970 1210 1208
f 1209 1211 1207
f 1207 1211 1205
f 251 1212 252
f 252 1212 1213
f 252 1213 1214
f 1214 1213 1215
f 1214 1215 1216
f 1216 1215 1217
f 1216 1217 1218
f 1218 1217 1219
f 1218 1219 1220
f 1220 1219 1221
f 1220 1221 1222
f 1222 1221 1223
f 1222 1223 1205
f 1205 1223 1224
f 1224 1223 1225
f 1224 1225 1226
f 1226 1225 1227
f 1226 1227 1228
f 1228 1227 1229
f 1228 1229 1230
f 1230 1229 1231
f 1230 1231 1232
f 1232 1231 1233
f 1232 1233 1234
f 1234 1233 1235
f 1234 1235 249
f 249 1235 1236
f 249 1236 1237
f 1237 1236 1238
f 1237 1238 1239
f 1239 1238 1240
f 1239 1240 1215
f 1215 1240 1217
f 1212 251 1237
f 1237 251 249
f 249 248 1234
f 1234 248 1241
f 1234 1241 1232
f 1232 1241 1242
f 1232 1242 1230
f 248 229 1241
f 1241 229 1242
f 1205 1211 1222
f 1222 1211 1243
f 1222 1243 1220
f 1220 1243 1244
f 1220 1244 1218
f 1218 1244 1245
f 1218 1245 1216
f 1216 1245 1246
f 1216 1246 1214
f 1214 1246 979
f 1214 979 252
f 975 1247 1211
f 1211 1247 1248
f 1211 1248 1249
f 1249 1248 1250
f 1249 1250 1244
f 1244 1250 1245
f 975 976 1247
f 1247 976 977
f 1247 977 1251
f 1251 977 978
f 1251 978 1252
f 1252 978 1246
f 1252 1246 1245
f 978 979 1246
f 1237 1239 1212
f 1212 1239 1213
f 1239 1215 1213
f 1248 1247 1251
f 1245 1250 1252
f 1252 1250 1251
f 1250 1248 1251
f 1244 1243 1249
f 1249 1243 1211
f 1219 1253 1254
f 1254 1253 1255
f 1254 1255 1227
f 1227 1255 1229
f 1253 1256 1255
f 1255 1256 1257
f 1255 1257 1229
f 1229 1257 1231
f 1219 1217 1253
f 1253 1217 1240
f 1253 1240 1256
f 1256 1240 1238
f 1256 1238 1258
f 1258 1238 1236
f 1258 1236 1235
f 1256 1258 1257
f 1257 1258 1233
f 1257 1233 1231
f 1258 1235 1233
f 1219 1254 1221
f 1221 1254 1225
f 1221 1225 1223
f 1225 1254 1227
f 414 967 1259
f 1259 967 1260
f 1259 1260 1261
f 1261 1260 1262
f 1261 1262 415
f 415 1262 386
f 386 1262 387
f 387 1262 1260
f 1261 415 1259
f 1259 415 414
f 1263 1264 1265
f 1265 1264 1266
f 1265 1266 1267
f 1267 1266 1268
f 1267 1268 1269
f 1269 1268 989
f 989 1268 984
f 984 1268 1266
f 1267 1269 1265
f 1265 1269 1263
f 223 1270 224
f 224 1270 1271
f 224 1271 1272
f 1272 1271 1273
f 1272 1273 1274
f 1274 1273 1275
f 1274 1275 1276
f 1276 1275 1277
f 1276 1277 1278
f 1278 1277 1279
f 1278 1279 1280
f 1280 1279 1281
f 1280 1281 1263
f 1263 1281 1282
f 1282 1281 1283
f 1282 1283 1284
f 1284 1283 1285
f 1284 1285 1286
f 1286 1285 1287
f 1286 1287 1288
f 1288 1287 1289
f 1288 1289 1290
f 1290 1289 1291
f 1290 1291 1292
f 1292 1291 1293
f 1292 1293 221
f 221 1293 1294
f 221 1294 1295
f 1295 1294 1296
f 1295 1296 1297
f 1297 1296 1298
f 1297 1298 1273
f 1273 1298 1275
f 1270 223 1295
f 1295 223 221
f 221 220 1292
f 1292 220 1299
f 1292 1299 1290
f 1290 1299 1300
f 1290 1300 1288
f 220 201 1299
f 1299 201 1300
f 1263 1269 1280
f 1280 1269 1301
f 1280 1301 1278
f 1278 1301 1302
f 1278 1302 1276
f 1276 1302 1303
f 1276 1303 1274
f 1274 1303 1304
f 1274 1304 1272
f 1272 1304 993
f 1272 993 224
f 989 1305 1269
f 1269 1305 1306
f 1269 1306 1307
f 1307 1306 1308
f 1307 1308 1302
f 1302 1308 1303
f 989 990 1305
f 1305 990 991
f 1305 991 1309
f 1309 991 992
f 1309 992 1310
f 1310 992 1304
f 1310 1304 1303
f 992 993 1304
f 1295 1297 1270
f 1270 1297 1271
f 1297 1273 1271
f 1306 1305 1309
f 1303 1308 1310
f 1310 1308 1309
f 1308 1306 1309
f 1302 1301 1307
f 1307 1301 1269
f 1277 1311 1312
f 1312 1311 1313
f 1312 1313 1285
f 1285 1313 1287
f 1311 1314 1313
f 1313 1314 1315
f 1313 1315 1287
f 1287 1315 1289
f 1277 1275 1311
f 1311 1275 1298
f 1311 1298 1314
f 1314 1298 1296
f 1314 1296 1316
f 1316 1296 1294
f 1316 1294 1293
f 1314 1316 1315
f 1315 1316 1291
f 1315 1291 1289
f 1316 1293 1291
f 1277 1312 1279
f 1279 1312 1283
f 1279 1283 1281
f 1283 1312 1285
f 484 981 1317
f 1317 981 1318
f 1317 1318 1319
f 1319 1318 1320
f 1319 1320 485
f 485 1320 456
f 456 1320 457
f 457 1320 1318
f 1319 485 1317
f 1317 485 484
f 1321 1322 1323
f 1323 1322 1324
f 1323 1324 1325
f 1325 1324 1326
f 1325 1326 1327
f 1327 1326 1003
f 1003 1326 998
f 998 1326 1324
f 1325 1327 1323
f 1323 1327 1321
f 195 1328 196
f 196 1328 1329
f 196 1329 1330
f 1330 1329 1331
f 1330 1331 1332
f 1332 1331 1333
f 1332 1333 1334
f 1334 1333 1335
f 1334 1335 1336
f 1336 1335 1337
f 1336 1337 1338
f 1338 1337 1339
f 1338 1339 1321
f 1321 1339 1340
f 1340 1339 1341
f 1340 1341 1342
f 1342 1341 1343
f 1342 1343 1344
f 1344 1343 1345
f 1344 1345 1346
f 1346 1345 1347
f 1346 1347 1348
f 1348 1347 1349
f 1348 1349 1350
f 1350 1349 1351
f 1350 1351 193
f 193 1351 1352
f 193 1352 1353
f 1353 1352 1354
f 1353 1354 1355
f 1355 1354 1356
f 1355 1356 1331
f 1331 1356 1333
f 1328 195 1353
f 1353 195 193
f 193 192 1350
f 1350 192 1357
f 1350 1357 1348
f 1348 1357 1358
f 1348 1358 1346
f 192 173 1357
f 1357 173 1358
f 1321 1327 1338
f 1338 1327 1359
f 1338 1359 1336
f 1336 1359 1360
f 1336 1360 1334
f 1334 1360 1361
f 1334 1361 1332
f 1332 1361 1362
f 1332 1362 1330
f 1330 1362 1007
f 1330 1007 196
f 1003 1363 1327
f 1327 1363 1364
f 1327 1364 1365
f 1365 1364 1366
f 1365 1366 1360
f 1360 1366 1361
f 1003 1004 1363
f 1363 1004 1005
f 1363 1005 1367
f 1367 1005 1006
f 1367 1006 1368
f 1368 1006 1362
f 1368 1362 1361
f 1006 1007 1362
f 1353 1355 1328
f 1328 1355 1329
f 1355 1331 1329
f 1364 1363 1367
f 1361 1366 1368
f 1368 1366 1367
f 1366 1364 1367
f 1360 1359 1365
f 1365 1359 1327
f 1335 1369 1370
f 1370 1369 1371
f 1370 1371 1343
f 1343 1371 1345
f 1369 1372 1371
f 1371 1372 1373
f 1371 1373 1345
f 1345 1373 1347
f 1335 1333 1369
f 1369 1333 1356
f 1369 1356 1372
f 1372 1356 1354
f 1372 1354 1374
f 1374 1354 1352
f 1374 1352 1351
f 1372 1374 1373
f 1373 1374 1349
f 1373 1349 1347
f 1374 1351 1349
f 1335 1370 1337
f 1337 1370 1341
f 1337 1341 1339
f 1341 1370 1343
f 554 995 1375
f 1375 995 1376
f 1375 1376 1377
f 1377 1376 1378
f 1377 1378 555
f 555 1378 526
f 526 1378 527
f 527 1378 1376
f 1377 555 1375
f 1375 555 554
f 1379 1380 1381
f 1381 1380 1382
f 1381 1382 1383
f 1383 1382 1384
f 1383 1384 1385
f 1385 1384 1019
f 1019 1384 1012
f 1012 1384 1382
f 1383 1385 1381
f 1381 1385 1379
f 167 1386 168
f 168 1386 1387
f 168 1387 1388
f 1388 1387 1389
f 1388 1389 1390
f 1390 1389 1391
f 1390 1391 1392
f 1392 1391 1393
f 1392 1393 1394
f 1394 1393 1395
f 1394 1395 1396
f 1396 1395 1397
f 1396 1397 1379
f 1379 1397 1398
f 1398 1397 1399
f 1398 1399 1400
f 1400 1399 1401
f 1400 1401 1402
f 1402 1401 1403
f 1402 1403 1404
f 1404 1403 1405
f 1404 1405 1406
f 1406 1405 1407
f 1406 1407 1408
f 1408 1407 1409
f 1408 1409 165
f 165 1409 1410
f 165 1410 1411
f 1411 1410 1412
f 1411 1412 1413
f 1413 1412 1414
f 1413 1414 1389
f 1389 1414 1391
f 1386 167 1411
f 1411 167 165
f 165 164 1408
f 1408 164 1415
f 1408 1415 1406
f 1406 1415 1416
f 1406 1416 1404
f 164 145 1415
f 1415 145 1416
f 1379 1385 1396
f 1396 1385 1417
f 1396 1417 1394
f 1394 1417 1418
f 1394 1418 1392
f 1392 1418 1419
f 1392 1419 1390
f 1390 1419 1420
f 1390 1420 1388
f 1388 1420 1023
f 1388 1023 168
f 1019 1421 1385
f 1385 1421 1422
f 1385 1422 1423
f 1423 1422 1424
f 1423 1424 1418
f 1418 1424 1419
f 1019 1020 1421
f 1421 1020 1021
f 1421 1021 1425
f 1425 1021 1022
f 1425 1022 1426
f 1426 1022 1420
f 1426 1420 1419
f 1022 1023 1420
f 1411 1413 1386
f 1386 1413 1387
f 1413 1389 1387
f 1422 1421 1425
f 1419 1424 1426
f 1426 1424 1425
f 1424 1422 1425
f 1418 1417 1423
f 1423 1417 1385
f 1393 1427 1428
f 1428 1427 1429
f 1428 1429 1401
f 1401 1429 1403
f 1427 1430 1429
f 1429 1430 1431
f 1429 1431 1403
f 1403 1431 1405
f 1393 1391 1427
f 1427 1391 1414
f 1427 1414 1430
f 1430 1414 1412
f 1430 1412 1432
f 1432 1412 1410
f 1432 1410 1409
f 1430 1432 1431
f 1431 1432 1407
f 1431 1407 1405
f 1432 1409 1407
f 1393 1428 1395
f 1395 1428 1399
f 1395 1399 1397
f 1399 1428 1401
f 598 1009 1433
f 1433 1009 1434
f 1433 1434 1435
f 1435 1434 1436
f 1435 1436 599
f 599 1436 569
f 569 1436 571
f 571 1436 1434
f 1435 599 1433
f 1433 599 598
f 1437 1438 1439
f 1439 1438 1440
f 1439 1440 1441
f 1441 1440 1442
f 1441 1442 1443
f 1443 1442 1027
f 1027 1442 1024
f 1024 1442 1440
f 1441 1443 1439
f 1439 1443 1437
f 139 1444 140
f 140 1444 1445
f 140 1445 1446
f 1446 1445 1447
f 1446 1447 1448
f 1448 1447 1449
f 1448 1449 1450
f 1450 1449 1451
f 1450 1451 1452
f 1452 1451 1453
f 1452 1453 1454
f 1454 1453 1455
f 1454 1455 1437
f 1437 1455 1456
f 1456 1455 1457
f 1456 1457 1458
f 1458 1457 1459
f 1458 1459 1460
f 1460 1459 1461
f 1460 1461 1462
f 1462 1461 1463
f 1462 1463 1464
f 1464 1463 1465
f 1464 1465 1466
f 1466 1465 1467
f 1466 1467 137
f 137 1467 1468
f 137 1468 1469
f 1469 1468 1470
f 1469 1470 1471
f 1471 1470 1472
f 1471 1472 1447
f 1447 1472 1449
f 1444 139 1469
f 1469 139 137
f 137 136 1466
f 1466 136 1473
f 1466 1473 1464
f 1464 1473 1474
f 1464 1474 1462
f 136 117 1473
f 1473 117 1474
f 1437 1443 1454
f 1454 1443 1475
f 1454 1475 1452
f 1452 1475 1476
f 1452 1476 1450
f 1450 1476 1477
f 1450 1477 1448
f 1448 1477 1478
f 1448 1478 1446
f 1446 1478 1031
f 1446 1031 140
f 1027 1479 1443
f 1443 1479 1480
f 1443 1480 1481
f 1481 1480 1482
f 1481 1482 1476
f 1476 1482 1477
f 1027 1029 1479
f 1479 1029 1028
f 1479 1028 1483
f 1483 1028 1030
f 1483 1030 1484
f 1484 1030 1478
f 1484 1478 1477
f 1030 1031 1478
f 1469 1471 1444
f 1444 1471 1445
f 1471 1447 1445
f 1480 1479 1483
f 1477 1482 1484
f 1484 1482 1483
f 1482 1480 1483
f 1476 1475 1481
f 1481 1475 1443
f 1451 1485 1486
f 1486 1485 1487
f 1486 1487 1459
f 1459 1487 1461
f 1485 1488 1487
f 1487 1488 1489
f 1487 1489 1461
f 1461 1489 1463
f 1451 1449 1485
f 1485 1449 1472
f 1485 1472 1488
f 1488 1472 1470
f 1488 1470 1490
f 1490 1470 1468
f 1490 1468 1467
f 1488 1490 1489
f 1489 1490 1465
f 1489 1465 1463
f 1490 1467 1465
f 1451 1486 1453
f 1453 1486 1457
f 1453 1457 1455
f 1457 1486 1459
f 668 1018 1491
f 1491 1018 1492
f 1491 1492 1493
f 1493 1492 1494
f 1493 1494 669
f 669 1494 640
f 640 1494 644
f 644 1494 1492
f 1493 669 1491
f 1491 669 668
f 1495 1496 1497
f 1497 1496 1498
f 1497 1498 1499
f 1499 1498 1500
f 1499 1500 1501
f 1501 1500 1041
f 1041 1500 1038
f 1038 1500 1498
f 1499 1501 1497
f 1497 1501 1495
f 111 1502 112
f 112 1502 1503
f 112 1503 1504
f 1504 1503 1505
f 1504 1505 1506
f 1506 1505 1507
f 1506 1507 1508
f 1508 1507 1509
f 1508 1509 1510
f 1510 1509 1511
f 1510 1511 1512
f 1512 1511 1513
f 1512 1513 1495
f 1495 1513 1514
f 1514 1513 1515
f 1514 1515 1516
f 1516 1515 1517
f 1516 1517 1518
f 1518 1517 1519
f 1518 1519 1520
f 1520 1519 1521
f 1520 1521 1522
f 1522 1521 1523
f 1522 1523 1524
f 1524 1523 1525
f 1524 1525 109
f 109 1525 1526
f 109 1526 1527
f 1527 1526 1528
f 1527 1528 1529
f 1529 1528 1530
f 1529 1530 1505
f 1505 1530 1507
f 1502 111 1527
f 1527 111 109
f 109 108 1524
f 1524 108 1531
f 1524 1531 1522
f 1522 1531 1532
f 1522 1532 1520
f 108 89 1531
f 1531 89 1532
f 1495 1501 1512
f 1512 1501 1533
f 1512 1533 1510
f 1510 1533 1534
f 1510 1534 1508
f 1508 1534 1535
f 1508 1535 1506
f 1506 1535 1536
f 1506 1536 1504
f 1504 1536 1045
f 1504 1045 112
f 1041 1537 1501
f 1501 1537 1538
f 1501 1538 1539
f 1539 1538 1540
f 1539 1540 1534
f 1534 1540 1535
f 1041 1042 1537
f 1537 1042 1043
f 1537 1043 1541
f 1541 1043 1044
f 1541 1044 1542
f 1542 1044 1536
f 1542 1536 1535
f 1044 1045 1536
f 1527 1529 1502
f 1502 1529 1503
f 1529 1505 1503
f 1538 1537 1541
f 1535 1540 1542
f 1542 1540 1541
f 1540 1538 1541
f 1534 1533 1539
f 1539 1533 1501
f 1509 1543 1544
f 1544 1543 1545
f 1544 1545 1517
f 1517 1545 1519
f 1543 1546 1545
f 1545 1546 1547
f 1545 1547 1519
f 1519 1547 1521
f 1509 1507 1543
f 1543 1507 1530
f 1543 1530 1546
f 1546 1530 1528
f 1546 1528 1548
f 1548 1528 1526
f 1548 1526 1525
f 1546 1548 1547
f 1547 1548 1523
f 1547 1523 1521
f 1548 1525 1523
f 1509 1544 1511
f 1511 1544 1515
f 1511 1515 1513
f 1515 1544 1517
f 738 1037 1549
f 1549 1037 1550
f 1549 1550 1551
f 1551 1550 1552
f 1551 1552 739
f 739 1552 710
f 710 1552 711
f 711 1552 1550
f 1551 739 1549
f 1549 739 738
f 1553 1554 1555
f 1555 1554 1556
f 1555 1556 1557
f 1557 1556 1558
f 1557 1558 1559
f 1559 1558 1052
f 1052 1558 1053
f 1053 1558 1556
f 1557 1559 1555
f 1555 1559 1553
f 83 1560 84
f 84 1560 1561
f 84 1561 1562
f 1562 1561 1563
f 1562 1563 1564
f 1564 1563 1565
f 1564 1565 1566
f 1566 1565 1567
f 1566 1567 1568
f 1568 1567 1569
f 1568 1569 1570
f 1570 1569 1571
f 1570 1571 1553
f 1553 1571 1572
f 1572 1571 1573
f 1572 1573 1574
f 1574 1573 1575
f 1574 1575 1576
f 1576 1575 1577
f 1576 1577 1578
f 1578 1577 1579
f 1578 1579 1580
f 1580 1579 1581
f 1580 1581 1582
f 1582 1581 1583
f 1582 1583 81
f 81 1583 1584
f 81 1584 1585
f 1585 1584 1586
f 1585 1586 1587
f 1587 1586 1588
f 1587 1588 1563
f 1563 1588 1565
f 1560 83 1585
f 1585 83 81
f 81 80 1582
f 1582 80 1589
f 1582 1589 1580
f 1580 1589 1590
f 1580 1590 1578
f 80 61 1589
f 1589 61 1590
f 1553 1559 1570
f 1570 1559 1591
f 1570 1591 1568
f 1568 1591 1592
f 1568 1592 1566
f 1566 1592 1593
f 1566 1593 1564
f 1564 1593 1594
f 1564 1594 1562
f 1562 1594 1064
f 1562 1064 84
f 1052 1595 1559
f 1559 1595 1596
f 1559 1596 1597
f 1597 1596 1598
f 1597 1598 1592
f 1592 1598 1593
f 1052 1061 1595
f 1595 1061 1062
f 1595 1062 1599
f 1599 1062 1063
f 1599 1063 1600
f 1600 1063 1594
f 1600 1594 1593
f 1063 1064 1594
f 1585 1587 1560
f 1560 1587 1561
f 1587 1563 1561
f 1596 1595 1599
f 1593 1598 1600
f 1600 1598 1599
f 1598 1596 1599
f 1592 1591 1597
f 1597 1591 1559
f 1567 1601 1602
f 1602 1601 1603
f 1602 1603 1575
f 1575 1603 1577
f 1601 1604 1603
f 1603 1604 1605
f 1603 1605 1577
f 1577 1605 1579
f 1567 1565 1601
f 1601 1565 1588
f 1601 1588 1604
f 1604 1588 1586
f 1604 1586 1606
f 1606 1586 1584
f 1606 1584 1583
f 1604 1606 1605
f 1605 1606 1581
f 1605 1581 1579
f 1606 1583 1581
f 1567 1602 1569
f 1569 1602 1573
f 1569 1573 1571
f 1573 1602 1575
f 808 1051 1607
f 1607 1051 1608
f 1607 1608 1609
f 1609 1608 1610
f 1609 1610 809
f 809 1610 780
f 780 1610 781
f 781 1610 1608
f 1609 809 1607
f 1607 809 808
f 1611 1612 1613
f 1613 1612 1614
f 1613 1614 1615
f 1615 1614 1616
f 1615 1616 1617
f 1617 1616 1065
f 1065 1616 1066
f 1066 1616 1614
f 1615 1617 1613
f 1613 1617 1611
f 55 1618 56
f 56 1618 1619
f 56 1619 1620
f 1620 1619 1621
f 1620 1621 1622
f 1622 1621 1623
f 1622 1623 1624
f 1624 1623 1625
f 1624 1625 1626
f 1626 1625 1627
f 1626 1627 1628
f 1628 1627 1629
f 1628 1629 1611
f 1611 1629 1630
f 1630 1629 1631
f 1630 1631 1632
f 1632 1631 1633
f 1632 1633 1634
f 1634 1633 1635
f 1634 1635 1636
f 1636 1635 1637
f 1636 1637 1638
f 1638 1637 1639
f 1638 1639 1640
f 1640 1639 1641
f 1640 1641 53
f 53 1641 1642
f 53 1642 1643
f 1643 1642 1644
f 1643 1644 1645
f 1645 1644 1646
f 1645 1646 1621
f 1621 1646 1623
f 1618 55 1643
f 1643 55 53
f 53 52 1640
f 1640 52 1647
f 1640 1647 1638
f 1638 1647 1648
f 1638 1648 1636
f 52 33 1647
f 1647 33 1648
f 1611 1617 1628
f 1628 1617 1649
f 1628 1649 1626
f 1626 1649 1650
f 1626 1650 1624
f 1624 1650 1651
f 1624 1651 1622
f 1622 1651 1652
f 1622 1652 1620
f 1620 1652 1077
f 1620 1077 56
f 1065 1653 1617
f 1617 1653 1654
f 1617 1654 1655
f 1655 1654 1656
f 1655 1656 1650
f 1650 1656 1651
f 1065 1075 1653
f 1653 1075 1074
f 1653 1074 1657
f 1657 1074 1076
f 1657 1076 1658
f 1658 1076 1652
f 1658 1652 1651
f 1076 1077 1652
f 1643 1645 1618
f 1618 1645 1619
f 1645 1621 1619
f 1654 1653 1657
f 1651 1656 1658
f 1658 1656 1657
f 1656 1654 1657
f 1650 1649 1655
f 1655 1649 1617
f 1625 1659 1660
f 1660 1659 1661
f 1660 1661 1633
f 1633 1661 1635
f 1659 1662 1661
f 1661 1662 1663
f 1661 1663 1635
f 1635 1663 1637
f 1625 1623 1659
f 1659 1623 1646
f 1659 1646 1662
f 1662 1646 1644
f 1662 1644 1664
f 1664 1644 1642
f 1664 1642 1641
f 1662 1664 1663
f 1663 1664 1639
f 1663 1639 1637
f 1664 1641 1639
f 1625 1660 1627
f 1627 1660 1631
f 1627 1631 1629
f 1631 1660 1633
f 878 1060 1665
f 1665 1060 1666
f 1665 1666 1667
f 1667 1666 1668
f 1667 1668 879
f 879 1668 850
f 850 1668 851
f 851 1668 1666
f 1667 879 1665
f 1665 879 878
f 1669 1670 1671
f 1671 1670 1672
f 1671 1672 1673
f 1673 1672 1674
f 1673 1674 1675
f 1675 1674 1078
f 1078 1674 1079
f 1079 1674 1672
f 1673 1675 1671
f 1671 1675 1669
f 27 1676 28
f 28 1676 1677
f 28 1677 1678
f 1678 1677 1679
f 1678 1679 1680
f 1680 1679 1681
f 1680 1681 1682
f 1682 1681 1683
f 1682 1683 1684
f 1684 1683 1685
f 1684 1685 1686
f 1686 1685 1687
f 1686 1687 1669
f 1669 1687 1688
f 1688 1687 1689
f 1688 1689 1690
f 1690 1689 1691
f 1690 1691 1692
f 1692 1691 1693
f 1692 1693 1694
f 1694 1693 1695
f 1694 1695 1696
f 1696 1695 1697
f 1696 1697 1698
f 1698 1697 1699
f 1698 1699 25
f 25 1699 1700
f 25 1700 1701
f 1701 1700 1702
f 1701 1702 1703
f 1703 1702 1704
f 1703 1704 1679
f 1679 1704 1681
f 1676 27 1701
f 1701 27 25
f 25 24 1698
f 1698 24 1705
f 1698 1705 1696
f 1696 1705 1706
f 1696 1706 1694
f 24 5 1705
f 1705 5 1706
f 1669 1675 1686
f 1686 1675 1707
f 1686 1707 1684
f 1684 1707 1708
f 1684 1708 1682
f 1682 1708 1709
f 1682 1709 1680
f 1680 1709 1710
f 1680 1710 1678
f 1678 1710 1088
f 1678 1088 28
f 1078 1711 1675
f 1675 1711 1712
f 1675 1712 1713
f 1713 1712 1714
f 1713 1714 1708
f 1708 1714 1709
f 1078 1085 1711
f 1711 1085 1086
f 1711 1086 1715
f 1715 1086 1087
f 1715 1087 1716
f 1716 1087 1710
f 1716 1710 1709
f 1087 1088 1710
f 1701 1703 1676
f 1676 1703 1677
f 1703 1679 1677
f 1712 1711 1715
f 1709 1714 1716
f 1716 1714 1715
f 1714 1712 1715
f 1708 1707 1713
f 1713 1707 1675
f 1683 1717 1718
f 1718 1717 1719
f 1718 1719 1691
f 1691 1719 1693
f 1717 1720 1719
f 1719 1720 1721
f 1719 1721 1693
f 1693 1721 1695
f 1683 1681 1717
f 1717 1681 1704
f 1717 1704 1720
f 1720 1704 1702
f 1720 1702 1722
f 1722 1702 1700
f 1722 1700 1699
f 1720 1722 1721
f 1721 1722 1697
f 1721 1697 1695
f 1722 1699 1697
f 1683 1718 1685
f 1685 1718 1689
f 1685 1689 1687
f 1689 1718 1691
f 948 1073 1723
f 1723 1073 1724
f 1723 1724 1725
f 1725 1724 1726
f 1725 1726 949
f 949 1726 920
f 920 1726 921
f 921 1726 1724
f 1725 949 1723
f 1723 949 948
f 201 203 1300
f 1300 203 204
f 1300 204 205
f 205 1727 1300
f 1300 1727 1728
f 1300 1728 1288
f 1288 1728 1729
f 1288 1729 1730
f 1288 1730 1286
f 1286 1730 1731
f 1286 1731 1732
f 1286 1732 1284
f 1284 1732 1733
f 1284 1733 1282
f 1282 1733 1734
f 1282 1734 1263
f 1263 1734 1264
f 1264 1734 1735
f 1735 1734 1736
f 1736 1734 1737
f 229 231 1242
f 1242 231 232
f 1242 232 233
f 233 1738 1242
f 1242 1738 1739
f 1242 1739 1230
f 1230 1739 1740
f 1230 1740 1741
f 1230 1741 1228
f 1228 1741 1742
f 1228 1742 1743
f 1228 1743 1226
f 1226 1743 1744
f 1226 1744 1224
f 1224 1744 1745
f 1224 1745 1205
f 1205 1745 1746
f 1205 1746 1747
f 1747 1748 1205
f 1205 1748 1206
f 257 259 1184
f 1184 259 260
f 1184 260 261
f 261 1749 1184
f 1184 1749 1750
f 1184 1750 1172
f 1172 1750 1751
f 1172 1751 1752
f 1172 1752 1170
f 1170 1752 1753
f 1170 1753 1168
f 1168 1753 1754
f 1168 1754 1755
f 1168 1755 1166
f 1166 1755 1756
f 1166 1756 1147
f 1147 1756 1757
f 1147 1757 1758
f 1758 1759 1147
f 1147 1759 1148
f 5 7 1706
f 1706 7 8
f 1706 8 9
f 9 1760 1706
f 1706 1760 1761
f 1706 1761 1694
f 1694 1761 1762
f 1694 1762 1763
f 1694 1763 1692
f 1692 1763 1764
f 1692 1764 1765
f 1692 1765 1690
f 1690 1765 1766
f 1690 1766 1688
f 1688 1766 1767
f 1688 1767 1669
f 1669 1767 1670
f 1670 1767 1768
f 1768 1767 1769
f 1769 1767 1770
f 33 35 1648
f 1648 35 36
f 1648 36 37
f 37 1771 1648
f 1648 1771 1772
f 1648 1772 1636
f 1636 1772 1773
f 1636 1773 1774
f 1636 1774 1634
f 1634 1774 1775
f 1634 1775 1776
f 1634 1776 1632
f 1632 1776 1777
f 1632 1777 1630
f 1630 1777 1778
f 1630 1778 1611
f 1611 1778 1779
f 1611 1779 1780
f 1780 1781 1611
f 1611 1781 1612
f 61 63 1590
f 1590 63 64
f 1590 64 65
f 65 1782 1590
f 1590 1782 1783
f 1590 1783 1578
f 1578 1783 1784
f 1578 1784 1785
f 1578 1785 1576
f 1576 1785 1786
f 1576 1786 1787
f 1576 1787 1574
f 1574 1787 1788
f 1574 1788 1572
f 1572 1788 1789
f 1572 1789 1553
f 1553 1789 1554
f 1554 1789 1790
f 1790 1789 1791
f 1791 1789 1792
f 89 91 1532
f 1532 91 92
f 1532 92 93
f 93 1793 1532
f 1532 1793 1794
f 1532 1794 1520
f 1520 1794 1795
f 1520 1795 1796
f 1520 1796 1518
f 1518 1796 1797
f 1518 1797 1798
f 1518 1798 1516
f 1516 1798 1799
f 1516 1799 1514
f 1514 1799 1800
f 1514 1800 1495
f 1495 1800 1801
f 1495 1801 1802
f 1802 1803 1495
f 1495 1803 1496
f 117 119 1474
f 1474 119 120
f 1474 120 121
f 121 1804 1474
f 1474 1804 1805
f 1474 1805 1462
f 1462 1805 1806
f 1462 1806 1807
f 1462 1807 1460
f 1460 1807 1808
f 1460 1808 1458
f 1458 1808 1809
f 1458 1809 1810
f 1458 1810 1456
f 1456 1810 1811
f 1456 1811 1437
f 1437 1811 1812
f 1437 1812 1813
f 1813 1814 1437
f 1437 1814 1438
f 145 147 1416
f 1416 147 148
f 1416 148 149
f 149 1815 1416
f 1416 1815 1816
f 1416 1816 1404
f 1404 1816 1817
f 1404 1817 1818
f 1404 1818 1402
f 1402 1818 1819
f 1402 1819 1820
f 1402 1820 1400
f 1400 1820 1821
f 1400 1821 1398
f 1398 1821 1822
f 1398 1822 1379
f 1379 1822 1380
f 1380 1822 1823
f 1823 1822 1824
f 1824 1822 1825
f 173 175 1358
f 1358 175 176
f 1358 176 177
f 177 1826 1358
f 1358 1826 1827
f 1358 1827 1346
f 1346 1827 1828
f 1346 1828 1829
f 1346 1829 1344
f 1344 1829 1830
f 1344 1830 1831
f 1344 1831 1342
f 1342 1831 1832
f 1342 1832 1340
f 1340 1832 1833
f 1340 1833 1321
f 1321 1833 1834
f 1321 1834 1835
f 1835 1836 1321
f 1321 1836 1322
f 1837 1838 1839
f 1839 1838 1840
f 1839 1840 1841
f 1841 1840 1842
f 1841 1842 1843
f 1843 1842 1800
f 1800 1842 1801
f 1801 1842 1840
f 1841 1843 1839
f 1839 1843 1837
f 93 94 1793
f 1793 94 1844
f 1793 1844 1845
f 1845 1844 1846
f 1845 1846 1847
f 1847 1846 1848
f 1847 1848 1849
f 1849 1848 1850
f 1849 1850 1851
f 1851 1850 1852
f 1851 1852 1853
f 1844 94 1854
f 1854 94 95
f 1854 95 1855
f 1855 95 1856
f 1855 1856 1857
f 1857 1856 98
f 1857 98 1858
f 95 97 1856
f 1856 97 98
f 1857 1858 1850
f 1850 1858 1852
f 1859 1860 1853
f 1853 1860 1861
f 1853 1861 1851
f 1851 1861 1862
f 1851 1862 1849
f 1849 1862 1863
f 1849 1863 1847
f 1847 1863 1864
f 1847 1864 1845
f 1845 1864 1794
f 1845 1794 1793
f 1837 1843 1859
f 1859 1843 1860
f 1800 1799 1843
f 1843 1799 1865
f 1843 1865 1860
f 1860 1865 1866
f 1860 1866 1861
f 1861 1866 1862
f 1798 1867 1799
f 1799 1867 1868
f 1799 1868 1865
f 1865 1868 1866
f 1797 1869 1798
f 1798 1869 1870
f 1798 1870 1867
f 1867 1870 1868
f 1797 1796 1869
f 1869 1796 1864
f 1869 1864 1863
f 1796 1795 1864
f 1864 1795 1794
f 1846 1844 1854
f 1870 1869 1871
f 1871 1869 1863
f 1871 1863 1862
f 1848 1846 1855
f 1855 1846 1854
f 1866 1868 1871
f 1871 1868 1870
f 1866 1871 1862
f 1857 1850 1848
f 1848 1855 1857
f 690 714 1872
f 1872 714 1873
f 1872 1873 1874
f 1874 1873 1875
f 1874 1875 688
f 688 1875 695
f 695 1875 1876
f 1876 1875 1873
f 1874 688 1872
f 1872 688 690
f 1802 1801 1498
f 1498 1801 1840
f 1498 1840 1038
f 1038 1840 1838
f 1038 1838 781
f 781 1838 782
f 782 1838 783
f 783 1838 784
f 784 1838 1877
f 784 1877 1878
f 1878 1877 1879
f 1878 1879 1880
f 1038 781 1046
f 1046 781 1608
f 1046 1608 1050
f 1050 1608 1051
f 1496 1803 1498
f 1498 1803 1802
f 1876 1873 1881
f 1881 1873 1882
f 1882 1873 714
f 1882 714 1883
f 1883 714 713
f 1883 713 712
f 712 711 1883
f 1883 711 1024
f 1883 1024 1884
f 1884 1024 1440
f 1884 1440 1812
f 1812 1440 1813
f 1813 1440 1814
f 1814 1440 1438
f 1024 711 1032
f 1032 711 1550
f 1032 1550 1036
f 1036 1550 1037
f 1885 1886 1887
f 1887 1886 1888
f 1887 1888 1889
f 1889 1888 1890
f 1889 1890 1891
f 1891 1890 1789
f 1789 1890 1792
f 1792 1890 1888
f 1889 1891 1887
f 1887 1891 1885
f 65 66 1782
f 1782 66 1892
f 1782 1892 1893
f 1893 1892 1894
f 1893 1894 1895
f 1895 1894 1896
f 1895 1896 1897
f 1897 1896 1898
f 1897 1898 1899
f 1899 1898 1900
f 1899 1900 1901
f 1892 66 1902
f 1902 66 67
f 1902 67 1903
f 1903 67 1904
f 1903 1904 1905
f 1905 1904 70
f 1905 70 1906
f 67 69 1904
f 1904 69 70
f 1905 1906 1898
f 1898 1906 1900
f 1907 1908 1901
f 1901 1908 1909
f 1901 1909 1899
f 1899 1909 1910
f 1899 1910 1897
f 1897 1910 1911
f 1897 1911 1895
f 1895 1911 1912
f 1895 1912 1893
f 1893 1912 1783
f 1893 1783 1782
f 1885 1891 1907
f 1907 1891 1908
f 1789 1788 1891
f 1891 1788 1913
f 1891 1913 1908
f 1908 1913 1914
f 1908 1914 1909
f 1909 1914 1910
f 1787 1915 1788
f 1788 1915 1916
f 1788 1916 1913
f 1913 1916 1914
f 1786 1917 1787
f 1787 1917 1918
f 1787 1918 1915
f 1915 1918 1916
f 1786 1785 1917
f 1917 1785 1912
f 1917 1912 1911
f 1785 1784 1912
f 1912 1784 1783
f 1894 1892 1902
f 1918 1917 1919
f 1919 1917 1911
f 1919 1911 1910
f 1896 1894 1903
f 1903 1894 1902
f 1914 1916 1919
f 1919 1916 1918
f 1914 1919 1910
f 1905 1898 1896
f 1896 1903 1905
f 760 784 1920
f 1920 784 1878
f 1920 1878 1921
f 1921 1878 1922
f 1921 1922 758
f 758 1922 765
f 765 1922 1880
f 1880 1922 1878
f 1921 758 1920
f 1920 758 760
f 1791 1792 1556
f 1556 1792 1888
f 1556 1888 1053
f 1053 1888 1886
f 1053 1886 851
f 851 1886 852
f 852 1886 853
f 853 1886 854
f 854 1886 1923
f 854 1923 1924
f 1924 1923 1925
f 1924 1925 1926
f 1053 851 1057
f 1057 851 1666
f 1057 1666 1059
f 1059 1666 1060
f 1554 1790 1556
f 1556 1790 1791
f 1927 1928 1929
f 1929 1928 1930
f 1929 1930 1931
f 1931 1930 1932
f 1931 1932 1933
f 1933 1932 1778
f 1778 1932 1779
f 1779 1932 1930
f 1931 1933 1929
f 1929 1933 1927
f 37 38 1771
f 1771 38 1934
f 1771 1934 1935
f 1935 1934 1936
f 1935 1936 1937
f 1937 1936 1938
f 1937 1938 1939
f 1939 1938 1940
f 1939 1940 1941
f 1941 1940 1942
f 1941 1942 1943
f 1934 38 1944
f 1944 38 39
f 1944 39 1945
f 1945 39 1946
f 1945 1946 1947
f 1947 1946 42
f 1947 42 1948
f 39 41 1946
f 1946 41 42
f 1947 1948 1940
f 1940 1948 1942
f 1949 1950 1943
f 1943 1950 1951
f 1943 1951 1941
f 1941 1951 1952
f 1941 1952 1939
f 1939 1952 1953
f 1939 1953 1937
f 1937 1953 1954
f 1937 1954 1935
f 1935 1954 1772
f 1935 1772 1771
f 1927 1933 1949
f 1949 1933 1950
f 1778 1777 1933
f 1933 1777 1955
f 1933 1955 1950
f 1950 1955 1956
f 1950 1956 1951
f 1951 1956 1952
f 1776 1957 1777
f 1777 1957 1958
f 1777 1958 1955
f 1955 1958 1956
f 1775 1959 1776
f 1776 1959 1960
f 1776 1960 1957
f 1957 1960 1958
f 1775 1774 1959
f 1959 1774 1954
f 1959 1954 1953
f 1774 1773 1954
f 1954 1773 1772
f 1936 1934 1944
f 1960 1959 1961
f 1961 1959 1953
f 1961 1953 1952
f 1938 1936 1945
f 1945 1936 1944
f 1956 1958 1961
f 1961 1958 1960
f 1956 1961 1952
f 1947 1940 1938
f 1938 1945 1947
f 830 854 1962
f 1962 854 1924
f 1962 1924 1963
f 1963 1924 1964
f 1963 1964 828
f 828 1964 835
f 835 1964 1926
f 1926 1964 1924
f 1963 828 1962
f 1962 828 830
f 1780 1779 1614
f 1614 1779 1930
f 1614 1930 1066
f 1066 1930 1928
f 1066 1928 921
f 921 1928 922
f 922 1928 923
f 923 1928 924
f 924 1928 1965
f 924 1965 1966
f 1966 1965 1967
f 1966 1967 1968
f 1066 921 1070
f 1070 921 1724
f 1070 1724 1072
f 1072 1724 1073
f 1612 1781 1614
f 1614 1781 1780
f 1969 1970 1971
f 1971 1970 1972
f 1971 1972 1973
f 1973 1972 1974
f 1973 1974 1975
f 1975 1974 1767
f 1767 1974 1770
f 1770 1974 1972
f 1973 1975 1971
f 1971 1975 1969
f 9 10 1760
f 1760 10 1976
f 1760 1976 1977
f 1977 1976 1978
f 1977 1978 1979
f 1979 1978 1980
f 1979 1980 1981
f 1981 1980 1982
f 1981 1982 1983
f 1983 1982 1984
f 1983 1984 1985
f 1976 10 1986
f 1986 10 11
f 1986 11 1987
f 1987 11 1988
f 1987 1988 1989
f 1989 1988 14
f 1989 14 1990
f 11 13 1988
f 1988 13 14
f 1989 1990 1982
f 1982 1990 1984
f 1991 1992 1985
f 1985 1992 1993
f 1985 1993 1983
f 1983 1993 1994
f 1983 1994 1981
f 1981 1994 1995
f 1981 1995 1979
f 1979 1995 1996
f 1979 1996 1977
f 1977 1996 1761
f 1977 1761 1760
f 1969 1975 1991
f 1991 1975 1992
f 1767 1766 1975
f 1975 1766 1997
f 1975 1997 1992
f 1992 1997 1998
f 1992 1998 1993
f 1993 1998 1994
f 1765 1999 1766
f 1766 1999 2000
f 1766 2000 1997
f 1997 2000 1998
f 1764 2001 1765
f 1765 2001 2002
f 1765 2002 1999
f 1999 2002 2000
f 1764 1763 2001
f 2001 1763 1996
f 2001 1996 1995
f 1763 1762 1996
f 1996 1762 1761
f 1978 1976 1986
f 2002 2001 2003
f 2003 2001 1995
f 2003 1995 1994
f 1980 1978 1987
f 1987 1978 1986
f 1998 2000 2003
f 2003 2000 2002
f 1998 2003 1994
f 1989 1982 1980
f 1980 1987 1989
f 900 924 2004
f 2004 924 1966
f 2004 1966 2005
f 2005 1966 2006
f 2005 2006 898
f 898 2006 905
f 905 2006 1968
f 1968 2006 1966
f 2005 898 2004
f 2004 898 900
f 1769 1770 1672
f 1672 1770 1972
f 1672 1972 1079
f 1079 1972 1970
f 1079 1970 320
f 320 1970 319
f 319 1970 318
f 318 1970 317
f 317 1970 2007
f 317 2007 2008
f 2008 2007 2009
f 2008 2009 2010
f 1079 320 1083
f 1083 320 1202
f 1083 1202 1084
f 1084 1202 1090
f 1670 1768 1672
f 1672 1768 1769
f 2011 2012 2013
f 2013 2012 2014
f 2013 2014 2015
f 2015 2014 2016
f 2015 2016 2017
f 2017 2016 1756
f 1756 2016 1757
f 1757 2016 2014
f 2015 2017 2013
f 2013 2017 2011
f 261 262 1749
f 1749 262 2018
f 1749 2018 2019
f 2019 2018 2020
f 2019 2020 2021
f 2021 2020 2022
f 2021 2022 2023
f 2023 2022 2024
f 2023 2024 2025
f 2025 2024 2026
f 2025 2026 2027
f 2018 262 2028
f 2028 262 263
f 2028 263 2029
f 2029 263 2030
f 2029 2030 2031
f 2031 2030 266
f 2031 266 2032
f 263 265 2030
f 2030 265 266
f 2031 2032 2024
f 2024 2032 2026
f 2033 2034 2027
f 2027 2034 2035
f 2027 2035 2025
f 2025 2035 2036
f 2025 2036 2023
f 2023 2036 2037
f 2023 2037 2021
f 2021 2037 2038
f 2021 2038 2019
f 2019 2038 1750
f 2019 1750 1749
f 2011 2017 2033
f 2033 2017 2034
f 1756 1755 2017
f 2017 1755 2039
f 2017 2039 2034
f 2034 2039 2040
f 2034 2040 2035
f 2035 2040 2036
f 1754 2041 1755
f 1755 2041 2042
f 1755 2042 2039
f 2039 2042 2040
f 1753 2043 1754
f 1754 2043 2044
f 1754 2044 2041
f 2041 2044 2042
f 1753 1752 2043
f 2043 1752 2038
f 2043 2038 2037
f 1752 1751 2038
f 2038 1751 1750
f 2020 2018 2028
f 2044 2043 2045
f 2045 2043 2037
f 2045 2037 2036
f 2022 2020 2029
f 2029 2020 2028
f 2040 2042 2045
f 2045 2042 2044
f 2040 2045 2036
f 2031 2024 2022
f 2022 2029 2031
f 296 317 2046
f 2046 317 2008
f 2046 2008 2047
f 2047 2008 2048
f 2047 2048 294
f 294 2048 301
f 301 2048 2010
f 2010 2048 2008
f 2047 294 2046
f 2046 294 296
f 1758 1757 1150
f 1150 1757 2014
f 1150 2014 960
f 960 2014 2012
f 960 2012 387
f 387 2012 388
f 388 2012 389
f 389 2012 390
f 390 2012 2049
f 390 2049 2050
f 2050 2049 2051
f 2050 2051 2052
f 960 387 961
f 961 387 1260
f 961 1260 965
f 965 1260 967
f 1148 1759 1150
f 1150 1759 1758
f 2053 2054 2055
f 2055 2054 2056
f 2055 2056 2057
f 2057 2056 2058
f 2057 2058 2059
f 2059 2058 1745
f 1745 2058 1746
f 1746 2058 2056
f 2057 2059 2055
f 2055 2059 2053
f 233 234 1738
f 1738 234 2060
f 1738 2060 2061
f 2061 2060 2062
f 2061 2062 2063
f 2063 2062 2064
f 2063 2064 2065
f 2065 2064 2066
f 2065 2066 2067
f 2067 2066 2068
f 2067 2068 2069
f 2060 234 2070
f 2070 234 235
f 2070 235 2071
f 2071 235 2072
f 2071 2072 2073
f 2073 2072 238
f 2073 238 2074
f 235 237 2072
f 2072 237 238
f 2073 2074 2066
f 2066 2074 2068
f 2075 2076 2069
f 2069 2076 2077
f 2069 2077 2067
f 2067 2077 2078
f 2067 2078 2065
f 2065 2078 2079
f 2065 2079 2063
f 2063 2079 2080
f 2063 2080 2061
f 2061 2080 1739
f 2061 1739 1738
f 2053 2059 2075
f 2075 2059 2076
f 1745 1744 2059
f 2059 1744 2081
f 2059 2081 2076
f 2076 2081 2082
f 2076 2082 2077
f 2077 2082 2078
f 1743 2083 1744
f 1744 2083 2084
f 1744 2084 2081
f 2081 2084 2082
f 1742 2085 1743
f 1743 2085 2086
f 1743 2086 2083
f 2083 2086 2084
f 1742 1741 2085
f 2085 1741 2080
f 2085 2080 2079
f 1741 1740 2080
f 2080 1740 1739
f 2062 2060 2070
f 2086 2085 2087
f 2087 2085 2079
f 2087 2079 2078
f 2064 2062 2071
f 2071 2062 2070
f 2082 2084 2087
f 2087 2084 2086
f 2082 2087 2078
f 2073 2066 2064
f 2064 2071 2073
f 366 390 2088
f 2088 390 2050
f 2088 2050 2089
f 2089 2050 2090
f 2089 2090 364
f 364 2090 371
f 371 2090 2052
f 2052 2090 2050
f 2089 364 2088
f 2088 364 366
f 1747 1746 1208
f 1208 1746 2056
f 1208 2056 970
f 970 2056 2054
f 970 2054 457
f 457 2054 458
f 458 2054 459
f 459 2054 460
f 460 2054 2091
f 460 2091 2092
f 2092 2091 2093
f 2092 2093 2094
f 970 457 973
f 973 457 1318
f 973 1318 974
f 974 1318 981
f 1206 1748 1208
f 1208 1748 1747
f 2095 2096 2097
f 2097 2096 2098
f 2097 2098 2099
f 2099 2098 2100
f 2099 2100 2101
f 2101 2100 1734
f 1734 2100 1737
f 1737 2100 2098
f 2099 2101 2097
f 2097 2101 2095
f 205 206 1727
f 1727 206 2102
f 1727 2102 2103
f 2103 2102 2104
f 2103 2104 2105
f 2105 2104 2106
f 2105 2106 2107
f 2107 2106 2108
f 2107 2108 2109
f 2109 2108 2110
f 2109 2110 2111
f 2102 206 2112
f 2112 206 207
f 2112 207 2113
f 2113 207 2114
f 2113 2114 2115
f 2115 2114 210
f 2115 210 2116
f 207 209 2114
f 2114 209 210
f 2115 2116 2108
f 2108 2116 2110
f 2117 2118 2111
f 2111 2118 2119
f 2111 2119 2109
f 2109 2119 2120
f 2109 2120 2107
f 2107 2120 2121
f 2107 2121 2105
f 2105 2121 2122
f 2105 2122 2103
f 2103 2122 1728
f 2103 1728 1727
f 2095 2101 2117
f 2117 2101 2118
f 1734 1733 2101
f 2101 1733 2123
f 2101 2123 2118
f 2118 2123 2124
f 2118 2124 2119
f 2119 2124 2120
f 1732 2125 1733
f 1733 2125 2126
f 1733 2126 2123
f 2123 2126 2124
f 1731 2127 1732
f 1732 2127 2128
f 1732 2128 2125
f 2125 2128 2126
f 1731 1730 2127
f 2127 1730 2122
f 2127 2122 2121
f 1730 1729 2122
f 2122 1729 1728
f 2104 2102 2112
f 2128 2127 2129
f 2129 2127 2121
f 2129 2121 2120
f 2106 2104 2113
f 2113 2104 2112
f 2124 2126 2129
f 2129 2126 2128
f 2124 2129 2120
f 2115 2108 2106
f 2106 2113 2115
f 436 460 2130
f 2130 460 2092
f 2130 2092 2131
f 2131 2092 2132
f 2131 2132 434
f 434 2132 441
f 441 2132 2094
f 2094 2132 2092
f 2131 434 2130
f 2130 434 436
f 1736 1737 1266
f 1266 1737 2098
f 1266 2098 984
f 984 2098 2096
f 984 2096 527
f 527 2096 528
f 528 2096 529
f 529 2096 530
f 530 2096 2133
f 530 2133 2134
f 2134 2133 2135
f 2134 2135 2136
f 984 527 987
f 987 527 1376
f 987 1376 988
f 988 1376 995
f 1264 1735 1266
f 1266 1735 1736
f 2137 2138 2139
f 2139 2138 2140
f 2139 2140 2141
f 2141 2140 2142
f 2141 2142 2143
f 2143 2142 1833
f 1833 2142 1834
f 1834 2142 2140
f 2141 2143 2139
f 2139 2143 2137
f 177 178 1826
f 1826 178 2144
f 1826 2144 2145
f 2145 2144 2146
f 2145 2146 2147
f 2147 2146 2148
f 2147 2148 2149
f 2149 2148 2150
f 2149 2150 2151
f 2151 2150 2152
f 2151 2152 2153
f 2144 178 2154
f 2154 178 179
f 2154 179 2155
f 2155 179 2156
f 2155 2156 2157
f 2157 2156 182
f 2157 182 2158
f 179 181 2156
f 2156 181 182
f 2157 2158 2150
f 2150 2158 2152
f 2159 2160 2153
f 2153 2160 2161
f 2153 2161 2151
f 2151 2161 2162
f 2151 2162 2149
f 2149 2162 2163
f 2149 2163 2147
f 2147 2163 2164
f 2147 2164 2145
f 2145 2164 1827
f 2145 1827 1826
f 2137 2143 2159
f 2159 2143 2160
f 1833 1832 2143
f 2143 1832 2165
f 2143 2165 2160
f 2160 2165 2166
f 2160 2166 2161
f 2161 2166 2162
f 1831 2167 1832
f 1832 2167 2168
f 1832 2168 2165
f 2165 2168 2166
f 1830 2169 1831
f 1831 2169 2170
f 1831 2170 2167
f 2167 2170 2168
f 1830 1829 2169
f 2169 1829 2164
f 2169 2164 2163
f 1829 1828 2164
f 2164 1828 1827
f 2146 2144 2154
f 2170 2169 2171
f 2171 2169 2163
f 2171 2163 2162
f 2148 2146 2155
f 2155 2146 2154
f 2166 2168 2171
f 2171 2168 2170
f 2166 2171 2162
f 2157 2150 2148
f 2148 2155 2157
f 506 530 2172
f 2172 530 2134
f 2172 2134 2173
f 2173 2134 2174
f 2173 2174 504
f 504 2174 511
f 511 2174 2136
f 2136 2174 2134
f 2173 504 2172
f 2172 504 506
f 1835 1834 1324
f 1324 1834 2140
f 1324 2140 998
f 998 2140 2138
f 998 2138 571
f 571 2138 572
f 572 2138 573
f 573 2138 574
f 574 2138 2175
f 574 2175 2176
f 2176 2175 2177
f 2176 2177 2178
f 998 571 1001
f 1001 571 1434
f 1001 1434 1002
f 1002 1434 1009
f 1322 1836 1324
f 1324 1836 1835
f 2179 2180 2181
f 2181 2180 2182
f 2181 2182 2183
f 2183 2182 2184
f 2183 2184 2185
f 2185 2184 1822
f 1822 2184 1825
f 1825 2184 2182
f 2183 2185 2181
f 2181 2185 2179
f 149 150 1815
f 1815 150 2186
f 1815 2186 2187
f 2187 2186 2188
f 2187 2188 2189
f 2189 2188 2190
f 2189 2190 2191
f 2191 2190 2192
f 2191 2192 2193
f 2193 2192 2194
f 2193 2194 2195
f 2186 150 2196
f 2196 150 151
f 2196 151 2197
f 2197 151 2198
f 2197 2198 2199
f 2199 2198 154
f 2199 154 2200
f 151 153 2198
f 2198 153 154
f 2199 2200 2192
f 2192 2200 2194
f 2201 2202 2195
f 2195 2202 2203
f 2195 2203 2193
f 2193 2203 2204
f 2193 2204 2191
f 2191 2204 2205
f 2191 2205 2189
f 2189 2205 2206
f 2189 2206 2187
f 2187 2206 1816
f 2187 1816 1815
f 2179 2185 2201
f 2201 2185 2202
f 1822 1821 2185
f 2185 1821 2207
f 2185 2207 2202
f 2202 2207 2208
f 2202 2208 2203
f 2203 2208 2204
f 1820 2209 1821
f 1821 2209 2210
f 1821 2210 2207
f 2207 2210 2208
f 1819 2211 1820
f 1820 2211 2212
f 1820 2212 2209
f 2209 2212 2210
f 1819 1818 2211
f 2211 1818 2206
f 2211 2206 2205
f 1818 1817 2206
f 2206 1817 1816
f 2188 2186 2196
f 2212 2211 2213
f 2213 2211 2205
f 2213 2205 2204
f 2190 2188 2197
f 2197 2188 2196
f 2208 2210 2213
f 2213 2210 2212
f 2208 2213 2204
f 2199 2192 2190
f 2190 2197 2199
f 2214 144 2215
f 2215 144 142
f 2215 142 155
f 2215 155 2216
f 2216 155 157
f 2216 157 2217
f 2217 157 2218
f 2217 2218 2219
f 2219 2218 2220
f 2219 2220 2221
f 2221 2220 2222
f 2221 2222 2223
f 2223 2222 2224
f 2223 2224 2225
f 2225 2224 2226
f 2225 2226 2227
f 2227 2226 568
f 2227 568 570
f 157 159 2218
f 2218 159 561
f 2218 561 2220
f 2220 561 563
f 2220 563 2222
f 2222 563 2224
f 563 565 2224
f 2224 565 2226
f 565 568 2226
f 2225 2227 2228
f 2228 2227 2229
f 2228 2229 2230
f 2230 2229 2231
f 2230 2231 2232
f 2230 2232 2233
f 2233 2232 2234
f 2233 2234 2235
f 2235 2234 2236
f 2235 2236 2237
f 2237 2236 2216
f 2237 2216 2217
f 2234 2214 2236
f 2236 2214 2215
f 2236 2215 2216
f 2223 2225 2228
f 2233 2235 2238
f 2238 2235 2237
f 2238 2237 2219
f 2219 2237 2217
f 2230 2233 2239
f 2239 2233 2238
f 2239 2238 2221
f 2221 2238 2219
f 2223 2228 2239
f 2239 2228 2230
f 2223 2239 2221
f 570 574 2240
f 2240 574 2176
f 2240 2176 2241
f 2241 2176 2242
f 2241 2242 2227
f 2227 2242 2229
f 2229 2242 2178
f 2178 2242 2176
f 2241 2227 2240
f 2240 2227 570
f 1824 1825 1382
f 1382 1825 2182
f 1382 2182 1012
f 1012 2182 2180
f 1012 2180 644
f 644 2180 643
f 643 2180 642
f 642 2180 641
f 641 2180 2243
f 641 2243 2244
f 2244 2243 2245
f 2244 2245 2246
f 1012 644 1015
f 1015 644 1492
f 1015 1492 1017
f 1017 1492 1018
f 1380 1823 1382
f 1382 1823 1824
f 2247 1883 2248
f 2248 1883 1884
f 2248 1884 2249
f 2249 1884 2250
f 2249 2250 2251
f 2251 2250 1811
f 1811 2250 1812
f 1812 2250 1884
f 2249 2251 2248
f 2248 2251 2247
f 121 122 1804
f 1804 122 2252
f 1804 2252 2253
f 2253 2252 2254
f 2253 2254 2255
f 2255 2254 2256
f 2255 2256 2257
f 2257 2256 2258
f 2257 2258 2259
f 2259 2258 2260
f 2259 2260 2261
f 2252 122 2262
f 2262 122 123
f 2262 123 2263
f 2263 123 2264
f 2263 2264 2265
f 2265 2264 126
f 2265 126 2266
f 123 125 2264
f 2264 125 126
f 2265 2266 2258
f 2258 2266 2260
f 2267 2268 2261
f 2261 2268 2269
f 2261 2269 2259
f 2259 2269 2270
f 2259 2270 2257
f 2257 2270 2271
f 2257 2271 2255
f 2255 2271 2272
f 2255 2272 2253
f 2253 2272 1805
f 2253 1805 1804
f 2247 2251 2267
f 2267 2251 2268
f 1811 1810 2251
f 2251 1810 2273
f 2251 2273 2268
f 2268 2273 2274
f 2268 2274 2269
f 2269 2274 2270
f 1809 2275 1810
f 1810 2275 2276
f 1810 2276 2273
f 2273 2276 2274
f 1808 2277 1809
f 1809 2277 2278
f 1809 2278 2275
f 2275 2278 2276
f 1808 1807 2277
f 2277 1807 2272
f 2277 2272 2271
f 1807 1806 2272
f 2272 1806 1805
f 2254 2252 2262
f 2278 2277 2279
f 2279 2277 2271
f 2279 2271 2270
f 2256 2254 2263
f 2263 2254 2262
f 2274 2276 2279
f 2279 2276 2278
f 2274 2279 2270
f 2265 2258 2256
f 2256 2263 2265
f 620 641 2280
f 2280 641 2244
f 2280 2244 2281
f 2281 2244 2282
f 2281 2282 618
f 618 2282 625
f 625 2282 2246
f 2246 2282 2244
f 2281 618 2280
f 2280 618 620
f 266 264 2032
f 2032 264 2026
f 2026 264 306
f 2026 306 304
f 264 258 306
f 306 258 281
f 281 258 256
f 2026 304 2027
f 2027 304 303
f 2027 303 2033
f 2033 303 301
f 2033 301 2011
f 2011 301 2010
f 2011 2010 2012
f 2012 2010 1128
f 2012 1128 1129
f 2009 1126 2010
f 2010 1126 1127
f 2010 1127 1128
f 1126 2009 1125
f 1125 2009 2007
f 1125 2007 1124
f 1124 2007 1970
f 1124 1970 1123
f 1123 1970 1968
f 1123 1968 1122
f 1122 1968 1121
f 1121 1968 1967
f 1121 1967 1120
f 1120 1967 1965
f 1120 1965 1119
f 1119 1965 1928
f 1119 1928 1118
f 1118 1928 1117
f 1117 1928 1926
f 1117 1926 1116
f 1116 1926 1115
f 1115 1926 1925
f 1115 1925 1923
f 1968 1970 905
f 905 1970 1969
f 905 1969 907
f 907 1969 1991
f 907 1991 908
f 908 1991 1985
f 908 1985 910
f 910 1985 1984
f 910 1984 6
f 6 1984 12
f 12 1984 1990
f 12 1990 14
f 4 885 6
f 6 885 910
f 1926 1928 835
f 835 1928 1927
f 835 1927 837
f 837 1927 1949
f 837 1949 838
f 838 1949 1943
f 838 1943 840
f 840 1943 1942
f 840 1942 34
f 34 1942 40
f 40 1942 1948
f 40 1948 42
f 32 815 34
f 34 815 840
f 1115 1923 1114
f 1114 1923 1886
f 1114 1886 1113
f 1113 1886 1112
f 1112 1886 1880
f 1112 1880 1111
f 1111 1880 1110
f 1110 1880 1879
f 1110 1879 1877
f 1886 1885 1880
f 1880 1885 765
f 765 1885 1907
f 765 1907 767
f 767 1907 1901
f 767 1901 768
f 768 1901 1900
f 768 1900 770
f 770 1900 68
f 770 68 62
f 1900 1906 68
f 68 1906 70
f 60 745 62
f 62 745 770
f 1110 1877 1109
f 1109 1877 1838
f 1109 1838 1108
f 1108 1838 1107
f 1107 1838 1876
f 1107 1876 1106
f 1106 1876 1105
f 1105 1876 1881
f 1105 1881 1882
f 1838 1837 1876
f 1876 1837 695
f 695 1837 1859
f 695 1859 697
f 697 1859 1853
f 697 1853 698
f 698 1853 1852
f 698 1852 700
f 700 1852 96
f 700 96 90
f 1852 1858 96
f 96 1858 98
f 88 675 90
f 90 675 700
f 1105 1882 1104
f 1104 1882 1883
f 1104 1883 1103
f 1103 1883 1102
f 1102 1883 2246
f 1102 2246 1101
f 1101 2246 1100
f 1100 2246 2245
f 1100 2245 2243
f 1883 2247 2246
f 2246 2247 625
f 625 2247 2267
f 625 2267 627
f 627 2267 2261
f 627 2261 628
f 628 2261 2260
f 628 2260 630
f 630 2260 124
f 630 124 118
f 2260 2266 124
f 124 2266 126
f 116 605 118
f 118 605 630
f 1100 2243 1099
f 1099 2243 2180
f 1099 2180 1098
f 1098 2180 1097
f 1097 2180 2178
f 1097 2178 1096
f 1096 2178 1146
f 1146 2178 2177
f 1146 2177 1145
f 1145 2177 2175
f 1145 2175 2138
f 2178 2180 2229
f 2229 2180 2179
f 2229 2179 2231
f 2231 2179 2201
f 2231 2201 2232
f 2232 2201 2195
f 2232 2195 2234
f 2234 2195 2194
f 2234 2194 146
f 146 2194 152
f 152 2194 2200
f 152 2200 154
f 144 2214 146
f 146 2214 2234
f 2137 511 2138
f 2138 511 2136
f 2138 2136 1143
f 1143 2136 1142
f 1142 2136 1141
f 1141 2136 2135
f 1141 2135 1140
f 1140 2135 2133
f 1140 2133 2096
f 511 2137 513
f 513 2137 2159
f 513 2159 514
f 514 2159 2153
f 514 2153 516
f 516 2153 2152
f 516 2152 174
f 174 2152 180
f 180 2152 2158
f 180 2158 182
f 172 491 174
f 174 491 516
f 2095 2094 2096
f 2096 2094 1138
f 2096 1138 1139
f 2094 2095 441
f 441 2095 2117
f 441 2117 443
f 443 2117 2111
f 443 2111 444
f 444 2111 2110
f 444 2110 446
f 446 2110 208
f 446 208 202
f 2110 2116 208
f 208 2116 210
f 200 421 202
f 202 421 446
f 2093 1136 2094
f 2094 1136 1137
f 2094 1137 1138
f 1136 2093 1135
f 1135 2093 2091
f 1135 2091 2054
f 2053 2052 2054
f 2054 2052 1133
f 2054 1133 1134
f 2052 2053 371
f 371 2053 2075
f 371 2075 373
f 373 2075 2069
f 373 2069 374
f 374 2069 2068
f 374 2068 376
f 376 2068 236
f 376 236 230
f 2068 2074 236
f 236 2074 238
f 228 351 230
f 230 351 376
f 2051 1131 2052
f 2052 1131 1132
f 2052 1132 1133
f 1131 2051 1130
f 1130 2051 2049
f 1130 2049 2012
f 1129 1130 2012
f 1134 1135 2054
f 1139 1140 2096
f 1143 1144 2138
f 2138 1144 1145
# 2282 vertices
# 0 texture params
# 0 normals
# 4564 facets

# 1 groups
