# WaveFront *.obj file (generated by Autodesk ATF)

mtllib sun.mtl

g MeshFeature1

v 21.865988 -94.558716 10.000000
v 22.081420 -95.533791 10.000000
v 22.100461 -95.631180 5.000000
v 22.329316 -97.061100 7.499980
v 22.323005 -97.011929 2.500021
v 22.468820 -98.552408 5.000000
v 22.469804 -98.568897 5.000000
v 22.470777 -98.585396 5.000000
v 22.471738 -98.601894 5.000000
v 22.071750 -95.485172 -0.000000
v 22.097321 -95.614958 5.000000
v 22.094169 -95.598736 5.000000
v 22.091002 -95.582523 5.000000
v 21.854169 -94.510574 -0.000000
v 21.742129 -94.075079 2.499979
v 21.593595 -93.546581 -0.000000
v 21.290529 -92.595081 -0.000000
v 21.754906 -94.122972 7.500020
v 21.607533 -93.594151 10.000000
v 21.306565 -92.641993 10.000000
v 22.018538 -104.578476 10.000000
v 21.789565 -105.550461 10.000000
v 21.764464 -105.646467 5.000000
v 21.350238 -107.034073 7.499980
v 21.365886 -106.987038 2.500021
v 20.828872 -108.438225 5.000000
v 20.822606 -108.453512 5.000000
v 20.816324 -108.468800 5.000000
v 20.810034 -108.484068 5.000000
v 21.801944 -105.502462 -0.000000
v 21.768672 -105.630484 5.000000
v 21.772871 -105.614510 5.000000
v 21.777055 -105.598526 5.000000
v 22.028775 -104.529972 -0.000000
v 22.116787 -104.088993 2.499979
v 22.212267 -103.548384 -0.000000
v 22.352054 -102.559624 -0.000000
v 22.107518 -104.137688 7.500020
v 22.204187 -103.597288 10.000000
v 22.346151 -102.608843 10.000000
v 17.808568 -113.672161 10.000000
v 17.180542 -114.448538 10.000000
v 17.116274 -114.524145 5.000000
v 16.141011 -115.594606 7.499980
v 16.175514 -115.559025 2.500021
v 15.062037 -116.633492 5.000000
v 15.049756 -116.644545 5.000000
v 15.037467 -116.655588 5.000000
v 15.025170 -116.666622 5.000000
v 17.212521 -114.410667 -0.000000
v 17.126997 -114.511576 5.000000
v 17.137712 -114.498997 5.000000
v 17.148418 -114.486408 5.000000
v 17.838837 -113.632908 -0.000000
v 18.109467 -113.273773 2.499979
v 18.430052 -112.828131 -0.000000
v 18.985002 -111.997938 -0.000000
v 18.079989 -113.313618 7.500020
v 18.401554 -112.868690 10.000000
v 18.958333 -112.039719 10.000000
v 10.069919 -120.038633 10.000000
v 9.167227 -120.465641 10.000000
v 9.076518 -120.505886 5.000000
v 7.733380 -121.047182 7.499980
v 7.779907 -121.030092 2.500021
v 6.310502 -121.515036 5.000000
v 6.294641 -121.519670 5.000000
v 6.278778 -121.524286 5.000000
v 6.262911 -121.528893 5.000000
v 9.212470 -120.445404 -0.000000
v 9.091634 -120.499210 5.000000
v 9.106744 -120.492525 5.000000
v 9.121850 -120.485830 5.000000
v 10.114220 -120.016403 -0.000000
v 10.513867 -119.810266 2.499979
v 10.996063 -119.547853 -0.000000
v 11.856264 -119.040661 -0.000000
v 10.470018 -119.833384 7.500020
v 10.952791 -119.572029 10.000000
v 11.814106 -119.066725 10.000000
v 0.335322 -122.416973 10.000000
v -0.663247 -122.410030 10.000000
v -0.762430 -122.406921 5.000000
v -2.207417 -122.311850 7.499980
v -2.158082 -122.316637 2.500021
v -3.692381 -122.116013 5.000000
v -3.708680 -122.113295 5.000000
v -3.724976 -122.110577 5.000000
v -3.741271 -122.107840 5.000000
v -0.613700 -122.411413 -0.000000
v -0.745916 -122.407465 5.000000
v -0.729403 -122.408009 5.000000
v -0.712889 -122.408524 5.000000
v 0.384882 -122.416162 -0.000000
v 0.834392 -122.403841 2.499979
v 1.382693 -122.376623 -0.000000
v 2.377770 -122.292881 -0.000000
v 0.784858 -122.405634 7.500020
v 1.333217 -122.379627 10.000000
v 2.328476 -122.298088 10.000000
v -9.467166 -120.336094 10.000000
v -10.363834 -119.896564 10.000000
v -10.451844 -119.850740 5.000000
v -11.712486 -119.138126 7.499980
v -11.670114 -119.163837 2.500021
v -12.965419 -118.317375 5.000000
v -12.978928 -118.307858 5.000000
v -12.992430 -118.298340 5.000000
v -13.005924 -118.288813 5.000000
v -10.319796 -119.919319 -0.000000
v -10.437205 -119.858389 5.000000
v -10.422559 -119.866047 5.000000
v -10.407908 -119.873676 5.000000
v -9.422162 -120.356865 -0.000000
v -9.011821 -120.540791 2.499979
v -8.506012 -120.754175 -0.000000
v -7.573147 -121.110477 -0.000000
v -9.057230 -120.520916 7.500020
v -8.551892 -120.735416 10.000000
v -7.619814 -121.093769 10.000000
v -17.396042 -114.208136 10.000000
v -18.013213 -113.423100 10.000000
v -18.072621 -113.343611 5.000000
v -18.899227 -112.154598 7.499980
v -18.872211 -112.196159 2.500021
v -19.671972 -110.871506 5.000000
v -19.680016 -110.857077 5.000000
v -19.688050 -110.842638 5.000000
v -19.696071 -110.828190 5.000000
v -17.983404 -113.462696 -0.000000
v -18.062751 -113.356867 5.000000
v -18.052876 -113.370113 5.000000
v -18.042988 -113.383350 5.000000
v -17.364508 -114.246387 -0.000000
v -17.074608 -114.590139 2.499979
v -16.711473 -115.001850 -0.000000
v -16.025585 -115.727625 -0.000000
v -17.106899 -114.552536 7.500020
v -16.744671 -114.965038 10.000000
v -16.060383 -115.692329 10.000000
v -21.880894 -105.246830 10.000000
v -22.096329 -104.271755 10.000000
v -22.115369 -104.174366 5.000000
v -22.344222 -102.744465 7.499980
v -22.337911 -102.793627 2.500021
v -22.483726 -101.253147 5.000000
v -22.484713 -101.236658 5.000000
v -22.485685 -101.220160 5.000000
v -22.486644 -101.203671 5.000000
v -22.086656 -104.320374 -0.000000
v -22.112226 -104.190588 5.000000
v -22.109075 -104.206810 5.000000
v -22.105911 -104.223032 5.000000
v -21.869078 -105.294971 -0.000000
v -21.757035 -105.730467 2.499979
v -21.608500 -106.258974 -0.000000
v -21.305437 -107.210464 -0.000000
v -21.769812 -105.682583 7.500020
v -21.622438 -106.211405 10.000000
v -21.321471 -107.163563 10.000000
v -22.033443 -95.227079 10.000000
v -21.804471 -94.255085 10.000000
v -21.779370 -94.159088 5.000000
v -21.365147 -92.771482 7.499980
v -21.380792 -92.818508 2.500021
v -20.843780 -91.367321 5.000000
v -20.837512 -91.352043 5.000000
v -20.831232 -91.336765 5.000000
v -20.824940 -91.321478 5.000000
v -21.816852 -94.303083 -0.000000
v -21.783581 -94.175062 5.000000
v -21.787777 -94.191036 5.000000
v -21.791961 -94.207020 5.000000
v -22.043681 -95.275574 -0.000000
v -22.131693 -95.716562 2.499979
v -22.227173 -96.257162 -0.000000
v -22.366960 -97.245922 -0.000000
v -22.122424 -95.667858 7.500020
v -22.219093 -96.208258 10.000000
v -22.361057 -97.196712 10.000000
v -17.823474 -86.133404 10.000000
v -17.195450 -85.357018 10.000000
v -17.131180 -85.281410 5.000000
v -16.155916 -84.210949 7.499980
v -16.190420 -84.246540 2.500021
v -15.076944 -83.172054 5.000000
v -15.064662 -83.161001 5.000000
v -15.052373 -83.149967 5.000000
v -15.040076 -83.138924 5.000000
v -17.227428 -85.394888 -0.000000
v -17.141905 -85.293980 5.000000
v -17.152618 -85.306559 5.000000
v -17.163324 -85.319138 5.000000
v -17.853743 -86.172657 -0.000000
v -18.124373 -86.531773 2.499979
v -18.444958 -86.977425 -0.000000
v -18.999910 -87.807608 -0.000000
v -18.094895 -86.491928 7.500020
v -18.416460 -86.936865 10.000000
v -18.973238 -87.765827 10.000000
v -10.084826 -79.766912 10.000000
v -9.182134 -79.339905 10.000000
v -9.091424 -79.299674 5.000000
v -7.748287 -78.758368 7.499980
v -7.794814 -78.775458 2.500021
v -6.325408 -78.290510 5.000000
v -6.309549 -78.285880 5.000000
v -6.293684 -78.281264 5.000000
v -6.277817 -78.276658 5.000000
v -9.227377 -79.360151 -0.000000
v -9.106539 -79.306345 5.000000
v -9.121650 -79.313025 5.000000
v -9.136757 -79.319715 5.000000
v -10.129126 -79.789147 -0.000000
v -10.528773 -79.995284 2.499979
v -11.010970 -80.257702 -0.000000
v -11.871171 -80.764894 -0.000000
v -10.484926 -79.972177 7.500020
v -10.967698 -80.233526 10.000000
v -11.829013 -80.738821 10.000000
v -0.350229 -77.388582 10.000000
v 0.648341 -77.395525 10.000000
v 0.747523 -77.398634 5.000000
v 2.192511 -77.493706 7.499980
v 2.143176 -77.488914 2.500021
v 3.677475 -77.689543 5.000000
v 3.693773 -77.692251 5.000000
v 3.710070 -77.694979 5.000000
v 3.726364 -77.697706 5.000000
v 0.598793 -77.394133 -0.000000
v 0.731010 -77.398086 5.000000
v 0.714496 -77.397552 5.000000
v 0.697982 -77.397027 5.000000
v -0.399789 -77.389388 -0.000000
v -0.849299 -77.401719 2.499979
v -1.397600 -77.428923 -0.000000
v -2.392677 -77.512665 -0.000000
v -0.799764 -77.399917 7.500020
v -1.348124 -77.425919 10.000000
v -2.343383 -77.507467 10.000000
v 9.452259 -79.469466 10.000000
v 10.348927 -79.908981 10.000000
v 10.436938 -79.954820 5.000000
v 11.697578 -80.667429 7.499980
v 11.655207 -80.641708 2.500021
v 12.950512 -81.488171 5.000000
v 12.964021 -81.497688 5.000000
v 12.977523 -81.507206 5.000000
v 12.991017 -81.516743 5.000000
v 10.304888 -79.886231 -0.000000
v 10.422298 -79.947157 5.000000
v 10.407652 -79.939513 5.000000
v 10.393001 -79.931879 5.000000
v 9.407256 -79.448690 -0.000000
v 8.996914 -79.264755 2.499979
v 8.491105 -79.051375 -0.000000
v 7.558240 -78.695078 -0.000000
v 9.042323 -79.284630 7.500020
v 8.536986 -79.070139 10.000000
v 7.604907 -78.711777 10.000000
v 17.381134 -85.597410 10.000000
v 17.998304 -86.382456 10.000000
v 18.057712 -86.461935 5.000000
v 18.884321 -87.650948 7.499980
v 18.857304 -87.609386 2.500021
v 19.657066 -88.934040 5.000000
v 19.665110 -88.948479 5.000000
v 19.673141 -88.962917 5.000000
v 19.681164 -88.977356 5.000000
v 17.968498 -86.342850 -0.000000
v 18.047845 -86.448689 5.000000
v 18.037970 -86.435442 5.000000
v 18.028082 -86.422205 5.000000
v 17.349602 -85.559177 -0.000000
v 17.059702 -85.215416 2.499979
v 16.696568 -84.803705 -0.000000
v 16.010679 -84.077930 -0.000000
v 17.091992 -85.253019 7.500020
v 16.729765 -84.840508 10.000000
v 16.045475 -84.113226 10.000000
v 17.539933 -87.538671 -0.000000
v 18.603773 -88.229275 2.499928
v 19.068677 -90.059862 5.000000
v 18.321216 -88.825130 2.499940
v 17.283815 -88.104401 -0.000000
v 18.065367 -89.300518 2.499949
v 17.776737 -89.777651 2.499959
v 18.737456 -90.585155 5.000000
v 18.381395 -91.082077 5.000000
v 17.423884 -90.285187 2.499969
v 17.999493 -91.545992 5.000000
v 17.032998 -90.759554 2.499980
v 17.591404 -91.973667 5.000000
v 16.604717 -91.182308 2.499990
v 17.152971 -92.353020 5.000000
v 16.139700 -91.535015 2.500000
v 16.676257 -92.663727 5.000000
v 15.526893 -90.445814 -0.000000
v 15.956534 -90.072718 -0.000000
v 16.338848 -89.636860 -0.000000
v 16.684482 -89.157295 -0.000000
v 16.999210 -88.645420 -0.000000
v 19.090300 -90.101871 5.000000
v 18.757921 -90.626431 5.000000
v 18.400768 -91.122570 5.000000
v 18.017845 -91.585646 5.000000
v 17.608817 -92.012424 5.000000
v 17.169548 -92.390814 5.000000
v 16.692152 -92.700472 5.000000
v 15.817113 -93.036518 5.000000
v 15.822147 -93.048124 5.000000
v 15.827172 -93.059740 5.000000
v 15.832189 -93.071365 5.000000
v 19.017954 -88.917217 6.250570
v 18.713814 -89.502354 6.250570
v 18.440777 -89.968081 6.250570
v 18.134921 -90.434361 6.250570
v 17.763767 -90.928698 6.250570
v 17.355807 -91.388464 6.250570
v 16.912346 -91.795263 6.250570
v 16.770442 -91.505566 6.875855
v 16.158081 -91.570578 7.500000
v 16.623875 -91.218891 7.500010
v 16.472019 -90.934048 8.125855
v 17.053083 -90.797091 7.500020
v 16.893915 -90.504923 8.125855
v 17.445014 -90.323582 7.500030
v 17.277644 -90.024748 8.125855
v 17.798984 -89.816828 7.500041
v 17.622839 -89.511967 8.125855
v 18.088663 -89.340324 7.500051
v 17.904274 -89.030561 8.125855
v 18.345559 -88.865509 7.500060
v 18.152959 -88.551388 8.125855
v 18.629425 -88.270264 7.500072
v 18.426546 -87.951374 8.125855
v 18.323234 -87.793512 8.438212
v 18.218572 -87.636538 8.750570
v 17.955334 -88.241177 8.750570
v 17.854531 -88.087349 9.062927
v 17.618297 -88.572779 9.062927
v 17.520367 -88.421841 9.375285
v 17.255676 -88.912678 9.375285
v 17.160698 -88.764858 9.687642
v 16.837887 -89.292059 9.687642
v 17.023951 -88.682890 10.000000
v 16.708095 -89.194069 10.000000
v 18.112564 -87.480478 9.062927
v 17.752411 -87.934389 9.375285
v 17.421144 -88.271742 9.687642
v 17.567108 -87.577333 10.000000
v 17.896541 -87.171106 9.687642
v 18.005219 -87.325325 9.375285
v 17.648979 -87.782316 9.687642
v 17.309746 -88.142490 10.000000
v 16.361406 -89.672871 10.000000
v 16.475140 -89.788303 9.687642
v 16.928333 -89.437065 9.375285
v 16.561337 -89.930162 9.375285
v 17.017540 -89.582844 9.062927
v 16.646316 -90.072765 9.062927
v 17.105497 -89.729395 8.750570
v 16.730077 -90.216093 8.750570
v 17.192199 -89.876699 8.438212
v 16.812613 -90.360155 8.438212
v 15.978134 -90.107880 10.000000
v 16.072003 -90.235100 9.687642
v 16.154391 -90.373487 9.375285
v 16.235592 -90.512590 9.062927
v 16.315601 -90.652390 8.750570
v 16.394413 -90.792875 8.438212
v 15.547674 -90.480032 10.000000
v 18.826300 -88.591795 6.875855
v 18.532259 -89.182072 6.875855
v 18.267256 -89.652414 6.875855
v 17.969444 -90.123873 6.875855
v 17.606831 -90.624485 6.875855
v 17.206831 -91.091194 6.875855
v 18.054813 -88.395863 8.438212
v 17.810256 -88.877153 8.438212
v 17.714930 -88.724546 8.750570
v 17.532974 -89.360971 8.438212
v 17.441822 -89.210739 8.750570
v 17.349386 -89.061308 9.062927
v 10.437613 -81.149578 -0.000000
v 11.695737 -81.310205 2.499928
v 12.908865 -82.757788 5.000000
v 11.699698 -81.969652 2.499940
v 10.452317 -81.770401 -0.000000
v 11.675447 -82.508965 2.499949
v 11.622422 -83.064079 2.499959
v 12.838359 -83.374777 5.000000
v 12.733167 -83.976974 5.000000
v 11.524725 -83.674450 2.499969
v 12.590373 -84.560652 5.000000
v 11.378366 -84.271441 2.499980
v 12.408259 -85.123043 5.000000
v 11.175926 -84.838161 2.499990
v 12.177839 -85.655050 5.000000
v 10.909995 -85.357695 2.500000
v 11.883146 -86.141834 5.000000
v 9.885289 -84.642248 -0.000000
v 10.110500 -84.119682 -0.000000
v 10.265843 -83.561115 -0.000000
v 10.369173 -82.979069 -0.000000
v 10.430640 -82.381344 -0.000000
v 12.946575 -82.786274 5.000000
v 12.874711 -83.403091 5.000000
v 12.768195 -84.005060 5.000000
v 12.624114 -84.588413 5.000000
v 12.440764 -85.150404 5.000000
v 12.209173 -85.681915 5.000000
v 11.913409 -86.168041 5.000000
v 11.299531 -86.875324 5.000000
v 11.289971 -86.867027 5.000000
v 11.280401 -86.858740 5.000000
v 11.270827 -86.850462 5.000000
v 12.367392 -81.750317 6.250570
v 12.347249 -82.409458 6.250570
v 12.303323 -82.947531 6.250570
v 12.230070 -83.500347 6.250570
v 12.110155 -84.106770 6.250570
v 11.942083 -84.698009 6.250570
v 11.719042 -85.256939 6.250570
v 11.465495 -85.057497 6.875855
v 10.941987 -85.381765 7.500000
v 11.209061 -84.862804 7.500010
v 10.948654 -84.672060 8.125855
v 11.412748 -84.296551 7.500020
v 11.142578 -84.102373 8.125855
v 11.560421 -83.699884 7.500030
v 11.279966 -83.503256 8.125855
v 11.659461 -83.089724 7.500041
v 11.368490 -82.891483 8.125855
v 11.713709 -82.534733 7.500051
v 11.413178 -82.335644 8.125855
v 11.739147 -81.995468 7.500060
v 11.429332 -81.796026 8.125855
v 11.736637 -81.336002 7.500072
v 11.415484 -81.136723 8.125855
v 11.253911 -81.039314 8.438212
v 11.091506 -80.943298 8.750570
v 11.116679 -81.602268 8.750570
v 10.959116 -81.507416 9.062927
v 10.956895 -82.047272 9.062927
v 10.803174 -81.953773 9.375285
v 10.777664 -82.510853 9.375285
v 10.627956 -82.418880 9.687642
v 10.565856 -83.033934 9.687642
v 10.469185 -82.404356 10.000000
v 10.406402 -83.001957 10.000000
v 10.928284 -80.848684 9.062927
v 10.800742 -81.413918 9.375285
v 10.648657 -81.861591 9.687642
v 10.478870 -81.172619 10.000000
v 10.599425 -80.663691 9.687642
v 10.764252 -80.755482 9.375285
v 10.641571 -81.321774 9.687642
v 10.492208 -81.793470 10.000000
v 10.301791 -83.583775 10.000000
v 10.454344 -83.638420 9.687642
v 10.710261 -83.125324 9.375285
v 10.593553 -83.728828 9.375285
v 10.853884 -83.217974 9.062927
v 10.731990 -83.820438 9.062927
v 10.996716 -83.311844 8.750570
v 10.869647 -83.913231 8.750570
v 11.138747 -83.406944 8.438212
v 11.006514 -84.007215 8.438212
v 10.145218 -84.141998 10.000000
v 10.284988 -84.215879 9.687642
v 10.419261 -84.304829 9.375285
v 10.552776 -84.394922 9.062927
v 10.685518 -84.486160 8.750570
v 10.817481 -84.578533 8.438212
v 9.918858 -84.664059 10.000000
v 12.053523 -81.540279 6.875855
v 12.044710 -82.199678 6.875855
v 12.010024 -82.738419 6.875855
v 11.946263 -83.292408 6.875855
v 11.836770 -83.900776 6.875855
v 11.678878 -84.494810 6.875855
v 11.273422 -81.698475 8.438212
v 11.261909 -82.238216 8.438212
v 11.109811 -82.142086 8.750570
v 11.222006 -82.794428 8.438212
v 11.074699 -82.698631 8.750570
v 10.926583 -82.604103 9.062927
v 1.266519 -78.474784 -0.000000
v 2.469741 -78.073626 2.499928
v 4.190818 -78.851500 5.000000
v 2.759434 -78.666048 2.499940
v 1.549133 -79.027748 -0.000000
v 2.971586 -79.162474 2.499949
v 3.164667 -79.685621 2.499959
v 4.394993 -79.437971 5.000000
v 4.561504 -80.026178 5.000000
v 3.341476 -80.277939 2.499969
v 4.686097 -80.614004 5.000000
v 3.468633 -80.879307 2.499980
v 4.766030 -81.199722 5.000000
v 3.532129 -81.477737 2.499990
v 4.789260 -81.779022 5.000000
v 3.517954 -82.061214 2.500000
v 4.734955 -82.345448 5.000000
v 2.284306 -81.861210 -0.000000
v 2.260480 -81.292686 -0.000000
v 2.158086 -80.722027 -0.000000
v 1.998645 -80.152798 -0.000000
v 1.794678 -79.587584 -0.000000
v 4.237148 -78.860793 5.000000
v 4.440032 -79.447718 5.000000
v 4.605249 -80.036287 5.000000
v 4.728546 -80.624390 5.000000
v 4.807190 -81.210270 5.000000
v 4.829145 -81.789627 5.000000
v 4.773592 -82.355938 5.000000
v 4.527388 -83.259525 5.000000
v 4.515174 -83.256207 5.000000
v 4.502958 -83.252888 5.000000
v 4.490740 -83.249588 5.000000
v 3.265840 -78.178735 6.250570
v 3.533684 -78.781343 6.250570
v 3.727569 -79.285188 6.250570
v 3.901430 -79.815040 6.250570
v 4.056503 -80.413427 6.250570
v 4.161606 -81.019049 6.250570
v 4.203161 -81.619396 6.250570
v 3.888189 -81.549711 6.875855
v 3.557221 -82.069016 7.500000
v 3.572679 -81.485577 7.500010
v 3.255296 -81.426697 8.125855
v 3.510502 -80.887012 7.500020
v 3.182840 -80.829287 8.125855
v 3.384669 -80.285358 7.500030
v 3.046677 -80.229893 8.125855
v 3.209164 -79.692659 7.500041
v 2.860997 -79.640298 8.125855
v 3.017235 -79.169083 7.500051
v 2.660086 -79.120111 8.125855
v 2.806177 -78.672190 7.500060
v 2.440511 -78.626924 8.125855
v 2.517788 -78.079123 7.500072
v 2.141970 -78.038912 8.125855
v 1.954136 -78.021264 8.438212
v 1.766157 -78.005219 8.750570
v 2.074753 -78.588014 8.750570
v 1.891637 -78.570914 9.062927
v 2.123871 -79.058266 9.062927
v 1.944804 -79.040728 9.375285
v 2.163527 -79.553704 9.375285
v 1.988742 -79.535799 9.687642
v 2.199653 -80.116892 9.687642
v 1.839394 -79.591608 10.000000
v 2.042117 -80.157261 10.000000
v 1.578046 -77.990799 9.062927
v 1.708379 -78.555388 9.375285
v 1.765595 -79.024720 9.687642
v 1.313686 -78.477645 10.000000
v 1.201485 -77.966805 9.687642
v 1.389818 -77.977991 9.375285
v 1.524993 -78.541436 9.687642
v 1.595083 -79.031229 10.000000
v 2.200304 -80.726843 10.000000
v 2.361460 -80.709896 9.687642
v 2.369413 -80.136585 9.375285
v 2.526110 -80.730953 9.375285
v 2.539008 -80.157728 9.062927
v 2.690585 -80.753422 9.062927
v 2.708425 -80.180330 8.750570
v 2.854874 -80.777302 8.750570
v 2.877652 -80.204391 8.438212
v 3.018962 -80.802593 8.438212
v 2.301442 -81.297722 10.000000
v 2.459427 -81.303654 9.687642
v 2.618994 -81.325521 9.375285
v 2.778376 -81.348763 9.062927
v 2.937561 -81.373377 8.750570
v 3.096538 -81.399355 8.438212
v 2.324016 -81.866302 10.000000
v 2.891921 -78.125672 6.875855
v 3.170083 -78.723593 6.875855
v 3.372584 -79.224038 6.875855
v 3.555503 -79.750824 6.875855
v 3.720815 -80.346460 6.875855
v 3.836303 -80.950174 6.875855
v 2.257716 -78.606682 8.438212
v 2.481525 -79.097962 8.438212
v 2.302782 -79.077349 8.750570
v 2.686906 -79.616408 8.438212
v 2.512622 -79.594011 8.750570
v 2.338158 -79.573107 9.062927
v -8.156900 -80.044069 -0.000000
v -7.246894 -79.160576 2.499928
v -5.358749 -79.114671 5.000000
v -6.728846 -79.568634 2.499940
v -7.662352 -80.419645 -0.000000
v -6.322311 -79.923849 2.499949
v -5.921366 -80.311413 2.499959
v -4.920332 -79.554472 5.000000
v -4.515097 -80.012188 5.000000
v -5.505069 -80.768366 2.499969
v -4.147794 -80.487738 5.000000
v -5.129580 -81.255007 2.499980
v -3.821646 -80.980768 5.000000
v -4.812726 -81.766615 2.499990
v -3.549366 -81.492624 5.000000
v -4.572337 -82.298460 2.500000
v -3.352528 -82.026520 5.000000
v -5.770589 -82.653532 -0.000000
v -6.038731 -82.151642 -0.000000
v -6.378583 -81.681929 -0.000000
v -6.769215 -81.238251 -0.000000
v -7.198219 -80.817509 -0.000000
v -5.312974 -79.102936 5.000000
v -4.875527 -79.543710 5.000000
v -4.471300 -80.002308 5.000000
v -4.105045 -80.478678 5.000000
v -3.779983 -80.972424 5.000000
v -3.508831 -81.484871 5.000000
v -3.313169 -82.019205 5.000000
v -3.142937 -82.940130 5.000000
v -3.155383 -82.942438 5.000000
v -3.167828 -82.944756 5.000000
v -3.180270 -82.947073 5.000000
v -6.484028 -78.909860 6.250570
v -5.981247 -79.336576 6.250570
v -5.587953 -79.706407 6.250570
v -5.201414 -80.108356 6.250570
v -4.802066 -80.580196 6.250570
v -4.444603 -81.080236 6.250570
v -4.146683 -81.603107 6.250570
v -4.460695 -81.676989 6.875855
v -4.533573 -82.288456 7.500000
v -4.772791 -81.756086 7.500010
v -5.084289 -81.840754 8.125855
v -5.088518 -81.243773 7.500020
v -5.408775 -81.333942 8.125855
v -5.462934 -80.756311 7.500030
v -5.791520 -80.852985 8.125855
v -5.878225 -80.298443 7.500041
v -6.214628 -80.402346 8.125855
v -6.278316 -79.910002 7.500051
v -6.621344 -80.020838 8.125855
v -6.684067 -79.553885 7.500060
v -7.033160 -79.671760 8.125855
v -7.201216 -79.144683 7.500072
v -7.557265 -79.271517 8.125855
v -7.734156 -79.337111 8.438212
v -7.910479 -79.404221 8.750570
v -7.379579 -79.795403 8.750570
v -7.551981 -79.859452 9.062927
v -7.131289 -80.197773 9.062927
v -7.300234 -80.259666 9.375285
v -6.880599 -80.626945 9.375285
v -7.045844 -80.686646 9.687642
v -6.603695 -81.118679 9.687642
v -7.156188 -80.801725 10.000000
v -6.728112 -81.223412 10.000000
v -8.086218 -79.472847 9.062927
v -7.723826 -79.924974 9.375285
v -7.468641 -80.323000 9.687642
v -8.113165 -80.026178 10.000000
v -8.435899 -79.614611 9.687642
v -8.261363 -79.542975 9.375285
v -7.895104 -79.991975 9.687642
v -7.619444 -80.402851 10.000000
v -6.338457 -81.667957 10.000000
v -6.200616 -81.582756 9.687642
v -6.442202 -81.062765 9.375285
v -6.043135 -81.530285 9.375285
v -6.280227 -81.008234 9.062927
v -5.885199 -81.479168 9.062927
v -6.117780 -80.955095 8.750570
v -5.726820 -81.429396 8.750570
v -5.954874 -80.903339 8.438212
v -5.568007 -81.380987 8.438212
v -5.999640 -82.138414 10.000000
v -5.854728 -82.075205 9.687642
v -5.701474 -82.025681 9.375285
v -5.547792 -81.977463 9.062927
v -5.393692 -81.930571 8.750570
v -5.239187 -81.884995 8.438212
v -5.732604 -82.640896 10.000000
v -6.843938 -79.024291 6.875855
v -6.333894 -79.442315 6.875855
v -5.934314 -79.805326 6.875855
v -5.540944 -80.200586 6.875855
v -5.133569 -80.665503 6.875855
v -4.767574 -81.159325 6.875855
v -7.206635 -79.732842 8.438212
v -6.791831 -80.078363 8.438212
v -6.961817 -80.137348 8.750570
v -6.381845 -80.456352 8.438212
v -6.548588 -80.511789 8.750570
v -6.714844 -80.568657 9.062927
v -15.966222 -85.546608 -0.000000
v -15.529668 -84.355774 2.499928
v -13.848426 -83.495178 5.000000
v -14.885871 -84.498653 2.499940
v -15.357691 -85.670414 -0.000000
v -14.365473 -84.642305 2.499949
v -13.836076 -84.817524 2.499959
v -13.262601 -83.701210 5.000000
v -12.698905 -83.937769 5.000000
v -13.262744 -85.048590 2.499969
v -12.161639 -84.206867 5.000000
v -12.713295 -85.324125 2.499980
v -11.653874 -84.509554 5.000000
v -12.205838 -85.647593 2.499990
v -11.186473 -84.852581 5.000000
v -11.758497 -86.022472 2.500000
v -10.777477 -85.248203 5.000000
v -12.684023 -86.862278 -0.000000
v -13.143374 -86.526432 -0.000000
v -13.653371 -86.250696 -0.000000
v -14.197824 -86.020441 -0.000000
v -14.766896 -85.827503 -0.000000
v -13.812274 -83.464756 5.000000
v -13.226904 -83.672066 5.000000
v -12.663729 -83.909864 5.000000
v -12.127059 -84.180145 5.000000
v -11.619961 -84.483948 5.000000
v -11.153315 -84.828005 5.000000
v -10.745192 -85.224524 5.000000
v -10.212662 -85.995359 5.000000
v -10.202454 -85.987873 5.000000
v -10.192242 -85.980396 5.000000
v -10.222865 -86.002855 5.000000
v -14.951131 -83.798885 6.250570
v -14.312994 -83.965206 6.250570
v -13.798188 -84.127760 6.250570
v -13.275529 -84.322186 6.250570
v -12.711003 -84.574032 6.250570
v -12.171980 -84.869461 6.250570
v -11.676701 -85.211277 6.250570
v -11.927561 -85.414095 6.875855
v -11.727912 -85.996637 7.500000
v -12.174428 -85.620775 7.500010
v -12.418344 -85.832205 8.125855
v -12.681172 -85.296192 7.500020
v -12.930591 -85.516376 8.125855
v -13.230013 -85.019445 7.500030
v -13.484112 -85.249119 8.125855
v -13.802835 -84.787121 7.500041
v -14.060847 -85.026684 8.125855
v -14.331845 -84.610729 7.500051
v -14.592812 -84.859428 8.125855
v -14.851925 -84.465933 7.500060
v -15.115304 -84.723606 8.125855
v -15.495406 -84.321642 7.500072
v -15.761167 -84.590397 8.125855
v -15.892080 -84.726238 8.438212
v -16.021821 -84.863214 8.750570
v -15.373771 -84.985304 8.750570
v -15.501311 -85.117817 9.062927
v -14.975486 -85.240107 9.062927
v -15.100849 -85.369167 9.375285
v -14.563415 -85.517998 9.375285
v -14.686390 -85.643482 9.687642
v -14.100575 -85.840893 9.687642
v -14.735876 -85.795040 10.000000
v -14.167230 -85.989237 10.000000
v -16.150385 -85.001287 9.062927
v -15.627710 -85.251408 9.375285
v -15.225097 -85.499296 9.687642
v -15.934581 -85.511513 10.000000
v -16.403927 -85.280733 9.687642
v -16.277755 -85.140467 9.375285
v -15.752954 -85.386086 9.687642
v -15.326324 -85.636663 10.000000
v -13.623285 -86.220684 10.000000
v -13.536060 -86.084118 9.687642
v -13.979337 -85.720444 9.375285
v -13.416941 -85.968523 9.375285
v -13.857062 -85.601034 9.062927
v -13.296825 -85.853939 9.062927
v -13.733760 -85.482674 8.750570
v -13.175722 -85.740376 8.750570
v -13.609440 -85.365362 8.438212
v -13.053641 -85.627861 8.438212
v -13.113897 -86.497555 10.000000
v -13.010759 -86.377726 9.687642
v -12.894170 -86.266613 9.375285
v -12.776626 -86.156492 9.062927
v -12.658135 -86.047382 8.750570
v -12.538704 -85.939283 8.438212
v -12.655286 -86.834402 10.000000
v -15.225747 -84.058151 6.875855
v -14.584843 -84.213476 6.875855
v -14.067324 -84.367170 6.875855
v -13.541416 -84.552612 6.875855
v -12.972662 -84.794731 6.875855
v -12.428652 -85.080853 6.875855
v -15.245099 -84.853897 8.438212
v -14.721458 -84.985228 8.438212
v -14.849020 -85.112123 8.750570
v -14.188070 -85.147896 8.438212
v -14.314246 -85.270195 8.750570
v -14.439363 -85.393562 9.062927
v -20.614715 -93.892574 -0.000000
v -20.738077 -92.630253 2.499928
v -19.596727 -91.125412 5.000000
v -20.096042 -92.479649 2.499940
v -20.012727 -93.740091 -0.000000
v -19.564854 -92.383280 2.499949
v -19.011858 -92.311449 2.499959
v -18.979524 -91.056862 5.000000
v -18.369014 -91.025410 5.000000
v -18.395046 -92.270870 2.499969
v -17.768198 -91.034756 5.000000
v -17.780460 -92.280722 2.499980
v -17.179387 -91.087151 5.000000
v -17.182909 -92.351980 2.499990
v -16.609437 -91.193409 5.000000
v -16.617218 -92.495632 2.500000
v -16.069292 -91.372395 5.000000
v -17.086709 -93.653851 -0.000000
v -17.646286 -93.550568 -0.000000
v -18.225418 -93.523417 -0.000000
v -18.815857 -93.552189 -0.000000
v -19.412285 -93.625278 -0.000000
v -19.577358 -91.082315 5.000000
v -18.960006 -91.015120 5.000000
v -18.349428 -90.985012 5.000000
v -17.748635 -90.995674 5.000000
v -17.159939 -91.049366 5.000000
v -16.590227 -91.156883 5.000000
v -16.050475 -91.337061 5.000000
v -15.224323 -91.778164 5.000000
v -15.230281 -91.789331 5.000000
v -15.236231 -91.800499 5.000000
v -15.242171 -91.811676 5.000000
v -20.458455 -91.877499 6.250570
v -19.811354 -91.750460 6.250570
v -19.276998 -91.673555 6.250570
v -18.721739 -91.621952 6.250570
v -18.103845 -91.603928 6.250570
v -17.490025 -91.636219 6.250570
v -16.895483 -91.729298 6.250570
v -17.033503 -92.020864 6.875855
v -16.600872 -92.459087 7.500000
v -17.166246 -92.314196 7.500010
v -17.294271 -92.610521 8.125855
v -17.763640 -92.241611 7.500020
v -17.892822 -92.548218 8.125855
v -18.378201 -92.230415 7.500030
v -18.507487 -92.547588 8.125855
v -18.995100 -92.269630 7.500041
v -19.123617 -92.597418 8.125855
v -19.548252 -92.340240 7.500051
v -19.675472 -92.677536 8.125855
v -20.079656 -92.435436 7.500060
v -20.205152 -92.781868 8.125855
v -20.722020 -92.584629 7.500072
v -20.844853 -92.942076 8.125855
v -20.903859 -93.121271 8.438212
v -20.961325 -93.300972 8.750570
v -20.324476 -93.129787 8.750570
v -20.381894 -93.304510 9.062927
v -19.855082 -93.186550 9.062927
v -19.912030 -93.357220 9.375285
v -19.363244 -93.258133 9.375285
v -19.419591 -93.424549 9.687642
v -18.806140 -93.348227 9.687642
v -19.398419 -93.582573 10.000000
v -18.801832 -93.510799 10.000000
v -21.017244 -93.481159 9.062927
v -20.437808 -93.479719 9.375285
v -19.967512 -93.528376 9.687642
v -20.601432 -93.847218 10.000000
v -21.124432 -93.842936 9.687642
v -21.071615 -93.661814 9.375285
v -20.492215 -93.655405 9.687642
v -19.999113 -93.696060 10.000000
v -18.211330 -93.483334 10.000000
v -18.191998 -93.322439 9.687642
v -18.749168 -93.187113 9.375285
v -18.134832 -93.166599 9.375285
v -18.690811 -93.026476 9.062927
v -18.076327 -93.011255 9.062927
v -18.631074 -92.866335 8.750570
v -18.016487 -92.856388 8.750570
v -18.569965 -92.706699 8.438212
v -17.955316 -92.702045 8.438212
v -17.632262 -93.511753 10.000000
v -17.591326 -93.359051 9.687642
v -17.534497 -93.208351 9.375285
v -17.476370 -93.058138 9.062927
v -17.416954 -92.908421 8.750570
v -17.356253 -92.759209 8.438212
v -17.072910 -93.616276 10.000000
v -20.593386 -92.230234 6.875855
v -19.948561 -92.092094 6.875855
v -19.415605 -92.006025 6.875855
v -18.861320 -91.944914 6.875855
v -18.243837 -91.916294 6.875855
v -17.629559 -91.938038 6.875855
v -20.265563 -92.955570 8.438212
v -19.736798 -92.846699 8.438212
v -19.796667 -93.016376 8.750570
v -19.185650 -92.761822 8.438212
v -19.246267 -92.926760 8.750570
v -19.305468 -93.092194 9.062927
v -21.181684 -103.428926 -0.000000
v -21.840532 -102.345133 2.499928
v -21.465135 -100.494118 5.000000
v -21.327424 -101.930876 2.499940
v -20.705473 -103.030348 -0.000000
v -20.890651 -101.613579 2.499949
v -20.423584 -101.308928 2.499959
v -20.938799 -100.164557 5.000000
v -20.402391 -99.871330 5.000000
v -19.885460 -101.004744 2.499969
v -19.857025 -99.619055 5.000000
v -19.327465 -100.746965 2.499980
v -19.303786 -99.410801 5.000000
v -18.758171 -100.551891 2.499990
v -18.744177 -99.259243 5.000000
v -18.186172 -100.435886 2.500000
v -18.179861 -99.186144 5.000000
v -18.106636 -101.683102 -0.000000
v -18.655611 -101.832838 -0.000000
v -19.189173 -102.059650 -0.000000
v -19.708655 -102.341757 -0.000000
v -20.214307 -102.666378 -0.000000
v -21.466384 -100.446873 5.000000
v -20.939324 -100.118475 5.000000
v -20.402274 -99.826431 5.000000
v -19.856352 -99.575367 5.000000
v -19.302657 -99.368315 5.000000
v -18.742716 -99.217997 5.000000
v -18.178240 -99.146137 5.000000
v -17.242517 -99.185104 5.000000
v -17.243040 -99.197750 5.000000
v -17.243553 -99.210396 5.000000
v -17.244056 -99.223042 5.000000
v -21.915207 -101.545610 6.250570
v -21.387308 -101.150379 6.250570
v -20.939240 -100.849247 6.250570
v -20.461354 -100.561838 6.250570
v -19.912475 -100.277500 6.250570
v -19.345430 -100.040264 6.250570
v -18.769382 -99.866161 6.250570
v -18.767227 -100.188742 6.875855
v -18.187301 -100.395861 7.500000
v -18.759556 -100.510616 7.500010
v -18.746331 -100.833149 8.125855
v -19.329277 -100.704432 7.500020
v -19.312637 -101.036720 8.125855
v -19.887838 -100.960989 7.500030
v -19.866701 -101.302853 8.125855
v -20.426631 -101.263981 7.500041
v -20.400198 -101.615067 8.125855
v -20.894365 -101.567602 7.500051
v -20.862639 -101.926699 8.125855
v -21.331837 -101.883945 7.500060
v -21.294599 -102.250509 8.125855
v -21.845856 -102.297068 7.500072
v -21.801436 -102.672405 8.125855
v -21.776848 -102.859468 8.438212
v -21.750655 -103.046293 8.750570
v -21.251147 -102.615757 8.750570
v -21.227069 -102.798090 9.062927
v -20.803609 -102.463226 9.062927
v -20.780866 -102.641706 9.375285
v -20.329423 -102.314320 9.375285
v -20.307984 -102.488708 9.687642
v -19.788396 -102.153778 9.687642
v -20.220342 -102.621899 10.000000
v -19.713976 -102.298384 10.000000
v -21.722858 -103.232899 9.062927
v -21.201425 -102.980204 9.375285
v -20.756593 -102.819986 9.687642
v -21.189396 -103.382301 10.000000
v -21.662459 -103.605366 9.687642
v -21.693461 -103.419256 9.375285
v -21.174219 -103.162098 9.687642
v -20.712306 -102.984781 10.000000
v -19.193875 -102.017422 10.000000
v -19.246264 -101.864071 9.687642
v -19.806974 -101.983891 9.375285
v -19.262373 -101.698866 9.375285
v -19.824092 -101.813850 9.062927
v -19.277067 -101.533518 9.062927
v -19.839756 -101.643648 8.750570
v -19.290342 -101.368036 8.750570
v -19.853958 -101.473312 8.438212
v -19.302199 -101.202431 8.438212
v -18.659815 -101.791782 10.000000
v -18.689191 -101.636438 9.687642
v -18.703375 -101.476002 9.375285
v -18.716180 -101.315451 9.062927
v -18.727610 -101.154776 8.750570
v -18.737659 -100.994005 8.438212
v -18.110511 -101.643257 10.000000
v -21.883729 -101.921959 6.875855
v -21.362698 -101.517715 6.875855
v -20.919862 -101.208935 6.875855
v -20.446985 -100.913382 6.875855
v -19.903072 -100.619678 6.875855
v -19.340191 -100.372744 6.875855
v -21.273656 -102.433224 8.438212
v -20.844495 -102.105703 8.438212
v -20.824819 -102.284555 8.750570
v -20.384753 -101.790113 8.438212
v -20.367808 -101.965008 8.750570
v -20.349364 -102.139750 9.062927
v -17.554840 -112.266874 -0.000000
v -18.618679 -111.576290 2.499928
v -19.083583 -109.745693 5.000000
v -18.336122 -110.980425 2.499940
v -17.298723 -111.701155 -0.000000
v -18.080275 -110.505037 2.499949
v -17.791646 -110.027905 2.499959
v -18.752362 -109.220400 5.000000
v -18.396301 -108.723478 5.000000
v -17.438791 -109.520359 2.499969
v -18.014400 -108.259563 5.000000
v -17.047904 -109.046001 2.499980
v -17.606310 -107.831879 5.000000
v -16.619625 -108.623247 2.499990
v -17.167877 -107.452526 5.000000
v -16.154608 -108.270540 2.500000
v -16.691164 -107.141819 5.000000
v -15.541800 -109.359732 -0.000000
v -15.971440 -109.732838 -0.000000
v -16.353754 -110.168686 -0.000000
v -16.699388 -110.648251 -0.000000
v -17.014116 -111.160126 -0.000000
v -19.105206 -109.703674 5.000000
v -18.772827 -109.179115 5.000000
v -18.415674 -108.682976 5.000000
v -18.032753 -108.219900 5.000000
v -17.623723 -107.793121 5.000000
v -17.184455 -107.414732 5.000000
v -16.707058 -107.105083 5.000000
v -15.832020 -106.769047 5.000000
v -15.837053 -106.757431 5.000000
v -15.842079 -106.745815 5.000000
v -15.847096 -106.734190 5.000000
v -19.032860 -110.888338 6.250570
v -18.728720 -110.303211 6.250570
v -18.455684 -109.837475 6.250570
v -18.149827 -109.371185 6.250570
v -17.778673 -108.876858 6.250570
v -17.370713 -108.417082 6.250570
v -16.927252 -108.010283 6.250570
v -16.785347 -108.299990 6.875855
v -16.172988 -108.234968 7.500000
v -16.638781 -108.586655 7.500010
v -16.486927 -108.871508 8.125855
v -17.067989 -109.008465 7.500020
v -16.908823 -109.300632 8.125855
v -17.459921 -109.481964 7.500030
v -17.292550 -109.780798 8.125855
v -17.813890 -109.988728 7.500041
v -17.637745 -110.293579 8.125855
v -18.103569 -110.465221 7.500051
v -17.919180 -110.774994 8.125855
v -18.360465 -110.940046 7.500060
v -18.167865 -111.254158 8.125855
v -18.644331 -111.535282 7.500072
v -18.441452 -111.854191 8.125855
v -18.338143 -112.012043 8.438212
v -18.233478 -112.169018 8.750570
v -17.970241 -111.564379 8.750570
v -17.869438 -111.718206 9.062927
v -17.633203 -111.232777 9.062927
v -17.535274 -111.383715 9.375285
v -17.270584 -110.892878 9.375285
v -17.175604 -111.040688 9.687642
v -16.852793 -110.513487 9.687642
v -17.038857 -111.122656 10.000000
v -16.723003 -110.611477 10.000000
v -18.127470 -112.325077 9.062927
v -17.767317 -111.871166 9.375285
v -17.436053 -111.533804 9.687642
v -17.582014 -112.228222 10.000000
v -17.911447 -112.634449 9.687642
v -18.020124 -112.480221 9.375285
v -17.663885 -112.023239 9.687642
v -17.324654 -111.663065 10.000000
v -16.376312 -110.132685 10.000000
v -16.490046 -110.017252 9.687642
v -16.943241 -110.368490 9.375285
v -16.576242 -109.875393 9.375285
v -17.032446 -110.222712 9.062927
v -16.661224 -109.732800 9.062927
v -17.120403 -110.076160 8.750570
v -16.744986 -109.589462 8.750570
v -17.207108 -109.928856 8.438212
v -16.827520 -109.445400 8.438212
v -15.993041 -109.697666 10.000000
v -16.086910 -109.570456 9.687642
v -16.169298 -109.432068 9.375285
v -16.250498 -109.292965 9.062927
v -16.330507 -109.153156 8.750570
v -16.409318 -109.012671 8.438212
v -15.562581 -109.325514 10.000000
v -18.841207 -111.213751 6.875855
v -18.547165 -110.623484 6.875855
v -18.282162 -110.153141 6.875855
v -17.984350 -109.681683 6.875855
v -17.621737 -109.181070 6.875855
v -17.221737 -108.714361 6.875855
v -18.069719 -111.409693 8.438212
v -17.825162 -110.928402 8.438212
v -17.729836 -111.080999 8.750570
v -17.547880 -110.444584 8.438212
v -17.456728 -110.594807 8.750570
v -17.364295 -110.744247 9.062927
v -10.452520 -118.655977 -0.000000
v -11.710644 -118.495350 2.499928
v -12.923772 -117.047758 5.000000
v -11.714604 -117.835903 2.499940
v -10.467224 -118.035145 -0.000000
v -11.690354 -117.296581 2.499949
v -11.637329 -116.741467 2.499959
v -12.853266 -116.430779 5.000000
v -12.748075 -115.828571 5.000000
v -11.539632 -116.131096 2.499969
v -12.605278 -115.244904 5.000000
v -11.393273 -115.534115 2.499980
v -12.423165 -114.682512 5.000000
v -11.190832 -114.967403 2.499990
v -12.192745 -114.150496 5.000000
v -10.924901 -114.447851 2.500000
v -11.898053 -113.663731 5.000000
v -9.900196 -115.163298 -0.000000
v -10.125406 -115.685863 -0.000000
v -10.280750 -116.244440 -0.000000
v -10.384079 -116.826477 -0.000000
v -10.445546 -117.424212 -0.000000
v -12.961482 -117.019291 5.000000
v -12.889618 -116.402454 5.000000
v -12.783102 -115.800495 5.000000
v -12.639021 -115.217133 5.000000
v -12.455671 -114.655142 5.000000
v -12.224081 -114.123640 5.000000
v -11.928315 -113.637514 5.000000
v -11.314439 -112.930231 5.000000
v -11.304877 -112.938519 5.000000
v -11.295308 -112.946806 5.000000
v -11.285734 -112.955093 5.000000
v -12.382299 -118.055239 6.250570
v -12.362155 -117.396088 6.250570
v -12.318230 -116.858015 6.250570
v -12.244977 -116.305199 6.250570
v -12.125062 -115.698786 6.250570
v -11.956990 -115.107546 6.250570
v -11.733949 -114.548616 6.250570
v -11.480401 -114.748058 6.875855
v -10.956893 -114.423790 7.500000
v -11.223967 -114.942741 7.500010
v -10.963560 -115.133495 8.125855
v -11.427654 -115.509014 7.500020
v -11.157485 -115.703182 8.125855
v -11.575328 -116.105671 7.500030
v -11.294873 -116.302290 8.125855
v -11.674368 -116.715832 7.500041
v -11.383398 -116.914062 8.125855
v -11.728616 -117.270832 7.500051
v -11.428084 -117.469912 8.125855
v -11.754053 -117.810087 7.500060
v -11.444240 -118.009529 8.125855
v -11.751544 -118.469543 7.500072
v -11.430391 -118.668842 8.125855
v -11.268818 -118.766232 8.438212
v -11.106414 -118.862247 8.750570
v -11.131586 -118.203278 8.750570
v -10.974022 -118.298130 9.062927
v -10.971802 -117.758274 9.062927
v -10.818081 -117.851782 9.375285
v -10.792571 -117.294703 9.375285
v -10.642864 -117.386675 9.687642
v -10.580763 -116.771622 9.687642
v -10.484092 -117.401190 10.000000
v -10.421308 -116.803598 10.000000
v -10.943190 -118.956861 9.062927
v -10.815649 -118.391638 9.375285
v -10.663564 -117.943954 9.687642
v -10.493776 -118.632936 10.000000
v -10.614331 -119.141865 9.687642
v -10.779159 -119.050074 9.375285
v -10.656477 -118.483772 9.687642
v -10.507114 -118.012075 10.000000
v -10.316699 -116.221781 10.000000
v -10.469249 -116.167126 9.687642
v -10.725167 -116.680222 9.375285
v -10.608460 -116.076717 9.375285
v -10.868791 -116.587582 9.062927
v -10.746897 -115.985117 9.062927
v -11.011623 -116.493711 8.750570
v -10.884554 -115.892315 8.750570
v -11.153653 -116.398611 8.438212
v -11.021420 -115.798340 8.438212
v -10.160125 -115.663557 10.000000
v -10.299894 -115.589666 9.687642
v -10.434169 -115.500736 9.375285
v -10.567682 -115.410633 9.062927
v -10.700424 -115.319395 8.750570
v -10.832387 -115.227013 8.438212
v -9.933766 -115.141487 10.000000
v -12.068430 -118.265276 6.875855
v -12.059617 -117.605877 6.875855
v -12.024931 -117.067127 6.875855
v -11.961170 -116.513147 6.875855
v -11.851676 -115.904779 6.875855
v -11.693784 -115.310736 6.875855
v -11.288329 -118.107071 8.438212
v -11.276815 -117.567339 8.438212
v -11.124718 -117.663469 8.750570
v -11.236913 -117.011127 8.438212
v -11.089606 -117.106924 8.750570
v -10.941489 -117.201452 9.062927
v -1.281425 -121.330767 -0.000000
v -2.484647 -121.731930 2.499928
v -4.205724 -120.954056 5.000000
v -2.774341 -121.139507 2.499940
v -1.564040 -120.777798 -0.000000
v -2.986493 -120.643072 2.499949
v -3.179573 -120.119925 2.499959
v -4.409899 -120.367575 5.000000
v -4.576411 -119.779377 5.000000
v -3.356383 -119.527607 2.499969
v -4.701003 -119.191542 5.000000
v -3.483540 -118.926249 2.499980
v -4.780936 -118.605833 5.000000
v -3.547035 -118.327818 2.499990
v -4.804167 -118.026524 5.000000
v -3.532861 -117.744350 2.500000
v -4.749861 -117.460098 5.000000
v -2.299213 -117.944336 0.000000
v -2.275387 -118.512859 -0.000000
v -2.172992 -119.083519 -0.000000
v -2.013552 -119.652758 -0.000000
v -1.809584 -120.217962 -0.000000
v -4.252055 -120.944767 5.000000
v -4.454938 -120.357838 5.000000
v -4.620155 -119.769268 5.000000
v -4.743453 -119.181166 5.000000
v -4.822096 -118.595285 5.000000
v -4.844052 -118.015928 5.000000
v -4.788499 -117.449617 5.000000
v -4.542294 -116.546030 5.000000
v -4.530081 -116.549349 5.000000
v -4.517865 -116.552658 5.000000
v -4.505646 -116.555967 5.000000
v -3.280746 -121.626825 6.250570
v -3.548591 -121.024218 6.250570
v -3.742475 -120.520372 6.250570
v -3.916336 -119.990511 6.250570
v -4.071409 -119.392118 6.250570
v -4.176513 -118.786507 6.250570
v -4.218068 -118.186159 6.250570
v -3.903096 -118.255835 6.875855
v -3.572127 -117.736540 7.500000
v -3.587586 -118.319988 7.500010
v -3.270203 -118.378859 8.125855
v -3.525409 -118.918552 7.500020
v -3.197747 -118.976269 8.125855
v -3.399575 -119.520197 7.500030
v -3.061583 -119.575653 8.125855
v -3.224070 -120.112896 7.500041
v -2.875904 -120.165253 8.125855
v -3.032141 -120.636463 7.500051
v -2.674993 -120.685444 8.125855
v -2.821083 -121.133366 7.500060
v -2.455418 -121.178627 8.125855
v -2.532695 -121.726427 7.500072
v -2.156876 -121.766644 8.125855
v -1.969042 -121.784296 8.438212
v -1.781064 -121.800327 8.750570
v -2.089660 -121.217537 8.750570
v -1.906543 -121.234646 9.062927
v -2.138778 -120.747280 9.062927
v -1.959711 -120.764828 9.375285
v -2.178434 -120.251846 9.375285
v -2.003649 -120.269756 9.687642
v -2.214560 -119.688663 9.687642
v -1.854300 -120.213947 10.000000
v -2.057023 -119.648285 10.000000
v -1.592953 -121.814747 9.062927
v -1.723285 -121.250162 9.375285
v -1.780502 -120.780830 9.687642
v -1.328592 -121.327915 10.000000
v -1.216392 -121.838741 9.687642
v -1.404725 -121.827564 9.375285
v -1.539900 -121.264114 9.687642
v -1.609989 -120.774326 10.000000
v -2.215210 -119.078703 10.000000
v -2.376367 -119.095659 9.687642
v -2.384320 -119.668980 9.375285
v -2.541017 -119.074602 9.375285
v -2.553914 -119.647827 9.062927
v -2.705492 -119.052134 9.062927
v -2.723331 -119.625225 8.750570
v -2.869780 -119.028254 8.750570
v -2.892558 -119.601164 8.438212
v -3.033869 -119.002962 8.438212
v -2.316348 -118.507824 10.000000
v -2.474334 -118.501902 9.687642
v -2.633901 -118.480024 9.375285
v -2.793283 -118.456783 9.062927
v -2.952468 -118.432178 8.750570
v -3.111445 -118.406200 8.438212
v -2.338922 -117.939243 10.000000
v -2.906828 -121.679878 6.875855
v -3.184990 -121.081953 6.875855
v -3.387491 -120.581512 6.875855
v -3.570410 -120.054722 6.875855
v -3.735721 -119.459095 6.875855
v -3.851210 -118.855381 6.875855
v -2.272623 -121.198864 8.438212
v -2.496431 -120.707588 8.438212
v -2.317689 -120.728207 8.750570
v -2.701812 -120.189152 8.438212
v -2.527528 -120.211544 8.750570
v -2.353065 -120.232449 9.062927
v 8.141994 -119.761486 -0.000000
v 7.231987 -120.644979 2.499928
v 5.343843 -120.690880 5.000000
v 6.713939 -120.236912 2.499940
v 7.647445 -119.385900 -0.000000
v 6.307405 -119.881697 2.499949
v 5.906459 -119.494133 2.499959
v 4.905426 -120.251074 5.000000
v 4.500190 -119.793367 5.000000
v 5.490162 -119.037189 2.499969
v 4.132887 -119.317808 5.000000
v 5.114674 -118.550549 2.499980
v 3.806739 -118.824787 5.000000
v 4.797820 -118.038931 2.499990
v 3.534459 -118.312931 5.000000
v 4.557430 -117.507086 2.500000
v 3.337621 -117.779026 5.000000
v 5.755682 -117.152014 0.000000
v 6.023825 -117.653904 -0.000000
v 6.363676 -118.123617 -0.000000
v 6.754308 -118.567305 -0.000000
v 7.183312 -118.988047 -0.000000
v 5.298068 -120.702610 5.000000
v 4.860620 -120.261841 5.000000
v 4.456394 -119.803247 5.000000
v 4.090138 -119.326878 5.000000
v 3.765077 -118.833141 5.000000
v 3.493924 -118.320684 5.000000
v 3.298262 -117.786350 5.000000
v 3.128031 -116.865416 5.000000
v 3.140477 -116.863117 5.000000
v 3.152921 -116.860800 5.000000
v 3.165364 -116.858473 5.000000
v 6.469122 -120.895691 6.250570
v 5.966340 -120.468969 6.250570
v 5.573046 -120.099154 6.250570
v 5.186507 -119.697208 6.250570
v 4.787160 -119.225359 6.250570
v 4.429697 -118.725309 6.250570
v 4.131776 -118.202457 6.250570
v 4.445788 -118.128567 6.875855
v 4.518666 -117.517099 7.500000
v 4.757884 -118.049469 7.500010
v 5.069382 -117.964802 8.125855
v 5.073612 -118.561773 7.500020
v 5.393868 -118.471613 8.125855
v 5.448028 -119.049244 7.500030
v 5.776614 -118.952570 8.125855
v 5.863318 -119.507103 7.500041
v 6.199721 -119.403210 8.125855
v 6.263409 -119.895554 7.500051
v 6.606438 -119.784718 8.125855
v 6.669160 -120.251665 7.500060
v 7.018254 -120.133791 8.125855
v 7.186309 -120.660868 7.500072
v 7.542358 -120.534039 8.125855
v 7.719250 -120.468445 8.438212
v 7.895572 -120.401325 8.750570
v 7.364672 -120.010147 8.750570
v 7.537074 -119.946108 9.062927
v 7.116383 -119.607773 9.062927
v 7.285328 -119.545879 9.375285
v 6.865693 -119.178610 9.375285
v 7.030936 -119.118900 9.687642
v 6.588788 -118.686876 9.687642
v 7.141282 -119.003820 10.000000
v 6.713204 -118.582144 10.000000
v 8.071312 -120.332708 9.062927
v 7.708920 -119.880581 9.375285
v 7.453734 -119.482555 9.687642
v 8.098259 -119.779377 10.000000
v 8.420992 -120.190945 9.687642
v 8.246456 -120.262585 9.375285
v 7.880197 -119.813585 9.687642
v 7.604538 -119.402714 10.000000
v 6.323551 -118.137608 10.000000
v 6.185709 -118.222799 9.687642
v 6.427296 -118.742790 9.375285
v 6.028229 -118.275270 9.375285
v 6.265320 -118.797321 9.062927
v 5.870293 -118.326387 9.062927
v 6.102873 -118.850460 8.750570
v 5.711913 -118.376150 8.750570
v 5.939967 -118.902216 8.438212
v 5.553101 -118.424559 8.438212
v 5.984734 -117.667141 10.000000
v 5.839822 -117.730350 9.687642
v 5.686567 -117.779875 9.375285
v 5.532885 -117.828083 9.062927
v 5.378786 -117.874985 8.750570
v 5.224281 -117.920551 8.438212
v 5.717697 -117.164660 10.000000
v 6.829031 -120.781260 6.875855
v 6.318988 -120.363245 6.875855
v 5.919407 -120.000219 6.875855
v 5.526038 -119.604969 6.875855
v 5.118663 -119.140043 6.875855
v 4.752668 -118.646221 6.875855
v 7.191728 -120.072718 8.438212
v 6.776925 -119.727192 8.438212
v 6.946911 -119.668217 8.750570
v 6.366939 -119.349203 8.438212
v 6.533681 -119.293766 8.750570
v 6.699937 -119.236898 9.062927
v 15.951316 -114.258938 -0.000000
v 15.514762 -115.449781 2.499928
v 13.833519 -116.310368 5.000000
v 14.870965 -115.306902 2.499940
v 15.342784 -114.135132 -0.000000
v 14.350567 -115.163250 2.499949
v 13.821169 -114.988031 2.499959
v 13.247694 -116.104345 5.000000
v 12.683998 -115.867786 5.000000
v 13.247837 -114.756956 2.499969
v 12.146733 -115.598698 5.000000
v 12.698388 -114.481430 2.499980
v 11.638968 -115.296001 5.000000
v 12.190931 -114.157963 2.499990
v 11.171567 -114.952974 5.000000
v 11.743590 -113.783092 2.500000
v 10.762571 -114.557352 5.000000
v 12.669117 -112.943277 0.000000
v 13.128468 -113.279123 -0.000000
v 13.638464 -113.554859 -0.000000
v 14.182918 -113.785114 -0.000000
v 14.751990 -113.978052 -0.000000
v 13.797367 -116.340809 5.000000
v 13.211997 -116.133480 5.000000
v 12.648823 -115.895681 5.000000
v 12.112151 -115.625410 5.000000
v 11.605054 -115.321598 5.000000
v 11.138409 -114.977551 5.000000
v 10.730286 -114.581022 5.000000
v 10.197756 -113.810186 5.000000
v 10.187547 -113.817673 5.000000
v 10.177335 -113.825159 5.000000
v 10.207958 -113.802700 5.000000
v 14.936224 -116.006660 6.250570
v 14.298089 -115.840349 6.250570
v 13.783281 -115.677795 6.250570
v 13.260622 -115.483360 6.250570
v 12.696097 -115.231514 6.250570
v 12.157074 -114.936085 6.250570
v 11.661795 -114.594269 6.250570
v 11.912653 -114.391460 6.875855
v 11.713006 -113.808918 7.500000
v 12.159522 -114.184780 7.500010
v 12.403438 -113.973341 8.125855
v 12.666265 -114.509363 7.500020
v 12.915685 -114.289179 8.125855
v 13.215106 -114.786100 7.500030
v 13.469205 -114.556437 8.125855
v 13.787928 -115.018435 7.500041
v 14.045939 -114.778872 8.125855
v 14.316938 -115.194817 7.500051
v 14.577906 -114.946117 8.125855
v 14.837019 -115.339613 7.500060
v 15.100398 -115.081949 8.125855
v 15.480500 -115.483913 7.500072
v 15.746260 -115.215158 8.125855
v 15.877173 -115.079308 8.438212
v 16.006916 -114.942341 8.750570
v 15.358865 -114.820251 8.750570
v 15.486405 -114.687748 9.062927
v 14.960580 -114.565449 9.062927
v 15.085942 -114.436388 9.375285
v 14.548509 -114.287558 9.375285
v 14.671483 -114.162064 9.687642
v 14.085670 -113.964663 9.687642
v 14.720969 -114.010506 10.000000
v 14.152324 -113.816319 10.000000
v 16.135477 -114.804268 9.062927
v 15.612803 -114.554148 9.375285
v 15.210190 -114.306259 9.687642
v 15.919673 -114.294033 10.000000
v 16.389019 -114.524822 9.687642
v 16.262850 -114.665089 9.375285
v 15.738049 -114.419460 9.687642
v 15.311416 -114.168882 10.000000
v 13.608378 -113.584871 10.000000
v 13.521154 -113.721437 9.687642
v 13.964430 -114.085102 9.375285
v 13.402034 -113.837032 9.375285
v 13.842155 -114.204512 9.062927
v 13.281918 -113.951616 9.062927
v 13.718853 -114.322872 8.750570
v 13.160815 -114.065170 8.750570
v 13.594533 -114.440184 8.438212
v 13.038734 -114.177694 8.438212
v 13.098990 -113.308010 10.000000
v 12.995853 -113.427830 9.687642
v 12.879264 -113.538942 9.375285
v 12.761719 -113.649063 9.062927
v 12.643228 -113.758173 8.750570
v 12.523798 -113.866272 8.438212
v 12.640380 -112.971144 10.000000
v 15.210841 -115.747395 6.875855
v 14.569936 -115.592079 6.875855
v 14.052417 -115.438375 6.875855
v 13.526509 -115.252943 6.875855
v 12.957757 -115.010815 6.875855
v 12.413745 -114.724703 6.875855
v 15.230193 -114.951649 8.438212
v 14.706552 -114.820328 8.438212
v 14.834113 -114.693432 8.750570
v 14.173163 -114.657650 8.438212
v 14.299339 -114.535360 8.750570
v 14.424458 -114.411983 9.062927
v 20.599809 -105.912991 -0.000000
v 20.723171 -107.175312 2.499928
v 19.581821 -108.680134 5.000000
v 20.081136 -107.325916 2.499940
v 19.997820 -106.065464 -0.000000
v 19.549946 -107.422276 2.499949
v 18.996950 -107.494106 2.499959
v 18.964618 -108.748684 5.000000
v 18.354108 -108.780136 5.000000
v 18.380140 -107.534676 2.499969
v 17.753292 -108.770809 5.000000
v 17.765554 -107.524834 2.499980
v 17.164478 -108.718395 5.000000
v 17.168003 -107.453566 2.499990
v 16.594532 -108.612146 5.000000
v 16.602310 -107.309914 2.500000
v 16.054386 -108.433151 5.000000
v 17.071803 -106.151705 -0.000000
v 17.631381 -106.254978 -0.000000
v 18.210512 -106.282139 -0.000000
v 18.800951 -106.253366 -0.000000
v 19.397379 -106.180277 -0.000000
v 19.562452 -108.723240 5.000000
v 18.945100 -108.790436 5.000000
v 18.334522 -108.820543 5.000000
v 17.733729 -108.809881 5.000000
v 17.145030 -108.756180 5.000000
v 16.575320 -108.648663 5.000000
v 16.035569 -108.468494 5.000000
v 15.209417 -108.027391 5.000000
v 15.215375 -108.016224 5.000000
v 15.221324 -108.005047 5.000000
v 15.227265 -107.993870 5.000000
v 20.443549 -107.928057 6.250570
v 19.796448 -108.055096 6.250570
v 19.262092 -108.132000 6.250570
v 18.706833 -108.183594 6.250570
v 18.088939 -108.201628 6.250570
v 17.475116 -108.169336 6.250570
v 16.880577 -108.076258 6.250570
v 17.018597 -107.784691 6.875855
v 16.585966 -107.346458 7.500000
v 17.151340 -107.491360 7.500010
v 17.279364 -107.195034 8.125855
v 17.748731 -107.563934 7.500020
v 17.877916 -107.257328 8.125855
v 18.363295 -107.575130 7.500030
v 18.492578 -107.257957 8.125855
v 18.980194 -107.535915 7.500041
v 19.108711 -107.208138 8.125855
v 19.533346 -107.465305 7.500051
v 19.660565 -107.128010 8.125855
v 20.064747 -107.370110 7.500060
v 20.190246 -107.023687 8.125855
v 20.707111 -107.220926 7.500072
v 20.829945 -106.863470 8.125855
v 20.888953 -106.684284 8.438212
v 20.946419 -106.504583 8.750570
v 20.309570 -106.675758 8.750570
v 20.366988 -106.501036 9.062927
v 19.840174 -106.619005 9.062927
v 19.897124 -106.448326 9.375285
v 19.348338 -106.547413 9.375285
v 19.404685 -106.381006 9.687642
v 18.791234 -106.457319 9.687642
v 19.383513 -106.222973 10.000000
v 18.786926 -106.294746 10.000000
v 21.002338 -106.324396 9.062927
v 20.422902 -106.325827 9.375285
v 19.952606 -106.277180 9.687642
v 20.586526 -105.958338 10.000000
v 21.109524 -105.962620 9.687642
v 21.056709 -106.143742 9.375285
v 20.477309 -106.150150 9.687642
v 19.984205 -106.109486 10.000000
v 18.196424 -106.322231 10.000000
v 18.177092 -106.483116 9.687642
v 18.734262 -106.618443 9.375285
v 18.119924 -106.638956 9.375285
v 18.675905 -106.779079 9.062927
v 18.061421 -106.794300 9.062927
v 18.616168 -106.939220 8.750570
v 18.001581 -106.949158 8.750570
v 18.555059 -107.098846 8.438212
v 17.940410 -107.103510 8.438212
v 17.617353 -106.293793 10.000000
v 17.576420 -106.446505 9.687642
v 17.519588 -106.597195 9.375285
v 17.461464 -106.747417 9.062927
v 17.402048 -106.897135 8.750570
v 17.341347 -107.046337 8.438212
v 17.058004 -106.189289 10.000000
v 20.578480 -107.575321 6.875855
v 19.933653 -107.713451 6.875855
v 19.400698 -107.799520 6.875855
v 18.846414 -107.860632 6.875855
v 18.228931 -107.889261 6.875855
v 17.614651 -107.867517 6.875855
v 20.250654 -106.849976 8.438212
v 19.721889 -106.958857 8.438212
v 19.781761 -106.789188 8.750570
v 19.170744 -107.043724 8.438212
v 19.231361 -106.878796 8.750570
v 19.290562 -106.713352 9.062927
v 21.166778 -96.376629 -0.000000
v 21.825626 -97.460423 2.499928
v 21.450229 -99.311438 5.000000
v 21.312518 -97.874670 2.499940
v 20.690567 -96.775208 -0.000000
v 20.875745 -98.191967 2.499949
v 20.408676 -98.496628 2.499959
v 20.923891 -99.640999 5.000000
v 20.387485 -99.934216 5.000000
v 19.870554 -98.800802 2.499969
v 19.842119 -100.186491 5.000000
v 19.312559 -99.058590 2.499980
v 19.288880 -100.394764 5.000000
v 18.743265 -99.253654 2.499990
v 18.729271 -100.546312 5.000000
v 18.171265 -99.369678 2.500000
v 18.164955 -100.619411 5.000000
v 18.091730 -98.122454 -0.000000
v 18.640705 -97.972708 -0.000000
v 19.174267 -97.745905 -0.000000
v 19.693749 -97.463789 -0.000000
v 20.199401 -97.139168 -0.000000
v 21.451478 -99.358673 5.000000
v 20.924418 -99.687071 5.000000
v 20.387368 -99.979115 5.000000
v 19.841446 -100.230188 5.000000
v 19.287748 -100.437231 5.000000
v 18.727808 -100.587559 5.000000
v 18.163334 -100.659409 5.000000
v 17.227612 -100.620441 5.000000
v 17.228132 -100.607805 5.000000
v 17.228645 -100.595150 5.000000
v 17.229149 -100.582504 5.000000
v 21.900301 -98.259945 6.250570
v 21.372402 -98.655167 6.250570
v 20.924335 -98.956308 6.250570
v 20.446448 -99.243717 6.250570
v 19.897569 -99.528055 6.250570
v 19.330523 -99.765282 6.250570
v 18.754476 -99.939384 6.250570
v 18.752320 -99.616804 6.875855
v 18.172394 -99.409695 7.500000
v 18.744648 -99.294939 7.500010
v 18.731425 -98.972406 8.125855
v 19.314369 -99.101124 7.500020
v 19.297730 -98.768826 8.125855
v 19.872930 -98.844566 7.500030
v 19.851795 -98.502712 8.125855
v 20.411723 -98.541574 7.500041
v 20.385292 -98.190479 8.125855
v 20.879459 -98.237944 7.500051
v 20.847733 -97.878857 8.125855
v 21.316931 -97.921619 7.500060
v 21.279693 -97.555037 8.125855
v 21.830950 -97.508488 7.500072
v 21.786528 -97.133141 8.125855
v 21.761942 -96.946087 8.438212
v 21.735749 -96.759253 8.750570
v 21.236238 -97.189798 8.750570
v 21.212163 -97.007465 9.062927
v 20.788703 -97.342319 9.062927
v 20.765960 -97.163839 9.375285
v 20.314515 -97.491236 9.375285
v 20.293076 -97.316837 9.687642
v 19.773489 -97.651768 9.687642
v 20.205436 -97.183657 10.000000
v 19.699070 -97.507172 10.000000
v 21.707952 -96.572647 9.062927
v 21.186519 -96.825352 9.375285
v 20.741687 -96.985569 9.687642
v 21.174488 -96.423244 10.000000
v 21.647553 -96.200190 9.687642
v 21.678553 -96.386290 9.375285
v 21.159313 -96.643457 9.687642
v 20.697401 -96.820774 10.000000
v 19.178969 -97.788134 10.000000
v 19.231355 -97.941475 9.687642
v 19.792067 -97.821655 9.375285
v 19.247468 -98.106680 9.375285
v 19.809186 -97.991705 9.062927
v 19.262161 -98.272038 9.062927
v 19.824848 -98.161907 8.750570
v 19.275436 -98.437519 8.750570
v 19.839052 -98.332243 8.438212
v 19.287293 -98.603115 8.438212
v 18.644909 -98.013773 10.000000
v 18.674285 -98.169117 9.687642
v 18.688469 -98.329544 9.375285
v 18.701274 -98.490105 9.062927
v 18.712702 -98.650770 8.750570
v 18.722754 -98.811550 8.438212
v 18.095605 -98.162298 10.000000
v 21.868823 -97.883596 6.875855
v 21.347790 -98.287830 6.875855
v 20.904956 -98.596621 6.875855
v 20.432079 -98.892174 6.875855
v 19.888166 -99.185877 6.875855
v 19.325283 -99.432812 6.875855
v 21.258750 -97.372332 8.438212
v 20.829589 -97.699842 8.438212
v 20.809913 -97.521000 8.750570
v 20.369847 -98.015442 8.438212
v 20.352900 -97.840538 8.750570
v 20.334456 -97.665806 9.062927
v 14.799678 -84.361515 10.000000
v 14.202474 -84.531775 10.000000
v 13.625515 -84.733829 10.000000
v 13.072970 -84.969978 10.000000
v 12.547842 -85.241432 10.000000
v 12.060568 -85.555592 10.000000
v 11.628413 -85.925770 10.000000
v 11.029212 -86.645527 10.000000
v 14.746648 -90.965271 10.000000
v -16.194109 -93.940001 10.000000
v -17.253631 -99.539719 10.000000
v -18.189958 -99.520016 10.000000
v -18.748825 -99.412937 10.000000
v -19.298254 -99.227848 10.000000
v -19.837897 -98.986540 10.000000
v -20.367024 -98.701773 10.000000
v -20.884731 -98.376675 10.000000
v -21.390193 -98.015909 10.000000
v -15.949538 -93.313961 10.000000
v 10.504391 -86.225653 10.000000
v -15.680765 -92.697926 10.000000
v 9.963611 -85.826540 10.000000
v -15.388199 -92.092838 10.000000
v 9.407694 -85.448799 10.000000
v -12.003974 -87.507372 10.000000
v 4.184137 -83.169785 10.000000
v -11.511997 -87.049456 10.000000
v 3.529111 -83.019199 10.000000
v -11.002555 -86.611042 10.000000
v 2.868716 -82.894239 10.000000
v -10.476420 -86.192808 10.000000
v 2.203954 -82.795115 10.000000
v -5.437781 -83.529806 10.000000
v -4.795840 -83.330698 10.000000
v -4.146629 -83.156738 10.000000
v -3.491135 -83.008213 10.000000
v -3.680270 -82.090969 10.000000
v -3.700249 -81.522293 10.000000
v -3.642056 -80.945454 10.000000
v -3.526876 -80.365639 10.000000
v -3.366992 -79.786415 10.000000
v -3.165241 -79.209342 10.000000
v -2.926001 -78.636284 10.000000
v 4.411706 -82.261324 10.000000
v 4.640446 -81.740284 10.000000
v 4.943158 -81.245823 10.000000
v 5.298501 -80.773411 10.000000
v 5.693870 -80.320911 10.000000
v 6.126022 -79.888525 10.000000
v 6.590213 -79.476013 10.000000
v -11.044800 -85.448475 10.000000
v -11.309540 -84.944782 10.000000
v -11.507392 -84.399815 10.000000
v -11.655190 -83.827448 10.000000
v -11.762455 -83.236208 10.000000
v -11.831065 -82.628756 10.000000
v -11.864160 -82.008638 10.000000
v -16.223247 -91.668825 10.000000
v -16.680315 -91.329870 10.000000
v -17.095025 -90.924721 10.000000
v -17.476524 -90.473166 10.000000
v -17.829697 -89.987020 10.000000
v -18.155077 -89.469490 10.000000
v -18.453954 -88.925152 10.000000
v 15.083615 -91.546803 10.000000
v -17.254684 -100.211830 10.000000
v 15.397671 -92.141037 10.000000
v -17.229553 -100.883474 10.000000
v 15.688341 -92.747040 10.000000
v -17.178278 -101.553631 10.000000
v 17.163370 -98.251925 10.000000
v -15.703248 -107.058506 10.000000
v 17.214648 -98.922081 10.000000
v -15.412577 -107.664518 10.000000
v 17.239778 -99.593716 10.000000
v -15.098522 -108.258743 10.000000
v 17.238725 -100.265827 10.000000
v -14.761554 -108.840275 10.000000
v 16.179202 -105.865555 10.000000
v -11.044118 -113.160019 10.000000
v 15.934632 -106.491585 10.000000
v -10.519297 -113.579893 10.000000
v 15.665859 -107.107620 10.000000
v -9.978517 -113.979015 10.000000
v 15.373293 -107.712717 10.000000
v -9.422600 -114.356756 10.000000
v 11.989067 -112.298183 10.000000
v -4.199043 -116.635771 10.000000
v 11.497090 -112.756100 10.000000
v -3.544017 -116.786356 10.000000
v 10.987648 -113.194513 10.000000
v -2.883622 -116.911306 10.000000
v 10.461514 -113.612747 10.000000
v -2.218861 -117.010441 10.000000
v 5.422875 -116.275740 10.000000
v 4.780933 -116.474857 10.000000
v 4.131722 -116.648808 10.000000
v 3.476228 -116.797352 10.000000
v 3.665363 -117.714586 10.000000
v 3.685343 -118.283262 10.000000
v 3.627149 -118.860102 10.000000
v 3.511970 -119.439907 10.000000
v 3.352085 -120.019131 10.000000
v 3.150334 -120.596209 10.000000
v 2.911094 -121.169271 10.000000
v -16.555401 -107.447004 10.000000
v -17.105377 -107.593021 10.000000
v -17.680702 -107.664652 10.000000
v -18.271606 -107.681379 10.000000
v -18.871889 -107.654400 10.000000
v -19.479383 -107.586117 10.000000
v -20.091317 -107.480392 10.000000
v -11.643320 -113.879776 10.000000
v -12.075474 -114.249964 10.000000
v -12.562749 -114.564123 10.000000
v -13.087876 -114.835577 10.000000
v -13.640420 -115.071716 10.000000
v -14.217380 -115.273781 10.000000
v -14.814584 -115.444031 10.000000
v -4.426612 -117.544231 10.000000
v -4.655353 -118.065262 10.000000
v -4.958064 -118.559732 10.000000
v -5.313408 -119.032154 10.000000
v -5.708776 -119.484644 10.000000
v -6.140928 -119.917021 10.000000
v -6.605120 -120.329533 10.000000
v 11.029893 -114.357090 10.000000
v 11.294634 -114.860783 10.000000
v 11.492485 -115.405741 10.000000
v 11.640283 -115.978107 10.000000
v 11.747549 -116.569347 10.000000
v 11.816158 -117.176800 10.000000
v 11.849253 -117.796917 10.000000
v 16.208341 -108.136730 10.000000
v 16.665409 -108.475676 10.000000
v 17.080119 -108.880825 10.000000
v 17.461618 -109.332380 10.000000
v 17.814789 -109.818525 10.000000
v 18.140171 -110.336056 10.000000
v 18.439047 -110.880413 10.000000
v 18.175052 -100.285549 10.000000
v 18.733919 -100.392609 10.000000
v 19.283346 -100.577707 10.000000
v 19.822991 -100.819016 10.000000
v 20.352118 -101.103783 10.000000
v 20.869823 -101.428881 10.000000
v 21.375284 -101.789646 10.000000
v 16.540495 -92.358541 10.000000
v 17.090470 -92.212524 10.000000
v 17.665796 -92.140903 10.000000
v 18.256700 -92.124166 10.000000
v 18.856981 -92.151155 10.000000
v 19.464476 -92.219439 10.000000
v 20.076411 -92.325163 10.000000
v 5.626794 -93.670454 -2.542593
v 5.626794 -93.670454 -3.035688
v 5.079606 -93.216343 -2.505901
v 4.966903 -93.132076 -2.999578
v 4.496196 -92.810268 -2.469545
v 4.257527 -92.664242 -2.963142
v 3.880149 -92.454748 -2.433506
v 3.504281 -92.270327 -2.926251
v 3.237044 -92.152948 -2.397867
v 2.713009 -91.953831 -2.888785
v 2.570676 -91.906538 -2.362595
v 1.894097 -91.719217 -2.850825
v 1.885023 -91.717110 -2.327662
v 1.186315 -91.586437 -2.293145
v 1.055659 -91.568727 -2.812333
v 0.478725 -91.515274 -2.259008
v 0.205361 -91.503887 -2.773247
v -0.232616 -91.504211 -2.225257
v -0.647061 -91.525574 -2.733598
v -0.942430 -91.553383 -2.191903
v -1.492778 -91.633530 -2.693382
v -1.645373 -91.662397 -2.158954
v -2.323292 -91.826668 -2.652586
v -2.336755 -91.830540 -2.126389
v -3.010739 -92.056322 -2.094242
v -3.129078 -92.102642 -2.611265
v -3.662992 -92.338152 -2.062480
v -3.903327 -92.459068 -2.569353
v -4.289811 -92.674503 -2.031041
v -4.637145 -92.891893 -2.526916
v -4.884941 -93.061962 -2.000000
v -4.948401 -93.107662 -2.000000
v -5.011433 -93.153934 -2.000000
v -5.323356 -93.396797 -2.483954
v -5.074032 -93.200808 -2.000000
v -5.074032 -93.200808 -1.989821
v -5.841411 -93.856983 -1.946376
v -5.955252 -93.968945 -2.440468
v -6.525836 -94.602089 -1.903427
v -6.525836 -94.602089 -2.396520
v 5.626794 -93.670454 -5.535687
v 4.966903 -93.132076 -5.499578
v 5.626794 -93.670454 -5.042593
v 4.966435 -93.131733 -4.998650
v 4.257527 -92.664242 -5.463142
v 4.254905 -92.662687 -4.955176
v 3.504281 -92.270327 -5.426251
v 3.499683 -92.268209 -4.912209
v 2.713009 -91.953831 -5.388785
v 2.708986 -91.952457 -4.869798
v 1.894097 -91.719217 -5.350825
v 1.889330 -91.718111 -4.827878
v 1.055659 -91.568727 -5.312334
v 1.050648 -91.568089 -4.786544
v 0.205361 -91.503887 -5.273247
v 0.200445 -91.503773 -4.745750
v -0.647061 -91.525574 -5.233598
v -0.651895 -91.525946 -4.705532
v -1.492778 -91.633530 -5.193382
v -1.497746 -91.634426 -4.665878
v -2.323292 -91.826668 -5.152586
v -2.328255 -91.828098 -4.626791
v -3.129078 -92.102642 -5.111265
v -3.134025 -92.104626 -4.588296
v -3.903327 -92.459068 -5.069353
v -3.907617 -92.461319 -4.550336
v -4.637145 -92.891893 -5.026916
v -4.641447 -92.894726 -4.512867
v -5.323356 -93.396797 -4.983954
v -5.325900 -93.398876 -4.475974
v -5.955252 -93.968945 -4.940468
v -5.955706 -93.969402 -4.439537
v -6.525836 -94.602089 -4.896521
v -6.525836 -94.602089 -4.403427
v 5.626794 -93.670454 -8.035687
v 4.966903 -93.132076 -7.999578
v 5.626794 -93.670454 -7.542593
v 4.966435 -93.131733 -7.498650
v 4.257527 -92.664242 -7.963142
v 4.254905 -92.662687 -7.455176
v 3.504281 -92.270327 -7.926251
v 3.499683 -92.268209 -7.412208
v 2.713009 -91.953831 -7.888785
v 2.708986 -91.952457 -7.369798
v 1.894097 -91.719217 -7.850825
v 1.889330 -91.718111 -7.327878
v 1.055659 -91.568727 -7.812334
v 1.050648 -91.568089 -7.286544
v 0.205361 -91.503887 -7.773247
v 0.200445 -91.503773 -7.245750
v -0.647061 -91.525574 -7.733598
v -0.651895 -91.525946 -7.205532
v -1.492778 -91.633530 -7.693382
v -1.497746 -91.634426 -7.165878
v -2.323292 -91.826668 -7.652586
v -2.328255 -91.828098 -7.126791
v -3.129078 -92.102642 -7.611265
v -3.134025 -92.104626 -7.088296
v -3.903327 -92.459068 -7.569353
v -3.907617 -92.461319 -7.050337
v -4.637145 -92.891893 -7.526916
v -4.641447 -92.894726 -7.012867
v -5.323356 -93.396797 -7.483954
v -5.325900 -93.398876 -6.975974
v -5.955252 -93.968945 -7.440468
v -5.955706 -93.969402 -6.939537
v -6.525836 -94.602089 -7.396520
v -6.525836 -94.602089 -6.903427
v 5.626794 -93.670454 -10.535687
v 4.966903 -93.132076 -10.499578
v 5.626794 -93.670454 -10.042593
v 4.966435 -93.131733 -9.998651
v 4.257527 -92.664242 -10.463142
v 4.254905 -92.662687 -9.955176
v 3.504281 -92.270327 -10.426252
v 3.499683 -92.268209 -9.912208
v 2.713009 -91.953831 -10.388784
v 2.708986 -91.952457 -9.869798
v 1.894097 -91.719217 -10.350826
v 1.889330 -91.718111 -9.827878
v 1.055659 -91.568727 -10.312333
v 1.050648 -91.568089 -9.786545
v 0.205361 -91.503887 -10.273247
v 0.200445 -91.503773 -9.745750
v -0.647061 -91.525574 -10.233599
v -0.651895 -91.525946 -9.705531
v -1.492778 -91.633530 -10.193383
v -1.497746 -91.634426 -9.665878
v -2.323292 -91.826668 -10.152586
v -2.328255 -91.828098 -9.626791
v -3.129078 -92.102642 -10.111265
v -3.134025 -92.104626 -9.588296
v -3.903327 -92.459068 -10.069354
v -3.907617 -92.461319 -9.550336
v -4.637145 -92.891893 -10.026915
v -4.641447 -92.894726 -9.512868
v -5.323356 -93.396797 -9.983953
v -5.325900 -93.398876 -9.475974
v -5.955252 -93.968945 -9.940468
v -5.955706 -93.969402 -9.439537
v -6.525836 -94.602089 -9.896520
v -6.525836 -94.602089 -9.403426
v 5.626794 -93.670454 -13.035687
v 4.966903 -93.132076 -12.999578
v 5.626794 -93.670454 -12.542593
v 4.966435 -93.131733 -12.498651
v 4.257527 -92.664242 -12.963142
v 4.254905 -92.662687 -12.455175
v 3.504281 -92.270327 -12.926252
v 3.499683 -92.268209 -12.412208
v 2.713009 -91.953831 -12.888784
v 2.708986 -91.952457 -12.369797
v 1.894097 -91.719217 -12.850826
v 1.889330 -91.718111 -12.327878
v 1.055659 -91.568727 -12.812333
v 1.050648 -91.568089 -12.286545
v 0.205361 -91.503887 -12.773247
v 0.200445 -91.503773 -12.245750
v -0.647061 -91.525574 -12.733599
v -0.651895 -91.525946 -12.205532
v -1.492778 -91.633530 -12.693383
v -1.497746 -91.634426 -12.165878
v -2.323292 -91.826668 -12.652586
v -2.328255 -91.828098 -12.126791
v -3.129078 -92.102642 -12.611265
v -3.134025 -92.104626 -12.088296
v -3.903327 -92.459068 -12.569354
v -3.907617 -92.461319 -12.050335
v -4.637145 -92.891893 -12.526915
v -4.641447 -92.894726 -12.012868
v -5.323356 -93.396797 -12.483953
v -5.325900 -93.398876 -11.975974
v -5.955252 -93.968945 -12.440468
v -5.955706 -93.969402 -11.939538
v -6.525836 -94.602089 -12.396520
v -6.525836 -94.602089 -11.903427
v 4.987623 -93.147345 0.000000
v 5.626794 -93.670454 -0.042594
v 4.987623 -93.147345 -0.500675
v 5.626794 -93.670454 -0.535687
v -6.525836 -94.602089 -14.403427
v -5.991781 -94.005795 -14.437354
v -6.525836 -94.602089 -14.896520
v -5.842165 -93.857718 -14.948593
v -5.404754 -93.464165 -14.471563
v -5.074032 -93.200808 -15.000000
v -4.768929 -92.980709 -14.506161
v -4.174144 -92.607212 -15.000000
v -4.088482 -92.558956 -14.541259
v -3.370636 -92.203712 -14.576814
v -3.205655 -92.133732 -15.000000
v -2.622745 -91.918621 -14.612812
v -2.184510 -91.788158 -15.000000
v -1.850152 -91.705761 -14.649336
v -1.127522 -91.576185 -15.000000
v -1.060889 -91.567497 -14.686351
v -0.261811 -91.505041 -14.723880
v -0.052092 -91.501312 -15.000000
v 0.539487 -91.519012 -14.761913
v 1.024073 -91.564760 -15.000000
v 1.335364 -91.609201 -14.800432
v 2.083254 -91.765490 -15.000000
v 2.118953 -91.774740 -14.839448
v 2.882999 -92.014065 -14.878943
v 3.108014 -92.100182 -15.000000
v 3.619087 -92.324200 -14.918822
v 4.081479 -92.563343 -15.000000
v 4.322259 -92.702770 -14.959152
v 4.987623 -93.147345 -15.000000
v 5.450417 -91.741123 -14.162109
v 5.965994 -92.105513 -14.187500
v 5.482126 -93.473473 -15.000000
v 6.457285 -92.502041 -14.212891
v 5.951828 -93.832541 -15.000000
v 6.922289 -92.929087 -14.238281
v 6.395301 -94.222994 -15.000000
v 7.359114 -93.384914 -14.263672
v 6.811121 -94.643259 -15.000000
v 7.765981 -93.867664 -14.289062
v 8.141235 -94.375391 -14.314454
v 4.912653 -91.410360 -14.136719
v 4.354890 -91.114569 -14.111328
v 3.779400 -90.854940 -14.085938
v 3.188524 -90.632534 -14.060547
v 2.584668 -90.448275 -14.035156
v 1.970291 -90.302896 -14.009765
v 1.347893 -90.196981 -13.984375
v 0.720008 -90.130978 -13.958985
v 0.089192 -90.105152 -13.933594
v -0.541987 -90.119610 -13.908203
v -1.170959 -90.174274 -13.882812
v -1.795165 -90.268955 -13.857422
v -2.412063 -90.403233 -13.832031
v -3.019142 -90.576582 -13.806641
v -3.613931 -90.788298 -13.781250
v -4.194008 -91.037502 -13.755859
v -4.757013 -91.323204 -13.730469
v -5.300652 -91.644220 -13.705078
v -5.822714 -91.999254 -13.679688
v -6.321073 -92.386856 -13.654296
v -6.793699 -92.805443 -13.628906
v -7.238671 -93.253326 -13.603516
v -7.654175 -93.728666 -13.578125
v -6.902520 -95.092945 -14.374352
v -8.038520 -94.229546 -13.552735
v -8.390142 -94.753904 -13.527343
v -7.242361 -95.609989 -14.345276
v -8.707609 -95.299625 -13.501953
v -7.543547 -96.150475 -14.316200
v -8.989631 -95.864477 -13.476562
v -7.804468 -96.711493 -14.287125
v -9.235056 -96.446171 -13.451172
v -8.023732 -97.290077 -14.258049
v -9.442888 -97.042332 -13.425782
v -8.200170 -97.883120 -14.228973
v -9.612280 -97.650518 -13.400390
v -8.332838 -98.487453 -14.199898
v -9.742543 -98.268280 -13.375000
v -9.833144 -98.893089 -13.349609
v -8.421029 -99.099874 -14.170822
v -9.883717 -99.522409 -13.324219
v -8.464273 -99.717093 -14.141747
v -9.894056 -100.153666 -13.298829
v -8.462340 -100.335827 -14.112672
v -9.864119 -100.784302 -13.273437
v -8.415236 -100.952759 -14.083596
v -9.794027 -101.411743 -13.248047
v -8.323218 -101.564617 -14.054520
v -9.684065 -102.033443 -13.222656
v -8.186773 -102.168112 -14.025445
v -9.534681 -102.646847 -13.197266
v -8.006631 -102.760038 -13.996370
v -9.346483 -103.249493 -13.171875
v -9.120238 -103.838911 -13.146484
v -7.783753 -103.337231 -13.967294
v -8.856867 -104.412699 -13.121094
v -7.519330 -103.896618 -13.938218
v -8.557441 -104.968519 -13.095703
v -7.214772 -104.435205 -13.909142
v -8.223179 -105.504122 -13.070313
v -6.871704 -104.950123 -13.880067
v -7.855442 -106.017313 -13.044922
v -6.491958 -105.438604 -13.850992
v -7.455727 -106.506004 -13.019531
v -6.077561 -105.898075 -13.821917
v -7.025663 -106.968212 -12.994140
v -5.630726 -106.326046 -13.792841
v -6.566997 -107.402058 -12.968750
v -6.081599 -107.805777 -12.943360
v -5.153835 -106.720257 -13.763765
v -5.571444 -108.177710 -12.917969
v -4.649436 -107.078609 -13.734690
v -5.038608 -108.516359 -12.892578
v -4.120221 -107.399168 -13.705614
v -4.485262 -108.820343 -12.867187
v -3.569013 -107.680244 -13.676538
v -3.913657 -109.088421 -12.841797
v -2.998756 -107.920322 -13.647463
v -3.326120 -109.319487 -12.816406
v -2.412493 -108.118114 -13.618387
v -2.725044 -109.512625 -12.791016
v -1.813353 -108.272591 -13.589313
v -2.112874 -109.667044 -12.765625
v -1.492103 -109.782104 -12.740234
v -1.204534 -108.382902 -13.560237
v -0.865258 -109.857349 -12.714844
v -0.589286 -108.448467 -13.531162
v -0.234891 -109.892464 -12.689453
v 0.029107 -108.468952 -13.502085
v 0.396432 -109.887304 -12.664063
v 0.647345 -108.444223 -13.473010
v 1.026142 -109.841900 -12.638671
v 1.262128 -108.374424 -13.443935
v 1.651674 -109.756432 -12.613281
v 1.870174 -108.259926 -13.414859
v 2.270483 -109.631252 -12.587891
v 2.468238 -108.101339 -13.385783
v 2.880049 -109.466848 -12.562500
v 3.477891 -109.263926 -12.537110
v 3.053128 -107.899523 -13.356707
v 4.061575 -109.023275 -12.511718
v 3.621721 -107.655525 -13.327633
v 4.628726 -108.745899 -12.486328
v 4.170984 -107.370672 -13.298557
v 5.177033 -108.432932 -12.460938
v 4.697983 -107.046490 -13.269482
v 5.704266 -108.085623 -12.435547
v 5.199907 -106.684675 -13.240407
v 6.208279 -107.705402 -12.410157
v 5.674076 -106.287193 -13.211330
v 6.687018 -107.293816 -12.384765
v 6.117960 -105.856152 -13.182255
v 7.138536 -106.852541 -12.359375
v 7.560995 -106.383362 -12.333984
v 6.529189 -105.393848 -13.153179
v 7.952675 -105.888205 -12.308594
v 6.905567 -104.902763 -13.124104
v 8.311980 -105.369072 -12.283204
v 7.245088 -104.385509 -13.095028
v 8.637449 -104.828091 -12.257812
v 7.545937 -103.844843 -13.065953
v 8.927757 -104.267445 -12.232422
v 7.806509 -103.283653 -13.036878
v 9.181722 -103.689442 -12.207031
v 8.025414 -102.704945 -13.007802
v 9.398311 -103.096409 -12.181641
v 8.201483 -102.111788 -12.978727
v 9.576640 -102.490768 -12.156250
v 9.715984 -101.875000 -12.130859
v 8.333775 -101.507359 -12.949650
v 9.815778 -101.251583 -12.105469
v 8.421587 -100.894890 -12.920575
v 9.875613 -100.623083 -12.080078
v 8.464448 -100.277653 -12.891500
v 9.895247 -99.992046 -12.054688
v 8.462129 -99.658918 -12.862424
v 9.874598 -99.361038 -12.029297
v 8.414643 -99.042015 -12.833349
v 9.813753 -98.732634 -12.003906
v 8.322244 -98.430214 -12.804273
v 9.712958 -98.109388 -11.978515
v 8.185425 -97.826805 -12.775198
v 9.572624 -97.493839 -11.953125
v 9.393321 -96.888485 -11.927735
v 8.004915 -97.234983 -12.746122
v 9.175780 -96.295805 -11.902344
v 7.781678 -96.657925 -12.717047
v 8.920886 -95.718212 -11.876953
v 7.516907 -96.098709 -12.687972
v 8.629678 -95.158033 -11.851562
v 7.212015 -95.560322 -12.658895
v 8.303339 -94.617567 -11.826172
v 6.868627 -95.045614 -12.629820
v 7.943199 -94.099026 -11.800781
v 6.488578 -94.557362 -12.600744
v 7.550725 -93.604488 -11.775391
v 6.073896 -94.098158 -12.571669
v 7.127513 -93.135996 -11.750000
v 6.675285 -92.695446 -11.724609
v 6.195885 -92.284632 -11.699219
v 5.691262 -91.905222 -11.673828
v 5.163471 -91.558762 -11.648438
v 4.614661 -91.246662 -11.623046
v 4.047066 -90.970201 -11.597656
v 3.462996 -90.730495 -11.572266
v 2.864828 -90.528536 -11.546875
v 2.254999 -90.365124 -11.521485
v 1.635990 -90.240927 -11.496093
v 1.010321 -90.156460 -11.470703
v 0.380539 -90.112066 -11.445312
v -0.250792 -90.107927 -11.419922
v -0.881102 -90.144062 -11.394532
v -1.507825 -90.220308 -11.369140
v -2.128410 -90.336361 -11.343750
v -2.740331 -90.491762 -11.318359
v -3.341096 -90.685863 -11.292969
v -3.928261 -90.917892 -11.267579
v -4.499434 -91.186886 -11.242187
v -5.052291 -91.491756 -11.216797
v -5.584581 -91.831255 -11.191406
v -6.094138 -92.204008 -11.166016
v -6.578887 -92.608509 -11.140625
v -7.036854 -93.043079 -11.115234
v -7.466176 -93.505993 -11.089844
v -7.865104 -93.995323 -11.064453
v -6.902520 -95.092945 -11.874352
v -8.232015 -94.509106 -11.039063
v -7.242361 -95.609989 -11.845276
v -8.565415 -95.045242 -11.013672
v -7.543547 -96.150475 -11.816200
v -8.863948 -95.601549 -10.988281
v -7.804468 -96.711493 -11.787125
v -9.126397 -96.175756 -10.962890
v -9.351694 -96.765537 -10.937500
v -8.023732 -97.290077 -11.758049
v -9.538924 -97.368479 -10.912110
v -8.200170 -97.883120 -11.728973
v -9.687321 -97.982130 -10.886719
v -8.332838 -98.487453 -11.699898
v -9.796283 -98.604002 -10.861328
v -8.421029 -99.099874 -11.670822
v -9.865367 -99.231558 -10.835937
v -8.464273 -99.717093 -11.641747
v -9.894291 -99.862232 -10.810547
v -8.462340 -100.335827 -11.612672
v -9.882938 -100.493479 -10.785156
v -8.415236 -100.952759 -11.583596
v -9.831352 -101.122713 -10.759766
v -9.739746 -101.747379 -10.734375
v -8.323218 -101.564617 -11.554520
v -9.608491 -102.364931 -10.708984
v -8.186773 -102.168112 -11.525445
v -9.438122 -102.972851 -10.683594
v -8.006631 -102.760038 -11.496370
v -9.229332 -103.568668 -10.658203
v -7.783753 -103.337231 -11.467294
v -8.982971 -104.149961 -10.632813
v -7.519330 -103.896618 -11.438218
v -8.700043 -104.714365 -10.607421
v -7.214772 -104.435205 -11.409142
v -8.381699 -105.259571 -10.582031
v -6.871704 -104.950123 -11.380067
v -8.029234 -105.783367 -10.556641
v -7.644084 -106.283627 -10.531250
v -6.491958 -105.438604 -11.350992
v -7.227817 -106.758299 -10.505860
v -6.077561 -105.898075 -11.321917
v -6.782126 -107.205467 -10.480468
v -5.630726 -106.326046 -11.292841
v -6.308827 -107.623301 -10.455078
v -5.153835 -106.720257 -11.263765
v -5.809847 -108.010092 -10.429688
v -4.649436 -107.078609 -11.234690
v -5.287215 -108.364286 -10.404297
v -4.120221 -107.399168 -11.205614
v -4.743060 -108.684435 -10.378907
v -3.569013 -107.680244 -11.176538
v -4.179597 -108.969221 -10.353515
v -3.599120 -109.217501 -10.328125
v -2.998756 -107.920322 -11.147463
v -3.003991 -109.428253 -10.302734
v -2.412493 -108.118114 -11.118387
v -2.396634 -109.600630 -10.277344
v -1.813353 -108.272591 -11.089313
v -1.779521 -109.733925 -10.251954
v -1.204534 -108.382902 -11.060237
v -1.155164 -109.827595 -10.226562
v -0.589286 -108.448467 -11.031162
v -0.526104 -109.881258 -10.201172
v 0.029107 -108.468952 -11.002085
v 0.105097 -109.894695 -10.175781
v 0.647345 -108.444223 -10.973010
v 0.735871 -109.867849 -10.150391
v 1.363649 -109.800844 -10.125000
v 1.262128 -108.374424 -10.943935
v 1.985876 -109.693928 -10.099609
v 1.870174 -108.259926 -10.914859
v 2.600018 -109.547558 -10.074219
v 2.468238 -108.101339 -10.885783
v 3.203577 -109.362316 -10.048828
v 3.053128 -107.899523 -10.856707
v 3.794094 -109.138966 -10.023438
v 3.621721 -107.655525 -10.827633
v 4.369167 -108.878422 -9.998047
v 4.170984 -107.370672 -10.798557
v 4.926454 -108.581724 -9.972656
v 4.697983 -107.046490 -10.769482
v 5.463685 -108.250103 -9.947265
v 5.978676 -107.884884 -9.921875
v 5.199907 -106.684675 -10.740407
v 6.469328 -107.487574 -9.896485
v 5.674076 -106.287193 -10.711330
v 6.933646 -107.059784 -9.871094
v 6.117960 -105.856152 -10.682255
v 7.369737 -106.603260 -9.845703
v 6.529189 -105.393848 -10.653179
v 7.775828 -106.119843 -9.820312
v 6.905567 -104.902763 -10.624104
v 8.150266 -105.611515 -9.794922
v 7.245088 -104.385509 -10.595028
v 8.491524 -105.080357 -9.769531
v 7.545937 -103.844843 -10.565953
v 8.798217 -104.528503 -9.744141
v 9.069093 -103.958225 -9.718750
v 7.806509 -103.283653 -10.536878
v 9.303051 -103.371830 -9.693359
v 8.025414 -102.704945 -10.507802
v 9.499138 -102.771702 -9.667969
v 8.201483 -102.111788 -10.478727
v 9.656556 -102.160301 -9.642578
v 8.333775 -101.507359 -10.449650
v 9.774664 -101.540098 -9.617187
v 8.421587 -100.894890 -10.420575
v 9.852982 -100.913639 -9.591797
v 8.464448 -100.277653 -10.391500
v 9.891189 -100.283451 -9.566406
v 9.889132 -99.652109 -9.541016
v 8.462129 -99.658918 -10.362424
v 9.846819 -99.022179 -9.515625
v 8.414643 -99.042015 -10.333349
v 9.764422 -98.396244 -9.490234
v 8.322244 -98.430214 -10.304273
v 9.642274 -97.776823 -9.464844
v 8.185425 -97.826805 -10.275198
v 9.480876 -97.166462 -9.439453
v 8.004915 -97.234983 -10.246122
v 9.280882 -96.567631 -9.414062
v 7.781678 -96.657925 -10.217047
v 9.043108 -95.982761 -9.388672
v 7.516907 -96.098709 -10.187972
v 8.768522 -95.414257 -9.363281
v 8.458241 -94.864426 -9.337891
v 7.212015 -95.560322 -10.158895
v 8.113527 -94.335499 -9.312500
v 6.868627 -95.045614 -10.129820
v 7.735786 -93.829622 -9.287109
v 6.488578 -94.557362 -10.100744
v 7.326553 -93.348866 -9.261719
v 6.073896 -94.098158 -10.071669
v 6.887497 -92.895184 -9.236328
v 6.420401 -92.470427 -9.210938
v 5.927171 -92.076321 -9.185547
v 5.409811 -91.714478 -9.160156
v 4.870430 -91.386356 -9.134766
v 4.311222 -91.093302 -9.109375
v 3.734463 -90.836506 -9.083984
v 3.142503 -90.617008 -9.058594
v 2.537751 -90.435696 -9.033203
v 1.922667 -90.293331 -9.007813
v 1.299757 -90.190487 -8.982422
v 0.671555 -90.127563 -8.957031
v 0.040620 -90.104837 -8.931640
v -0.590480 -90.122385 -8.906250
v -1.219177 -90.180149 -8.880860
v -1.842910 -90.277882 -8.855469
v -2.459142 -90.415192 -8.830078
v -3.065363 -90.591526 -8.804687
v -3.659105 -90.806141 -8.779297
v -4.237952 -91.058207 -8.753906
v -4.799548 -91.346655 -8.728516
v -5.341605 -91.670341 -8.703125
v -5.861918 -92.027931 -8.677734
v -6.358367 -92.417974 -8.652344
v -6.828934 -92.838879 -8.626953
v -7.271701 -93.288937 -8.601562
v -7.684866 -93.766317 -8.576172
v -6.902520 -95.092945 -9.374352
v -8.066748 -94.269075 -8.550781
v -8.415793 -94.795160 -8.525391
v -7.242361 -95.609989 -9.345276
v -8.730577 -95.342426 -8.500000
v -7.543547 -96.150475 -9.316200
v -9.009822 -95.908661 -8.474609
v -7.804468 -96.711493 -9.287125
v -9.252390 -96.491547 -8.449219
v -8.023732 -97.290077 -9.258049
v -9.457293 -97.088718 -8.423828
v -8.200170 -97.883120 -9.228973
v -9.623697 -97.697735 -8.398438
v -8.332838 -98.487453 -9.199898
v -9.750925 -98.316126 -8.373047
v -8.421029 -99.099874 -9.170822
v -9.838459 -98.941374 -8.347656
v -9.885944 -99.570932 -8.322266
v -8.464273 -99.717093 -9.141747
v -9.893184 -100.202236 -8.296875
v -8.462340 -100.335827 -9.112672
v -9.860150 -100.832710 -8.271484
v -8.415236 -100.952759 -9.083596
v -9.786979 -101.459799 -8.246094
v -8.323218 -101.564617 -9.054521
v -9.673966 -102.080946 -8.220703
v -8.186773 -102.168112 -9.025445
v -9.521573 -102.693624 -8.195313
v -8.006631 -102.760038 -8.996369
v -9.330419 -103.295336 -8.169922
v -7.783753 -103.337231 -8.967294
v -9.101284 -103.883629 -8.144531
v -8.835099 -104.456120 -8.119141
v -7.519330 -103.896618 -8.938218
v -8.532948 -105.010471 -8.093750
v -7.214772 -104.435205 -8.909143
v -8.196061 -105.544415 -8.068359
v -6.871704 -104.950123 -8.880067
v -7.825810 -106.055794 -8.042969
v -6.491958 -105.438604 -8.850992
v -7.423702 -106.542530 -8.017578
v -6.077561 -105.898075 -8.821917
v -6.991373 -107.002621 -7.992188
v -5.630726 -106.326046 -8.792841
v -6.530584 -107.434216 -7.966797
v -5.153835 -106.720257 -8.763765
v -6.043209 -107.835531 -7.941406
v -5.531235 -108.204966 -7.916015
v -4.649436 -107.078609 -8.734690
v -4.996743 -108.540993 -7.890625
v -4.120221 -107.399168 -8.705614
v -4.441912 -108.842249 -7.865235
v -3.569013 -107.680244 -8.676538
v -3.868997 -109.107513 -7.839844
v -2.998756 -107.920322 -8.647463
v -3.280334 -109.335709 -7.814453
v -2.412493 -108.118114 -8.618387
v -2.678316 -109.525890 -7.789062
v -1.813353 -108.272591 -8.589312
v -2.065396 -109.677296 -7.763672
v -1.204534 -108.382902 -8.560237
v -1.444068 -109.789314 -7.738281
v -0.816861 -109.861469 -7.712891
v -0.589286 -108.448467 -8.531162
v -0.186329 -109.893494 -7.687500
v 0.029107 -108.468952 -8.502086
v 0.444961 -109.885235 -7.662109
v 0.647345 -108.444223 -8.473010
v 1.074440 -109.836750 -7.636719
v 1.262128 -108.374424 -8.443934
v 1.699546 -109.748211 -7.611328
v 1.870174 -108.259926 -8.414859
v 2.317733 -109.619989 -7.585937
v 2.468238 -108.101339 -8.385783
v 2.926484 -109.452600 -7.560547
v 3.523323 -109.246731 -7.535156
v 3.053128 -107.899523 -8.356708
v 4.105819 -109.003239 -7.509766
v 3.621721 -107.655525 -8.327633
v 4.671601 -108.723078 -7.484375
v 4.170984 -107.370672 -8.298557
v 5.218366 -108.407421 -7.458984
v 4.697983 -107.046490 -8.269482
v 5.743887 -108.057528 -7.433594
v 5.199907 -106.684675 -8.240406
v 6.246027 -107.674837 -7.408203
v 5.674076 -106.287193 -8.211330
v 6.722741 -107.260904 -7.382812
v 6.117960 -105.856152 -8.182255
v 7.172087 -106.817417 -7.357422
v 7.592238 -106.346169 -7.332031
v 6.529189 -105.393848 -8.153179
v 7.981482 -105.849094 -7.306641
v 6.905567 -104.902763 -8.124104
v 8.338235 -105.328207 -7.281250
v 7.245088 -104.385509 -8.095028
v 8.661045 -104.785633 -7.255859
v 7.545937 -103.844843 -8.065953
v 8.948597 -104.223576 -7.230469
v 7.806509 -103.283653 -8.036878
v 9.199722 -103.644323 -7.205078
v 8.025414 -102.704945 -8.007802
v 9.413397 -103.050241 -7.179688
v 8.201483 -102.111788 -7.978727
v 9.588751 -102.443733 -7.154297
v 9.725072 -101.827278 -7.128906
v 8.333775 -101.507359 -7.949651
v 9.821803 -101.203394 -7.103516
v 8.421587 -100.894890 -7.920575
v 9.878553 -100.574598 -7.078125
v 8.464448 -100.277653 -7.891499
v 9.895088 -99.943476 -7.052734
v 8.462129 -99.658918 -7.862424
v 9.871343 -99.312572 -7.027344
v 8.414643 -99.042015 -7.833349
v 9.807414 -98.684483 -7.001953
v 8.322244 -98.430214 -7.804273
v 9.703561 -98.061733 -6.976563
v 8.185425 -97.826805 -7.775198
v 9.560207 -97.446880 -6.951172
v 9.377934 -96.842422 -6.925781
v 8.004915 -97.234983 -7.746122
v 9.157487 -96.250811 -6.900390
v 7.781678 -96.657925 -7.717047
v 8.899760 -95.674467 -6.875000
v 7.516907 -96.098709 -7.687971
v 8.605806 -95.115728 -6.849610
v 7.212015 -95.560322 -7.658895
v 8.276818 -94.576883 -6.824219
v 6.868627 -95.045614 -7.629820
v 7.914137 -94.060106 -6.798828
v 6.488578 -94.557362 -7.600745
v 7.519240 -93.567505 -6.773437
v 6.073896 -94.098158 -7.571669
v 7.093733 -93.101091 -6.748047
v 6.639349 -92.662764 -6.722656
v 6.157938 -92.254305 -6.697266
v 5.651459 -91.877384 -6.671875
v 5.121974 -91.533518 -6.646484
v 4.571638 -91.224117 -6.621094
v 4.002692 -90.950451 -6.595703
v 3.417453 -90.713615 -6.570312
v 2.818301 -90.514584 -6.544922
v 2.207677 -90.354166 -6.519531
v 1.588065 -90.233021 -6.494141
v 0.961989 -90.151615 -6.468750
v 0.331997 -90.110321 -6.443359
v -0.299346 -90.109272 -6.417969
v -0.929471 -90.148497 -6.392578
v -1.555813 -90.227823 -6.367188
v -2.175820 -90.346928 -6.341797
v -2.786971 -90.505333 -6.316406
v -3.386776 -90.702381 -6.291016
v -3.972795 -90.937281 -6.265625
v -4.542641 -91.209078 -6.240234
v -5.093995 -91.516657 -6.214844
v -5.624613 -91.858768 -6.189453
v -6.132333 -92.234020 -6.164063
v -6.615090 -92.640886 -6.138672
v -7.070919 -93.077717 -6.113281
v -7.497963 -93.542719 -6.087891
v -7.894484 -94.034004 -6.062500
v -6.902520 -95.092945 -6.874351
v -8.258869 -94.549580 -6.037109
v -7.242361 -95.609989 -6.845275
v -8.589634 -95.087347 -6.011719
v -7.543547 -96.150475 -6.816200
v -8.885432 -95.645113 -5.986328
v -7.804468 -96.711493 -6.787125
v -9.145060 -96.220608 -5.960938
v -8.023732 -97.290077 -6.758049
v -9.367459 -96.811476 -5.935547
v -9.551725 -97.415333 -5.910156
v -8.200170 -97.883120 -6.728973
v -9.697109 -98.029709 -5.884765
v -8.332838 -98.487453 -6.699898
v -9.803017 -98.652105 -5.859375
v -8.421029 -99.099874 -6.670823
v -9.869021 -99.279995 -5.833985
v -8.464273 -99.717093 -6.641747
v -9.894848 -99.910803 -5.808594
v -8.462340 -100.335827 -6.612672
v -9.880396 -100.541983 -5.783203
v -8.415236 -100.952759 -6.583596
v -9.825723 -101.170959 -5.757812
v -8.323218 -101.564617 -6.554521
v -9.731051 -101.795168 -5.732422
v -9.596766 -102.412062 -5.707031
v -8.186773 -102.168112 -6.525445
v -9.423415 -103.019142 -5.681641
v -8.006631 -102.760038 -6.496369
v -9.211704 -103.613930 -5.656250
v -7.783753 -103.337231 -6.467294
v -8.962492 -104.194012 -5.630859
v -7.519330 -103.896618 -6.438218
v -8.676797 -104.757013 -5.605469
v -7.214772 -104.435205 -6.409143
v -8.355780 -105.300655 -5.580078
v -6.871704 -104.950123 -6.380067
v -8.000749 -105.822716 -5.554687
v -6.491958 -105.438604 -6.350992
v -7.613147 -106.321077 -5.529297
v -7.194555 -106.793699 -5.503906
v -6.077561 -105.898075 -6.321916
v -6.746675 -107.238674 -5.478516
v -5.630726 -106.326046 -6.292841
v -6.271330 -107.654171 -5.453125
v -5.153835 -106.720257 -6.263765
v -5.770457 -108.038521 -5.427734
v -4.649436 -107.078609 -6.234690
v -5.246093 -108.390141 -5.402344
v -4.120221 -107.399168 -6.205614
v -4.700373 -108.707609 -5.376953
v -3.569013 -107.680244 -6.176538
v -4.135519 -108.989630 -5.351562
v -3.553830 -109.235058 -5.326172
v -2.998756 -107.920322 -6.147463
v -2.957675 -109.442883 -5.300781
v -2.412493 -108.118114 -6.118388
v -2.349479 -109.612284 -5.275391
v -1.813353 -108.272591 -6.089312
v -1.731719 -109.742537 -5.250000
v -1.204534 -108.382902 -6.060237
v -1.106909 -109.833145 -5.224609
v -0.589286 -108.448467 -6.031162
v -0.477594 -109.883718 -5.199219
v 0.029107 -108.468952 -6.002086
v 0.153666 -109.894056 -5.173828
v 0.647345 -108.444223 -5.973010
v 0.784300 -109.864120 -5.148438
v 1.411742 -109.794025 -5.123047
v 1.262128 -108.374424 -5.943934
v 2.033436 -109.684067 -5.097656
v 1.870174 -108.259926 -5.914859
v 2.646853 -109.534683 -5.072266
v 2.468238 -108.101339 -5.885783
v 3.249495 -109.346485 -5.046875
v 3.053128 -107.899523 -5.856708
v 3.838909 -109.120235 -5.021484
v 3.621721 -107.655525 -5.827633
v 4.412696 -108.856869 -4.996094
v 4.170984 -107.370672 -5.798557
v 4.968519 -108.557444 -4.970703
v 4.697983 -107.046490 -5.769482
v 5.504117 -108.223171 -4.945312
v 6.017309 -107.855444 -4.919922
v 5.199907 -106.684675 -5.740406
v 6.506005 -107.455730 -4.894531
v 5.674076 -106.287193 -5.711330
v 6.968216 -107.025661 -4.869141
v 6.117960 -105.856152 -5.682255
v 7.402062 -106.566992 -4.843750
v 6.529189 -105.393848 -5.653179
v 7.805775 -106.081600 -4.818359
v 6.905567 -104.902763 -5.624104
v 8.177713 -105.571442 -4.792969
v 7.245088 -104.385509 -5.595028
v 8.516361 -105.038605 -4.767578
v 7.545937 -103.844843 -5.565953
v 8.820340 -104.485264 -4.742188
v 9.088413 -103.913660 -4.716797
v 7.806509 -103.283653 -5.536877
v 9.319490 -103.326120 -4.691406
v 8.025414 -102.704945 -5.507802
v 9.512628 -102.725048 -4.666016
v 8.201483 -102.111788 -5.478727
v 9.667044 -102.112875 -4.640625
v 8.333775 -101.507359 -5.449651
v 9.782106 -101.492100 -4.615234
v 8.421587 -100.894890 -5.420575
v 9.857348 -100.865259 -4.589844
v 8.464448 -100.277653 -5.391499
v 9.892462 -100.234890 -4.564453
v 8.462129 -99.658918 -5.362424
v 9.887305 -99.603567 -4.539062
v 9.841901 -98.973866 -4.513672
v 8.414643 -99.042015 -5.333349
v 9.756430 -98.348331 -4.488281
v 8.322244 -98.430214 -5.304273
v 9.631245 -97.729511 -4.462891
v 8.185425 -97.826805 -5.275198
v 9.466852 -97.119951 -4.437500
v 8.004915 -97.234983 -5.246122
v 9.263922 -96.522112 -4.412109
v 7.781678 -96.657925 -5.217047
v 9.023280 -95.938425 -4.386719
v 7.516907 -96.098709 -5.187971
v 8.745906 -95.371275 -4.361328
v 7.212015 -95.560322 -5.158895
v 8.432930 -94.822969 -4.335938
v 8.085625 -94.295731 -4.310547
v 6.868627 -95.045614 -5.129820
v 7.705404 -93.791723 -4.285156
v 6.488578 -94.557362 -5.100745
v 7.293817 -93.312979 -4.259766
v 6.073896 -94.098158 -5.071669
v 6.852537 -92.861462 -4.234375
v 6.383364 -92.439003 -4.208984
v 5.888204 -92.047329 -4.183594
v 5.369075 -91.688023 -4.158203
v 4.828089 -91.362553 -4.132813
v 4.267449 -91.072245 -4.107422
v 3.689438 -90.818272 -4.082031
v 3.096407 -90.601692 -4.056641
v 2.490771 -90.423365 -4.031250
v 1.874997 -90.284014 -4.005859
v 1.251589 -90.184221 -3.980469
v 0.623086 -90.124388 -3.955078
v -0.007953 -90.104752 -3.929687
v -0.638959 -90.125408 -3.904297
v -1.267365 -90.186253 -3.878906
v -1.890611 -90.287037 -3.853516
v -2.506161 -90.427380 -3.828125
v -3.111510 -90.606680 -3.802734
v -3.704191 -90.824223 -3.777344
v -4.281794 -91.079121 -3.751953
v -4.841967 -91.370325 -3.726563
v -5.382428 -91.696663 -3.701172
v -5.900980 -92.056799 -3.675781
v -6.395509 -92.449274 -3.650391
v -6.864003 -92.872486 -3.625000
v -7.304556 -93.324718 -3.599609
v -7.715373 -93.804111 -3.574219
v -6.902520 -95.092945 -4.374351
v -8.094783 -94.308739 -3.548828
v -7.242361 -95.609989 -4.345275
v -8.441240 -94.836521 -3.523437
v -8.753335 -95.385342 -3.498047
v -7.543547 -96.150475 -4.316200
v -9.029797 -95.952930 -3.472656
v -7.804468 -96.711493 -4.287125
v -9.269500 -96.536999 -3.447266
v -8.023732 -97.290077 -4.258049
v -9.471469 -97.135172 -3.421875
v -8.200170 -97.883120 -4.228973
v -9.634882 -97.744999 -3.396484
v -8.332838 -98.487453 -4.199898
v -9.759073 -98.364010 -3.371094
v -8.421029 -99.099874 -4.170823
v -9.843537 -98.989677 -3.345703
v -9.887930 -99.619465 -3.320312
v -8.464273 -99.717093 -4.141747
v -9.892071 -100.250797 -3.294922
v -8.462340 -100.335827 -4.112671
v -9.855944 -100.881100 -3.269531
v -8.415236 -100.952759 -4.083596
v -9.779695 -101.507826 -3.244141
v -8.323218 -101.564617 -4.054521
v -9.663635 -102.128410 -3.218750
v -8.186773 -102.168112 -4.025445
v -9.508237 -102.740335 -3.193359
v -8.006631 -102.760038 -3.996369
v -9.314132 -103.341093 -3.167969
v -7.783753 -103.337231 -3.967294
v -9.082111 -103.928261 -3.142578
v -8.813119 -104.499435 -3.117188
v -7.519330 -103.896618 -3.938218
v -8.508250 -105.052290 -3.091797
v -7.214772 -104.435205 -3.909143
v -8.168747 -105.584583 -3.066406
v -6.871704 -104.950123 -3.880067
v -7.795990 -106.094141 -3.041016
v -6.491958 -105.438604 -3.850992
v -7.391497 -106.578884 -3.015625
v -6.077561 -105.898075 -3.821916
v -6.956915 -107.036858 -2.990234
v -5.630726 -106.326046 -3.792841
v -6.494012 -107.466183 -2.964844
v -5.153835 -106.720257 -3.763765
v -6.004674 -107.865105 -2.939453
v -5.490892 -108.232021 -2.914062
v -4.649436 -107.078609 -3.734690
v -4.954758 -108.565416 -2.888672
v -4.120221 -107.399168 -3.705614
v -4.398454 -108.863945 -2.863281
v -3.569013 -107.680244 -3.676539
v -3.824244 -109.126396 -2.837891
v -2.998756 -107.920322 -3.647463
v -3.234468 -109.351692 -2.812500
v -2.412493 -108.118114 -3.618388
v -2.631524 -109.538927 -2.787109
v -1.813353 -108.272591 -3.589312
v -2.017868 -109.687319 -2.761719
v -1.204534 -108.382902 -3.560237
v -1.395997 -109.796276 -2.736328
v -0.768444 -109.865360 -2.710938
v -0.589286 -108.448467 -3.531161
v -0.137762 -109.894295 -2.685547
v 0.029107 -108.468952 -3.502086
v 0.493480 -109.882936 -2.660156
v 0.647345 -108.444223 -3.473010
v 1.122713 -109.831352 -2.634766
v 1.262128 -108.374424 -3.443935
v 1.747376 -109.739742 -2.609375
v 1.870174 -108.259926 -3.414859
v 2.364926 -109.608488 -2.583984
v 2.468238 -108.101339 -3.385783
v 2.972849 -109.438114 -2.558594
v 3.053128 -107.899523 -3.356708
v 3.568670 -109.229336 -2.533203
v 4.149964 -108.982973 -2.507812
v 3.621721 -107.655525 -3.327633
v 4.714364 -108.700047 -2.482422
v 4.170984 -107.370672 -3.298557
v 5.259572 -108.381701 -2.457031
v 4.697983 -107.046490 -3.269481
v 5.783371 -108.029232 -2.431641
v 5.199907 -106.684675 -3.240406
v 6.283625 -107.644081 -2.406250
v 5.674076 -106.287193 -3.211330
v 6.758302 -107.227812 -2.380859
v 6.117960 -105.856152 -3.182255
v 7.205466 -106.782131 -2.355469
v 6.529189 -105.393848 -3.153179
v 7.623298 -106.308832 -2.330078
v 8.010098 -105.809841 -2.304688
v 6.905567 -104.902763 -3.124104
v 8.364289 -105.287218 -2.279297
v 7.245088 -104.385509 -3.095028
v 8.684432 -104.743061 -2.253906
v 7.545937 -103.844843 -3.065953
v 8.969222 -104.179592 -2.228516
v 7.806509 -103.283653 -3.036878
v 9.217499 -103.599119 -2.203125
v 8.025414 -102.704945 -3.007802
v 9.428256 -103.003988 -2.177734
v 8.201483 -102.111788 -2.978726
v 9.600631 -102.396641 -2.152344
v 8.333775 -101.507359 -2.949651
v 9.733924 -101.779518 -2.126953
v 9.827592 -101.155167 -2.101562
v 8.421587 -100.894890 -2.920575
v 9.881254 -100.526104 -2.076172
v 8.464448 -100.277653 -2.891500
v 9.894692 -99.894905 -2.050781
v 8.462129 -99.658918 -2.862424
v 9.867851 -99.264126 -2.025391
v 8.414643 -99.042015 -2.833349
v 9.800838 -98.636351 -2.000000
v 8.322244 -98.430214 -2.804273
v 9.488632 -97.498322 -2.000000
v 8.185425 -97.826805 -2.775198
v 8.004915 -97.234983 -2.746122
v 9.043027 -96.408768 -2.000000
v 7.781678 -96.657925 -2.717047
v 8.468045 -95.380049 -2.000000
v 7.516907 -96.098709 -2.687971
v 7.212015 -95.560322 -2.658896
v 6.868627 -95.045614 -2.629820
v 7.770575 -94.428062 -2.000000
v 8.133639 -94.892836 -2.000000
v 7.380138 -93.987312 -2.000000
v 6.488578 -94.557362 -2.600744
v 6.963435 -93.571901 -2.000000
v 6.073896 -94.098158 -2.571669
v 6.521572 -93.183117 -2.000000
v 6.055657 -92.822304 -2.000000
v 5.566947 -92.490835 -2.000000
v 5.058936 -92.191362 -2.000000
v 4.533933 -91.925220 -2.000000
v 3.993545 -91.693258 -2.000000
v 3.439377 -91.496325 -2.000000
v 2.873034 -91.335249 -2.000000
v 2.296221 -91.210899 -2.000000
v 1.713164 -91.124430 -2.000000
v 1.126872 -91.076298 -2.000000
v 0.539255 -91.066704 -2.000000
v -0.047777 -91.095819 -2.000000
v -0.632311 -91.163826 -2.000000
v -1.212278 -91.270885 -2.000000
v -1.783432 -91.416502 -2.000000
v -2.343038 -91.600132 -2.000000
v -2.889113 -91.821308 -2.000000
v -3.419436 -92.079468 -2.000000
v -3.930281 -92.373037 -2.000000
v -4.419408 -92.700863 -2.000000
v 7.197859 -95.091772 -15.000000
v 8.483348 -94.906006 -14.339844
v 7.553812 -95.566559 -15.000000
v 8.790926 -95.457363 -14.365234
v 7.876130 -96.063480 -15.000000
v 9.062719 -96.027203 -14.390625
v 8.163808 -96.580229 -15.000000
v 9.297619 -96.613216 -14.416015
v 8.416157 -97.114964 -15.000000
v 9.494670 -97.213030 -14.441407
v 8.632489 -97.665787 -15.000000
v 9.653071 -97.824183 -14.466797
v 8.812116 -98.230839 -15.000000
v 9.772176 -98.444195 -14.492188
v 8.954169 -98.807344 -15.000000
v 9.851500 -99.070530 -14.517578
v 9.057758 -99.390717 -15.000000
v 9.890721 -99.700651 -14.542968
v 9.122896 -99.978886 -15.000000
v 9.889679 -100.332003 -14.568360
v 9.149649 -100.569963 -15.000000
v 9.848378 -100.961990 -14.593750
v 9.138082 -101.162062 -15.000000
v 9.766986 -101.588068 -14.619141
v 9.088260 -101.753311 -15.000000
v 9.645835 -102.207680 -14.644531
v 9.000419 -102.340918 -15.000000
v 9.485418 -102.818298 -14.669921
v 8.875443 -102.920494 -15.000000
v 9.286388 -103.417454 -14.695313
v 8.714077 -103.490238 -15.000000
v 9.049554 -104.002695 -14.720703
v 8.517052 -104.048529 -15.000000
v 8.775882 -104.571638 -14.746094
v 8.285097 -104.593735 -15.000000
v 8.466484 -105.121975 -14.771484
v 8.018940 -105.124245 -15.000000
v 8.122622 -105.651455 -14.796875
v 7.719548 -105.638037 -15.000000
v 7.745694 -106.157932 -14.822266
v 7.389039 -106.131716 -15.000000
v 7.337235 -106.639347 -14.847656
v 7.028736 -106.603718 -15.000000
v 6.898907 -107.093735 -14.873047
v 6.639804 -107.052813 -15.000000
v 6.432496 -107.519245 -14.898437
v 6.223493 -107.477655 -15.000000
v 5.939899 -107.914143 -14.923828
v 5.782275 -107.875900 -15.000000
v 5.423123 -108.276815 -14.949219
v 5.317944 -108.246250 -15.000000
v 4.884269 -108.605804 -14.974610
v 4.325532 -108.899755 -15.000000
v 5.482126 -93.473473 0.000000
v 5.951828 -93.832541 0.000000
v 6.073896 -94.098158 -0.071669
v 6.395301 -94.222994 0.000000
v 6.488578 -94.557362 -0.100745
v 6.811121 -94.643259 0.000000
v 6.868627 -95.045614 -0.129820
v 7.197859 -95.091772 0.000000
v 7.212015 -95.560322 -0.158896
v 7.553812 -95.566559 0.000000
v 7.516907 -96.098709 -0.187971
v 7.876130 -96.063480 0.000000
v 7.781678 -96.657925 -0.217047
v 8.163808 -96.580229 0.000000
v 8.004915 -97.234983 -0.246122
v 8.416157 -97.114964 -0.000000
v 8.185425 -97.826805 -0.275198
v 8.632489 -97.665787 -0.000000
v 8.812116 -98.230839 -0.000000
v 8.322244 -98.430214 -0.304273
v 8.954169 -98.807344 -0.000000
v 8.414643 -99.042015 -0.333349
v 9.057758 -99.390717 -0.000000
v 8.462129 -99.658918 -0.362424
v 9.122896 -99.978886 -0.000000
v 8.464448 -100.277653 -0.391500
v 9.149649 -100.569963 -0.000000
v 8.421587 -100.894890 -0.420575
v 9.138082 -101.162062 -0.000000
v 8.333775 -101.507359 -0.449651
v 9.088260 -101.753311 -0.000000
v 8.201483 -102.111788 -0.478726
v 9.000419 -102.340918 -0.000000
v 8.025414 -102.704945 -0.507802
v 8.875443 -102.920494 -0.000000
v 8.714077 -103.490238 -0.000000
v 7.806509 -103.283653 -0.536877
v 8.517052 -104.048529 -0.000000
v 7.545937 -103.844843 -0.565953
v 8.285097 -104.593735 -0.000000
v 7.245088 -104.385509 -0.595028
v 8.018940 -105.124245 -0.000000
v 6.905567 -104.902763 -0.624104
v 7.719548 -105.638037 -0.000000
v 6.529189 -105.393848 -0.653179
v 7.389039 -106.131716 -0.000000
v 6.117960 -105.856152 -0.682255
v 7.028736 -106.603718 -0.000000
v 6.639804 -107.052813 -0.000000
v 5.674076 -106.287193 -0.711330
v 6.223493 -107.477655 0.000000
v 5.199907 -106.684675 -0.740406
v 5.782275 -107.875900 0.000000
v 4.697983 -107.046490 -0.769482
v 5.317944 -108.246250 0.000000
v 4.170984 -107.370672 -0.798557
v 4.325532 -108.899755 0.000000
v 3.621721 -107.655525 -0.827632
v 3.053128 -107.899523 -0.856708
v 3.293461 -109.331083 -0.045002
v 2.468238 -108.101339 -0.885784
v 2.219303 -109.643164 -0.090004
v 1.870174 -108.259926 -0.914859
v 1.262128 -108.374424 -0.943935
v 1.116787 -109.832020 -0.135005
v 0.647345 -108.444223 -0.973010
v -0.000000 -109.895248 -0.180007
v 0.029107 -108.468952 -1.002086
v -0.589286 -108.448467 -1.031161
v -1.116787 -109.832020 -0.225009
v -1.204534 -108.382902 -1.060237
v -2.219303 -109.643164 -0.270011
v -1.813353 -108.272591 -1.089312
v -2.412493 -108.118114 -1.118388
v -3.293461 -109.331083 -0.315013
v -2.998756 -107.920322 -1.147463
v -4.325532 -108.899755 -0.360015
v -3.569013 -107.680244 -1.176539
v -4.120221 -107.399168 -1.205614
v -5.312718 -108.250170 -0.455263
v -4.649436 -107.078609 -1.234690
v -5.153835 -106.720257 -1.263765
v -6.212217 -107.488470 -0.551072
v -5.630726 -106.326046 -1.292841
v -6.625797 -107.068005 -0.599304
v -6.077561 -105.898075 -1.321916
v -7.013512 -106.622391 -0.647818
v -6.491958 -105.438604 -1.350992
v -7.373754 -106.153011 -0.696621
v -7.703729 -105.663252 -0.745538
v -6.871704 -104.950123 -1.380067
v -8.002270 -105.154905 -0.794587
v -7.214772 -104.435205 -1.409143
v -8.268484 -104.629450 -0.843818
v -7.519330 -103.896618 -1.438218
v -8.501472 -104.088345 -0.893283
v -7.783753 -103.337231 -1.467294
v -8.700341 -103.533077 -0.943034
v -8.006631 -102.760038 -1.496369
v -8.864174 -102.965174 -0.993115
v -8.186773 -102.168112 -1.525445
v -8.991585 -102.388620 -1.043370
v -9.081920 -101.806326 -1.093754
v -8.323218 -101.564617 -1.554520
v -9.134900 -101.220102 -1.144323
v -8.415236 -100.952759 -1.583596
v -9.150239 -100.631733 -1.195135
v -8.462340 -100.335827 -1.612671
v -9.127654 -100.043020 -1.246245
v -8.464273 -99.717093 -1.641747
v -9.066865 -99.455776 -1.297708
v -8.421029 -99.099874 -1.670823
v -8.968003 -98.873959 -1.349394
v -8.332838 -98.487453 -1.699898
v -8.831627 -98.301144 -1.401217
v -8.200170 -97.883120 -1.728974
v -8.658183 -97.739162 -1.453240
v -8.448122 -97.189922 -1.505523
v -8.023732 -97.290077 -1.758049
v -8.201891 -96.655293 -1.558128
v -7.804468 -96.711493 -1.787125
v -7.919947 -96.137142 -1.611114
v -7.543547 -96.150475 -1.816200
v -7.603809 -95.638981 -1.664381
v -7.242361 -95.609989 -1.845275
v -7.255100 -95.163708 -1.717882
v -6.902520 -95.092945 -1.874351
v -6.874881 -94.713039 -1.771683
v -6.464469 -94.288998 -1.825816
v -6.026435 -93.894520 -1.880183
v -5.562455 -93.531284 -1.934828
v -6.902520 -95.092945 -4.867445
v -7.242361 -95.609989 -4.838369
v -7.543547 -96.150475 -4.809294
v -7.804468 -96.711493 -4.780218
v -8.023732 -97.290077 -4.751143
v -8.200170 -97.883120 -4.722067
v -8.332838 -98.487453 -4.692992
v -8.421029 -99.099874 -4.663916
v -8.464273 -99.717093 -4.634841
v -8.462340 -100.335827 -4.605765
v -8.415236 -100.952759 -4.576690
v -8.323218 -101.564617 -4.547614
v -8.186773 -102.168112 -4.518538
v -8.006631 -102.760038 -4.489463
v -7.783753 -103.337231 -4.460388
v -7.519330 -103.896618 -4.431312
v -7.214772 -104.435205 -4.402236
v -6.871704 -104.950123 -4.373161
v -6.491958 -105.438604 -4.344086
v -6.077561 -105.898075 -4.315010
v -5.630726 -106.326046 -4.285935
v -5.153835 -106.720257 -4.256859
v -4.649436 -107.078609 -4.227784
v -4.120221 -107.399168 -4.198708
v -3.569013 -107.680244 -4.169632
v -2.998756 -107.920322 -4.140557
v -2.412493 -108.118114 -4.111482
v -1.813353 -108.272591 -4.082406
v -1.204534 -108.382902 -4.053330
v -0.589286 -108.448467 -4.024255
v 0.029107 -108.468952 -3.995180
v 0.647345 -108.444223 -3.966104
v 1.262128 -108.374424 -3.937028
v 1.870174 -108.259926 -3.907953
v 2.468238 -108.101339 -3.878877
v 3.053128 -107.899523 -3.849802
v 3.621721 -107.655525 -3.820726
v 4.170984 -107.370672 -3.791651
v 4.697983 -107.046490 -3.762575
v 5.199907 -106.684675 -3.733500
v 5.674076 -106.287193 -3.704424
v 6.117960 -105.856152 -3.675349
v 6.529189 -105.393848 -3.646273
v 6.905567 -104.902763 -3.617198
v 7.245088 -104.385509 -3.588122
v 7.545937 -103.844843 -3.559047
v 7.806509 -103.283653 -3.529971
v 8.025414 -102.704945 -3.500896
v 8.201483 -102.111788 -3.471820
v 8.333775 -101.507359 -3.442745
v 8.421587 -100.894890 -3.413669
v 8.464448 -100.277653 -3.384593
v 8.462129 -99.658918 -3.355518
v 8.414643 -99.042015 -3.326443
v 8.322244 -98.430214 -3.297367
v 8.185425 -97.826805 -3.268291
v 8.004915 -97.234983 -3.239216
v 7.781678 -96.657925 -3.210140
v 7.516907 -96.098709 -3.181065
v 7.212015 -95.560322 -3.151990
v 6.868627 -95.045614 -3.122914
v 6.488578 -94.557362 -3.093838
v 6.073896 -94.098158 -3.064763
v -6.902520 -95.092945 -7.367445
v -7.242361 -95.609989 -7.338369
v -7.543547 -96.150475 -7.309294
v -7.804468 -96.711493 -7.280218
v -8.023732 -97.290077 -7.251143
v -8.200170 -97.883120 -7.222067
v -8.332838 -98.487453 -7.192992
v -8.421029 -99.099874 -7.163916
v -8.464273 -99.717093 -7.134841
v -8.462340 -100.335827 -7.105765
v -8.415236 -100.952759 -7.076690
v -8.323218 -101.564617 -7.047614
v -8.186773 -102.168112 -7.018539
v -8.006631 -102.760038 -6.989464
v -7.783753 -103.337231 -6.960388
v -7.519330 -103.896618 -6.931312
v -7.214772 -104.435205 -6.902236
v -6.871704 -104.950123 -6.873161
v -6.491958 -105.438604 -6.844085
v -6.077561 -105.898075 -6.815010
v -5.630726 -106.326046 -6.785935
v -5.153835 -106.720257 -6.756859
v -4.649436 -107.078609 -6.727784
v -4.120221 -107.399168 -6.698708
v -3.569013 -107.680244 -6.669632
v -2.998756 -107.920322 -6.640557
v -2.412493 -108.118114 -6.611482
v -1.813353 -108.272591 -6.582406
v -1.204534 -108.382902 -6.553330
v -0.589286 -108.448467 -6.524255
v 0.029107 -108.468952 -6.495179
v 0.647345 -108.444223 -6.466104
v 1.262128 -108.374424 -6.437029
v 1.870174 -108.259926 -6.407953
v 2.468238 -108.101339 -6.378877
v 3.053128 -107.899523 -6.349802
v 3.621721 -107.655525 -6.320726
v 4.170984 -107.370672 -6.291651
v 4.697983 -107.046490 -6.262575
v 5.199907 -106.684675 -6.233500
v 5.674076 -106.287193 -6.204425
v 6.117960 -105.856152 -6.175349
v 6.529189 -105.393848 -6.146273
v 6.905567 -104.902763 -6.117197
v 7.245088 -104.385509 -6.088122
v 7.545937 -103.844843 -6.059047
v 7.806509 -103.283653 -6.029971
v 8.025414 -102.704945 -6.000896
v 8.201483 -102.111788 -5.971820
v 8.333775 -101.507359 -5.942745
v 8.421587 -100.894890 -5.913669
v 8.464448 -100.277653 -5.884594
v 8.462129 -99.658918 -5.855518
v 8.414643 -99.042015 -5.826443
v 8.322244 -98.430214 -5.797367
v 8.185425 -97.826805 -5.768291
v 8.004915 -97.234983 -5.739216
v 7.781678 -96.657925 -5.710140
v 7.516907 -96.098709 -5.681065
v 7.212015 -95.560322 -5.651990
v 6.868627 -95.045614 -5.622914
v 6.488578 -94.557362 -5.593838
v 6.073896 -94.098158 -5.564763
v -6.902520 -95.092945 -9.867445
v -7.242361 -95.609989 -9.838369
v -7.543547 -96.150475 -9.809294
v -7.804468 -96.711493 -9.780218
v -8.023732 -97.290077 -9.751142
v -8.200170 -97.883120 -9.722067
v -8.332838 -98.487453 -9.692992
v -8.421029 -99.099874 -9.663917
v -8.464273 -99.717093 -9.634841
v -8.462340 -100.335827 -9.605765
v -8.415236 -100.952759 -9.576690
v -8.323218 -101.564617 -9.547614
v -8.186773 -102.168112 -9.518539
v -8.006631 -102.760038 -9.489463
v -7.783753 -103.337231 -9.460387
v -7.519330 -103.896618 -9.431313
v -7.214772 -104.435205 -9.402237
v -6.871704 -104.950123 -9.373161
v -6.491958 -105.438604 -9.344085
v -6.077561 -105.898075 -9.315010
v -5.630726 -106.326046 -9.285935
v -5.153835 -106.720257 -9.256859
v -4.649436 -107.078609 -9.227783
v -4.120221 -107.399168 -9.198707
v -3.569013 -107.680244 -9.169633
v -2.998756 -107.920322 -9.140557
v -2.412493 -108.118114 -9.111482
v -1.813353 -108.272591 -9.082406
v -1.204534 -108.382902 -9.053330
v -0.589286 -108.448467 -9.024255
v 0.029107 -108.468952 -8.995179
v 0.647345 -108.444223 -8.966104
v 1.262128 -108.374424 -8.937028
v 1.870174 -108.259926 -8.907954
v 2.468238 -108.101339 -8.878878
v 3.053128 -107.899523 -8.849802
v 3.621721 -107.655525 -8.820726
v 4.170984 -107.370672 -8.791651
v 4.697983 -107.046490 -8.762575
v 5.199907 -106.684675 -8.733500
v 5.674076 -106.287193 -8.704424
v 6.117960 -105.856152 -8.675348
v 6.529189 -105.393848 -8.646274
v 6.905567 -104.902763 -8.617198
v 7.245088 -104.385509 -8.588122
v 7.545937 -103.844843 -8.559047
v 7.806509 -103.283653 -8.529971
v 8.025414 -102.704945 -8.500896
v 8.201483 -102.111788 -8.471820
v 8.333775 -101.507359 -8.442744
v 8.421587 -100.894890 -8.413669
v 8.464448 -100.277653 -8.384594
v 8.462129 -99.658918 -8.355519
v 8.414643 -99.042015 -8.326443
v 8.322244 -98.430214 -8.297367
v 8.185425 -97.826805 -8.268291
v 8.004915 -97.234983 -8.239216
v 7.781678 -96.657925 -8.210140
v 7.516907 -96.098709 -8.181065
v 7.212015 -95.560322 -8.151989
v 6.868627 -95.045614 -8.122914
v 6.488578 -94.557362 -8.093839
v 6.073896 -94.098158 -8.064763
v -6.902520 -95.092945 -12.367445
v -7.242361 -95.609989 -12.338369
v -7.543547 -96.150475 -12.309294
v -7.804468 -96.711493 -12.280219
v -8.023732 -97.290077 -12.251142
v -8.200170 -97.883120 -12.222067
v -8.332838 -98.487453 -12.192992
v -8.421029 -99.099874 -12.163917
v -8.464273 -99.717093 -12.134840
v -8.462340 -100.335827 -12.105765
v -8.415236 -100.952759 -12.076690
v -8.323218 -101.564617 -12.047614
v -8.186773 -102.168112 -12.018539
v -8.006631 -102.760038 -11.989462
v -7.783753 -103.337231 -11.960387
v -7.519330 -103.896618 -11.931312
v -7.214772 -104.435205 -11.902237
v -6.871704 -104.950123 -11.873162
v -6.491958 -105.438604 -11.844085
v -6.077561 -105.898075 -11.815010
v -5.630726 -106.326046 -11.785934
v -5.153835 -106.720257 -11.756859
v -4.649436 -107.078609 -11.727784
v -4.120221 -107.399168 -11.698707
v -3.569013 -107.680244 -11.669633
v -2.998756 -107.920322 -11.640557
v -2.412493 -108.118114 -11.611482
v -1.813353 -108.272591 -11.582406
v -1.204534 -108.382902 -11.553330
v -0.589286 -108.448467 -11.524255
v 0.029107 -108.468952 -11.495179
v 0.647345 -108.444223 -11.466104
v 1.262128 -108.374424 -11.437027
v 1.870174 -108.259926 -11.407954
v 2.468238 -108.101339 -11.378877
v 3.053128 -107.899523 -11.349802
v 3.621721 -107.655525 -11.320727
v 4.170984 -107.370672 -11.291651
v 4.697983 -107.046490 -11.262575
v 5.199907 -106.684675 -11.233499
v 5.674076 -106.287193 -11.204424
v 6.117960 -105.856152 -11.175349
v 6.529189 -105.393848 -11.146274
v 6.905567 -104.902763 -11.117198
v 7.245088 -104.385509 -11.088122
v 7.545937 -103.844843 -11.059047
v 7.806509 -103.283653 -11.029971
v 8.025414 -102.704945 -11.000896
v 8.201483 -102.111788 -10.971820
v 8.333775 -101.507359 -10.942744
v 8.421587 -100.894890 -10.913669
v 8.464448 -100.277653 -10.884594
v 8.462129 -99.658918 -10.855519
v 8.414643 -99.042015 -10.826442
v 8.322244 -98.430214 -10.797367
v 8.185425 -97.826805 -10.768292
v 8.004915 -97.234983 -10.739216
v 7.781678 -96.657925 -10.710140
v 7.516907 -96.098709 -10.681064
v 7.212015 -95.560322 -10.651989
v 6.868627 -95.045614 -10.622914
v 6.488578 -94.557362 -10.593839
v 6.073896 -94.098158 -10.564764
v -6.902520 -95.092945 -14.867445
v -7.242361 -95.609989 -14.838369
v -7.543547 -96.150475 -14.809294
v -7.804468 -96.711493 -14.780219
v -8.023732 -97.290077 -14.751142
v -8.200170 -97.883120 -14.722067
v -8.332838 -98.487453 -14.692992
v -8.421029 -99.099874 -14.663917
v -8.464273 -99.717093 -14.634840
v -8.462340 -100.335827 -14.605765
v -8.415236 -100.952759 -14.576690
v -8.323218 -101.564617 -14.547614
v -8.186773 -102.168112 -14.518539
v -8.006631 -102.760038 -14.489462
v -7.783753 -103.337231 -14.460387
v -7.519330 -103.896618 -14.431312
v -7.214772 -104.435205 -14.402237
v -6.871704 -104.950123 -14.373162
v -6.491958 -105.438604 -14.344085
v -6.077561 -105.898075 -14.315010
v -5.630726 -106.326046 -14.285934
v -5.153835 -106.720257 -14.256859
v -4.649436 -107.078609 -14.227784
v -4.120221 -107.399168 -14.198707
v -3.569013 -107.680244 -14.169633
v -2.998756 -107.920322 -14.140557
v -2.412493 -108.118114 -14.111482
v -1.813353 -108.272591 -14.082406
v -1.204534 -108.382902 -14.053330
v -0.589286 -108.448467 -14.024255
v 0.029107 -108.468952 -13.995179
v 0.647345 -108.444223 -13.966104
v 1.262128 -108.374424 -13.937027
v 1.870174 -108.259926 -13.907954
v 2.468238 -108.101339 -13.878877
v 3.053128 -107.899523 -13.849802
v 3.621721 -107.655525 -13.820727
v 4.170984 -107.370672 -13.791651
v 4.697983 -107.046490 -13.762575
v 5.199907 -106.684675 -13.733499
v 5.674076 -106.287193 -13.704424
v 6.117960 -105.856152 -13.675349
v 6.529189 -105.393848 -13.646274
v 6.905567 -104.902763 -13.617198
v 7.245088 -104.385509 -13.588122
v 7.545937 -103.844843 -13.559047
v 7.806509 -103.283653 -13.529971
v 8.025414 -102.704945 -13.500896
v 8.201483 -102.111788 -13.471820
v 8.333775 -101.507359 -13.442744
v 8.421587 -100.894890 -13.413669
v 8.464448 -100.277653 -13.384594
v 8.462129 -99.658918 -13.355519
v 8.414643 -99.042015 -13.326442
v 8.322244 -98.430214 -13.297367
v 8.185425 -97.826805 -13.268292
v 8.004915 -97.234983 -13.239216
v 7.781678 -96.657925 -13.210140
v 7.516907 -96.098709 -13.181064
v 7.212015 -95.560322 -13.151989
v 6.868627 -95.045614 -13.122914
v 6.488578 -94.557362 -13.093839
v 6.073896 -94.098158 -13.064764
v 6.073896 -94.098158 -0.564763
v 6.488578 -94.557362 -0.593838
v 6.868627 -95.045614 -0.622914
v 7.212015 -95.560322 -0.651989
v 7.516907 -96.098709 -0.681065
v 7.781678 -96.657925 -0.710140
v 8.004915 -97.234983 -0.739216
v 8.185425 -97.826805 -0.768292
v 8.322244 -98.430214 -0.797367
v 8.414643 -99.042015 -0.826443
v 8.462129 -99.658918 -0.855518
v 8.464448 -100.277653 -0.884594
v 8.421587 -100.894890 -0.913669
v 8.333775 -101.507359 -0.942745
v 8.201483 -102.111788 -0.971820
v 8.025414 -102.704945 -1.000896
v 7.806509 -103.283653 -1.029971
v 7.545937 -103.844843 -1.059047
v 7.245088 -104.385509 -1.088122
v 6.905567 -104.902763 -1.117198
v 6.529189 -105.393848 -1.146273
v 6.117960 -105.856152 -1.175349
v 5.674076 -106.287193 -1.204424
v 5.199907 -106.684675 -1.233500
v 4.697983 -107.046490 -1.262575
v 4.170984 -107.370672 -1.291651
v 3.621721 -107.655525 -1.320726
v 3.053128 -107.899523 -1.349802
v 2.468238 -108.101339 -1.378877
v 1.870174 -108.259926 -1.407953
v 1.262128 -108.374424 -1.437028
v 0.647345 -108.444223 -1.466104
v 0.029107 -108.468952 -1.495179
v -0.589286 -108.448467 -1.524255
v -1.204534 -108.382902 -1.553330
v -1.813353 -108.272591 -1.582406
v -2.412493 -108.118114 -1.611481
v -2.998756 -107.920322 -1.640557
v -3.569013 -107.680244 -1.669632
v -4.120221 -107.399168 -1.698708
v -4.649436 -107.078609 -1.727784
v -5.153835 -106.720257 -1.756859
v -5.630726 -106.326046 -1.785935
v -6.077561 -105.898075 -1.815010
v -6.491958 -105.438604 -1.844086
v -6.871704 -104.950123 -1.873161
v -7.214772 -104.435205 -1.902237
v -7.519330 -103.896618 -1.931312
v -7.783753 -103.337231 -1.960388
v -8.006631 -102.760038 -1.989463
v -8.186773 -102.168112 -2.018539
v -8.323218 -101.564617 -2.047614
v -8.415236 -100.952759 -2.076690
v -8.462340 -100.335827 -2.105765
v -8.464273 -99.717093 -2.134841
v -8.421029 -99.099874 -2.163916
v -8.332838 -98.487453 -2.192992
v -8.200170 -97.883120 -2.222067
v -8.023732 -97.290077 -2.251143
v -7.804468 -96.711493 -2.280218
v -7.543547 -96.150475 -2.309294
v -7.242361 -95.609989 -2.338369
v -6.902520 -95.092945 -2.367445
v -15.709726 -107.103252 -2.000000
v -16.290077 -105.646687 -2.000000
v -15.687459 -107.093039 -2.000000
v -8.699730 -103.534956 -2.000000
v -8.500729 -104.090233 -2.000000
v -8.863686 -102.967091 -2.000000
v -16.735703 -104.143429 -2.000000
v -8.991179 -102.390766 -2.000000
v -9.081641 -101.808615 -2.000000
v -17.042917 -102.605896 -2.000000
v -9.134766 -101.222401 -2.000000
v -17.209181 -101.046810 -2.000000
v -9.150251 -100.633936 -2.000000
v -17.233118 -99.479065 -2.000000
v -9.127792 -100.044994 -2.000000
v -9.067098 -99.457493 -2.000000
v -17.114528 -97.915630 -2.000000
v -8.968388 -98.875847 -2.000000
v -16.854398 -96.369438 -2.000000
v -8.832144 -98.303032 -2.000000
v -8.658787 -97.740917 -2.000000
v -16.454874 -94.853268 -2.000000
v -8.448733 -97.191381 -2.000000
v -15.919262 -93.379669 -2.000000
v -8.202401 -96.656322 -2.000000
v -15.251992 -91.960812 -2.000000
v -7.920302 -96.137753 -2.000000
v -7.604231 -95.639601 -2.000000
v -14.458581 -90.608454 -2.000000
v -7.255547 -95.164270 -2.000000
v -13.545592 -89.333763 -2.000000
v -6.875296 -94.713497 -2.000000
v -12.520577 -88.147287 -2.000000
v -6.464741 -94.289265 -2.000000
v -6.026542 -93.894606 -2.000000
v -11.392010 -87.058830 -2.000000
v -5.562465 -93.531294 -2.000000
v -10.169228 -86.077404 -2.000000
v -8.862343 -85.211134 -2.000000
v -7.482163 -84.467163 -2.000000
v -6.040101 -83.851662 -2.000000
v -4.548086 -83.369703 -2.000000
v -3.018457 -83.025293 -2.000000
v -1.463864 -82.821264 -2.000000
v 0.102837 -82.759314 -2.000000
v 1.668686 -82.839947 -2.000000
v 3.220735 -83.062506 -2.000000
v 4.746147 -83.425150 -2.000000
v 6.232306 -83.924866 -2.000000
v 7.666923 -84.557524 -2.000000
v 9.038130 -85.317898 -2.000000
v 10.334589 -86.199713 -2.000000
v 11.545577 -87.195644 -2.000000
v 12.661078 -88.297482 -2.000000
v 13.671868 -89.496107 -2.000000
v 14.569585 -90.781603 -2.000000
v 15.346806 -92.143335 -2.000000
v 15.997103 -93.570042 -2.000000
v 16.515099 -95.049925 -2.000000
v 16.896508 -96.570759 -2.000000
v 17.138176 -98.119946 -2.000000
v 9.892122 -99.751196 -2.000000
v 17.238106 -99.684677 -2.000000
v 17.195469 -101.252022 -2.000000
v 9.857000 -100.869217 -2.000000
v 17.010618 -102.809010 -2.000000
v 9.695920 -101.976137 -2.000000
v 16.685083 -104.342775 -2.000000
v 9.410942 -103.057804 -2.000000
v 16.192287 -105.829906 -2.000000
v 15.949097 -106.456480 -2.000000
v 16.221558 -105.840616 -2.000000
v 9.005708 -104.100389 -2.000000
v 15.681680 -107.073107 -2.000000
v 15.390447 -107.678843 -2.000000
v 15.427284 -107.697439 -2.000000
v 14.733512 -108.954067 -2.000000
v 8.485395 -105.090580 -2.000000
v 13.937615 -110.148621 -2.000000
v 7.856651 -106.015730 -2.000000
v 13.045108 -111.272831 -2.000000
v 7.127513 -106.864004 -2.000000
v 12.016324 -112.271748 -2.000000
v 11.525357 -112.730742 -2.000000
v 12.062179 -112.318907 -2.000000
v 6.458982 -107.416515 -2.000000
v 11.016881 -113.170271 -2.000000
v 10.491669 -113.589668 -2.000000
v 10.535848 -113.647251 -2.000000
v 9.362311 -114.477530 -2.000000
v 5.057586 -108.434687 -2.000000
v 5.745024 -107.907352 -2.000000
v 8.123688 -115.207157 -2.000000
v 4.325532 -108.899755 -2.000000
v 6.828587 -115.831051 -2.000000
v 3.293461 -109.331083 -2.000000
v 5.458904 -116.263752 -2.000000
v 4.817402 -116.464281 -2.000000
v 5.486013 -116.344891 -2.000000
v 2.219303 -109.643164 -2.000000
v 4.168576 -116.639662 -2.000000
v 3.513410 -116.789637 -2.000000
v 3.531307 -116.875477 -2.000000
v 2.112524 -117.111073 -2.000000
v 1.116787 -109.832020 -2.000000
v 0.679040 -117.227612 -2.000000
v -0.000000 -109.895248 -2.000000
v -0.759169 -117.224264 -2.000000
v -1.116787 -109.832020 -2.000000
v -2.181196 -117.015266 -2.000000
v -2.846174 -116.917591 -2.000000
v -2.192095 -117.101068 -2.000000
v -2.219303 -109.643164 -2.000000
v -3.506842 -116.794100 -2.000000
v -4.162199 -116.644955 -2.000000
v -4.182317 -116.726027 -2.000000
v -5.560930 -116.319551 -2.000000
v -3.293461 -109.331083 -2.000000
v -6.900896 -115.799656 -2.000000
v -4.325532 -108.899755 -2.000000
v -8.192905 -115.169964 -2.000000
v -9.390759 -114.377451 -2.000000
v -9.427975 -114.434853 -2.000000
v -5.312268 -108.250504 -2.000000
v -9.947507 -114.000921 -2.000000
v -10.489165 -113.603001 -2.000000
v -6.211501 -107.489157 -2.000000
v -11.014909 -113.184280 -2.000000
v -12.115790 -112.266188 -2.000000
v -11.053807 -113.231220 -2.000000
v -7.012699 -106.623392 -2.000000
v -13.093846 -111.216183 -2.000000
v -7.372884 -106.154222 -2.000000
v -13.981200 -110.088491 -2.000000
v -7.702810 -105.664711 -2.000000
v -14.741844 -108.872738 -2.000000
v -8.001363 -105.156574 -2.000000
v -15.080091 -108.291950 -2.000000
v -8.267638 -104.631252 -2.000000
v -15.395454 -107.698412 -2.000000
v -14.771706 -108.890915 -2.000000
v 5.868372 -93.764906 -0.600906
v 6.663426 -94.487314 -0.699992
v 7.364067 -95.305109 -0.798345
v 7.958038 -96.202507 -0.895704
v 8.437554 -97.164965 -0.992054
v 8.797906 -98.180943 -1.087753
v 9.033329 -99.231071 -1.182440
v 9.142216 -100.300579 -1.276164
v 9.124327 -101.378050 -1.369285
v 8.980470 -102.446823 -1.461689
v 8.714359 -103.489332 -1.553093
v 8.329897 -104.495516 -1.643823
v 7.831816 -105.453920 -1.734067
v 7.229970 -106.347628 -1.823373
v 6.532025 -107.167892 -1.911917
v -15.687459 -107.093039 -0.000000
v -15.709726 -107.103252 0.000000
v -14.771706 -108.890915 0.000000
v -14.741844 -108.872738 -0.000000
v -11.053807 -113.231220 0.000000
v -12.115790 -112.266188 -0.000000
v -13.093846 -111.216183 -0.000000
v -13.981200 -110.088491 -0.000000
v -11.014909 -113.184280 -0.000000
v -9.427975 -114.434853 0.000000
v -9.390759 -114.377451 -0.000000
v -4.182317 -116.726027 0.000000
v -5.560930 -116.319551 -0.000000
v -6.900896 -115.799656 -0.000000
v -8.192905 -115.169964 -0.000000
v -4.162199 -116.644955 -0.000000
v -2.192095 -117.101068 0.000000
v -2.181196 -117.015266 -0.000000
v 3.531307 -116.875477 0.000000
v 2.112524 -117.111073 -0.000000
v 0.679040 -117.227612 -0.000000
v -0.759169 -117.224264 -0.000000
v 3.513410 -116.789637 -0.000000
v 5.486013 -116.344891 0.000000
v 5.458904 -116.263752 -0.000000
v 10.535848 -113.647251 0.000000
v 9.362311 -114.477530 -0.000000
v 8.123688 -115.207157 -0.000000
v 6.828587 -115.831051 -0.000000
v 10.491669 -113.589668 -0.000000
v 12.062179 -112.318907 0.000000
v 12.016324 -112.271748 -0.000000
v 15.427284 -107.697439 0.000000
v 14.733512 -108.954067 -0.000000
v 13.937615 -110.148621 -0.000000
v 13.045108 -111.272831 -0.000000
v 15.390447 -107.678843 -0.000000
v 16.221558 -105.840616 0.000000
v 16.192287 -105.829906 -0.000000
v -16.244895 -105.775385 -0.000000
v -16.668053 -104.407682 -0.000000
v -16.976278 -103.009596 -0.000000
v -17.167447 -101.590757 -0.000000
v -17.224690 -100.749521 -0.000000
v -17.240736 -99.906483 -0.000000
v -17.215545 -99.063673 -0.000000
v -17.149179 -98.223104 -0.000000
v -17.041795 -97.386780 -0.000000
v -16.893651 -96.556721 -0.000000
v -16.705103 -95.734882 -0.000000
v -16.476597 -94.923248 -0.000000
v -16.208684 -94.123755 -0.000000
v -15.902003 -93.338318 -0.000000
v -15.557288 -92.568817 -0.000000
v -15.175363 -91.817083 -0.000000
v -14.757142 -91.084929 -0.000000
v -14.303625 -90.374098 -0.000000
v -13.815897 -89.686289 -0.000000
v -13.295124 -89.023142 -0.000000
v -12.742550 -88.386250 -0.000000
v -12.159501 -87.777147 -0.000000
v -11.547368 -87.197266 -0.000000
v -10.907617 -86.648006 -0.000000
v -10.241777 -86.130695 -0.000000
v -9.551440 -85.646544 -0.000000
v -8.838259 -85.196724 -0.000000
v -8.103938 -84.782314 -0.000000
v -7.350235 -84.404306 -0.000000
v -6.578951 -84.063587 -0.000000
v -5.791932 -83.760996 -0.000000
v -4.991060 -83.497248 -0.000000
v -4.178250 -83.272953 -0.000000
v -3.355447 -83.088684 -0.000000
v -2.524618 -82.944851 -0.000000
v -1.687751 -82.841816 -0.000000
v -0.846847 -82.779827 -0.000000
v -0.003918 -82.759008 -0.000000
v 0.839021 -82.779446 -0.000000
v 1.679953 -82.841053 -0.000000
v 2.516867 -82.943707 -0.000000
v 3.347761 -83.087158 -0.000000
v 4.170648 -83.271065 -0.000000
v 4.983559 -83.494968 -0.000000
v 5.784551 -83.758373 -0.000000
v 6.571708 -84.060602 -0.000000
v 7.343146 -84.400959 -0.000000
v 8.097022 -84.778633 -0.000000
v 8.831531 -85.192709 -0.000000
v 9.544916 -85.642204 -0.000000
v 10.235473 -86.126041 -0.000000
v 10.901548 -86.643057 -0.000000
v 11.541549 -87.192020 -0.000000
v 12.153945 -87.771626 -0.000000
v 12.737272 -88.380461 -0.000000
v 13.290132 -89.017096 -0.000000
v 13.811208 -89.680004 -0.000000
v 14.299248 -90.367603 -0.000000
v 14.753088 -91.078224 -0.000000
v 15.171642 -91.810188 -0.000000
v 15.553910 -92.561741 -0.000000
v 15.898974 -93.331089 -0.000000
v 16.206013 -94.116383 -0.000000
v 16.474289 -94.915752 -0.000000
v 16.703161 -95.727291 -0.000000
v 16.892086 -96.549034 -0.000000
v 17.040606 -97.379036 -0.000000
v 17.148368 -98.215313 -0.000000
v 17.223346 -99.220257 -0.000000
v 17.239482 -100.227871 -0.000000
v 17.161086 -101.657972 -0.000000
v 16.964258 -103.076630 -0.000000
v 16.650360 -104.474058 -0.000000
v 5.691262 -108.094778 -2.076172
v 5.163471 -108.441238 -2.101562
v 4.614661 -108.753338 -2.126953
v 4.047066 -109.029799 -2.152344
v 3.462996 -109.269505 -2.177734
v 2.864828 -109.471464 -2.203125
v 2.254999 -109.634876 -2.228516
v 1.635990 -109.759073 -2.253906
v 1.010321 -109.843540 -2.279297
v 0.380539 -109.887934 -2.304688
v -0.250792 -109.892073 -2.330078
v -0.881102 -109.855938 -2.355469
v -1.507825 -109.779692 -2.380859
v -2.128410 -109.663639 -2.406250
v -2.740331 -109.508238 -2.431641
v -3.341096 -109.314137 -2.457031
v -3.928261 -109.082108 -2.482422
v -4.499434 -108.813114 -2.507812
v -5.052291 -108.508244 -2.533203
v -5.584581 -108.168745 -2.558594
v -6.094138 -107.795992 -2.583984
v -6.578887 -107.391491 -2.609375
v -7.036854 -106.956921 -2.634766
v -7.466176 -106.494007 -2.660156
v -7.865104 -106.004677 -2.685547
v -8.232015 -105.490894 -2.710938
v -8.565415 -104.954758 -2.736328
v -8.863948 -104.398451 -2.761719
v -9.126397 -103.824244 -2.787109
v -9.351694 -103.234463 -2.812500
v -9.538924 -102.631521 -2.837891
v -9.687321 -102.017870 -2.863281
v -9.796283 -101.395998 -2.888672
v -9.865367 -100.768442 -2.914062
v -9.894291 -100.137768 -2.939453
v -9.882938 -99.506521 -2.964844
v -9.831352 -98.877287 -2.990234
v -9.739746 -98.252621 -3.015625
v -9.608491 -97.635069 -3.041016
v -9.438122 -97.027149 -3.066406
v -9.229332 -96.431332 -3.091797
v -8.982971 -95.850039 -3.117188
v -8.700043 -95.285635 -3.142578
v -8.381699 -94.740429 -3.167969
v -8.029234 -94.216633 -3.193359
v -7.644084 -93.716373 -3.218750
v -7.227817 -93.241701 -3.244141
v -6.782126 -92.794533 -3.269531
v -6.308827 -92.376699 -3.294922
v -5.809847 -91.989908 -3.320312
v -5.287215 -91.635714 -3.345703
v -4.743060 -91.315565 -3.371094
v -4.179597 -91.030779 -3.396484
v -3.599120 -90.782499 -3.421875
v -3.003991 -90.571747 -3.447266
v -2.396634 -90.399370 -3.472656
v -1.779521 -90.266075 -3.498047
v -1.155164 -90.172405 -3.523437
v -0.526104 -90.118742 -3.548828
v 0.105097 -90.105305 -3.574219
v 0.735871 -90.132151 -3.599609
v 1.363649 -90.199156 -3.625000
v 1.985876 -90.306072 -3.650391
v 2.600018 -90.452442 -3.675781
v 3.203577 -90.637684 -3.701172
v 3.794094 -90.861034 -3.726563
v 4.369167 -91.121578 -3.751953
v 4.926454 -91.418276 -3.777344
v 5.463685 -91.749897 -3.802734
v 5.978676 -92.115116 -3.828125
v 6.469328 -92.512426 -3.853516
v 6.933646 -92.940216 -3.878906
v 7.369737 -93.396740 -3.904297
v 7.775828 -93.880157 -3.929687
v 8.150266 -94.388485 -3.955078
v 8.491524 -94.919643 -3.980469
v 8.798217 -95.471497 -4.005859
v 9.069093 -96.041775 -4.031250
v 9.303051 -96.628170 -4.056641
v 9.499138 -97.228298 -4.082031
v 9.656556 -97.839699 -4.107422
v 9.774664 -98.459902 -4.132813
v 9.852982 -99.086361 -4.158203
v 9.891189 -99.716549 -4.183594
v 9.889132 -100.347891 -4.208984
v 9.846819 -100.977821 -4.234375
v 9.764422 -101.603756 -4.259766
v 9.642274 -102.223177 -4.285156
v 9.480876 -102.833538 -4.310547
v 9.280882 -103.432369 -4.335938
v 9.043108 -104.017239 -4.361328
v 8.768522 -104.585743 -4.386719
v 8.458241 -105.135574 -4.412109
v 8.113527 -105.664501 -4.437500
v 7.735786 -106.170378 -4.462891
v 7.326553 -106.651134 -4.488281
v 6.887497 -107.104816 -4.513672
v 6.420401 -107.529573 -4.539062
v 5.927171 -107.923679 -4.564453
v 5.409811 -108.285522 -4.589844
v 4.870430 -108.613644 -4.615234
v 4.311222 -108.906698 -4.640625
v 3.734463 -109.163494 -4.666016
v 3.142503 -109.382992 -4.691406
v 2.537751 -109.564304 -4.716797
v 1.922667 -109.706669 -4.742188
v 1.299757 -109.809513 -4.767578
v 0.671555 -109.872437 -4.792969
v 0.040620 -109.895163 -4.818359
v -0.590480 -109.877615 -4.843750
v -1.219177 -109.819851 -4.869141
v -1.842910 -109.722118 -4.894531
v -2.459142 -109.584808 -4.919922
v -3.065363 -109.408474 -4.945312
v -3.659105 -109.193859 -4.970703
v -4.237952 -108.941793 -4.996094
v -4.799548 -108.653345 -5.021484
v -5.341605 -108.329659 -5.046875
v -5.861918 -107.972069 -5.072266
v -6.358367 -107.582026 -5.097656
v -6.828934 -107.161121 -5.123047
v -7.271701 -106.711063 -5.148438
v -7.684866 -106.233683 -5.173828
v -8.066748 -105.730925 -5.199219
v -8.415793 -105.204840 -5.224609
v -8.730577 -104.657574 -5.250000
v -9.009822 -104.091339 -5.275391
v -9.252390 -103.508453 -5.300781
v -9.457293 -102.911282 -5.326172
v -9.623697 -102.302265 -5.351562
v -9.750925 -101.683874 -5.376953
v -9.838459 -101.058626 -5.402344
v -9.885944 -100.429068 -5.427734
v -9.893184 -99.797764 -5.453125
v -9.860150 -99.167290 -5.478516
v -9.786979 -98.540201 -5.503906
v -9.673966 -97.919054 -5.529297
v -9.521573 -97.306376 -5.554687
v -9.330419 -96.704664 -5.580078
v -9.101284 -96.116371 -5.605469
v -8.835099 -95.543880 -5.630859
v -8.532948 -94.989529 -5.656250
v -8.196061 -94.455585 -5.681641
v -7.825810 -93.944206 -5.707031
v -7.423702 -93.457470 -5.732422
v -6.991373 -92.997379 -5.757812
v -6.530584 -92.565784 -5.783203
v -6.043209 -92.164469 -5.808594
v -5.531235 -91.795034 -5.833985
v -4.996743 -91.459007 -5.859375
v -4.441912 -91.157751 -5.884765
v -3.868997 -90.892487 -5.910156
v -3.280334 -90.664291 -5.935547
v -2.678316 -90.474110 -5.960938
v -2.065396 -90.322704 -5.986328
v -1.444068 -90.210686 -6.011719
v -0.816861 -90.138531 -6.037109
v -0.186329 -90.106506 -6.062500
v 0.444961 -90.114765 -6.087891
v 1.074440 -90.163250 -6.113281
v 1.699546 -90.251789 -6.138672
v 2.317733 -90.380011 -6.164063
v 2.926484 -90.547400 -6.189453
v 3.523323 -90.753269 -6.214844
v 4.105819 -90.996761 -6.240234
v 4.671601 -91.276922 -6.265625
v 5.218366 -91.592579 -6.291016
v 5.743887 -91.942472 -6.316406
v 6.246027 -92.325163 -6.341797
v 6.722741 -92.739096 -6.367188
v 7.172087 -93.182583 -6.392578
v 7.592238 -93.653831 -6.417969
v 7.981482 -94.150906 -6.443359
v 8.338235 -94.671793 -6.468750
v 8.661045 -95.214367 -6.494141
v 8.948597 -95.776424 -6.519531
v 9.199722 -96.355677 -6.544922
v 9.413397 -96.949759 -6.570312
v 9.588751 -97.556267 -6.595703
v 9.725072 -98.172722 -6.621094
v 9.821803 -98.796606 -6.646484
v 9.878553 -99.425402 -6.671875
v 9.895088 -100.056524 -6.697266
v 9.871343 -100.687428 -6.722656
v 9.807414 -101.315517 -6.748047
v 9.703561 -101.938267 -6.773437
v 9.560207 -102.553120 -6.798828
v 9.377934 -103.157578 -6.824219
v 9.157487 -103.749189 -6.849610
v 8.899760 -104.325533 -6.875000
v 8.605806 -104.884272 -6.900390
v 8.276818 -105.423117 -6.925781
v 7.914137 -105.939894 -6.951172
v 7.519240 -106.432495 -6.976563
v 7.093733 -106.898909 -7.001953
v 6.639349 -107.337236 -7.027344
v 6.157938 -107.745695 -7.052734
v 5.651459 -108.122616 -7.078125
v 5.121974 -108.466482 -7.103516
v 4.571638 -108.775883 -7.128906
v 4.002692 -109.049549 -7.154297
v 3.417453 -109.286385 -7.179688
v 2.818301 -109.485416 -7.205078
v 2.207677 -109.645834 -7.230469
v 1.588065 -109.766979 -7.255859
v 0.961989 -109.848385 -7.281250
v 0.331997 -109.889679 -7.306641
v -0.299346 -109.890728 -7.332031
v -0.929471 -109.851503 -7.357422
v -1.555813 -109.772177 -7.382812
v -2.175820 -109.653072 -7.408203
v -2.786971 -109.494667 -7.433594
v -3.386776 -109.297619 -7.458984
v -3.972795 -109.062719 -7.484375
v -4.542641 -108.790922 -7.509766
v -5.093995 -108.483343 -7.535156
v -5.624613 -108.141232 -7.560547
v -6.132333 -107.765980 -7.585937
v -6.615090 -107.359114 -7.611328
v -7.070919 -106.922283 -7.636719
v -7.497963 -106.457281 -7.662109
v -7.894484 -105.965996 -7.687500
v -8.258869 -105.450420 -7.712891
v -8.589634 -104.912653 -7.738281
v -8.885432 -104.354887 -7.763672
v -9.145060 -103.779392 -7.789062
v -9.367459 -103.188524 -7.814453
v -9.551725 -102.584667 -7.839844
v -9.697109 -101.970291 -7.865235
v -9.803017 -101.347895 -7.890625
v -9.869021 -100.720005 -7.916015
v -9.894848 -100.089197 -7.941406
v -9.880396 -99.458017 -7.966797
v -9.825723 -98.829041 -7.992188
v -9.731051 -98.204832 -8.017578
v -9.596766 -97.587938 -8.042969
v -9.423415 -96.980858 -8.068359
v -9.211704 -96.386070 -8.093750
v -8.962492 -95.805988 -8.119141
v -8.676797 -95.242987 -8.144531
v -8.355780 -94.699345 -8.169922
v -8.000749 -94.177284 -8.195313
v -7.613147 -93.678923 -8.220703
v -7.194555 -93.206301 -8.246094
v -6.746675 -92.761326 -8.271484
v -6.271330 -92.345829 -8.296875
v -5.770457 -91.961479 -8.322266
v -5.246093 -91.609859 -8.347656
v -4.700373 -91.292391 -8.373047
v -4.135519 -91.010370 -8.398438
v -3.553830 -90.764942 -8.423828
v -2.957675 -90.557117 -8.449219
v -2.349479 -90.387716 -8.474609
v -1.731719 -90.257463 -8.500000
v -1.106909 -90.166855 -8.525391
v -0.477594 -90.116282 -8.550781
v 0.153666 -90.105944 -8.576172
v 0.784300 -90.135880 -8.601562
v 1.411742 -90.205975 -8.626953
v 2.033436 -90.315933 -8.652344
v 2.646853 -90.465317 -8.677734
v 3.249495 -90.653515 -8.703125
v 3.838909 -90.879765 -8.728516
v 4.412696 -91.143131 -8.753906
v 4.968519 -91.442556 -8.779297
v 5.504117 -91.776829 -8.804687
v 6.017309 -92.144556 -8.830078
v 6.506005 -92.544270 -8.855469
v 6.968216 -92.974339 -8.880860
v 7.402062 -93.433008 -8.906250
v 7.805775 -93.918400 -8.931640
v 8.177713 -94.428558 -8.957031
v 8.516361 -94.961395 -8.982422
v 8.820340 -95.514736 -9.007813
v 9.088413 -96.086340 -9.033203
v 9.319490 -96.673880 -9.058594
v 9.512628 -97.274952 -9.083984
v 9.667044 -97.887125 -9.109375
v 9.782106 -98.507900 -9.134766
v 9.857348 -99.134741 -9.160156
v 9.892462 -99.765110 -9.185547
v 9.887305 -100.396433 -9.210938
v 9.841901 -101.026134 -9.236328
v 9.756430 -101.651669 -9.261719
v 9.631245 -102.270489 -9.287109
v 9.466852 -102.880049 -9.312500
v 9.263922 -103.477888 -9.337891
v 9.023280 -104.061575 -9.363281
v 8.745906 -104.628725 -9.388672
v 8.432930 -105.177031 -9.414062
v 8.085625 -105.704269 -9.439453
v 7.705404 -106.208277 -9.464844
v 7.293817 -106.687021 -9.490234
v 6.852537 -107.138538 -9.515625
v 6.383364 -107.560997 -9.541016
v 5.888204 -107.952671 -9.566406
v 5.369075 -108.311977 -9.591797
v 4.828089 -108.637447 -9.617187
v 4.267449 -108.927755 -9.642578
v 3.689438 -109.181728 -9.667969
v 3.096407 -109.398308 -9.693359
v 2.490771 -109.576635 -9.718750
v 1.874997 -109.715986 -9.744141
v 1.251589 -109.815779 -9.769531
v 0.623086 -109.875612 -9.794922
v -0.007953 -109.895248 -9.820312
v -0.638959 -109.874592 -9.845703
v -1.267365 -109.813747 -9.871094
v -1.890611 -109.712963 -9.896485
v -2.506161 -109.572620 -9.921875
v -3.111510 -109.393320 -9.947265
v -3.704191 -109.175777 -9.972656
v -4.281794 -108.920879 -9.998047
v -4.841967 -108.629675 -10.023438
v -5.382428 -108.303337 -10.048828
v -5.900980 -107.943201 -10.074219
v -6.395509 -107.550726 -10.099609
v -6.864003 -107.127514 -10.125000
v -7.304556 -106.675282 -10.150391
v -7.715373 -106.195889 -10.175781
v -8.094783 -105.691261 -10.201172
v -8.441240 -105.163479 -10.226562
v -8.753335 -104.614658 -10.251954
v -9.029797 -104.047070 -10.277344
v -9.269500 -103.463001 -10.302734
v -9.471469 -102.864828 -10.328125
v -9.634882 -102.255001 -10.353515
v -9.759073 -101.635990 -10.378907
v -9.843537 -101.010323 -10.404297
v -9.887930 -100.380535 -10.429688
v -9.892071 -99.749203 -10.455078
v -9.855944 -99.118900 -10.480468
v -9.779695 -98.492174 -10.505860
v -9.663635 -97.871590 -10.531250
v -9.508237 -97.259665 -10.556641
v -9.314132 -96.658907 -10.582031
v -9.082111 -96.071739 -10.607421
v -8.813119 -95.500565 -10.632813
v -8.508250 -94.947710 -10.658203
v -8.168747 -94.415417 -10.683594
v -7.795990 -93.905859 -10.708984
v -7.391497 -93.421116 -10.734375
v -6.956915 -92.963142 -10.759766
v -6.494012 -92.533817 -10.785156
v -6.004674 -92.134895 -10.810547
v -5.490892 -91.767979 -10.835937
v -4.954758 -91.434584 -10.861328
v -4.398454 -91.136055 -10.886719
v -3.824244 -90.873604 -10.912110
v -3.234468 -90.648308 -10.937500
v -2.631524 -90.461073 -10.962890
v -2.017868 -90.312681 -10.988281
v -1.395997 -90.203724 -11.013672
v -0.768444 -90.134640 -11.039063
v -0.137762 -90.105705 -11.064453
v 0.493480 -90.117064 -11.089844
v 1.122713 -90.168648 -11.115234
v 1.747376 -90.260258 -11.140625
v 2.364926 -90.391512 -11.166016
v 2.972849 -90.561886 -11.191406
v 3.568670 -90.770664 -11.216797
v 4.149964 -91.017027 -11.242187
v 4.714364 -91.299953 -11.267579
v 5.259572 -91.618299 -11.292969
v 5.783371 -91.970768 -11.318359
v 6.283625 -92.355919 -11.343750
v 6.758302 -92.772188 -11.369140
v 7.205466 -93.217869 -11.394532
v 7.623298 -93.691168 -11.419922
v 8.010098 -94.190159 -11.445312
v 8.364289 -94.712782 -11.470703
v 8.684432 -95.256939 -11.496093
v 8.969222 -95.820408 -11.521485
v 9.217499 -96.400881 -11.546875
v 9.428256 -96.996012 -11.572266
v 9.600631 -97.603359 -11.597656
v 9.733924 -98.220482 -11.623046
v 9.827592 -98.844833 -11.648438
v 9.881254 -99.473896 -11.673828
v 9.894692 -100.105095 -11.699219
v 9.867851 -100.735874 -11.724609
v 9.800838 -101.363649 -11.750000
v 9.693930 -101.985874 -11.775391
v 9.547559 -102.600021 -11.800781
v 9.362322 -103.203573 -11.826172
v 9.138972 -103.794098 -11.851562
v 8.878421 -104.369164 -11.876953
v 8.581726 -104.926453 -11.902344
v 8.250098 -105.463686 -11.927735
v 7.884885 -105.978680 -11.953125
v 7.487574 -106.469326 -11.978515
v 7.059783 -106.933651 -12.003906
v 6.603252 -107.369738 -12.029297
v 6.119842 -107.775822 -12.054688
v 5.611519 -108.150272 -12.080078
v 5.080352 -108.491526 -12.105469
v 4.528505 -108.798218 -12.130859
v 3.958222 -109.069090 -12.156250
v 3.371827 -109.303045 -12.181641
v 2.771706 -109.499140 -12.207031
v 2.160301 -109.656553 -12.232422
v 1.540103 -109.774666 -12.257812
v 0.913635 -109.852982 -12.283204
v 0.283448 -109.891186 -12.308594
v -0.347893 -109.889126 -12.333984
v -0.977818 -109.846821 -12.359375
v -1.603763 -109.764423 -12.384765
v -2.223178 -109.642277 -12.410157
v -2.833544 -109.480877 -12.435547
v -3.432375 -109.280882 -12.460938
v -4.017233 -109.043102 -12.486328
v -4.585738 -108.768520 -12.511718
v -5.135576 -108.458242 -12.537110
v -5.664507 -108.113527 -12.562500
v -6.170380 -107.735786 -12.587891
v -6.651134 -107.326555 -12.613281
v -7.104813 -106.887493 -12.638671
v -7.529570 -106.420403 -12.664063
v -7.923675 -105.927172 -12.689453
v -8.285524 -105.409813 -12.714844
v -8.613645 -104.870434 -12.740234
v -8.906702 -104.311218 -12.765625
v -9.163501 -103.734465 -12.791016
v -9.382998 -103.142500 -12.816406
v -9.564298 -102.537746 -12.841797
v -9.706664 -101.922665 -12.867187
v -9.809516 -101.299763 -12.892578
v -9.872435 -100.671558 -12.917969
v -9.895166 -100.040617 -12.943360
v -9.877616 -99.409523 -12.968750
v -9.819857 -98.780823 -12.994140
v -9.722122 -98.157091 -13.019531
v -9.584810 -97.540855 -13.044922
v -9.408482 -96.934643 -13.070313
v -9.193853 -96.340895 -13.095703
v -8.941797 -95.762043 -13.121094
v -8.653342 -95.200453 -13.146484
v -8.329660 -94.658394 -13.171875
v -7.972070 -94.138088 -13.197266
v -7.582027 -93.641634 -13.222656
v -7.161120 -93.171062 -13.248047
v -6.711061 -92.728300 -13.273437
v -6.233683 -92.315130 -13.298829
v -5.730928 -91.933250 -13.324219
v -5.204845 -91.584206 -13.349609
v -4.657573 -91.269426 -13.375000
v -4.091342 -90.990181 -13.400390
v -3.508455 -90.747614 -13.425782
v -2.911286 -90.542707 -13.451172
v -2.302266 -90.376301 -13.476562
v -1.683874 -90.249081 -13.501953
v -1.058628 -90.161533 -13.527343
v -0.429071 -90.114059 -13.552735
v 0.202231 -90.106821 -13.578125
v 0.832711 -90.139847 -13.603516
v 1.459801 -90.213022 -13.628906
v 2.080948 -90.326033 -13.654296
v 2.693624 -90.478420 -13.679688
v 3.295335 -90.669575 -13.705078
v 3.883632 -90.898714 -13.730469
v 4.456119 -91.164904 -13.755859
v 5.010465 -91.467047 -13.781250
v 5.544416 -91.803942 -13.806641
v 6.055796 -92.174187 -13.832031
v 6.542524 -92.576303 -13.857422
v 7.002620 -93.008633 -13.882812
v 7.434208 -93.469410 -13.908203
v 7.835534 -93.956785 -13.933594
v 8.204963 -94.468765 -13.958985
v 8.540991 -95.003262 -13.984375
v 8.842251 -95.558090 -14.009765
v 9.107515 -96.131001 -14.035156
v 9.335705 -96.719666 -14.060547
v 9.525890 -97.321682 -14.085938
v 9.677299 -97.934599 -14.111328
v 9.789312 -98.555927 -14.136719
v 9.861476 -99.183140 -14.162109
v 9.893495 -99.813671 -14.187500
v 9.885241 -100.444965 -14.212891
v 9.836745 -101.074438 -14.238281
v 9.748206 -101.699543 -14.263672
v 9.619983 -102.317734 -14.289062
v 9.452600 -102.926483 -14.314454
v 9.246739 -103.523321 -14.339844
v 9.003234 -104.105816 -14.365234
v 8.723080 -104.671602 -14.390625
v 8.407415 -105.218372 -14.416015
v 8.057526 -105.743885 -14.441407
v 7.674837 -106.246023 -14.466797
v 7.260904 -106.722736 -14.492188
v 6.817414 -107.172089 -14.517578
v 6.346172 -107.592239 -14.542968
v 5.849096 -107.981482 -14.568360
v 5.328209 -108.338232 -14.593750
v 4.785632 -108.661041 -14.619141
v 4.223574 -108.948603 -14.644531
v 3.644323 -109.199724 -14.669921
v 3.050236 -109.413395 -14.695313
v 2.443732 -109.588757 -14.720703
v 1.827281 -109.725075 -14.746094
v 1.203391 -109.821796 -14.771484
v 0.574602 -109.878559 -14.796875
v -0.056526 -109.895086 -14.822266
v -0.687423 -109.871349 -14.847656
v -1.315523 -109.807415 -14.873047
v -1.938267 -109.703560 -14.898437
v -2.553121 -109.560204 -14.923828
v -3.157581 -109.377937 -14.949219
v -3.749188 -109.157486 -14.974610
v -4.325532 -108.899755 -15.000000
v -5.312268 -108.250504 -15.000000
v -6.211501 -107.489157 -15.000000
v -7.012699 -106.623392 -15.000000
v -7.702810 -105.664711 -15.000000
v -7.372884 -106.154222 -15.000000
v -8.001363 -105.156574 -15.000000
v -8.267638 -104.631252 -15.000000
v -8.500729 -104.090233 -15.000000
v -8.699730 -103.534956 -15.000000
v -8.863686 -102.967091 -15.000000
v -8.991179 -102.390766 -15.000000
v -9.081641 -101.808615 -15.000000
v -9.134766 -101.222401 -15.000000
v -9.150251 -100.633936 -15.000000
v -9.127792 -100.044994 -15.000000
v -9.067098 -99.457493 -15.000000
v -8.968388 -98.875847 -15.000000
v -8.832144 -98.303032 -15.000000
v -8.658787 -97.740917 -15.000000
v -8.448733 -97.191381 -15.000000
v -8.202401 -96.656322 -15.000000
v -7.920302 -96.137753 -15.000000
v -7.604231 -95.639601 -15.000000
v -7.255547 -95.164270 -15.000000
v -6.875296 -94.713497 -15.000000
v -6.464741 -94.289265 -15.000000
v -6.026542 -93.894606 -15.000000
v -5.562465 -93.531294 -15.000000
v 6.195885 -107.715368 -2.050781
v 6.675285 -107.304554 -2.025391
v 14.765432 -84.328966 -0.000000
v 14.168603 -84.500532 -0.000000
v 13.592088 -84.703865 -0.000000
v 13.040066 -84.941216 -0.000000
v 12.515538 -85.213833 -0.000000
v 12.028955 -85.529051 -0.000000
v 11.597617 -85.900192 -0.000000
v 11.000003 -86.621265 -0.000000
v 10.474257 -86.202545 -0.000000
v 9.932600 -85.804625 -0.000000
v 9.375852 -85.428104 -0.000000
v 4.600453 -81.730099 -0.000000
v 4.902075 -81.234970 -0.000000
v 14.726937 -90.932817 -0.000000
v 15.065184 -91.513615 -0.000000
v 15.380547 -92.107143 -0.000000
v 15.672551 -92.712507 -0.000000
v 16.523848 -92.322140 -0.000000
v 17.073500 -92.174902 -0.000000
v 17.648666 -92.102013 -0.000000
v 18.239533 -92.083988 -0.000000
v 18.839872 -92.109652 -0.000000
v 19.447515 -92.176590 -0.000000
v 20.059679 -92.280970 -0.000000
v 17.159694 -98.214130 -0.000000
v 17.212446 -98.884172 -0.000000
v 17.239056 -99.555759 -0.000000
v 4.372860 -82.251635 -0.000000
v 4.147292 -83.160601 -0.000000
v 2.831267 -82.887955 -0.000000
v 3.491936 -83.011456 -0.000000
v 2.166289 -82.790279 -0.000000
v -3.683779 -80.953503 -0.000000
v -3.569875 -80.373440 -0.000000
v -3.740702 -81.530466 -0.000000
v -3.719471 -82.099094 -0.000000
v -3.528317 -83.015919 -0.000000
v -4.832309 -83.341274 -0.000000
v -4.183483 -83.165894 -0.000000
v -5.473810 -83.541803 -0.000000
v -11.690547 -83.853130 -0.000000
v -11.799115 -83.262119 -0.000000
v -11.869062 -82.654819 -0.000000
v -11.903522 -82.034779 -0.000000
v -11.541492 -84.425163 -0.000000
v -11.342442 -84.969692 -0.000000
v -11.076591 -85.472803 -0.000000
v -10.506575 -86.215887 -0.000000
v -11.031787 -86.635275 -0.000000
v -11.540263 -87.074804 -0.000000
v -12.031231 -87.533817 -0.000000
v -18.478075 -88.965778 -0.000000
v -18.178002 -89.509468 -0.000000
v -17.851480 -90.026274 -0.000000
v -17.497240 -90.511646 -0.000000
v -17.114747 -90.962362 -0.000000
v -16.699146 -91.366596 -0.000000
v -16.241333 -91.704540 -0.000000
v -15.405354 -92.126713 -0.000000
v -15.696588 -92.732449 -0.000000
v -15.964004 -93.349075 -0.000000
v -16.207196 -93.975649 -0.000000
v -21.394293 -98.062983 -0.000000
v -20.888040 -98.422632 -0.000000
v -20.369618 -98.746586 -0.000000
v -19.839866 -99.030199 -0.000000
v -19.299692 -99.270315 -0.000000
v -18.749859 -99.454203 -0.000000
v -18.190758 -99.560032 -0.000000
v -17.254388 -99.577684 -0.000000
v -17.253962 -100.249796 -0.000000
v -17.227352 -100.921383 -0.000000
v -17.174600 -101.591425 -0.000000
v -20.074587 -107.524586 -0.000000
v -19.462423 -107.628956 -0.000000
v -18.854778 -107.695904 -0.000000
v -18.254439 -107.721567 -0.000000
v -17.663574 -107.703533 -0.000000
v -17.088406 -107.630644 -0.000000
v -16.538754 -107.483416 -0.000000
v -3.411266 -79.793863 -0.000000
v -3.210786 -79.216347 -0.000000
v -2.972808 -78.642755 -0.000000
v 5.256379 -80.761776 -0.000000
v 5.650750 -80.308409 -0.000000
v 6.081949 -79.875078 -0.000000
v 6.545231 -79.461541 -0.000000
v 21.379387 -101.742573 -0.000000
v 20.873132 -101.382923 -0.000000
v 20.354712 -101.058960 -0.000000
v 19.824959 -100.775356 -0.000000
v 19.284786 -100.535231 -0.000000
v 18.734951 -100.351353 -0.000000
v 18.175850 -100.245514 -0.000000
v 18.463167 -110.839777 -0.000000
v 18.163093 -110.296087 -0.000000
v 17.482334 -109.293909 -0.000000
v 17.836574 -109.779272 -0.000000
v 16.226428 -108.101015 -0.000000
v 16.684240 -108.438950 -0.000000
v 17.099841 -108.843193 -0.000000
v -14.780338 -115.476589 -0.000000
v -14.183509 -115.305023 -0.000000
v -13.606995 -115.101690 -0.000000
v -13.054973 -114.864330 -0.000000
v -12.530444 -114.591722 -0.000000
v -12.043862 -114.276495 -0.000000
v -11.612524 -113.905354 -0.000000
v 11.888616 -117.770777 -0.000000
v 11.854155 -117.150736 -0.000000
v 11.784208 -116.543427 -0.000000
v 11.675642 -115.952435 -0.000000
v 11.526585 -115.380383 -0.000000
v 11.327535 -114.835863 -0.000000
v 11.061685 -114.332752 -0.000000
v -6.560138 -120.344009 -0.000000
v -6.096855 -119.930477 -0.000000
v -5.665656 -119.497147 -0.000000
v -5.271285 -119.043779 -0.000000
v -4.916982 -118.570576 -0.000000
v -4.615359 -118.075457 -0.000000
v -4.387767 -117.553921 -0.000000
v 3.293461 -109.331083 -15.000000
v 2.219303 -109.643164 -15.000000
v 1.116787 -109.832020 -15.000000
v 0.000000 -109.895248 -15.000000
v -1.116787 -109.832020 -15.000000
v -2.219303 -109.643164 -15.000000
v -3.293461 -109.331083 -15.000000
v 13.433942 -87.652111 5.000000
v 12.741764 -88.282967 5.000000
v 12.202679 -87.132511 7.500000
v 11.913636 -87.434816 7.500000
v 12.560853 -86.757908 7.500000
v 15.914915 -84.765835 8.750536
v 15.267619 -84.891882 8.750536
v 15.050249 -84.942722 8.750536
v 14.598680 -85.062599 8.750536
v 14.851406 -85.315676 8.125804
v 14.393022 -85.451136 8.125804
v 14.516602 -85.575352 7.813438
v 13.648384 -85.902157 7.813438
v 13.768537 -86.020374 7.499976
v 13.356500 -86.220245 7.499984
v 13.818485 -86.687193 6.250536
v 13.424563 -86.903095 6.250536
v 13.645992 -87.135830 5.625268
v 13.786166 -87.417021 5.000000
v 14.169101 -87.214031 5.000000
v 14.043549 -86.926708 5.625268
v 14.465338 -86.748304 5.625268
v 14.237142 -86.501579 6.250536
v 15.118620 -86.212397 6.250536
v 14.639542 -85.701046 7.499961
v 15.100186 -85.573492 7.499952
v 14.976128 -85.443821 7.813438
v 15.430626 -85.335588 7.813438
v 15.304959 -85.203543 8.125804
v 15.523170 -85.156450 8.125804
v 16.916888 -85.895090 6.250536
v 16.425846 -85.322132 7.499928
v 16.299565 -85.181036 7.813438
v 15.774591 -85.425854 7.499940
v 15.649233 -85.290365 7.813438
v 15.555602 -85.469189 7.499944
v 17.155173 -86.188087 5.625268
v 17.388389 -86.485291 5.000000
v 16.731570 -86.543865 5.000000
v 15.872214 -86.677952 5.000000
v 16.278527 -86.290092 5.625268
v 16.499456 -86.258106 5.625268
v 14.999957 -86.895323 5.000000
v 15.351692 -86.474361 5.625268
v 15.818326 -86.370754 5.625268
v 16.042118 -86.012173 6.250536
v 16.262467 -85.976381 6.250536
v 12.970212 -86.449528 7.499992
v 13.238088 -86.105585 7.813438
v 13.527637 -85.785389 8.125804
v 14.142677 -85.205898 8.750536
v 12.500055 -86.011324 8.750536
v 12.736824 -86.228228 8.125804
v 12.853794 -86.338186 7.813438
v 13.119103 -85.992336 8.125804
v 12.878215 -85.768871 8.750536
v 13.283136 -85.554943 8.750536
v 16.172537 -85.041533 8.125804
v 15.583384 -86.100750 6.250536
v 15.697393 -91.808033 7.500000
v 15.325621 -91.999655 7.500000
v 6.787459 -83.033304 5.000000
v 6.437548 -83.902016 5.000000
v 5.452684 -83.099384 7.500000
v 5.323430 -83.497162 7.500000
v 5.612853 -82.606468 7.500000
v 7.770435 -79.356413 8.750536
v 7.241930 -79.750824 8.750536
v 7.068142 -79.890938 8.750536
v 6.713307 -80.194874 8.750536
v 7.050809 -80.313234 8.125804
v 6.696595 -80.634165 8.125804
v 6.861829 -80.692463 7.813438
v 6.221391 -81.363611 7.813438
v 6.380933 -81.417980 7.499976
v 6.096424 -81.776838 7.499984
v 6.715261 -81.997099 6.250536
v 6.454027 -82.362537 6.250536
v 6.754506 -82.476149 5.625268
v 7.002801 -82.668667 5.000000
v 7.259740 -82.319632 5.000000
v 7.021956 -82.115240 5.625268
v 7.324572 -81.771498 5.625268
v 7.011923 -81.648216 6.250536
v 7.680634 -81.005211 6.250536
v 7.027136 -80.752373 7.499961
v 7.386817 -80.437584 7.499952
v 7.218782 -80.374575 7.813438
v 7.581310 -80.079861 7.813438
v 7.410797 -80.015421 8.125804
v 7.586963 -79.878311 8.125804
v 9.163144 -79.939094 6.250536
v 8.472134 -79.635935 7.499928
v 8.297137 -79.563599 7.813438
v 7.930375 -80.011940 7.499940
v 7.758645 -79.944267 7.813438
v 7.751876 -80.146008 7.499944
v 9.504957 -80.099678 5.625268
v 9.844030 -80.266266 5.000000
v 9.277674 -80.604029 5.000000
v 8.561596 -81.097698 5.000000
v 8.759384 -80.571957 5.625268
v 8.944559 -80.447273 5.625268
v 7.870035 -81.672001 5.000000
v 8.004286 -81.140108 5.625268
v 8.379756 -80.844297 5.625268
v 8.425802 -80.424128 6.250536
v 8.608801 -80.296268 6.250536
v 5.847870 -82.151012 7.499992
v 5.939990 -81.724911 7.813438
v 6.061937 -81.310787 8.125804
v 6.364638 -80.521832 8.750536
v 5.234145 -81.960201 8.750536
v 5.541579 -82.052898 8.125804
v 5.694674 -82.101212 7.813438
v 5.783648 -81.674500 8.125804
v 5.469663 -81.577692 8.750536
v 5.741664 -81.209259 8.750536
v 8.122166 -79.493027 8.125804
v 8.050934 -80.702972 6.250536
v 10.629947 -85.795584 7.500000
v 10.378134 -86.129541 7.500000
v -1.204839 -81.755695 5.000000
v -1.143178 -82.690201 5.000000
v -2.378757 -82.394381 7.500000
v -2.322623 -82.808847 7.500000
v -2.448318 -81.880779 7.500000
v -1.914551 -78.016443 8.750536
v -2.219589 -78.601103 8.750536
v -2.315373 -78.802748 8.750536
v -2.503193 -79.230547 8.750536
v -2.147762 -79.190741 8.125804
v -2.327652 -79.633584 8.125804
v -2.153490 -79.614401 7.813438
v -2.439301 -80.496969 7.813438
v -2.271969 -80.476732 7.499976
v -2.372598 -80.923500 7.499984
v -1.719478 -80.853443 6.250536
v -1.796286 -81.296034 6.250536
v -1.476270 -81.268024 5.625268
v -1.169030 -81.333752 5.000000
v -1.088977 -80.907803 5.000000
v -1.391897 -80.826817 5.625268
v -1.268392 -80.385818 5.625268
v -1.603570 -80.410395 6.250536
v -1.280072 -79.540925 6.250536
v -1.978556 -79.596663 7.499961
v -1.791077 -79.156990 7.499952
v -1.969810 -79.173126 7.813438
v -1.771053 -78.750305 7.813438
v -1.952640 -78.766227 8.125804
v -1.853411 -78.566260 8.125804
v -0.406948 -77.937140 6.250536
v -1.161065 -77.963820 7.499928
v -1.350116 -77.974577 7.813438
v -1.486026 -78.537660 7.499940
v -1.670113 -78.551192 7.813438
v -1.588681 -78.735895 7.499944
v -0.029309 -77.933526 5.625268
v 0.348462 -77.936492 5.000000
v -0.015256 -78.486543 5.000000
v -0.446226 -79.242010 5.000000
v -0.496137 -78.682518 5.625268
v -0.383395 -78.489847 5.625268
v -0.820120 -80.059490 5.000000
v -0.929944 -79.522033 5.625268
v -0.720003 -79.092607 5.625268
v -0.860824 -78.694062 6.250536
v -0.751418 -78.499475 6.250536
v -2.434190 -81.368465 7.499992
v -2.536072 -80.944586 7.813438
v -2.605881 -80.518570 8.125804
v -2.675472 -79.676409 8.750536
v -3.069929 -81.462831 8.750536
v -2.752721 -81.412954 8.125804
v -2.593822 -81.390057 7.813438
v -2.698804 -80.967007 8.125804
v -3.023698 -81.016016 8.750536
v -2.938492 -80.566044 8.750536
v -1.538378 -77.986917 8.125804
v -1.077580 -79.107947 6.250536
v 3.455634 -82.577238 7.500000
v 3.373654 -82.987385 7.500000
v -8.959980 -84.072361 5.000000
v -8.498961 -84.887562 5.000000
v -9.740534 -85.157127 7.500000
v -9.510128 -85.506191 7.500000
v -10.026045 -84.724569 7.500000
v -11.221813 -81.011333 8.750536
v -11.242968 -81.670437 8.750536
v -11.241777 -81.893673 8.750536
v -11.225383 -82.360601 8.750536
v -10.922420 -82.170525 8.125804
v -10.892354 -82.647562 8.125804
v -10.743759 -82.554722 7.813438
v -10.618336 -83.473892 7.813438
v -10.476356 -83.383055 7.499976
v -10.373175 -83.829241 7.499984
v -9.815129 -83.482742 6.250536
v -9.692298 -83.914824 6.250536
v -9.416127 -83.750744 5.625268
v -9.110797 -83.676653 5.000000
v -9.223486 -83.258152 5.000000
v -9.531544 -83.316612 5.625268
v -9.611611 -82.865705 5.625268
v -9.902931 -83.033276 6.250536
v -9.988721 -82.109547 6.250536
v -10.593847 -82.462826 7.499961
v -10.615704 -81.985350 7.499952
v -10.769732 -82.077446 7.813438
v -10.774114 -81.610260 7.813438
v -10.930809 -81.703396 8.125804
v -10.928171 -81.480169 8.125804
v -9.897917 -80.285759 6.250536
v -10.565776 -80.636997 7.499928
v -10.731437 -80.728712 7.813438
v -10.609578 -81.294994 7.499940
v -10.769560 -81.387072 7.813438
v -10.616057 -81.518145 7.499944
v -9.559246 -80.118647 5.625268
v -9.217598 -79.957414 5.000000
v -9.306639 -80.610800 5.000000
v -9.367145 -81.478443 5.000000
v -9.654868 -80.996008 5.625268
v -9.636889 -80.773506 5.625268
v -9.349316 -82.377205 5.000000
v -9.681463 -81.940613 5.625268
v -9.678634 -81.462622 5.625268
v -9.978430 -81.164646 6.250536
v -9.964287 -80.941868 6.250536
v -10.235605 -84.256859 7.499992
v -10.511310 -83.919163 7.813438
v -10.759047 -83.565626 8.125804
v -11.187148 -82.837057 8.750536
v -10.767441 -84.617710 8.750536
v -10.503286 -84.435148 8.125804
v -10.370057 -84.345579 7.813438
v -10.648201 -84.009962 8.125804
v -10.919654 -84.195089 8.750536
v -11.038119 -83.752718 8.750536
v -10.895703 -80.821514 8.125804
v -9.994141 -81.631594 6.250536
v -4.404586 -82.790432 7.500000
v -4.300496 -83.195524 7.500000
v -14.941964 -89.524412 5.000000
v -14.172896 -90.058861 5.000000
v -15.174553 -90.840435 7.500000
v -14.815512 -91.054955 7.500000
v -15.619467 -90.574589 7.500000
v -18.307934 -87.747898 8.750536
v -18.041013 -88.350925 8.750536
v -17.943084 -88.551531 8.750536
v -17.725723 -88.965092 8.750536
v -17.535235 -88.662395 8.125804
v -17.301168 -89.079142 8.125804
v -17.207572 -88.931026 7.813438
v -16.695755 -89.704752 7.813438
v -16.607249 -89.561310 7.499976
v -16.320692 -89.918537 7.499984
v -15.968250 -89.364223 6.250536
v -15.670108 -89.700222 6.250536
v -15.492482 -89.432564 5.625268
v -15.249535 -89.233341 5.000000
v -15.532646 -88.905163 5.000000
v -15.784829 -89.091511 5.625268
v -16.052608 -88.719997 5.625268
v -16.242373 -88.997364 6.250536
v -16.720457 -88.202343 6.250536
v -17.112373 -88.783197 7.499961
v -17.339236 -88.362484 7.499952
v -17.438053 -88.512287 7.813438
v -17.644705 -88.093271 7.813438
v -17.745473 -88.245163 8.125804
v -17.839949 -88.042908 8.125804
v -17.429956 -86.519766 6.250536
v -17.879282 -87.125988 7.499928
v -17.988743 -87.280502 7.813438
v -17.633250 -87.737837 7.499940
v -17.737442 -87.890205 7.813438
v -17.542267 -87.941694 7.499944
v -17.197335 -86.222258 5.625268
v -16.959476 -85.928755 5.000000
v -16.756204 -86.556072 5.000000
v -16.434262 -87.364044 5.000000
v -16.902812 -87.054234 5.625268
v -16.983154 -86.845951 5.625268
v -16.028242 -88.166065 5.000000
v -16.516926 -87.916822 5.625268
v -16.721767 -87.484941 5.625268
v -17.121160 -87.346554 6.250536
v -17.205082 -87.139692 6.250536
v -16.011209 -90.244122 7.499992
v -16.406130 -90.059490 7.813438
v -16.782728 -89.848461 8.125804
v -17.484548 -89.377785 8.750536
v -16.333805 -90.799999 8.750536
v -16.175022 -90.520897 8.125804
v -16.093849 -90.382395 7.813438
v -16.490068 -90.200701 8.125804
v -16.654317 -90.485268 8.750536
v -16.952988 -90.138102 8.750536
v -18.096476 -87.435389 8.125804
v -16.932716 -87.774067 6.250536
v -11.393901 -86.392927 7.500000
v -11.124356 -86.712742 7.500000
v -17.965984 -97.032032 5.000000
v -17.041193 -97.179871 5.000000
v -17.604544 -98.318644 7.500000
v -17.187979 -98.356142 7.500000
v -18.120739 -98.272171 7.500000
v -21.769419 -96.891890 8.750536
v -21.267295 -97.319384 8.750536
v -21.092019 -97.457638 8.750536
v -20.716743 -97.735939 8.750536
v -20.676455 -97.380562 8.125804
v -20.284750 -97.654476 8.125804
v -20.264690 -97.480421 7.813438
v -19.467852 -97.955456 7.813438
v -19.450346 -97.787809 7.499976
v -19.037174 -97.985334 7.499984
v -18.960140 -97.333002 6.250536
v -18.545736 -97.506371 6.250536
v -18.501837 -97.188139 5.625268
v -18.369391 -96.903229 5.000000
v -18.766851 -96.730404 5.000000
v -18.913209 -97.007704 5.625268
v -19.315668 -96.789169 5.625268
v -19.366289 -97.121410 6.250536
v -20.141978 -96.612549 6.250536
v -20.243061 -97.305927 7.499961
v -20.629995 -97.025309 7.499952
v -20.654030 -97.203150 7.813438
v -21.022022 -96.915293 7.813438
v -21.046906 -97.095871 8.125804
v -21.219783 -96.954632 8.125804
v -21.511257 -95.404444 6.250536
v -21.653054 -96.145582 7.499928
v -21.684632 -96.332293 7.813438
v -21.165915 -96.590099 7.499940
v -21.193681 -96.772575 7.813438
v -20.995493 -96.734285 7.499944
v -21.430755 -95.035467 5.625268
v -21.343799 -94.667826 5.000000
v -20.888476 -95.144825 5.000000
v -20.247846 -95.733089 5.000000
v -20.804420 -95.657253 5.625268
v -20.967174 -95.504465 5.625268
v -19.534056 -96.279526 5.000000
v -20.082486 -96.266994 5.625268
v -20.454428 -95.966759 5.625268
v -20.874314 -96.015368 6.250536
v -21.039674 -95.865412 6.250536
v -18.617073 -98.144398 7.499992
v -19.052992 -98.149405 7.813438
v -19.483862 -98.122663 8.125804
v -20.320394 -98.003111 8.750536
v -18.666537 -98.785191 8.750536
v -18.644574 -98.464842 8.125804
v -18.631535 -98.304834 7.813438
v -19.067351 -98.313046 8.125804
v -19.091864 -98.640690 8.750536
v -19.511585 -98.457508 8.750536
v -21.714497 -96.518574 8.125804
v -20.519037 -96.318789 6.250536
v -16.127989 -92.671223 7.500000
v -15.746377 -92.842407 7.500000
v -17.433097 -105.108242 5.000000
v -16.535747 -104.840183 5.000000
v -16.549213 -106.110611 7.500000
v -16.157631 -105.963650 7.500000
v -17.034452 -106.292715 7.500000
v -20.920682 -106.632223 8.750536
v -20.282800 -106.799517 8.750536
v -20.064900 -106.848030 8.750536
v -19.606034 -106.935940 8.750536
v -19.723928 -106.598282 8.125804
v -19.252164 -106.675129 8.125804
v -19.309614 -106.509600 7.813438
v -18.385578 -106.591854 7.813438
v -18.442543 -106.433220 7.499976
v -17.984587 -106.431904 7.499984
v -18.198217 -105.810757 6.250536
v -17.749631 -105.787144 6.250536
v -17.848152 -105.481396 5.625268
v -17.852442 -105.167227 5.000000
v -18.285528 -105.183964 5.000000
v -18.297075 -105.497303 5.625268
v -18.754498 -105.475025 5.625268
v -18.655951 -105.796337 6.250536
v -19.575609 -105.674419 6.250536
v -19.365838 -106.342993 7.499961
v -19.836209 -106.258059 7.499952
v -19.780699 -106.428709 7.813438
v -20.237145 -106.329021 7.813438
v -20.181217 -106.502514 8.125804
v -20.398254 -106.450272 8.125804
v -21.333466 -105.180073 6.250536
v -21.139648 -105.909338 7.499928
v -21.087093 -106.091251 7.813438
v -20.507886 -106.098461 7.499940
v -20.453727 -106.274929 7.813438
v -20.291781 -106.154432 7.499944
v -21.421027 -104.812708 5.625268
v -21.502197 -104.443741 5.000000
v -20.885003 -104.675941 5.000000
v -20.052574 -104.927998 5.000000
v -20.586936 -105.101156 5.625268
v -20.799863 -105.034122 5.625268
v -19.172385 -105.110607 5.000000
v -19.671938 -105.337276 5.625268
v -20.137315 -105.228157 5.625268
v -20.494525 -105.454130 6.250536
v -20.708580 -105.390768 6.250536
v -17.537073 -106.392946 7.499992
v -17.927650 -106.586590 7.813438
v -18.327452 -106.749449 8.125804
v -19.133015 -107.004690 8.750536
v -17.303606 -106.991749 8.750536
v -17.422816 -106.693592 8.125804
v -17.480494 -106.543760 7.813438
v -17.869587 -106.740255 8.125804
v -17.749507 -107.046099 8.750536
v -18.207150 -107.063160 8.750536
v -21.033170 -106.272058 8.125804
v -20.042787 -105.573359 6.250536
v -17.669208 -100.381813 7.500000
v -17.251112 -100.370464 7.500000
v -13.448849 -112.153444 5.000000
v -12.756671 -111.522579 5.000000
v -12.217586 -112.673044 7.500000
v -11.928542 -112.370739 7.500000
v -12.575760 -113.047647 7.500000
v -15.929821 -115.039711 8.750536
v -15.282526 -114.913664 8.750536
v -15.065156 -114.862833 8.750536
v -14.613587 -114.742947 8.750536
v -14.866312 -114.489880 8.125804
v -14.407928 -114.354420 8.125804
v -14.531509 -114.230213 7.813438
v -13.663290 -113.903389 7.813438
v -13.783443 -113.785191 7.499976
v -13.371406 -113.585300 7.499984
v -13.833390 -113.118353 6.250536
v -13.439471 -112.902460 6.250536
v -13.660898 -112.669725 5.625268
v -13.801072 -112.388535 5.000000
v -14.184008 -112.591524 5.000000
v -14.058455 -112.878847 5.625268
v -14.480245 -113.057241 5.625268
v -14.252049 -113.303967 6.250536
v -15.133526 -113.593159 6.250536
v -14.654448 -114.104500 7.499961
v -15.115093 -114.232054 7.499952
v -14.991034 -114.361734 7.813438
v -15.445532 -114.469967 7.813438
v -15.319866 -114.602003 8.125804
v -15.538076 -114.649105 8.125804
v -16.931795 -113.910465 6.250536
v -16.440752 -114.483423 7.499928
v -16.314471 -114.624519 7.813438
v -15.789498 -114.379702 7.499940
v -15.664139 -114.515190 7.813438
v -15.570508 -114.336367 7.499944
v -17.170080 -113.617468 5.625268
v -17.403295 -113.320265 5.000000
v -16.746476 -113.261681 5.000000
v -15.887120 -113.127604 5.000000
v -16.293433 -113.515463 5.625268
v -16.514362 -113.547449 5.625268
v -15.014864 -112.910223 5.000000
v -15.366598 -113.331194 5.625268
v -15.833232 -113.434801 5.625268
v -16.057024 -113.793392 6.250536
v -16.277373 -113.829174 6.250536
v -12.985117 -113.356037 7.499992
v -13.252995 -113.699970 7.813438
v -13.542544 -114.020166 8.125804
v -14.157584 -114.599657 8.750536
v -12.514961 -113.794231 8.750536
v -12.751729 -113.577328 8.125804
v -12.868701 -113.467369 7.813438
v -13.134010 -113.813229 8.125804
v -12.893121 -114.036674 8.750536
v -13.298042 -114.250603 8.750536
v -16.187445 -114.764013 8.125804
v -15.598291 -113.704796 6.250536
v -15.712301 -107.997522 7.500000
v -15.340528 -107.805891 7.500000
v -6.802366 -116.772251 5.000000
v -6.452456 -115.903540 5.000000
v -5.467591 -116.706171 7.500000
v -5.338336 -116.308384 7.500000
v -5.627760 -117.199078 7.500000
v -7.785341 -120.449142 8.750536
v -7.256836 -120.054722 8.750536
v -7.083049 -119.914608 8.750536
v -6.728214 -119.610672 8.750536
v -7.065716 -119.492321 8.125804
v -6.711501 -119.171391 8.125804
v -6.876736 -119.113102 7.813438
v -6.236297 -118.441944 7.813438
v -6.395839 -118.387575 7.499976
v -6.111332 -118.028708 7.499984
v -6.730168 -117.808447 6.250536
v -6.468933 -117.443018 6.250536
v -6.769412 -117.329407 5.625268
v -7.017708 -117.136879 5.000000
v -7.274647 -117.485914 5.000000
v -7.036864 -117.690315 5.625268
v -7.339479 -118.034048 5.625268
v -7.026829 -118.157330 6.250536
v -7.695540 -118.800335 6.250536
v -7.042043 -119.053183 7.499961
v -7.401724 -119.367971 7.499952
v -7.233688 -119.430981 7.813438
v -7.596217 -119.725685 7.813438
v -7.425704 -119.790134 8.125804
v -7.601870 -119.927244 8.125804
v -9.178051 -119.866467 6.250536
v -8.487040 -120.169621 7.499928
v -8.312044 -120.241957 7.813438
v -7.945281 -119.793606 7.499940
v -7.773552 -119.861279 7.813438
v -7.766782 -119.659548 7.499944
v -9.519863 -119.705868 5.625268
v -9.858936 -119.539289 5.000000
v -9.292580 -119.201527 5.000000
v -8.576503 -118.707867 5.000000
v -8.774291 -119.233608 5.625268
v -8.959465 -119.358273 5.625268
v -7.884942 -118.133554 5.000000
v -8.019192 -118.665447 5.625268
v -8.394663 -118.961258 5.625268
v -8.440708 -119.381428 6.250536
v -8.623708 -119.509277 6.250536
v -5.862776 -117.654543 7.499992
v -5.954897 -118.080645 7.813438
v -6.076843 -118.494759 8.125804
v -6.379544 -119.283714 8.750536
v -5.249051 -117.845354 8.750536
v -5.556484 -117.752657 8.125804
v -5.709581 -117.704334 7.813438
v -5.798556 -118.131046 8.125804
v -5.484570 -118.227863 8.750536
v -5.756570 -118.596296 8.750536
v -8.137072 -120.312519 8.125804
v -8.065840 -119.102573 6.250536
v -10.644854 -114.009962 7.500000
v -10.393041 -113.676014 7.500000
v 1.189932 -118.049850 5.000000
v 1.128272 -117.115345 5.000000
v 2.363851 -117.411175 7.500000
v 2.307716 -116.996708 7.500000
v 2.433411 -117.924767 7.500000
v 1.899644 -121.789112 8.750536
v 2.204682 -121.204443 8.750536
v 2.300467 -121.002808 8.750536
v 2.488287 -120.575008 8.750536
v 2.132856 -120.614805 8.125804
v 2.312745 -120.171976 8.125804
v 2.138583 -120.191145 7.813438
v 2.424394 -119.308577 7.813438
v 2.257062 -119.328823 7.499976
v 2.357691 -118.882046 7.499984
v 1.704571 -118.952112 6.250536
v 1.781379 -118.509512 6.250536
v 1.461363 -118.537531 5.625268
v 1.154123 -118.471804 5.000000
v 1.074071 -118.897762 5.000000
v 1.376990 -118.978739 5.625268
v 1.253485 -119.419737 5.625268
v 1.588663 -119.395161 6.250536
v 1.265166 -120.264635 6.250536
v 1.963650 -120.208883 7.499961
v 1.776171 -120.648565 7.499952
v 1.954903 -120.632420 7.813438
v 1.756147 -121.055241 7.813438
v 1.937733 -121.039324 8.125804
v 1.838505 -121.239290 8.125804
v 0.392042 -121.868410 6.250536
v 1.146158 -121.841726 7.499928
v 1.335209 -121.830969 7.813438
v 1.471120 -121.267891 7.499940
v 1.655206 -121.254358 7.813438
v 1.573775 -121.069660 7.499944
v 0.014402 -121.872034 5.625268
v -0.363369 -121.869068 5.000000
v 0.000349 -121.319017 5.000000
v 0.431320 -120.563545 5.000000
v 0.481230 -121.123037 5.625268
v 0.368488 -121.315708 5.625268
v 0.805213 -119.746056 5.000000
v 0.915038 -120.283527 5.625268
v 0.705097 -120.712948 5.625268
v 0.845918 -121.111488 6.250536
v 0.736512 -121.306076 6.250536
v 2.419284 -118.437090 7.499992
v 2.521165 -118.860960 7.813438
v 2.590974 -119.286976 8.125804
v 2.660565 -120.129147 8.750536
v 3.055022 -118.342724 8.750536
v 2.737814 -118.392591 8.125804
v 2.578915 -118.415489 7.813438
v 2.683897 -118.838558 8.125804
v 3.008792 -118.789539 8.750536
v 2.923585 -119.239502 8.750536
v 1.523471 -121.818638 8.125804
v 1.062673 -120.697603 6.250536
v -3.470541 -117.228308 7.500000
v -3.388561 -116.818171 7.500000
v 8.945074 -115.733204 5.000000
v 8.484055 -114.917994 5.000000
v 9.725627 -114.648428 7.500000
v 9.495221 -114.299364 7.500000
v 10.011139 -115.080976 7.500000
v 11.206906 -118.794222 8.750536
v 11.228061 -118.135109 8.750536
v 11.226871 -117.911873 8.750536
v 11.210476 -117.444954 8.750536
v 10.907513 -117.635021 8.125804
v 10.877447 -117.157993 8.125804
v 10.728853 -117.250843 7.813438
v 10.603429 -116.331663 7.813438
v 10.461448 -116.422501 7.499976
v 10.358268 -115.976315 7.499984
v 9.800223 -116.322813 6.250536
v 9.677391 -115.890722 6.250536
v 9.401221 -116.054821 5.625268
v 9.095890 -116.128902 5.000000
v 9.208579 -116.547413 5.000000
v 9.516638 -116.488934 5.625268
v 9.596704 -116.939850 5.625268
v 9.888026 -116.772280 6.250536
v 9.973814 -117.696009 6.250536
v 10.578941 -117.342720 7.499961
v 10.600797 -117.820196 7.499952
v 10.754826 -117.728109 7.813438
v 10.759208 -118.195295 7.813438
v 10.915902 -118.102160 8.125804
v 10.913265 -118.325377 8.125804
v 9.883010 -119.519787 6.250536
v 10.550870 -119.168558 7.499928
v 10.716531 -119.076834 7.813438
v 10.594671 -118.510551 7.499940
v 10.754654 -118.418484 7.813438
v 10.601150 -118.287411 7.499944
v 9.544339 -119.686909 5.625268
v 9.202692 -119.848146 5.000000
v 9.291733 -119.194756 5.000000
v 9.352238 -118.327103 5.000000
v 9.639962 -118.809538 5.625268
v 9.621981 -119.032049 5.625268
v 9.334410 -117.428350 5.000000
v 9.666556 -117.864933 5.625268
v 9.663727 -118.342924 5.625268
v 9.963523 -118.640900 6.250536
v 9.949380 -118.863688 6.250536
v 10.220698 -115.548687 7.499992
v 10.496403 -115.886393 7.813438
v 10.744140 -116.239929 8.125804
v 11.172241 -116.968498 8.750536
v 10.752534 -115.187836 8.750536
v 10.488379 -115.370398 8.125804
v 10.355150 -115.459967 7.813438
v 10.633295 -115.795584 8.125804
v 10.904748 -115.610456 8.750536
v 11.023213 -116.052837 8.750536
v 10.880797 -118.984041 8.125804
v 9.979235 -118.173962 6.250536
v 4.389680 -117.015123 7.500000
v 4.285589 -116.610031 7.500000
v 14.927057 -110.281134 5.000000
v 14.157990 -109.746695 5.000000
v 15.159647 -108.965130 7.500000
v 14.800605 -108.750591 7.500000
v 15.604560 -109.230957 7.500000
v 18.293025 -112.057657 8.750536
v 18.026108 -111.454639 8.750536
v 17.928178 -111.254025 8.750536
v 17.710817 -110.840454 8.750536
v 17.520326 -111.143160 8.125804
v 17.286263 -110.726414 8.125804
v 17.192665 -110.874529 7.813438
v 16.680849 -110.100803 7.813438
v 16.592340 -110.244246 7.499976
v 16.305786 -109.887018 7.499984
v 15.953343 -110.441322 6.250536
v 15.655202 -110.105324 6.250536
v 15.477575 -110.372982 5.625268
v 15.234628 -110.572224 5.000000
v 15.517739 -110.900383 5.000000
v 15.769923 -110.714045 5.625268
v 16.037703 -111.085567 5.625268
v 16.227467 -110.808182 6.250536
v 16.705549 -111.603212 6.250536
v 17.097467 -111.022358 7.499961
v 17.324330 -111.443071 7.499952
v 17.423147 -111.293268 7.813438
v 17.629799 -111.712284 7.813438
v 17.730567 -111.560383 8.125804
v 17.825043 -111.762648 8.125804
v 17.415050 -113.285789 6.250536
v 17.864376 -112.679558 7.499928
v 17.973837 -112.525043 7.813438
v 17.618341 -112.067709 7.499940
v 17.722534 -111.915350 7.813438
v 17.527361 -111.863861 7.499944
v 17.182426 -113.583288 5.625268
v 16.944571 -113.876801 5.000000
v 16.741298 -113.249483 5.000000
v 16.419353 -112.441502 5.000000
v 16.887906 -112.751331 5.625268
v 16.968248 -112.959604 5.625268
v 16.013336 -111.639490 5.000000
v 16.502020 -111.888733 5.625268
v 16.706861 -112.320614 5.625268
v 17.106254 -112.459002 6.250536
v 17.190174 -112.665863 6.250536
v 15.996302 -109.561434 7.499992
v 16.391224 -109.746065 7.813438
v 16.767823 -109.957104 8.125804
v 17.469641 -110.427771 8.750536
v 16.318899 -109.005556 8.750536
v 16.160116 -109.284649 8.125804
v 16.078943 -109.423161 7.813438
v 16.475160 -109.604855 8.125804
v 16.639410 -109.320278 8.750536
v 16.938080 -109.667454 8.750536
v 18.081570 -112.370167 8.125804
v 16.917810 -112.031479 6.250536
v 11.378994 -113.412619 7.500000
v 11.109450 -113.092813 7.500000
v 17.951078 -102.773514 5.000000
v 17.026285 -102.625685 5.000000
v 17.589638 -101.486912 7.500000
v 17.173071 -101.449413 7.500000
v 18.105834 -101.533375 7.500000
v 21.754513 -102.913656 8.750536
v 21.252387 -102.486172 8.750536
v 21.077113 -102.347918 8.750536
v 20.701835 -102.069607 8.750536
v 20.661550 -102.424984 8.125804
v 20.269845 -102.151070 8.125804
v 20.249784 -102.325134 7.813438
v 19.452944 -101.850100 7.813438
v 19.435440 -102.017736 7.499976
v 19.022268 -101.820221 7.499984
v 18.945233 -102.472553 6.250536
v 18.530830 -102.299175 6.250536
v 18.486931 -102.617407 5.625268
v 18.354485 -102.902317 5.000000
v 18.751943 -103.075151 5.000000
v 18.898304 -102.797842 5.625268
v 19.300760 -103.016386 5.625268
v 19.351381 -102.684145 6.250536
v 20.127072 -103.192997 6.250536
v 20.228152 -102.499628 7.499961
v 20.615089 -102.780247 7.499952
v 20.639124 -102.602406 7.813438
v 21.007116 -102.890263 7.813438
v 21.032000 -102.709684 8.125804
v 21.204877 -102.850924 8.125804
v 21.496348 -104.401112 6.250536
v 21.638148 -103.659964 7.499928
v 21.669726 -103.473263 7.813438
v 21.151009 -103.215466 7.499940
v 21.178775 -103.032970 7.813438
v 20.980587 -103.071270 7.499944
v 21.415849 -104.770088 5.625268
v 21.328893 -105.137730 5.000000
v 20.873570 -104.660730 5.000000
v 20.232940 -104.072456 5.000000
v 20.789514 -104.148302 5.625268
v 20.952268 -104.301090 5.625268
v 19.519148 -103.526030 5.000000
v 20.067577 -103.538561 5.625268
v 20.439522 -103.838787 5.625268
v 20.859406 -103.790188 6.250536
v 21.024768 -103.940144 6.250536
v 18.602167 -101.661158 7.499992
v 19.038084 -101.656151 7.813438
v 19.468954 -101.682892 8.125804
v 20.305488 -101.802444 8.750536
v 18.651631 -101.020355 8.750536
v 18.629668 -101.340714 8.125804
v 18.616629 -101.500721 7.813438
v 19.052445 -101.492510 8.125804
v 19.076955 -101.164856 8.750536
v 19.496679 -101.348057 8.750536
v 21.699591 -103.286972 8.125804
v 20.504129 -103.486767 6.250536
v 16.113083 -107.134333 7.500000
v 15.731471 -106.963139 7.500000
v 17.418191 -94.697313 5.000000
v 16.520841 -94.965372 5.000000
v 16.534307 -93.694935 7.500000
v 16.142724 -93.841896 7.500000
v 17.019546 -93.512840 7.500000
v 20.905774 -93.173323 8.750536
v 20.267892 -93.006039 8.750536
v 20.049994 -92.957516 8.750536
v 19.591128 -92.869606 8.750536
v 19.709022 -93.207264 8.125804
v 19.237258 -93.130436 8.125804
v 19.294708 -93.295956 7.813438
v 18.370670 -93.213701 7.813438
v 18.427635 -93.372335 7.499976
v 17.969679 -93.373642 7.499984
v 18.183310 -93.994808 6.250536
v 17.734725 -94.018402 6.250536
v 17.833246 -94.324169 5.625268
v 17.837534 -94.638329 5.000000
v 18.270620 -94.621592 5.000000
v 18.282169 -94.308243 5.625268
v 18.739589 -94.330521 5.625268
v 18.641043 -94.009218 6.250536
v 19.560702 -94.131126 6.250536
v 19.350932 -93.462553 7.499961
v 19.821303 -93.547497 7.499952
v 19.765793 -93.376837 7.813438
v 20.222239 -93.476524 7.813438
v 20.166309 -93.303032 8.125804
v 20.383346 -93.355274 8.125804
v 21.318557 -94.625483 6.250536
v 21.124742 -93.896208 7.499928
v 21.072185 -93.714294 7.813438
v 20.492980 -93.707094 7.499940
v 20.438821 -93.530636 7.813438
v 20.276875 -93.651114 7.499944
v 21.406121 -94.992847 5.625268
v 21.487288 -95.361805 5.000000
v 20.870097 -95.129604 5.000000
v 20.037668 -94.877548 5.000000
v 20.572028 -94.704390 5.625268
v 20.784957 -94.771433 5.625268
v 19.157479 -94.694939 5.000000
v 19.657032 -94.468269 5.625268
v 20.122406 -94.577389 5.625268
v 20.479620 -94.351416 6.250536
v 20.693674 -94.414778 6.250536
v 17.522167 -93.412609 7.499992
v 17.912744 -93.218966 7.813438
v 18.312546 -93.056107 8.125804
v 19.118109 -92.800856 8.750536
v 17.288700 -92.813816 8.750536
v 17.407907 -93.111973 8.125804
v 17.465585 -93.261786 7.813438
v 17.854681 -93.065300 8.125804
v 17.734601 -92.759457 8.750536
v 18.192244 -92.742405 8.750536
v 21.018264 -93.533497 8.125804
v 20.027881 -94.232197 6.250536
v 17.654302 -99.423742 7.500000
v 17.236207 -99.435081 7.500000
v -16.805118 -86.537886 5.000000
v -16.582377 -87.117567 5.000000
v -16.329758 -87.674246 5.000000
v -16.045370 -88.203573 5.000000
v -15.728246 -88.702450 5.000000
v -15.371960 -89.159832 5.000000
v -14.964774 -89.557314 5.000000
v -14.194533 -90.090065 5.000000
v -14.187329 -90.079660 5.000000
v -14.180117 -90.069256 5.000000
v -9.342818 -80.573196 5.000000
v -9.393648 -81.192112 5.000000
v -9.407581 -81.803265 5.000000
v -9.381024 -82.403574 5.000000
v -9.311761 -82.990637 5.000000
v -9.189206 -83.557301 5.000000
v -8.994807 -84.092102 5.000000
v -8.531994 -84.906292 5.000000
v -8.520988 -84.900036 5.000000
v -8.509976 -84.893789 5.000000
v -0.031535 -78.436956 5.000000
v -0.345869 -78.972526 5.000000
v -0.623595 -79.517121 5.000000
v -0.860129 -80.069494 5.000000
v -1.052444 -80.628481 5.000000
v -1.187894 -81.192207 5.000000
v -1.244784 -81.758385 5.000000
v -1.155808 -82.691040 5.000000
v -1.168438 -82.691889 5.000000
v -1.181066 -82.692747 5.000000
v 9.284517 -80.552301 5.000000
v 8.768938 -80.898447 5.000000
v 8.282426 -81.268597 5.000000
v 7.829650 -81.663647 5.000000
v 7.413846 -82.083836 5.000000
v 7.047220 -82.532959 5.000000
v 6.750308 -83.018389 5.000000
v 6.402310 -83.887863 5.000000
v 6.414059 -83.892574 5.000000
v 6.425806 -83.897285 5.000000
v 16.760181 -86.500225 5.000000
v 16.145474 -86.588392 5.000000
v 15.546534 -86.710806 5.000000
v 14.967194 -86.870279 5.000000
v 14.410256 -87.068443 5.000000
v 13.885069 -87.314014 5.000000
v 13.406942 -87.622547 5.000000
v 12.716154 -88.254929 5.000000
v 12.724698 -88.264265 5.000000
v 12.733234 -88.273611 5.000000
v 20.914810 -95.102711 5.000000
v 20.322723 -94.915428 5.000000
v 19.729984 -94.765844 5.000000
v 19.138825 -94.658155 5.000000
v 18.551064 -94.595051 5.000000
v 17.971332 -94.588442 5.000000
v 17.406690 -94.658957 5.000000
v 16.509931 -94.928989 5.000000
v 16.513577 -94.941120 5.000000
v 16.517214 -94.953241 5.000000
v 20.925527 -104.655895 5.000000
v 20.473332 -104.230261 5.000000
v 20.004194 -103.838320 5.000000
v 19.518301 -103.484802 5.000000
v 19.016129 -103.172922 5.000000
v 18.496679 -102.915430 5.000000
v 17.957354 -102.733974 5.000000
v 17.028280 -102.613182 5.000000
v 17.030264 -102.600689 5.000000
v 17.032238 -102.588177 5.000000
v 16.790211 -113.267660 5.000000
v 16.567471 -112.687988 5.000000
v 16.314852 -112.131300 5.000000
v 16.030462 -111.601973 5.000000
v 15.713339 -111.103096 5.000000
v 15.357053 -110.645723 5.000000
v 14.949868 -110.248241 5.000000
v 14.179626 -109.715481 5.000000
v 14.172422 -109.725895 5.000000
v 14.165210 -109.736300 5.000000
v 9.327911 -119.232359 5.000000
v 9.378742 -118.613443 5.000000
v 9.392675 -118.002281 5.000000
v 9.366118 -117.401981 5.000000
v 9.296855 -116.814909 5.000000
v 9.174299 -116.248245 5.000000
v 8.979900 -115.713453 5.000000
v 8.517088 -114.899273 5.000000
v 8.506082 -114.905519 5.000000
v 8.495070 -114.911757 5.000000
v 0.016629 -121.368589 5.000000
v 0.330962 -120.833025 5.000000
v 0.608689 -120.288429 5.000000
v 0.845222 -119.736052 5.000000
v 1.037538 -119.177074 5.000000
v 1.172987 -118.613348 5.000000
v 1.229877 -118.047171 5.000000
v 1.140902 -117.114506 5.000000
v 1.153531 -117.113667 5.000000
v 1.166160 -117.112808 5.000000
v -9.299424 -119.253254 5.000000
v -8.783845 -118.907108 5.000000
v -8.297333 -118.536949 5.000000
v -7.844557 -118.141909 5.000000
v -7.428752 -117.721720 5.000000
v -7.062126 -117.272587 5.000000
v -6.765214 -116.787167 5.000000
v -6.417217 -115.917683 5.000000
v -6.428967 -115.912981 5.000000
v -6.440712 -115.908260 5.000000
v -16.775087 -113.305321 5.000000
v -16.160380 -113.217154 5.000000
v -15.561441 -113.094740 5.000000
v -14.982101 -112.935276 5.000000
v -14.425163 -112.737103 5.000000
v -13.899976 -112.491531 5.000000
v -13.421848 -112.183008 5.000000
v -12.731061 -111.550617 5.000000
v -12.739604 -111.541281 5.000000
v -12.748141 -111.531935 5.000000
v -20.929716 -104.702854 5.000000
v -20.337629 -104.890118 5.000000
v -19.744892 -105.039701 5.000000
v -19.153732 -105.147390 5.000000
v -18.565969 -105.210505 5.000000
v -17.986240 -105.217113 5.000000
v -17.421596 -105.146589 5.000000
v -16.524839 -104.876556 5.000000
v -16.528485 -104.864435 5.000000
v -16.532120 -104.852314 5.000000
v -20.940433 -95.149660 5.000000
v -20.488238 -95.575285 5.000000
v -20.019100 -95.967236 5.000000
v -19.533209 -96.320753 5.000000
v -19.031035 -96.632633 5.000000
v -18.511585 -96.890125 5.000000
v -17.972262 -97.071581 5.000000
v -17.043186 -97.192364 5.000000
v -17.045170 -97.204876 5.000000
v -17.047145 -97.217369 5.000000
v 12.174537 -87.105656 2.500000
v 11.886160 -87.408600 2.500000
v 12.531886 -86.730270 2.500000
v 16.393709 -85.285997 2.500072
v 15.882016 -84.731312 1.250570
v 15.017736 -84.910069 1.250570
v 15.234996 -84.858761 1.250570
v 15.742686 -85.391140 2.500060
v 14.110737 -85.175219 1.250570
v 13.251956 -85.526133 1.250570
v 12.847501 -85.740938 1.250570
v 12.469869 -85.984201 1.250570
v 12.940565 -86.420984 2.500009
v 13.326347 -86.190863 2.500016
v 13.737943 -85.990076 2.500024
v 14.608244 -85.668850 2.500040
v 15.523791 -85.434961 2.500056
v 15.679536 -91.773481 2.500000
v 15.308187 -91.965923 2.500000
v 10.347790 -86.106710 2.500000
v 16.129344 -93.806362 2.500000
v 5.415682 -83.087406 2.500000
v 5.287303 -83.485470 2.500000
v 5.574764 -82.594137 2.500000
v 8.427500 -79.617310 2.500072
v 7.725812 -79.339576 1.250570
v 7.024682 -79.875627 1.250570
v 7.198164 -79.735131 1.250570
v 7.886569 -79.994516 2.500060
v 6.322548 -80.508051 1.250570
v 5.701068 -81.196823 1.250570
v 5.429868 -81.565838 1.250570
v 5.195180 -81.948862 1.250570
v 5.808778 -82.138166 2.500009
v 6.056509 -81.763449 2.500016
v 6.340226 -81.403961 2.500024
v 6.984963 -80.736933 2.500040
v 7.708365 -80.128975 2.500056
v 10.598867 -85.772209 2.500000
v 3.336410 -82.979984 2.500000
v -2.417293 -82.399645 2.500000
v -2.360247 -82.813978 2.500000
v -2.487984 -81.886196 2.500000
v -1.209357 -77.966413 2.500072
v -1.962060 -78.020639 1.250570
v -2.361174 -78.807807 1.250570
v -2.265828 -78.605957 1.250570
v -1.533054 -78.540969 2.500060
v -2.719375 -79.682245 1.250570
v -2.980463 -80.572453 1.250570
v -3.064693 -81.022606 1.250570
v -3.109953 -81.469517 1.250570
v -2.474984 -81.373844 2.500009
v -2.414372 -80.928745 2.500016
v -2.314727 -80.481768 2.500024
v -2.023252 -79.601049 2.500040
v -1.635273 -78.739424 2.500056
v 3.417487 -82.569666 2.500000
v -4.337264 -83.205013 2.500000
v -9.772970 -85.178585 2.500000
v -9.541796 -85.527143 2.500000
v -10.059433 -84.746666 2.500000
v -10.608160 -80.660286 2.500072
v -11.262798 -81.035719 1.250570
v -11.280847 -81.918106 1.250570
v -11.282521 -81.694880 1.250570
v -10.650514 -81.318378 2.500060
v -11.224170 -82.861366 1.250570
v -11.073153 -83.776703 1.250570
v -10.953729 -84.218817 1.250570
v -10.800598 -84.641113 1.250570
v -10.270022 -84.279413 2.500009
v -10.408533 -83.852100 2.500016
v -10.512695 -83.406134 2.500024
v -10.632212 -82.486172 2.500040
v -10.656501 -81.541538 2.500056
v -4.442245 -82.800159 2.500000
v -11.153365 -86.737242 2.500000
v -15.194466 -90.873842 2.500000
v -14.834952 -91.087580 2.500000
v -15.639964 -90.608988 2.500000
v -17.907366 -87.165365 2.500072
v -18.334278 -87.787657 1.250570
v -17.967685 -88.590488 1.250570
v -18.066050 -88.390102 1.250570
v -17.659985 -87.776670 2.500060
v -17.507355 -89.415751 1.250570
v -16.974146 -90.174913 1.250570
v -16.674722 -90.521431 1.250570
v -16.353528 -90.835466 1.250570
v -16.032432 -90.279369 2.500009
v -16.342633 -89.954472 2.500016
v -16.629972 -89.597874 2.500024
v -17.136810 -88.820868 2.500040
v -17.568556 -87.980328 2.500056
v -11.423613 -86.418028 2.500000
v -15.761882 -92.877073 2.500000
v -17.607988 -98.357382 2.500000
v -17.191341 -98.393965 2.500000
v -18.124285 -98.312054 2.500000
v -21.661272 -96.193247 2.500072
v -21.775904 -96.939144 1.250570
v -21.097279 -97.503414 1.250570
v -21.272852 -97.365541 1.250570
v -21.173155 -96.636677 2.500060
v -20.324471 -98.047209 1.250570
v -19.514678 -98.499851 1.250570
v -19.094559 -98.682127 1.250570
v -18.668919 -98.825703 1.250570
v -18.620899 -98.185368 2.500009
v -19.041350 -98.027229 2.500016
v -19.454956 -97.830620 2.500024
v -20.248728 -97.350483 2.500040
v -21.002417 -96.780491 2.500056
v -16.143869 -92.706728 2.500000
v -17.250040 -100.408421 2.500000
v -16.144249 -105.999193 2.500000
v -16.535509 -106.147013 2.500000
v -17.020346 -106.330175 2.500000
v -21.126375 -105.955839 2.500072
v -20.906024 -106.677608 1.250570
v -20.049775 -106.891556 1.250570
v -20.267780 -106.843510 1.250570
v -20.494199 -106.143579 2.500060
v -19.117552 -107.046194 1.250570
v -18.191563 -107.102642 1.250570
v -17.733959 -107.084599 1.250570
v -17.288176 -107.029276 1.250570
v -17.522745 -106.431522 2.500009
v -17.970169 -106.471462 2.500016
v -18.428122 -106.473789 2.500024
v -19.351614 -106.385593 2.500040
v -20.277970 -106.199074 2.500056
v -17.668111 -100.420685 2.500000
v -15.323093 -107.839632 2.500000
v -11.901067 -112.396946 2.500000
v -12.189444 -112.699890 2.500000
v -12.546793 -113.075285 2.500000
v -16.408617 -114.519558 2.500072
v -15.896924 -115.074244 1.250570
v -15.032643 -114.895487 1.250570
v -15.249903 -114.946795 1.250570
v -15.757592 -114.414406 2.500060
v -14.125644 -114.630337 1.250570
v -13.266863 -114.279423 1.250570
v -12.862408 -114.064617 1.250570
v -12.484775 -113.821354 1.250570
v -12.955471 -113.384571 2.500009
v -13.341254 -113.614693 2.500016
v -13.752849 -113.815479 2.500024
v -14.623151 -114.136715 2.500040
v -15.538697 -114.370594 2.500056
v -15.694443 -108.032074 2.500000
v -10.362697 -113.698845 2.500000
v -5.302209 -116.320086 2.500000
v -5.430588 -116.718149 2.500000
v -5.589671 -117.211409 2.500000
v -8.442405 -120.188236 2.500072
v -7.740719 -120.465975 1.250570
v -7.039588 -119.929924 1.250570
v -7.213072 -120.070419 1.250570
v -7.901476 -119.811039 2.500060
v -6.337455 -119.297504 1.250570
v -5.715975 -118.608732 1.250570
v -5.444775 -118.239708 1.250570
v -5.210087 -117.856693 1.250570
v -5.823685 -117.667379 2.500009
v -6.071416 -118.042107 2.500016
v -6.355132 -118.401585 2.500024
v -6.999869 -119.068623 2.500040
v -7.723272 -119.676580 2.500056
v -10.613774 -114.033346 2.500000
v -3.351316 -116.825581 2.500000
v 2.345340 -116.991568 2.500000
v 2.402387 -117.405910 2.500000
v 3.704564 -117.706451 -0.000000
v 2.473077 -117.919350 2.500000
v 1.194450 -121.839132 2.500072
v 1.947154 -121.784916 1.250570
v 2.957901 -121.162796 -0.000000
v 3.195880 -120.589199 -0.000000
v 2.346268 -120.997744 1.250570
v 2.250921 -121.199589 1.250570
v 1.518148 -121.264591 2.500060
v 2.704469 -120.123310 1.250570
v 3.396360 -120.011692 -0.000000
v 3.554969 -119.432116 -0.000000
v 2.965556 -119.233093 1.250570
v 3.668872 -118.852053 -0.000000
v 3.049786 -118.782940 1.250570
v 3.725795 -118.275089 -0.000000
v 3.095046 -118.336029 1.250570
v 2.460078 -118.431702 2.500009
v 2.399465 -118.876801 2.500016
v 2.299820 -119.323788 2.500024
v 2.008345 -120.204496 2.500040
v 1.620366 -121.066122 2.500056
v -3.432393 -117.235889 2.500000
v 4.322357 -116.600542 2.500000
v 9.526890 -114.278412 2.500000
v 9.758064 -114.626970 2.500000
v 10.044527 -115.058880 2.500000
v 10.593255 -119.145269 2.500072
v 11.247891 -118.769827 1.250570
v 11.265939 -117.887440 1.250570
v 11.267616 -118.110676 1.250570
v 10.635607 -118.487167 2.500060
v 11.209263 -116.944180 1.250570
v 11.058247 -116.028843 1.250570
v 10.938823 -115.586739 1.250570
v 10.785692 -115.164442 1.250570
v 10.255115 -115.526142 2.500009
v 10.393627 -115.953465 2.500016
v 10.497788 -116.399412 2.500024
v 10.617306 -117.319374 2.500040
v 10.641594 -118.264008 2.500056
v 4.427339 -117.005405 2.500000
v 11.138458 -113.068304 2.500000
v 14.820046 -108.717976 2.500000
v 15.179560 -108.931713 2.500000
v 15.625058 -109.196568 2.500000
v 17.892458 -112.640190 2.500072
v 18.319371 -112.017899 1.250570
v 17.952778 -111.215057 1.250570
v 18.051144 -111.415462 1.250570
v 17.645079 -112.028885 2.500060
v 17.492449 -110.389805 1.250570
v 16.959238 -109.630642 1.250570
v 16.659815 -109.284124 1.250570
v 16.338621 -108.970089 1.250570
v 16.017526 -109.526176 2.500009
v 16.327727 -109.851084 2.500016
v 16.615067 -110.207682 2.500024
v 17.121904 -110.984678 2.500040
v 17.553648 -111.825228 2.500056
v 11.408707 -113.387518 2.500000
v 15.746975 -106.928482 2.500000
v 17.593082 -101.448164 2.500000
v 17.176434 -101.411581 2.500000
v 18.109379 -101.493502 2.500000
v 21.646366 -103.612309 2.500072
v 21.760998 -102.866411 1.250570
v 21.082373 -102.302141 1.250570
v 21.257944 -102.440014 1.250570
v 21.158249 -103.168879 2.500060
v 20.309565 -101.758337 1.250570
v 19.499769 -101.305714 1.250570
v 19.079651 -101.123419 1.250570
v 18.654013 -100.979853 1.250570
v 18.605993 -101.620188 2.500009
v 19.026442 -101.778316 2.500016
v 19.440048 -101.974926 2.500024
v 20.233822 -102.455082 2.500040
v 20.987511 -103.025055 2.500056
v 16.128963 -107.098827 2.500000
v 17.235134 -99.397125 2.500000
v 16.520602 -93.658543 2.500000
v 17.005438 -93.475370 2.500000
v 21.111467 -93.849707 2.500072
v 20.891116 -93.127937 1.250570
v 20.034869 -92.913990 1.250570
v 20.252874 -92.962036 1.250570
v 20.479293 -93.661976 2.500060
v 19.102646 -92.759352 1.250570
v 18.176657 -92.702904 1.250570
v 17.719052 -92.720957 1.250570
v 17.273270 -92.776279 1.250570
v 17.507837 -93.374043 2.500009
v 17.955263 -93.334084 2.500016
v 18.413216 -93.331776 2.500024
v 19.336706 -93.419962 2.500040
v 20.263064 -93.606482 2.500056
v 17.653204 -99.384861 2.500000
usemtl 156,156,156
f 1 2 3
f 3 2 4
f 3 4 5
f 5 4 6
f 6 4 7
f 7 4 8
f 8 4 9
f 5 10 3
f 3 10 11
f 11 10 12
f 12 10 13
f 13 10 14
f 13 14 15
f 15 14 16
f 15 16 17
f 3 18 1
f 1 18 19
f 19 18 20
f 21 22 23
f 23 22 24
f 23 24 25
f 25 24 26
f 26 24 27
f 27 24 28
f 28 24 29
f 25 30 23
f 23 30 31
f 31 30 32
f 32 30 33
f 33 30 34
f 33 34 35
f 35 34 36
f 35 36 37
f 23 38 21
f 21 38 39
f 39 38 40
f 41 42 43
f 43 42 44
f 43 44 45
f 45 44 46
f 46 44 47
f 47 44 48
f 48 44 49
f 45 50 43
f 43 50 51
f 51 50 52
f 52 50 53
f 53 50 54
f 53 54 55
f 55 54 56
f 55 56 57
f 43 58 41
f 41 58 59
f 59 58 60
f 61 62 63
f 63 62 64
f 63 64 65
f 65 64 66
f 66 64 67
f 67 64 68
f 68 64 69
f 65 70 63
f 63 70 71
f 71 70 72
f 72 70 73
f 73 70 74
f 73 74 75
f 75 74 76
f 75 76 77
f 63 78 61
f 61 78 79
f 79 78 80
f 81 82 83
f 83 82 84
f 83 84 85
f 85 84 86
f 86 84 87
f 87 84 88
f 88 84 89
f 85 90 83
f 83 90 91
f 91 90 92
f 92 90 93
f 93 90 94
f 93 94 95
f 95 94 96
f 95 96 97
f 83 98 81
f 81 98 99
f 99 98 100
f 101 102 103
f 103 102 104
f 103 104 105
f 105 104 106
f 106 104 107
f 107 104 108
f 108 104 109
f 105 110 103
f 103 110 111
f 111 110 112
f 112 110 113
f 113 110 114
f 113 114 115
f 115 114 116
f 115 116 117
f 103 118 101
f 101 118 119
f 119 118 120
f 121 122 123
f 123 122 124
f 123 124 125
f 125 124 126
f 126 124 127
f 127 124 128
f 128 124 129
f 125 130 123
f 123 130 131
f 131 130 132
f 132 130 133
f 133 130 134
f 133 134 135
f 135 134 136
f 135 136 137
f 123 138 121
f 121 138 139
f 139 138 140
f 141 142 143
f 143 142 144
f 143 144 145
f 145 144 146
f 146 144 147
f 147 144 148
f 148 144 149
f 145 150 143
f 143 150 151
f 151 150 152
f 152 150 153
f 153 150 154
f 153 154 155
f 155 154 156
f 155 156 157
f 143 158 141
f 141 158 159
f 159 158 160
f 161 162 163
f 163 162 164
f 163 164 165
f 165 164 166
f 166 164 167
f 167 164 168
f 168 164 169
f 165 170 163
f 163 170 171
f 171 170 172
f 172 170 173
f 173 170 174
f 173 174 175
f 175 174 176
f 175 176 177
f 163 178 161
f 161 178 179
f 179 178 180
f 181 182 183
f 183 182 184
f 183 184 185
f 185 184 186
f 186 184 187
f 187 184 188
f 188 184 189
f 185 190 183
f 183 190 191
f 191 190 192
f 192 190 193
f 193 190 194
f 193 194 195
f 195 194 196
f 195 196 197
f 183 198 181
f 181 198 199
f 199 198 200
f 201 202 203
f 203 202 204
f 203 204 205
f 205 204 206
f 206 204 207
f 207 204 208
f 208 204 209
f 205 210 203
f 203 210 211
f 211 210 212
f 212 210 213
f 213 210 214
f 213 214 215
f 215 214 216
f 215 216 217
f 203 218 201
f 201 218 219
f 219 218 220
f 221 222 223
f 223 222 224
f 223 224 225
f 225 224 226
f 226 224 227
f 227 224 228
f 228 224 229
f 225 230 223
f 223 230 231
f 231 230 232
f 232 230 233
f 233 230 234
f 233 234 235
f 235 234 236
f 235 236 237
f 223 238 221
f 221 238 239
f 239 238 240
f 241 242 243
f 243 242 244
f 243 244 245
f 245 244 246
f 246 244 247
f 247 244 248
f 248 244 249
f 245 250 243
f 243 250 251
f 251 250 252
f 252 250 253
f 253 250 254
f 253 254 255
f 255 254 256
f 255 256 257
f 243 258 241
f 241 258 259
f 259 258 260
f 261 262 263
f 263 262 264
f 263 264 265
f 265 264 266
f 266 264 267
f 267 264 268
f 268 264 269
f 265 270 263
f 263 270 271
f 271 270 272
f 272 270 273
f 273 270 274
f 273 274 275
f 275 274 276
f 275 276 277
f 263 278 261
f 261 278 279
f 279 278 280
f 281 270 282
f 282 270 265
f 282 265 266
f 266 283 282
f 282 283 284
f 282 284 281
f 281 284 285
f 285 284 286
f 285 286 287
f 287 286 288
f 287 288 289
f 283 288 284
f 284 288 286
f 287 289 290
f 290 289 291
f 290 291 292
f 292 291 293
f 292 293 294
f 294 293 295
f 294 295 296
f 296 295 297
f 298 299 296
f 296 299 294
f 299 300 294
f 294 300 292
f 300 301 292
f 292 301 290
f 301 302 290
f 290 302 287
f 302 285 287
f 266 267 283
f 283 267 268
f 283 268 269
f 269 303 283
f 283 303 288
f 288 303 304
f 288 304 289
f 289 304 305
f 289 305 291
f 291 305 306
f 291 306 293
f 293 306 307
f 293 307 295
f 295 307 308
f 295 308 297
f 297 308 309
f 297 309 310
f 310 309 311
f 311 309 312
f 312 309 313
f 264 314 269
f 269 314 315
f 269 315 303
f 303 315 316
f 303 316 304
f 304 316 317
f 304 317 305
f 305 317 318
f 305 318 306
f 306 318 319
f 306 319 307
f 307 319 320
f 307 320 308
f 308 320 321
f 308 321 322
f 322 321 323
f 322 323 324
f 324 323 325
f 324 325 326
f 326 325 327
f 326 327 328
f 328 327 329
f 328 329 330
f 330 329 331
f 330 331 332
f 332 331 333
f 332 333 334
f 334 333 335
f 334 335 336
f 336 335 264
f 336 264 337
f 337 264 338
f 337 338 339
f 339 338 340
f 339 340 341
f 341 340 342
f 341 342 343
f 343 342 344
f 343 344 345
f 345 344 346
f 345 346 347
f 264 262 338
f 338 262 348
f 338 348 340
f 340 348 349
f 340 349 342
f 342 349 350
f 342 350 344
f 344 350 346
f 351 352 262
f 262 352 353
f 262 353 348
f 348 353 349
f 352 351 354
f 354 351 355
f 354 355 350
f 350 355 346
f 347 356 345
f 345 356 357
f 345 357 358
f 358 357 359
f 358 359 360
f 360 359 361
f 360 361 362
f 362 361 363
f 362 363 364
f 364 363 365
f 364 365 328
f 328 365 326
f 356 366 357
f 357 366 367
f 357 367 359
f 359 367 368
f 359 368 361
f 361 368 369
f 361 369 363
f 363 369 370
f 363 370 365
f 365 370 371
f 365 371 326
f 326 371 324
f 366 372 367
f 367 372 368
f 322 370 372
f 372 370 369
f 372 369 368
f 322 309 308
f 370 322 371
f 371 322 324
f 264 335 373
f 373 335 333
f 373 333 374
f 374 333 331
f 374 331 375
f 375 331 329
f 375 329 376
f 376 329 327
f 376 327 377
f 377 327 325
f 377 325 378
f 378 325 323
f 378 323 321
f 264 373 314
f 314 373 374
f 314 374 315
f 315 374 375
f 315 375 316
f 316 375 376
f 316 376 317
f 317 376 377
f 317 377 318
f 318 377 378
f 318 378 319
f 319 378 321
f 319 321 320
f 334 336 379
f 379 336 337
f 379 337 339
f 332 334 380
f 380 334 379
f 380 379 381
f 381 379 339
f 381 339 341
f 364 328 330
f 330 332 382
f 382 332 380
f 382 380 383
f 383 380 381
f 383 381 384
f 384 381 341
f 384 341 343
f 343 345 358
f 353 352 354
f 353 354 349
f 349 354 350
f 384 343 358
f 384 358 360
f 383 384 360
f 383 360 362
f 382 383 362
f 382 362 364
f 330 382 364
f 385 250 386
f 386 250 245
f 386 245 246
f 246 387 386
f 386 387 388
f 386 388 385
f 385 388 389
f 389 388 390
f 389 390 391
f 391 390 392
f 391 392 393
f 387 392 388
f 388 392 390
f 391 393 394
f 394 393 395
f 394 395 396
f 396 395 397
f 396 397 398
f 398 397 399
f 398 399 400
f 400 399 401
f 402 403 400
f 400 403 398
f 403 404 398
f 398 404 396
f 404 405 396
f 396 405 394
f 405 406 394
f 394 406 391
f 406 389 391
f 246 247 387
f 387 247 248
f 387 248 249
f 249 407 387
f 387 407 392
f 392 407 408
f 392 408 393
f 393 408 409
f 393 409 395
f 395 409 410
f 395 410 411
f 395 411 397
f 397 411 412
f 397 412 399
f 399 412 413
f 399 413 401
f 401 413 414
f 401 414 415
f 415 416 401
f 401 416 417
f 244 418 249
f 249 418 419
f 249 419 407
f 407 419 420
f 407 420 408
f 408 420 421
f 408 421 409
f 409 421 422
f 409 422 410
f 410 422 423
f 410 423 411
f 411 423 424
f 411 424 412
f 412 424 425
f 412 425 426
f 426 425 427
f 426 427 428
f 428 427 429
f 428 429 430
f 430 429 431
f 430 431 432
f 432 431 433
f 432 433 434
f 434 433 435
f 434 435 436
f 436 435 437
f 436 437 438
f 438 437 439
f 438 439 440
f 440 439 244
f 440 244 441
f 441 244 442
f 441 442 443
f 443 442 444
f 443 444 445
f 445 444 446
f 445 446 447
f 447 446 448
f 447 448 449
f 449 448 450
f 449 450 451
f 244 242 442
f 442 242 452
f 442 452 444
f 444 452 453
f 444 453 446
f 446 453 454
f 446 454 448
f 448 454 450
f 455 456 242
f 242 456 457
f 242 457 452
f 452 457 453
f 456 455 458
f 458 455 459
f 458 459 454
f 454 459 450
f 451 460 449
f 449 460 461
f 449 461 462
f 462 461 463
f 462 463 464
f 464 463 465
f 464 465 466
f 466 465 467
f 466 467 468
f 468 467 469
f 468 469 432
f 432 469 430
f 460 470 461
f 461 470 471
f 461 471 463
f 463 471 472
f 463 472 465
f 465 472 473
f 465 473 467
f 467 473 474
f 467 474 469
f 469 474 475
f 469 475 430
f 430 475 428
f 470 476 471
f 471 476 472
f 426 474 476
f 476 474 473
f 476 473 472
f 426 413 412
f 474 426 475
f 475 426 428
f 244 439 477
f 477 439 437
f 477 437 478
f 478 437 435
f 478 435 479
f 479 435 433
f 479 433 480
f 480 433 431
f 480 431 481
f 481 431 429
f 481 429 482
f 482 429 427
f 482 427 425
f 244 477 418
f 418 477 478
f 418 478 419
f 419 478 479
f 419 479 420
f 420 479 480
f 420 480 421
f 421 480 481
f 421 481 422
f 422 481 482
f 422 482 423
f 423 482 425
f 423 425 424
f 438 440 483
f 483 440 441
f 483 441 443
f 436 438 484
f 484 438 483
f 484 483 485
f 485 483 443
f 485 443 445
f 468 432 434
f 434 436 486
f 486 436 484
f 486 484 487
f 487 484 485
f 487 485 488
f 488 485 445
f 488 445 447
f 447 449 462
f 457 456 458
f 457 458 453
f 453 458 454
f 488 447 462
f 488 462 464
f 487 488 464
f 487 464 466
f 486 487 466
f 486 466 468
f 434 486 468
f 489 230 490
f 490 230 225
f 490 225 226
f 226 491 490
f 490 491 492
f 490 492 489
f 489 492 493
f 493 492 494
f 493 494 495
f 495 494 496
f 495 496 497
f 491 496 492
f 492 496 494
f 495 497 498
f 498 497 499
f 498 499 500
f 500 499 501
f 500 501 502
f 502 501 503
f 502 503 504
f 504 503 505
f 506 507 504
f 504 507 502
f 507 508 502
f 502 508 500
f 508 509 500
f 500 509 498
f 509 510 498
f 498 510 495
f 510 493 495
f 226 227 491
f 491 227 228
f 491 228 229
f 229 511 491
f 491 511 496
f 496 511 512
f 496 512 497
f 497 512 513
f 497 513 514
f 497 514 499
f 499 514 515
f 499 515 501
f 501 515 516
f 501 516 503
f 503 516 517
f 503 517 505
f 505 517 518
f 505 518 519
f 519 520 505
f 505 520 521
f 224 522 229
f 229 522 523
f 229 523 511
f 511 523 524
f 511 524 512
f 512 524 525
f 512 525 513
f 513 525 526
f 513 526 514
f 514 526 527
f 514 527 515
f 515 527 528
f 515 528 516
f 516 528 529
f 516 529 530
f 530 529 531
f 530 531 532
f 532 531 533
f 532 533 534
f 534 533 535
f 534 535 536
f 536 535 537
f 536 537 538
f 538 537 539
f 538 539 540
f 540 539 541
f 540 541 542
f 542 541 543
f 542 543 544
f 544 543 224
f 544 224 545
f 545 224 546
f 545 546 547
f 547 546 548
f 547 548 549
f 549 548 550
f 549 550 551
f 551 550 552
f 551 552 553
f 553 552 554
f 553 554 555
f 224 222 546
f 546 222 556
f 546 556 548
f 548 556 557
f 548 557 550
f 550 557 558
f 550 558 552
f 552 558 554
f 559 560 222
f 222 560 561
f 222 561 556
f 556 561 557
f 560 559 562
f 562 559 563
f 562 563 558
f 558 563 554
f 555 564 553
f 553 564 565
f 553 565 566
f 566 565 567
f 566 567 568
f 568 567 569
f 568 569 570
f 570 569 571
f 570 571 572
f 572 571 573
f 572 573 536
f 536 573 534
f 564 574 565
f 565 574 575
f 565 575 567
f 567 575 576
f 567 576 569
f 569 576 577
f 569 577 571
f 571 577 578
f 571 578 573
f 573 578 579
f 573 579 534
f 534 579 532
f 574 580 575
f 575 580 576
f 530 578 580
f 580 578 577
f 580 577 576
f 530 517 516
f 578 530 579
f 579 530 532
f 224 543 581
f 581 543 541
f 581 541 582
f 582 541 539
f 582 539 583
f 583 539 537
f 583 537 584
f 584 537 535
f 584 535 585
f 585 535 533
f 585 533 586
f 586 533 531
f 586 531 529
f 224 581 522
f 522 581 582
f 522 582 523
f 523 582 583
f 523 583 524
f 524 583 584
f 524 584 525
f 525 584 585
f 525 585 526
f 526 585 586
f 526 586 527
f 527 586 529
f 527 529 528
f 542 544 587
f 587 544 545
f 587 545 547
f 540 542 588
f 588 542 587
f 588 587 589
f 589 587 547
f 589 547 549
f 572 536 538
f 538 540 590
f 590 540 588
f 590 588 591
f 591 588 589
f 591 589 592
f 592 589 549
f 592 549 551
f 551 553 566
f 561 560 562
f 561 562 557
f 557 562 558
f 592 551 566
f 592 566 568
f 591 592 568
f 591 568 570
f 590 591 570
f 590 570 572
f 538 590 572
f 593 210 594
f 594 210 205
f 594 205 206
f 206 595 594
f 594 595 596
f 594 596 593
f 593 596 597
f 597 596 598
f 597 598 599
f 599 598 600
f 599 600 601
f 595 600 596
f 596 600 598
f 599 601 602
f 602 601 603
f 602 603 604
f 604 603 605
f 604 605 606
f 606 605 607
f 606 607 608
f 608 607 609
f 610 611 608
f 608 611 606
f 611 612 606
f 606 612 604
f 612 613 604
f 604 613 602
f 613 614 602
f 602 614 599
f 614 597 599
f 206 207 595
f 595 207 208
f 595 208 209
f 209 615 595
f 595 615 600
f 600 615 616
f 600 616 601
f 601 616 617
f 601 617 603
f 603 617 618
f 603 618 605
f 605 618 619
f 605 619 607
f 607 619 620
f 607 620 609
f 609 620 621
f 609 621 622
f 622 623 609
f 609 623 624
f 609 624 625
f 204 626 209
f 209 626 627
f 209 627 615
f 615 627 628
f 615 628 616
f 616 628 629
f 616 629 617
f 617 629 630
f 617 630 618
f 618 630 631
f 618 631 619
f 619 631 632
f 619 632 620
f 620 632 633
f 620 633 634
f 634 633 635
f 634 635 636
f 636 635 637
f 636 637 638
f 638 637 639
f 638 639 640
f 640 639 641
f 640 641 642
f 642 641 643
f 642 643 644
f 644 643 645
f 644 645 646
f 646 645 647
f 646 647 648
f 648 647 204
f 648 204 649
f 649 204 650
f 649 650 651
f 651 650 652
f 651 652 653
f 653 652 654
f 653 654 655
f 655 654 656
f 655 656 657
f 657 656 658
f 657 658 659
f 204 202 650
f 650 202 660
f 650 660 652
f 652 660 661
f 652 661 654
f 654 661 662
f 654 662 656
f 656 662 658
f 663 664 202
f 202 664 665
f 202 665 660
f 660 665 661
f 664 663 666
f 666 663 667
f 666 667 662
f 662 667 658
f 659 668 657
f 657 668 669
f 657 669 670
f 670 669 671
f 670 671 672
f 672 671 673
f 672 673 674
f 674 673 675
f 674 675 676
f 676 675 677
f 676 677 640
f 640 677 638
f 668 678 669
f 669 678 679
f 669 679 671
f 671 679 680
f 671 680 673
f 673 680 681
f 673 681 675
f 675 681 682
f 675 682 677
f 677 682 683
f 677 683 638
f 638 683 636
f 678 684 679
f 679 684 680
f 634 682 684
f 684 682 681
f 684 681 680
f 634 621 620
f 682 634 683
f 683 634 636
f 204 647 685
f 685 647 645
f 685 645 686
f 686 645 643
f 686 643 687
f 687 643 641
f 687 641 688
f 688 641 639
f 688 639 689
f 689 639 637
f 689 637 690
f 690 637 635
f 690 635 633
f 204 685 626
f 626 685 686
f 626 686 627
f 627 686 687
f 627 687 628
f 628 687 688
f 628 688 629
f 629 688 689
f 629 689 630
f 630 689 690
f 630 690 631
f 631 690 633
f 631 633 632
f 646 648 691
f 691 648 649
f 691 649 651
f 644 646 692
f 692 646 691
f 692 691 693
f 693 691 651
f 693 651 653
f 676 640 642
f 642 644 694
f 694 644 692
f 694 692 695
f 695 692 693
f 695 693 696
f 696 693 653
f 696 653 655
f 655 657 670
f 665 664 666
f 665 666 661
f 661 666 662
f 696 655 670
f 696 670 672
f 695 696 672
f 695 672 674
f 694 695 674
f 694 674 676
f 642 694 676
f 697 190 698
f 698 190 185
f 698 185 186
f 186 699 698
f 698 699 700
f 698 700 697
f 697 700 701
f 701 700 702
f 701 702 703
f 703 702 704
f 703 704 705
f 699 704 700
f 700 704 702
f 703 705 706
f 706 705 707
f 706 707 708
f 708 707 709
f 708 709 710
f 710 709 711
f 710 711 712
f 712 711 713
f 714 715 712
f 712 715 710
f 715 716 710
f 710 716 708
f 716 717 708
f 708 717 706
f 717 718 706
f 706 718 703
f 718 701 703
f 186 187 699
f 699 187 188
f 699 188 189
f 189 719 699
f 699 719 704
f 704 719 720
f 704 720 705
f 705 720 721
f 705 721 707
f 707 721 722
f 707 722 709
f 709 722 723
f 709 723 711
f 711 723 724
f 711 724 713
f 713 724 725
f 713 725 726
f 726 725 727
f 727 725 728
f 726 729 713
f 184 730 189
f 189 730 731
f 189 731 719
f 719 731 732
f 719 732 720
f 720 732 733
f 720 733 721
f 721 733 734
f 721 734 722
f 722 734 735
f 722 735 723
f 723 735 736
f 723 736 724
f 724 736 737
f 724 737 738
f 738 737 739
f 738 739 740
f 740 739 741
f 740 741 742
f 742 741 743
f 742 743 744
f 744 743 745
f 744 745 746
f 746 745 747
f 746 747 748
f 748 747 749
f 748 749 750
f 750 749 751
f 750 751 752
f 752 751 184
f 752 184 753
f 753 184 754
f 753 754 755
f 755 754 756
f 755 756 757
f 757 756 758
f 757 758 759
f 759 758 760
f 759 760 761
f 761 760 762
f 761 762 763
f 184 182 754
f 754 182 764
f 754 764 756
f 756 764 765
f 756 765 758
f 758 765 766
f 758 766 760
f 760 766 762
f 767 768 182
f 182 768 769
f 182 769 764
f 764 769 765
f 768 767 770
f 770 767 771
f 770 771 766
f 766 771 762
f 763 772 761
f 761 772 773
f 761 773 774
f 774 773 775
f 774 775 776
f 776 775 777
f 776 777 778
f 778 777 779
f 778 779 780
f 780 779 781
f 780 781 744
f 744 781 742
f 772 782 773
f 773 782 783
f 773 783 775
f 775 783 784
f 775 784 777
f 777 784 785
f 777 785 779
f 779 785 786
f 779 786 781
f 781 786 787
f 781 787 742
f 742 787 740
f 782 788 783
f 783 788 784
f 738 786 788
f 788 786 785
f 788 785 784
f 738 725 724
f 786 738 787
f 787 738 740
f 184 751 789
f 789 751 749
f 789 749 790
f 790 749 747
f 790 747 791
f 791 747 745
f 791 745 792
f 792 745 743
f 792 743 793
f 793 743 741
f 793 741 794
f 794 741 739
f 794 739 737
f 184 789 730
f 730 789 790
f 730 790 731
f 731 790 791
f 731 791 732
f 732 791 792
f 732 792 733
f 733 792 793
f 733 793 734
f 734 793 794
f 734 794 735
f 735 794 737
f 735 737 736
f 750 752 795
f 795 752 753
f 795 753 755
f 748 750 796
f 796 750 795
f 796 795 797
f 797 795 755
f 797 755 757
f 780 744 746
f 746 748 798
f 798 748 796
f 798 796 799
f 799 796 797
f 799 797 800
f 800 797 757
f 800 757 759
f 759 761 774
f 769 768 770
f 769 770 765
f 765 770 766
f 800 759 774
f 800 774 776
f 799 800 776
f 799 776 778
f 798 799 778
f 798 778 780
f 746 798 780
f 801 170 802
f 802 170 165
f 802 165 166
f 166 803 802
f 802 803 804
f 802 804 801
f 801 804 805
f 805 804 806
f 805 806 807
f 807 806 808
f 807 808 809
f 803 808 804
f 804 808 806
f 807 809 810
f 810 809 811
f 810 811 812
f 812 811 813
f 812 813 814
f 814 813 815
f 814 815 816
f 816 815 817
f 818 819 816
f 816 819 814
f 819 820 814
f 814 820 812
f 820 821 812
f 812 821 810
f 821 822 810
f 810 822 807
f 822 805 807
f 166 167 803
f 803 167 168
f 803 168 169
f 169 823 803
f 803 823 824
f 803 824 808
f 808 824 825
f 808 825 809
f 809 825 826
f 809 826 811
f 811 826 827
f 811 827 813
f 813 827 828
f 813 828 815
f 815 828 829
f 815 829 817
f 817 829 830
f 817 830 831
f 831 832 817
f 817 832 833
f 164 834 169
f 169 834 835
f 169 835 823
f 823 835 836
f 823 836 824
f 824 836 837
f 824 837 825
f 825 837 838
f 825 838 826
f 826 838 839
f 826 839 827
f 827 839 840
f 827 840 828
f 828 840 841
f 828 841 842
f 842 841 843
f 842 843 844
f 844 843 845
f 844 845 846
f 846 845 847
f 846 847 848
f 848 847 849
f 848 849 850
f 850 849 851
f 850 851 852
f 852 851 853
f 852 853 854
f 854 853 855
f 854 855 856
f 856 855 164
f 856 164 857
f 857 164 858
f 857 858 859
f 859 858 860
f 859 860 861
f 861 860 862
f 861 862 863
f 863 862 864
f 863 864 865
f 865 864 866
f 865 866 867
f 164 162 858
f 858 162 868
f 858 868 860
f 860 868 869
f 860 869 862
f 862 869 870
f 862 870 864
f 864 870 866
f 871 872 162
f 162 872 873
f 162 873 868
f 868 873 869
f 872 871 874
f 874 871 875
f 874 875 870
f 870 875 866
f 867 876 865
f 865 876 877
f 865 877 878
f 878 877 879
f 878 879 880
f 880 879 881
f 880 881 882
f 882 881 883
f 882 883 884
f 884 883 885
f 884 885 848
f 848 885 846
f 876 886 877
f 877 886 887
f 877 887 879
f 879 887 888
f 879 888 881
f 881 888 889
f 881 889 883
f 883 889 890
f 883 890 885
f 885 890 891
f 885 891 846
f 846 891 844
f 886 892 887
f 887 892 888
f 842 890 892
f 892 890 889
f 892 889 888
f 842 829 828
f 890 842 891
f 891 842 844
f 164 855 893
f 893 855 853
f 893 853 894
f 894 853 851
f 894 851 895
f 895 851 849
f 895 849 896
f 896 849 847
f 896 847 897
f 897 847 845
f 897 845 898
f 898 845 843
f 898 843 841
f 164 893 834
f 834 893 894
f 834 894 835
f 835 894 895
f 835 895 836
f 836 895 896
f 836 896 837
f 837 896 897
f 837 897 838
f 838 897 898
f 838 898 839
f 839 898 841
f 839 841 840
f 854 856 899
f 899 856 857
f 899 857 859
f 852 854 900
f 900 854 899
f 900 899 901
f 901 899 859
f 901 859 861
f 884 848 850
f 850 852 902
f 902 852 900
f 902 900 903
f 903 900 901
f 903 901 904
f 904 901 861
f 904 861 863
f 863 865 878
f 873 872 874
f 873 874 869
f 869 874 870
f 904 863 878
f 904 878 880
f 903 904 880
f 903 880 882
f 902 903 882
f 902 882 884
f 850 902 884
f 905 150 906
f 906 150 145
f 906 145 146
f 146 907 906
f 906 907 908
f 906 908 905
f 905 908 909
f 909 908 910
f 909 910 911
f 911 910 912
f 911 912 913
f 907 912 908
f 908 912 910
f 911 913 914
f 914 913 915
f 914 915 916
f 916 915 917
f 916 917 918
f 918 917 919
f 918 919 920
f 920 919 921
f 922 923 920
f 920 923 918
f 923 924 918
f 918 924 916
f 924 925 916
f 916 925 914
f 925 926 914
f 914 926 911
f 926 909 911
f 146 147 907
f 907 147 148
f 907 148 149
f 149 927 907
f 907 927 912
f 912 927 928
f 912 928 913
f 913 928 929
f 913 929 915
f 915 929 930
f 915 930 917
f 917 930 931
f 917 931 919
f 919 931 932
f 919 932 933
f 919 933 921
f 921 933 934
f 921 934 935
f 935 936 921
f 921 936 937
f 144 938 149
f 149 938 939
f 149 939 927
f 927 939 940
f 927 940 928
f 928 940 941
f 928 941 929
f 929 941 942
f 929 942 930
f 930 942 943
f 930 943 931
f 931 943 944
f 931 944 932
f 932 944 945
f 932 945 946
f 946 945 947
f 946 947 948
f 948 947 949
f 948 949 950
f 950 949 951
f 950 951 952
f 952 951 953
f 952 953 954
f 954 953 955
f 954 955 956
f 956 955 957
f 956 957 958
f 958 957 959
f 958 959 960
f 960 959 144
f 960 144 961
f 961 144 962
f 961 962 963
f 963 962 964
f 963 964 965
f 965 964 966
f 965 966 967
f 967 966 968
f 967 968 969
f 969 968 970
f 969 970 971
f 144 142 962
f 962 142 972
f 962 972 964
f 964 972 973
f 964 973 966
f 966 973 974
f 966 974 968
f 968 974 970
f 975 976 142
f 142 976 977
f 142 977 972
f 972 977 973
f 976 975 978
f 978 975 979
f 978 979 974
f 974 979 970
f 971 980 969
f 969 980 981
f 969 981 982
f 982 981 983
f 982 983 984
f 984 983 985
f 984 985 986
f 986 985 987
f 986 987 988
f 988 987 989
f 988 989 952
f 952 989 950
f 980 990 981
f 981 990 991
f 981 991 983
f 983 991 992
f 983 992 985
f 985 992 993
f 985 993 987
f 987 993 994
f 987 994 989
f 989 994 995
f 989 995 950
f 950 995 948
f 990 996 991
f 991 996 992
f 946 994 996
f 996 994 993
f 996 993 992
f 946 933 932
f 994 946 995
f 995 946 948
f 144 959 997
f 997 959 957
f 997 957 998
f 998 957 955
f 998 955 999
f 999 955 953
f 999 953 1000
f 1000 953 951
f 1000 951 1001
f 1001 951 949
f 1001 949 1002
f 1002 949 947
f 1002 947 945
f 144 997 938
f 938 997 998
f 938 998 939
f 939 998 999
f 939 999 940
f 940 999 1000
f 940 1000 941
f 941 1000 1001
f 941 1001 942
f 942 1001 1002
f 942 1002 943
f 943 1002 945
f 943 945 944
f 958 960 1003
f 1003 960 961
f 1003 961 963
f 956 958 1004
f 1004 958 1003
f 1004 1003 1005
f 1005 1003 963
f 1005 963 965
f 988 952 954
f 954 956 1006
f 1006 956 1004
f 1006 1004 1007
f 1007 1004 1005
f 1007 1005 1008
f 1008 1005 965
f 1008 965 967
f 967 969 982
f 977 976 978
f 977 978 973
f 973 978 974
f 1008 967 982
f 1008 982 984
f 1007 1008 984
f 1007 984 986
f 1006 1007 986
f 1006 986 988
f 954 1006 988
f 1009 130 1010
f 1010 130 125
f 1010 125 126
f 126 1011 1010
f 1010 1011 1012
f 1010 1012 1009
f 1009 1012 1013
f 1013 1012 1014
f 1013 1014 1015
f 1015 1014 1016
f 1015 1016 1017
f 1011 1016 1012
f 1012 1016 1014
f 1015 1017 1018
f 1018 1017 1019
f 1018 1019 1020
f 1020 1019 1021
f 1020 1021 1022
f 1022 1021 1023
f 1022 1023 1024
f 1024 1023 1025
f 1026 1027 1024
f 1024 1027 1022
f 1027 1028 1022
f 1022 1028 1020
f 1028 1029 1020
f 1020 1029 1018
f 1029 1030 1018
f 1018 1030 1015
f 1030 1013 1015
f 126 127 1011
f 1011 127 128
f 1011 128 129
f 129 1031 1011
f 1011 1031 1016
f 1016 1031 1032
f 1016 1032 1017
f 1017 1032 1033
f 1017 1033 1019
f 1019 1033 1034
f 1019 1034 1021
f 1021 1034 1035
f 1021 1035 1023
f 1023 1035 1036
f 1023 1036 1025
f 1025 1036 1037
f 1025 1037 1038
f 1038 1037 1039
f 1039 1037 1040
f 1040 1037 1041
f 124 1042 129
f 129 1042 1043
f 129 1043 1031
f 1031 1043 1044
f 1031 1044 1032
f 1032 1044 1045
f 1032 1045 1033
f 1033 1045 1046
f 1033 1046 1034
f 1034 1046 1047
f 1034 1047 1035
f 1035 1047 1048
f 1035 1048 1036
f 1036 1048 1049
f 1036 1049 1050
f 1050 1049 1051
f 1050 1051 1052
f 1052 1051 1053
f 1052 1053 1054
f 1054 1053 1055
f 1054 1055 1056
f 1056 1055 1057
f 1056 1057 1058
f 1058 1057 1059
f 1058 1059 1060
f 1060 1059 1061
f 1060 1061 1062
f 1062 1061 1063
f 1062 1063 1064
f 1064 1063 124
f 1064 124 1065
f 1065 124 1066
f 1065 1066 1067
f 1067 1066 1068
f 1067 1068 1069
f 1069 1068 1070
f 1069 1070 1071
f 1071 1070 1072
f 1071 1072 1073
f 1073 1072 1074
f 1073 1074 1075
f 124 122 1066
f 1066 122 1076
f 1066 1076 1068
f 1068 1076 1077
f 1068 1077 1070
f 1070 1077 1078
f 1070 1078 1072
f 1072 1078 1074
f 1079 1080 122
f 122 1080 1081
f 122 1081 1076
f 1076 1081 1077
f 1080 1079 1082
f 1082 1079 1083
f 1082 1083 1078
f 1078 1083 1074
f 1075 1084 1073
f 1073 1084 1085
f 1073 1085 1086
f 1086 1085 1087
f 1086 1087 1088
f 1088 1087 1089
f 1088 1089 1090
f 1090 1089 1091
f 1090 1091 1092
f 1092 1091 1093
f 1092 1093 1056
f 1056 1093 1054
f 1084 1094 1085
f 1085 1094 1095
f 1085 1095 1087
f 1087 1095 1096
f 1087 1096 1089
f 1089 1096 1097
f 1089 1097 1091
f 1091 1097 1098
f 1091 1098 1093
f 1093 1098 1099
f 1093 1099 1054
f 1054 1099 1052
f 1094 1100 1095
f 1095 1100 1096
f 1050 1098 1100
f 1100 1098 1097
f 1100 1097 1096
f 1050 1037 1036
f 1098 1050 1099
f 1099 1050 1052
f 124 1063 1101
f 1101 1063 1061
f 1101 1061 1102
f 1102 1061 1059
f 1102 1059 1103
f 1103 1059 1057
f 1103 1057 1104
f 1104 1057 1055
f 1104 1055 1105
f 1105 1055 1053
f 1105 1053 1106
f 1106 1053 1051
f 1106 1051 1049
f 124 1101 1042
f 1042 1101 1102
f 1042 1102 1043
f 1043 1102 1103
f 1043 1103 1044
f 1044 1103 1104
f 1044 1104 1045
f 1045 1104 1105
f 1045 1105 1046
f 1046 1105 1106
f 1046 1106 1047
f 1047 1106 1049
f 1047 1049 1048
f 1062 1064 1107
f 1107 1064 1065
f 1107 1065 1067
f 1060 1062 1108
f 1108 1062 1107
f 1108 1107 1109
f 1109 1107 1067
f 1109 1067 1069
f 1092 1056 1058
f 1058 1060 1110
f 1110 1060 1108
f 1110 1108 1111
f 1111 1108 1109
f 1111 1109 1112
f 1112 1109 1069
f 1112 1069 1071
f 1071 1073 1086
f 1081 1080 1082
f 1081 1082 1077
f 1077 1082 1078
f 1112 1071 1086
f 1112 1086 1088
f 1111 1112 1088
f 1111 1088 1090
f 1110 1111 1090
f 1110 1090 1092
f 1058 1110 1092
f 1113 110 1114
f 1114 110 105
f 1114 105 106
f 106 1115 1114
f 1114 1115 1116
f 1114 1116 1113
f 1113 1116 1117
f 1117 1116 1118
f 1117 1118 1119
f 1119 1118 1120
f 1119 1120 1121
f 1115 1120 1116
f 1116 1120 1118
f 1119 1121 1122
f 1122 1121 1123
f 1122 1123 1124
f 1124 1123 1125
f 1124 1125 1126
f 1126 1125 1127
f 1126 1127 1128
f 1128 1127 1129
f 1130 1131 1128
f 1128 1131 1126
f 1131 1132 1126
f 1126 1132 1124
f 1132 1133 1124
f 1124 1133 1122
f 1133 1134 1122
f 1122 1134 1119
f 1134 1117 1119
f 106 107 1115
f 1115 107 108
f 1115 108 109
f 109 1135 1115
f 1115 1135 1120
f 1120 1135 1136
f 1120 1136 1121
f 1121 1136 1137
f 1121 1137 1123
f 1123 1137 1138
f 1123 1138 1139
f 1123 1139 1125
f 1125 1139 1140
f 1125 1140 1127
f 1127 1140 1141
f 1127 1141 1129
f 1129 1141 1142
f 1129 1142 1143
f 1143 1144 1129
f 1129 1144 1145
f 104 1146 109
f 109 1146 1147
f 109 1147 1135
f 1135 1147 1148
f 1135 1148 1136
f 1136 1148 1149
f 1136 1149 1137
f 1137 1149 1150
f 1137 1150 1138
f 1138 1150 1151
f 1138 1151 1139
f 1139 1151 1152
f 1139 1152 1140
f 1140 1152 1153
f 1140 1153 1154
f 1154 1153 1155
f 1154 1155 1156
f 1156 1155 1157
f 1156 1157 1158
f 1158 1157 1159
f 1158 1159 1160
f 1160 1159 1161
f 1160 1161 1162
f 1162 1161 1163
f 1162 1163 1164
f 1164 1163 1165
f 1164 1165 1166
f 1166 1165 1167
f 1166 1167 1168
f 1168 1167 104
f 1168 104 1169
f 1169 104 1170
f 1169 1170 1171
f 1171 1170 1172
f 1171 1172 1173
f 1173 1172 1174
f 1173 1174 1175
f 1175 1174 1176
f 1175 1176 1177
f 1177 1176 1178
f 1177 1178 1179
f 104 102 1170
f 1170 102 1180
f 1170 1180 1172
f 1172 1180 1181
f 1172 1181 1174
f 1174 1181 1182
f 1174 1182 1176
f 1176 1182 1178
f 1183 1184 102
f 102 1184 1185
f 102 1185 1180
f 1180 1185 1181
f 1184 1183 1186
f 1186 1183 1187
f 1186 1187 1182
f 1182 1187 1178
f 1179 1188 1177
f 1177 1188 1189
f 1177 1189 1190
f 1190 1189 1191
f 1190 1191 1192
f 1192 1191 1193
f 1192 1193 1194
f 1194 1193 1195
f 1194 1195 1196
f 1196 1195 1197
f 1196 1197 1160
f 1160 1197 1158
f 1188 1198 1189
f 1189 1198 1199
f 1189 1199 1191
f 1191 1199 1200
f 1191 1200 1193
f 1193 1200 1201
f 1193 1201 1195
f 1195 1201 1202
f 1195 1202 1197
f 1197 1202 1203
f 1197 1203 1158
f 1158 1203 1156
f 1198 1204 1199
f 1199 1204 1200
f 1154 1202 1204
f 1204 1202 1201
f 1204 1201 1200
f 1154 1141 1140
f 1202 1154 1203
f 1203 1154 1156
f 104 1167 1205
f 1205 1167 1165
f 1205 1165 1206
f 1206 1165 1163
f 1206 1163 1207
f 1207 1163 1161
f 1207 1161 1208
f 1208 1161 1159
f 1208 1159 1209
f 1209 1159 1157
f 1209 1157 1210
f 1210 1157 1155
f 1210 1155 1153
f 104 1205 1146
f 1146 1205 1206
f 1146 1206 1147
f 1147 1206 1207
f 1147 1207 1148
f 1148 1207 1208
f 1148 1208 1149
f 1149 1208 1209
f 1149 1209 1150
f 1150 1209 1210
f 1150 1210 1151
f 1151 1210 1153
f 1151 1153 1152
f 1166 1168 1211
f 1211 1168 1169
f 1211 1169 1171
f 1164 1166 1212
f 1212 1166 1211
f 1212 1211 1213
f 1213 1211 1171
f 1213 1171 1173
f 1196 1160 1162
f 1162 1164 1214
f 1214 1164 1212
f 1214 1212 1215
f 1215 1212 1213
f 1215 1213 1216
f 1216 1213 1173
f 1216 1173 1175
f 1175 1177 1190
f 1185 1184 1186
f 1185 1186 1181
f 1181 1186 1182
f 1216 1175 1190
f 1216 1190 1192
f 1215 1216 1192
f 1215 1192 1194
f 1214 1215 1194
f 1214 1194 1196
f 1162 1214 1196
f 1217 90 1218
f 1218 90 85
f 1218 85 86
f 86 1219 1218
f 1218 1219 1220
f 1218 1220 1217
f 1217 1220 1221
f 1221 1220 1222
f 1221 1222 1223
f 1223 1222 1224
f 1223 1224 1225
f 1219 1224 1220
f 1220 1224 1222
f 1223 1225 1226
f 1226 1225 1227
f 1226 1227 1228
f 1228 1227 1229
f 1228 1229 1230
f 1230 1229 1231
f 1230 1231 1232
f 1232 1231 1233
f 1234 1235 1232
f 1232 1235 1230
f 1235 1236 1230
f 1230 1236 1228
f 1236 1237 1228
f 1228 1237 1226
f 1237 1238 1226
f 1226 1238 1223
f 1238 1221 1223
f 86 87 1219
f 1219 87 88
f 1219 88 89
f 89 1239 1219
f 1219 1239 1224
f 1224 1239 1240
f 1224 1240 1225
f 1225 1240 1241
f 1225 1241 1242
f 1225 1242 1227
f 1227 1242 1243
f 1227 1243 1229
f 1229 1243 1244
f 1229 1244 1231
f 1231 1244 1245
f 1231 1245 1233
f 1233 1245 1246
f 1233 1246 1247
f 1247 1248 1233
f 1233 1248 1249
f 84 1250 89
f 89 1250 1251
f 89 1251 1239
f 1239 1251 1252
f 1239 1252 1240
f 1240 1252 1253
f 1240 1253 1241
f 1241 1253 1254
f 1241 1254 1242
f 1242 1254 1255
f 1242 1255 1243
f 1243 1255 1256
f 1243 1256 1244
f 1244 1256 1257
f 1244 1257 1258
f 1258 1257 1259
f 1258 1259 1260
f 1260 1259 1261
f 1260 1261 1262
f 1262 1261 1263
f 1262 1263 1264
f 1264 1263 1265
f 1264 1265 1266
f 1266 1265 1267
f 1266 1267 1268
f 1268 1267 1269
f 1268 1269 1270
f 1270 1269 1271
f 1270 1271 1272
f 1272 1271 84
f 1272 84 1273
f 1273 84 1274
f 1273 1274 1275
f 1275 1274 1276
f 1275 1276 1277
f 1277 1276 1278
f 1277 1278 1279
f 1279 1278 1280
f 1279 1280 1281
f 1281 1280 1282
f 1281 1282 1283
f 84 82 1274
f 1274 82 1284
f 1274 1284 1276
f 1276 1284 1285
f 1276 1285 1278
f 1278 1285 1286
f 1278 1286 1280
f 1280 1286 1282
f 1287 1288 82
f 82 1288 1289
f 82 1289 1284
f 1284 1289 1285
f 1288 1287 1290
f 1290 1287 1291
f 1290 1291 1286
f 1286 1291 1282
f 1283 1292 1281
f 1281 1292 1293
f 1281 1293 1294
f 1294 1293 1295
f 1294 1295 1296
f 1296 1295 1297
f 1296 1297 1298
f 1298 1297 1299
f 1298 1299 1300
f 1300 1299 1301
f 1300 1301 1264
f 1264 1301 1262
f 1292 1302 1293
f 1293 1302 1303
f 1293 1303 1295
f 1295 1303 1304
f 1295 1304 1297
f 1297 1304 1305
f 1297 1305 1299
f 1299 1305 1306
f 1299 1306 1301
f 1301 1306 1307
f 1301 1307 1262
f 1262 1307 1260
f 1302 1308 1303
f 1303 1308 1304
f 1258 1306 1308
f 1308 1306 1305
f 1308 1305 1304
f 1258 1245 1244
f 1306 1258 1307
f 1307 1258 1260
f 84 1271 1309
f 1309 1271 1269
f 1309 1269 1310
f 1310 1269 1267
f 1310 1267 1311
f 1311 1267 1265
f 1311 1265 1312
f 1312 1265 1263
f 1312 1263 1313
f 1313 1263 1261
f 1313 1261 1314
f 1314 1261 1259
f 1314 1259 1257
f 84 1309 1250
f 1250 1309 1310
f 1250 1310 1251
f 1251 1310 1311
f 1251 1311 1252
f 1252 1311 1312
f 1252 1312 1253
f 1253 1312 1313
f 1253 1313 1254
f 1254 1313 1314
f 1254 1314 1255
f 1255 1314 1257
f 1255 1257 1256
f 1270 1272 1315
f 1315 1272 1273
f 1315 1273 1275
f 1268 1270 1316
f 1316 1270 1315
f 1316 1315 1317
f 1317 1315 1275
f 1317 1275 1277
f 1300 1264 1266
f 1266 1268 1318
f 1318 1268 1316
f 1318 1316 1319
f 1319 1316 1317
f 1319 1317 1320
f 1320 1317 1277
f 1320 1277 1279
f 1279 1281 1294
f 1289 1288 1290
f 1289 1290 1285
f 1285 1290 1286
f 1320 1279 1294
f 1320 1294 1296
f 1319 1320 1296
f 1319 1296 1298
f 1318 1319 1298
f 1318 1298 1300
f 1266 1318 1300
f 1321 70 1322
f 1322 70 65
f 1322 65 66
f 66 1323 1322
f 1322 1323 1324
f 1322 1324 1321
f 1321 1324 1325
f 1325 1324 1326
f 1325 1326 1327
f 1327 1326 1328
f 1327 1328 1329
f 1323 1328 1324
f 1324 1328 1326
f 1327 1329 1330
f 1330 1329 1331
f 1330 1331 1332
f 1332 1331 1333
f 1332 1333 1334
f 1334 1333 1335
f 1334 1335 1336
f 1336 1335 1337
f 1338 1339 1336
f 1336 1339 1334
f 1339 1340 1334
f 1334 1340 1332
f 1340 1341 1332
f 1332 1341 1330
f 1341 1342 1330
f 1330 1342 1327
f 1342 1325 1327
f 66 67 1323
f 1323 67 68
f 1323 68 69
f 69 1343 1323
f 1323 1343 1328
f 1328 1343 1344
f 1328 1344 1329
f 1329 1344 1345
f 1329 1345 1331
f 1331 1345 1346
f 1331 1346 1333
f 1333 1346 1347
f 1333 1347 1335
f 1335 1347 1348
f 1335 1348 1337
f 1337 1348 1349
f 1337 1349 1350
f 1350 1351 1337
f 1337 1351 1352
f 1337 1352 1353
f 64 1354 69
f 69 1354 1355
f 69 1355 1343
f 1343 1355 1356
f 1343 1356 1344
f 1344 1356 1357
f 1344 1357 1345
f 1345 1357 1358
f 1345 1358 1346
f 1346 1358 1359
f 1346 1359 1347
f 1347 1359 1360
f 1347 1360 1348
f 1348 1360 1361
f 1348 1361 1362
f 1362 1361 1363
f 1362 1363 1364
f 1364 1363 1365
f 1364 1365 1366
f 1366 1365 1367
f 1366 1367 1368
f 1368 1367 1369
f 1368 1369 1370
f 1370 1369 1371
f 1370 1371 1372
f 1372 1371 1373
f 1372 1373 1374
f 1374 1373 1375
f 1374 1375 1376
f 1376 1375 64
f 1376 64 1377
f 1377 64 1378
f 1377 1378 1379
f 1379 1378 1380
f 1379 1380 1381
f 1381 1380 1382
f 1381 1382 1383
f 1383 1382 1384
f 1383 1384 1385
f 1385 1384 1386
f 1385 1386 1387
f 64 62 1378
f 1378 62 1388
f 1378 1388 1380
f 1380 1388 1389
f 1380 1389 1382
f 1382 1389 1390
f 1382 1390 1384
f 1384 1390 1386
f 1391 1392 62
f 62 1392 1393
f 62 1393 1388
f 1388 1393 1389
f 1392 1391 1394
f 1394 1391 1395
f 1394 1395 1390
f 1390 1395 1386
f 1387 1396 1385
f 1385 1396 1397
f 1385 1397 1398
f 1398 1397 1399
f 1398 1399 1400
f 1400 1399 1401
f 1400 1401 1402
f 1402 1401 1403
f 1402 1403 1404
f 1404 1403 1405
f 1404 1405 1368
f 1368 1405 1366
f 1396 1406 1397
f 1397 1406 1407
f 1397 1407 1399
f 1399 1407 1408
f 1399 1408 1401
f 1401 1408 1409
f 1401 1409 1403
f 1403 1409 1410
f 1403 1410 1405
f 1405 1410 1411
f 1405 1411 1366
f 1366 1411 1364
f 1406 1412 1407
f 1407 1412 1408
f 1362 1410 1412
f 1412 1410 1409
f 1412 1409 1408
f 1362 1349 1348
f 1410 1362 1411
f 1411 1362 1364
f 64 1375 1413
f 1413 1375 1373
f 1413 1373 1414
f 1414 1373 1371
f 1414 1371 1415
f 1415 1371 1369
f 1415 1369 1416
f 1416 1369 1367
f 1416 1367 1417
f 1417 1367 1365
f 1417 1365 1418
f 1418 1365 1363
f 1418 1363 1361
f 64 1413 1354
f 1354 1413 1414
f 1354 1414 1355
f 1355 1414 1415
f 1355 1415 1356
f 1356 1415 1416
f 1356 1416 1357
f 1357 1416 1417
f 1357 1417 1358
f 1358 1417 1418
f 1358 1418 1359
f 1359 1418 1361
f 1359 1361 1360
f 1374 1376 1419
f 1419 1376 1377
f 1419 1377 1379
f 1372 1374 1420
f 1420 1374 1419
f 1420 1419 1421
f 1421 1419 1379
f 1421 1379 1381
f 1404 1368 1370
f 1370 1372 1422
f 1422 1372 1420
f 1422 1420 1423
f 1423 1420 1421
f 1423 1421 1424
f 1424 1421 1381
f 1424 1381 1383
f 1383 1385 1398
f 1393 1392 1394
f 1393 1394 1389
f 1389 1394 1390
f 1424 1383 1398
f 1424 1398 1400
f 1423 1424 1400
f 1423 1400 1402
f 1422 1423 1402
f 1422 1402 1404
f 1370 1422 1404
f 1425 50 1426
f 1426 50 45
f 1426 45 46
f 46 1427 1426
f 1426 1427 1428
f 1426 1428 1425
f 1425 1428 1429
f 1429 1428 1430
f 1429 1430 1431
f 1431 1430 1432
f 1431 1432 1433
f 1427 1432 1428
f 1428 1432 1430
f 1431 1433 1434
f 1434 1433 1435
f 1434 1435 1436
f 1436 1435 1437
f 1436 1437 1438
f 1438 1437 1439
f 1438 1439 1440
f 1440 1439 1441
f 1442 1443 1440
f 1440 1443 1438
f 1443 1444 1438
f 1438 1444 1436
f 1444 1445 1436
f 1436 1445 1434
f 1445 1446 1434
f 1434 1446 1431
f 1446 1429 1431
f 46 47 1427
f 1427 47 48
f 1427 48 49
f 49 1447 1427
f 1427 1447 1432
f 1432 1447 1448
f 1432 1448 1433
f 1433 1448 1449
f 1433 1449 1435
f 1435 1449 1450
f 1435 1450 1437
f 1437 1450 1451
f 1437 1451 1439
f 1439 1451 1452
f 1439 1452 1441
f 1441 1452 1453
f 1441 1453 1454
f 1454 1453 1455
f 1455 1453 1456
f 1454 1457 1441
f 44 1458 49
f 49 1458 1459
f 49 1459 1447
f 1447 1459 1460
f 1447 1460 1448
f 1448 1460 1461
f 1448 1461 1449
f 1449 1461 1462
f 1449 1462 1450
f 1450 1462 1463
f 1450 1463 1451
f 1451 1463 1464
f 1451 1464 1452
f 1452 1464 1465
f 1452 1465 1466
f 1466 1465 1467
f 1466 1467 1468
f 1468 1467 1469
f 1468 1469 1470
f 1470 1469 1471
f 1470 1471 1472
f 1472 1471 1473
f 1472 1473 1474
f 1474 1473 1475
f 1474 1475 1476
f 1476 1475 1477
f 1476 1477 1478
f 1478 1477 1479
f 1478 1479 1480
f 1480 1479 44
f 1480 44 1481
f 1481 44 1482
f 1481 1482 1483
f 1483 1482 1484
f 1483 1484 1485
f 1485 1484 1486
f 1485 1486 1487
f 1487 1486 1488
f 1487 1488 1489
f 1489 1488 1490
f 1489 1490 1491
f 44 42 1482
f 1482 42 1492
f 1482 1492 1484
f 1484 1492 1493
f 1484 1493 1486
f 1486 1493 1494
f 1486 1494 1488
f 1488 1494 1490
f 1495 1496 42
f 42 1496 1497
f 42 1497 1492
f 1492 1497 1493
f 1496 1495 1498
f 1498 1495 1499
f 1498 1499 1494
f 1494 1499 1490
f 1491 1500 1489
f 1489 1500 1501
f 1489 1501 1502
f 1502 1501 1503
f 1502 1503 1504
f 1504 1503 1505
f 1504 1505 1506
f 1506 1505 1507
f 1506 1507 1508
f 1508 1507 1509
f 1508 1509 1472
f 1472 1509 1470
f 1500 1510 1501
f 1501 1510 1511
f 1501 1511 1503
f 1503 1511 1512
f 1503 1512 1505
f 1505 1512 1513
f 1505 1513 1507
f 1507 1513 1514
f 1507 1514 1509
f 1509 1514 1515
f 1509 1515 1470
f 1470 1515 1468
f 1510 1516 1511
f 1511 1516 1512
f 1466 1514 1516
f 1516 1514 1513
f 1516 1513 1512
f 1466 1453 1452
f 1514 1466 1515
f 1515 1466 1468
f 44 1479 1517
f 1517 1479 1477
f 1517 1477 1518
f 1518 1477 1475
f 1518 1475 1519
f 1519 1475 1473
f 1519 1473 1520
f 1520 1473 1471
f 1520 1471 1521
f 1521 1471 1469
f 1521 1469 1522
f 1522 1469 1467
f 1522 1467 1465
f 44 1517 1458
f 1458 1517 1518
f 1458 1518 1459
f 1459 1518 1519
f 1459 1519 1460
f 1460 1519 1520
f 1460 1520 1461
f 1461 1520 1521
f 1461 1521 1462
f 1462 1521 1522
f 1462 1522 1463
f 1463 1522 1465
f 1463 1465 1464
f 1478 1480 1523
f 1523 1480 1481
f 1523 1481 1483
f 1476 1478 1524
f 1524 1478 1523
f 1524 1523 1525
f 1525 1523 1483
f 1525 1483 1485
f 1508 1472 1474
f 1474 1476 1526
f 1526 1476 1524
f 1526 1524 1527
f 1527 1524 1525
f 1527 1525 1528
f 1528 1525 1485
f 1528 1485 1487
f 1487 1489 1502
f 1497 1496 1498
f 1497 1498 1493
f 1493 1498 1494
f 1528 1487 1502
f 1528 1502 1504
f 1527 1528 1504
f 1527 1504 1506
f 1526 1527 1506
f 1526 1506 1508
f 1474 1526 1508
f 1529 30 1530
f 1530 30 25
f 1530 25 26
f 26 1531 1530
f 1530 1531 1532
f 1530 1532 1529
f 1529 1532 1533
f 1533 1532 1534
f 1533 1534 1535
f 1535 1534 1536
f 1535 1536 1537
f 1531 1536 1532
f 1532 1536 1534
f 1535 1537 1538
f 1538 1537 1539
f 1538 1539 1540
f 1540 1539 1541
f 1540 1541 1542
f 1542 1541 1543
f 1542 1543 1544
f 1544 1543 1545
f 1546 1547 1544
f 1544 1547 1542
f 1547 1548 1542
f 1542 1548 1540
f 1548 1549 1540
f 1540 1549 1538
f 1549 1550 1538
f 1538 1550 1535
f 1550 1533 1535
f 26 27 1531
f 1531 27 28
f 1531 28 29
f 29 1551 1531
f 1531 1551 1552
f 1531 1552 1536
f 1536 1552 1553
f 1536 1553 1537
f 1537 1553 1554
f 1537 1554 1539
f 1539 1554 1555
f 1539 1555 1541
f 1541 1555 1556
f 1541 1556 1543
f 1543 1556 1557
f 1543 1557 1545
f 1545 1557 1558
f 1545 1558 1559
f 1559 1560 1545
f 1545 1560 1561
f 24 1562 29
f 29 1562 1563
f 29 1563 1551
f 1551 1563 1564
f 1551 1564 1552
f 1552 1564 1565
f 1552 1565 1553
f 1553 1565 1566
f 1553 1566 1554
f 1554 1566 1567
f 1554 1567 1555
f 1555 1567 1568
f 1555 1568 1556
f 1556 1568 1569
f 1556 1569 1570
f 1570 1569 1571
f 1570 1571 1572
f 1572 1571 1573
f 1572 1573 1574
f 1574 1573 1575
f 1574 1575 1576
f 1576 1575 1577
f 1576 1577 1578
f 1578 1577 1579
f 1578 1579 1580
f 1580 1579 1581
f 1580 1581 1582
f 1582 1581 1583
f 1582 1583 1584
f 1584 1583 24
f 1584 24 1585
f 1585 24 1586
f 1585 1586 1587
f 1587 1586 1588
f 1587 1588 1589
f 1589 1588 1590
f 1589 1590 1591
f 1591 1590 1592
f 1591 1592 1593
f 1593 1592 1594
f 1593 1594 1595
f 24 22 1586
f 1586 22 1596
f 1586 1596 1588
f 1588 1596 1597
f 1588 1597 1590
f 1590 1597 1598
f 1590 1598 1592
f 1592 1598 1594
f 1599 1600 22
f 22 1600 1601
f 22 1601 1596
f 1596 1601 1597
f 1600 1599 1602
f 1602 1599 1603
f 1602 1603 1598
f 1598 1603 1594
f 1595 1604 1593
f 1593 1604 1605
f 1593 1605 1606
f 1606 1605 1607
f 1606 1607 1608
f 1608 1607 1609
f 1608 1609 1610
f 1610 1609 1611
f 1610 1611 1612
f 1612 1611 1613
f 1612 1613 1576
f 1576 1613 1574
f 1604 1614 1605
f 1605 1614 1615
f 1605 1615 1607
f 1607 1615 1616
f 1607 1616 1609
f 1609 1616 1617
f 1609 1617 1611
f 1611 1617 1618
f 1611 1618 1613
f 1613 1618 1619
f 1613 1619 1574
f 1574 1619 1572
f 1614 1620 1615
f 1615 1620 1616
f 1570 1618 1620
f 1620 1618 1617
f 1620 1617 1616
f 1570 1557 1556
f 1618 1570 1619
f 1619 1570 1572
f 24 1583 1621
f 1621 1583 1581
f 1621 1581 1622
f 1622 1581 1579
f 1622 1579 1623
f 1623 1579 1577
f 1623 1577 1624
f 1624 1577 1575
f 1624 1575 1625
f 1625 1575 1573
f 1625 1573 1626
f 1626 1573 1571
f 1626 1571 1569
f 24 1621 1562
f 1562 1621 1622
f 1562 1622 1563
f 1563 1622 1623
f 1563 1623 1564
f 1564 1623 1624
f 1564 1624 1565
f 1565 1624 1625
f 1565 1625 1566
f 1566 1625 1626
f 1566 1626 1567
f 1567 1626 1569
f 1567 1569 1568
f 1582 1584 1627
f 1627 1584 1585
f 1627 1585 1587
f 1580 1582 1628
f 1628 1582 1627
f 1628 1627 1629
f 1629 1627 1587
f 1629 1587 1589
f 1612 1576 1578
f 1578 1580 1630
f 1630 1580 1628
f 1630 1628 1631
f 1631 1628 1629
f 1631 1629 1632
f 1632 1629 1589
f 1632 1589 1591
f 1591 1593 1606
f 1601 1600 1602
f 1601 1602 1597
f 1597 1602 1598
f 1632 1591 1606
f 1632 1606 1608
f 1631 1632 1608
f 1631 1608 1610
f 1630 1631 1610
f 1630 1610 1612
f 1578 1630 1612
f 1633 10 1634
f 1634 10 5
f 1634 5 6
f 6 1635 1634
f 1634 1635 1636
f 1634 1636 1633
f 1633 1636 1637
f 1637 1636 1638
f 1637 1638 1639
f 1639 1638 1640
f 1639 1640 1641
f 1635 1640 1636
f 1636 1640 1638
f 1639 1641 1642
f 1642 1641 1643
f 1642 1643 1644
f 1644 1643 1645
f 1644 1645 1646
f 1646 1645 1647
f 1646 1647 1648
f 1648 1647 1649
f 1650 1651 1648
f 1648 1651 1646
f 1651 1652 1646
f 1646 1652 1644
f 1652 1653 1644
f 1644 1653 1642
f 1653 1654 1642
f 1642 1654 1639
f 1654 1637 1639
f 6 7 1635
f 1635 7 8
f 1635 8 9
f 9 1655 1635
f 1635 1655 1640
f 1640 1655 1656
f 1640 1656 1641
f 1641 1656 1657
f 1641 1657 1643
f 1643 1657 1658
f 1643 1658 1645
f 1645 1658 1659
f 1645 1659 1647
f 1647 1659 1660
f 1647 1660 1661
f 1647 1661 1649
f 1649 1661 1662
f 1649 1662 1663
f 1663 1664 1649
f 1649 1664 1665
f 4 1666 9
f 9 1666 1667
f 9 1667 1655
f 1655 1667 1668
f 1655 1668 1656
f 1656 1668 1669
f 1656 1669 1657
f 1657 1669 1670
f 1657 1670 1658
f 1658 1670 1671
f 1658 1671 1659
f 1659 1671 1672
f 1659 1672 1660
f 1660 1672 1673
f 1660 1673 1674
f 1674 1673 1675
f 1674 1675 1676
f 1676 1675 1677
f 1676 1677 1678
f 1678 1677 1679
f 1678 1679 1680
f 1680 1679 1681
f 1680 1681 1682
f 1682 1681 1683
f 1682 1683 1684
f 1684 1683 1685
f 1684 1685 1686
f 1686 1685 1687
f 1686 1687 1688
f 1688 1687 4
f 1688 4 1689
f 1689 4 1690
f 1689 1690 1691
f 1691 1690 1692
f 1691 1692 1693
f 1693 1692 1694
f 1693 1694 1695
f 1695 1694 1696
f 1695 1696 1697
f 1697 1696 1698
f 1697 1698 1699
f 4 2 1690
f 1690 2 1700
f 1690 1700 1692
f 1692 1700 1701
f 1692 1701 1694
f 1694 1701 1702
f 1694 1702 1696
f 1696 1702 1698
f 1703 1704 2
f 2 1704 1705
f 2 1705 1700
f 1700 1705 1701
f 1704 1703 1706
f 1706 1703 1707
f 1706 1707 1702
f 1702 1707 1698
f 1699 1708 1697
f 1697 1708 1709
f 1697 1709 1710
f 1710 1709 1711
f 1710 1711 1712
f 1712 1711 1713
f 1712 1713 1714
f 1714 1713 1715
f 1714 1715 1716
f 1716 1715 1717
f 1716 1717 1680
f 1680 1717 1678
f 1708 1718 1709
f 1709 1718 1719
f 1709 1719 1711
f 1711 1719 1720
f 1711 1720 1713
f 1713 1720 1721
f 1713 1721 1715
f 1715 1721 1722
f 1715 1722 1717
f 1717 1722 1723
f 1717 1723 1678
f 1678 1723 1676
f 1718 1724 1719
f 1719 1724 1720
f 1674 1722 1724
f 1724 1722 1721
f 1724 1721 1720
f 1674 1661 1660
f 1722 1674 1723
f 1723 1674 1676
f 4 1687 1725
f 1725 1687 1685
f 1725 1685 1726
f 1726 1685 1683
f 1726 1683 1727
f 1727 1683 1681
f 1727 1681 1728
f 1728 1681 1679
f 1728 1679 1729
f 1729 1679 1677
f 1729 1677 1730
f 1730 1677 1675
f 1730 1675 1673
f 4 1725 1666
f 1666 1725 1726
f 1666 1726 1667
f 1667 1726 1727
f 1667 1727 1668
f 1668 1727 1728
f 1668 1728 1669
f 1669 1728 1729
f 1669 1729 1670
f 1670 1729 1730
f 1670 1730 1671
f 1671 1730 1673
f 1671 1673 1672
f 1686 1688 1731
f 1731 1688 1689
f 1731 1689 1691
f 1684 1686 1732
f 1732 1686 1731
f 1732 1731 1733
f 1733 1731 1691
f 1733 1691 1693
f 1716 1680 1682
f 1682 1684 1734
f 1734 1684 1732
f 1734 1732 1735
f 1735 1732 1733
f 1735 1733 1736
f 1736 1733 1693
f 1736 1693 1695
f 1695 1697 1710
f 1705 1704 1706
f 1705 1706 1701
f 1701 1706 1702
f 1736 1695 1710
f 1736 1710 1712
f 1735 1736 1712
f 1735 1712 1714
f 1734 1735 1714
f 1734 1714 1716
f 1682 1734 1716
f 262 261 351
f 351 261 1737
f 351 1737 1738
f 261 279 1737
f 1737 279 280
f 351 1738 355
f 355 1738 1739
f 355 1739 346
f 346 1739 1740
f 346 1740 347
f 347 1740 1741
f 347 1741 356
f 356 1741 1742
f 356 1742 366
f 366 1742 1743
f 366 1743 372
f 372 1743 1744
f 372 1744 1745
f 1745 1744 1746
f 1745 1746 1747
f 1747 1746 1748
f 1748 1746 892
f 1748 892 1749
f 1749 892 886
f 1749 886 1750
f 1750 886 876
f 1750 876 1751
f 1751 876 867
f 1751 867 1752
f 1752 867 866
f 1752 866 1753
f 1753 866 875
f 1753 875 1754
f 1754 875 871
f 1754 871 179
f 179 871 161
f 161 871 162
f 1746 1744 1755
f 1755 1744 1756
f 1755 1756 1757
f 1757 1756 1758
f 1757 1758 1759
f 1759 1758 1760
f 1759 1760 1761
f 1761 1760 1762
f 1761 1762 1763
f 1763 1762 1764
f 1763 1764 1765
f 1765 1764 1766
f 1765 1766 1767
f 1767 1766 1768
f 1767 1768 1769
f 1769 1768 1770
f 1770 1768 1771
f 1771 1768 1772
f 1772 1768 580
f 1772 580 1773
f 1773 580 574
f 1773 574 1774
f 1774 574 564
f 1774 564 1775
f 1775 564 555
f 1775 555 1776
f 1776 555 554
f 1776 554 1777
f 1777 554 563
f 1777 563 1778
f 1778 563 559
f 1778 559 1779
f 1779 559 221
f 1779 221 239
f 1760 476 1762
f 1762 476 1780
f 1780 476 470
f 1780 470 1781
f 1781 470 460
f 1781 460 1782
f 1782 460 451
f 1782 451 1783
f 1783 451 450
f 1783 450 1784
f 1784 450 459
f 1784 459 1785
f 1785 459 455
f 1785 455 1786
f 1786 455 241
f 1786 241 259
f 455 242 241
f 259 260 1786
f 559 222 221
f 239 240 1779
f 1767 1769 1787
f 1787 1769 684
f 1787 684 1788
f 1788 684 678
f 1788 678 1789
f 1789 678 668
f 1789 668 1790
f 1790 668 659
f 1790 659 1791
f 1791 659 658
f 1791 658 1792
f 1792 658 667
f 1792 667 1793
f 1793 667 663
f 1793 663 219
f 219 663 201
f 201 663 202
f 219 220 1793
f 1759 1761 1794
f 1794 1761 788
f 1794 788 1795
f 1795 788 782
f 1795 782 1796
f 1796 782 772
f 1796 772 1797
f 1797 772 763
f 1797 763 1798
f 1798 763 762
f 1798 762 1799
f 1799 762 771
f 1799 771 1800
f 1800 771 767
f 1800 767 199
f 199 767 181
f 181 767 182
f 199 200 1800
f 179 180 1754
f 1745 1747 1801
f 1801 1747 1802
f 1801 1802 1803
f 1803 1802 1804
f 1803 1804 1805
f 1805 1804 1806
f 1805 1806 1807
f 1807 1806 1808
f 1807 1808 1809
f 1809 1808 1810
f 1809 1810 1811
f 1811 1810 1812
f 1811 1812 1813
f 1813 1812 1814
f 1813 1814 1815
f 1815 1814 1816
f 1815 1816 1817
f 1817 1816 1818
f 1817 1818 1819
f 1819 1818 1820
f 1819 1820 1821
f 1821 1820 1822
f 1821 1822 1823
f 1823 1822 1824
f 1823 1824 1825
f 1825 1824 1826
f 1825 1826 1827
f 1827 1826 1828
f 1827 1828 1829
f 1829 1828 1830
f 1829 1830 1831
f 1831 1830 1832
f 1832 1830 1833
f 1833 1830 1834
f 1834 1830 1308
f 1834 1308 1835
f 1835 1308 1302
f 1835 1302 1836
f 1836 1302 1292
f 1836 1292 1837
f 1837 1292 1283
f 1837 1283 1838
f 1838 1283 1282
f 1838 1282 1839
f 1839 1282 1291
f 1839 1291 1840
f 1840 1291 1287
f 1840 1287 1841
f 1841 1287 81
f 1841 81 99
f 1808 1806 1842
f 1842 1806 996
f 1842 996 990
f 1842 990 1843
f 1843 990 980
f 1843 980 1844
f 1844 980 971
f 1844 971 1845
f 1845 971 970
f 1845 970 1846
f 1846 970 979
f 1846 979 1847
f 1847 979 975
f 1847 975 1848
f 1848 975 141
f 1848 141 159
f 975 142 141
f 159 160 1848
f 1814 1100 1816
f 1816 1100 1849
f 1849 1100 1094
f 1849 1094 1850
f 1850 1094 1084
f 1850 1084 1851
f 1851 1084 1075
f 1851 1075 1852
f 1852 1075 1074
f 1852 1074 1853
f 1853 1074 1083
f 1853 1083 1854
f 1854 1083 1079
f 1854 1079 1855
f 1855 1079 121
f 1855 121 139
f 1079 122 121
f 139 140 1855
f 1822 1204 1824
f 1824 1204 1856
f 1856 1204 1198
f 1856 1198 1857
f 1857 1198 1188
f 1857 1188 1858
f 1858 1188 1179
f 1858 1179 1859
f 1859 1179 1178
f 1859 1178 1860
f 1860 1178 1187
f 1860 1187 1861
f 1861 1187 1183
f 1861 1183 1862
f 1862 1183 101
f 1862 101 119
f 1183 102 101
f 119 120 1862
f 1287 82 81
f 99 100 1841
f 1829 1831 1863
f 1863 1831 1412
f 1863 1412 1864
f 1864 1412 1406
f 1864 1406 1865
f 1865 1406 1396
f 1865 1396 1866
f 1866 1396 1387
f 1866 1387 1867
f 1867 1387 1386
f 1867 1386 1868
f 1868 1386 1395
f 1868 1395 1869
f 1869 1395 1391
f 1869 1391 79
f 79 1391 61
f 61 1391 62
f 79 80 1869
f 1821 1823 1870
f 1870 1823 1516
f 1870 1516 1871
f 1871 1516 1510
f 1871 1510 1872
f 1872 1510 1500
f 1872 1500 1873
f 1873 1500 1491
f 1873 1491 1874
f 1874 1491 1490
f 1874 1490 1875
f 1875 1490 1499
f 1875 1499 1876
f 1876 1499 1495
f 1876 1495 59
f 59 1495 41
f 41 1495 42
f 59 60 1876
f 1813 1815 1877
f 1877 1815 1620
f 1877 1620 1878
f 1878 1620 1614
f 1878 1614 1879
f 1879 1614 1604
f 1879 1604 1880
f 1880 1604 1595
f 1880 1595 1881
f 1881 1595 1594
f 1881 1594 1882
f 1882 1594 1603
f 1882 1603 1883
f 1883 1603 1599
f 1883 1599 39
f 39 1599 21
f 21 1599 22
f 39 40 1883
f 1805 1807 1884
f 1884 1807 1724
f 1884 1724 1718
f 1884 1718 1885
f 1885 1718 1708
f 1885 1708 1886
f 1886 1708 1699
f 1886 1699 1887
f 1887 1699 1888
f 1888 1699 1698
f 1888 1698 1889
f 1889 1698 1707
f 1889 1707 1890
f 1890 1707 1703
f 1890 1703 19
f 19 1703 1
f 1 1703 2
f 19 20 1890
f 1891 1892 1893
f 1893 1892 1894
f 1893 1894 1895
f 1895 1894 1896
f 1895 1896 1897
f 1897 1896 1898
f 1897 1898 1899
f 1899 1898 1900
f 1899 1900 1901
f 1901 1900 1902
f 1901 1902 1903
f 1903 1902 1904
f 1904 1902 1905
f 1904 1905 1906
f 1906 1905 1907
f 1906 1907 1908
f 1908 1907 1909
f 1908 1909 1910
f 1910 1909 1911
f 1910 1911 1912
f 1912 1911 1913
f 1912 1913 1914
f 1914 1913 1915
f 1915 1913 1916
f 1915 1916 1917
f 1917 1916 1918
f 1917 1918 1919
f 1919 1918 1920
f 1919 1920 1921
f 1921 1920 1922
f 1922 1920 1923
f 1923 1920 1924
f 1923 1924 1925
f 1925 1924 1926
f 1926 1924 1927
f 1927 1924 1928
f 1927 1928 1929
f 1929 1928 1930
f 1931 1932 1933
f 1933 1932 1934
f 1934 1932 1935
f 1934 1935 1936
f 1936 1935 1937
f 1936 1937 1938
f 1938 1937 1939
f 1938 1939 1940
f 1940 1939 1941
f 1940 1941 1942
f 1942 1941 1943
f 1942 1943 1944
f 1944 1943 1945
f 1944 1945 1946
f 1946 1945 1947
f 1946 1947 1948
f 1948 1947 1949
f 1948 1949 1950
f 1950 1949 1951
f 1950 1951 1952
f 1952 1951 1953
f 1952 1953 1954
f 1954 1953 1955
f 1954 1955 1956
f 1956 1955 1957
f 1956 1957 1958
f 1958 1957 1959
f 1958 1959 1960
f 1960 1959 1961
f 1960 1961 1962
f 1962 1961 1963
f 1962 1963 1964
f 1965 1966 1967
f 1967 1966 1968
f 1968 1966 1969
f 1968 1969 1970
f 1970 1969 1971
f 1970 1971 1972
f 1972 1971 1973
f 1972 1973 1974
f 1974 1973 1975
f 1974 1975 1976
f 1976 1975 1977
f 1976 1977 1978
f 1978 1977 1979
f 1978 1979 1980
f 1980 1979 1981
f 1980 1981 1982
f 1982 1981 1983
f 1982 1983 1984
f 1984 1983 1985
f 1984 1985 1986
f 1986 1985 1987
f 1986 1987 1988
f 1988 1987 1989
f 1988 1989 1990
f 1990 1989 1991
f 1990 1991 1992
f 1992 1991 1993
f 1992 1993 1994
f 1994 1993 1995
f 1994 1995 1996
f 1996 1995 1997
f 1996 1997 1998
f 1999 2000 2001
f 2001 2000 2002
f 2002 2000 2003
f 2002 2003 2004
f 2004 2003 2005
f 2004 2005 2006
f 2006 2005 2007
f 2006 2007 2008
f 2008 2007 2009
f 2008 2009 2010
f 2010 2009 2011
f 2010 2011 2012
f 2012 2011 2013
f 2012 2013 2014
f 2014 2013 2015
f 2014 2015 2016
f 2016 2015 2017
f 2016 2017 2018
f 2018 2017 2019
f 2018 2019 2020
f 2020 2019 2021
f 2020 2021 2022
f 2022 2021 2023
f 2022 2023 2024
f 2024 2023 2025
f 2024 2025 2026
f 2026 2025 2027
f 2026 2027 2028
f 2028 2027 2029
f 2028 2029 2030
f 2030 2029 2031
f 2030 2031 2032
f 2033 2034 2035
f 2035 2034 2036
f 2036 2034 2037
f 2036 2037 2038
f 2038 2037 2039
f 2038 2039 2040
f 2040 2039 2041
f 2040 2041 2042
f 2042 2041 2043
f 2042 2043 2044
f 2044 2043 2045
f 2044 2045 2046
f 2046 2045 2047
f 2046 2047 2048
f 2048 2047 2049
f 2048 2049 2050
f 2050 2049 2051
f 2050 2051 2052
f 2052 2051 2053
f 2052 2053 2054
f 2054 2053 2055
f 2054 2055 2056
f 2056 2055 2057
f 2056 2057 2058
f 2058 2057 2059
f 2058 2059 2060
f 2060 2059 2061
f 2060 2061 2062
f 2062 2061 2063
f 2062 2063 2064
f 2064 2063 2065
f 2064 2065 2066
f 2067 2068 2069
f 2069 2068 2070
f 2071 2072 2073
f 2073 2072 2074
f 2074 2072 2075
f 2074 2075 2076
f 2076 2075 2077
f 2076 2077 2078
f 2078 2077 2079
f 2078 2079 2080
f 2078 2080 2081
f 2081 2080 2082
f 2081 2082 2083
f 2083 2082 2084
f 2083 2084 2085
f 2085 2084 2086
f 2085 2086 2087
f 2085 2087 2088
f 2088 2087 2089
f 2088 2089 2090
f 2090 2089 2091
f 2090 2091 2092
f 2092 2091 2093
f 2092 2093 2094
f 2092 2094 2095
f 2095 2094 2096
f 2095 2096 2097
f 2097 2096 2098
f 2097 2098 2099
f 2098 2100 2099
f 2099 2100 2101
f 2099 2101 2102
f 2102 2101 2103
f 2102 2103 2104
f 2104 2103 2105
f 2104 2105 2106
f 2106 2105 2107
f 2106 2107 2108
f 2108 2107 2109
f 2108 2109 2110
f 2100 2098 2111
f 2111 2098 2096
f 2111 2096 2112
f 2112 2096 2113
f 2113 2096 2094
f 2113 2094 2114
f 2114 2094 2093
f 2114 2093 2115
f 2115 2093 2116
f 2116 2093 2091
f 2116 2091 2117
f 2117 2091 2089
f 2117 2089 2118
f 2118 2089 2119
f 2119 2089 2087
f 2119 2087 2120
f 2120 2087 2086
f 2120 2086 2121
f 2121 2086 2122
f 2122 2086 2084
f 2122 2084 2123
f 2123 2084 2082
f 2123 2082 2124
f 2124 2082 2125
f 2125 2082 2080
f 2125 2080 2126
f 2126 2080 2079
f 2126 2079 2127
f 2127 2079 2128
f 2128 2079 2077
f 2128 2077 2129
f 2129 2077 2075
f 2129 2075 2130
f 2130 2075 2131
f 2131 2075 2072
f 2131 2072 2132
f 2132 2072 2071
f 2132 2071 2133
f 2133 2071 2134
f 2133 2134 2135
f 2135 2134 2136
f 2136 2134 2137
f 2136 2137 2138
f 2138 2137 2139
f 2138 2139 2140
f 2140 2139 2141
f 2140 2141 2142
f 2142 2141 2143
f 2142 2143 2144
f 2144 2143 2145
f 2144 2145 2146
f 2146 2145 2147
f 2146 2147 2148
f 2148 2147 2149
f 2149 2147 2150
f 2149 2150 2151
f 2151 2150 2152
f 2151 2152 2153
f 2153 2152 2154
f 2153 2154 2155
f 2155 2154 2156
f 2155 2156 2157
f 2157 2156 2158
f 2157 2158 2159
f 2159 2158 2160
f 2159 2160 2161
f 2161 2160 2162
f 2161 2162 2163
f 2163 2162 2164
f 2164 2162 2165
f 2164 2165 2166
f 2166 2165 2167
f 2166 2167 2168
f 2168 2167 2169
f 2168 2169 2170
f 2170 2169 2171
f 2170 2171 2172
f 2172 2171 2173
f 2172 2173 2174
f 2174 2173 2175
f 2174 2175 2176
f 2176 2175 2177
f 2176 2177 2178
f 2178 2177 2179
f 2179 2177 2180
f 2179 2180 2181
f 2181 2180 2182
f 2181 2182 2183
f 2183 2182 2184
f 2183 2184 2185
f 2185 2184 2186
f 2185 2186 2187
f 2187 2186 2188
f 2187 2188 2189
f 2189 2188 2190
f 2189 2190 2191
f 2191 2190 2192
f 2191 2192 2193
f 2193 2192 2194
f 2194 2192 2195
f 2194 2195 2196
f 2196 2195 2197
f 2196 2197 2198
f 2198 2197 2199
f 2198 2199 2200
f 2200 2199 2201
f 2200 2201 2202
f 2202 2201 2203
f 2202 2203 2204
f 2204 2203 2205
f 2204 2205 2206
f 2206 2205 2207
f 2206 2207 2208
f 2208 2207 2209
f 2209 2207 2210
f 2209 2210 2211
f 2211 2210 2212
f 2211 2212 2213
f 2213 2212 2214
f 2213 2214 2215
f 2215 2214 2216
f 2215 2216 2217
f 2217 2216 2218
f 2217 2218 2219
f 2219 2218 2220
f 2219 2220 2221
f 2221 2220 2222
f 2221 2222 2223
f 2223 2222 2224
f 2224 2222 2225
f 2224 2225 2226
f 2226 2225 2227
f 2226 2227 2228
f 2228 2227 2229
f 2228 2229 2230
f 2230 2229 2231
f 2230 2231 2232
f 2232 2231 2233
f 2232 2233 2234
f 2234 2233 2235
f 2234 2235 2236
f 2236 2235 2237
f 2236 2237 2238
f 2238 2237 2239
f 2239 2237 2240
f 2239 2240 2241
f 2241 2240 2242
f 2241 2242 2243
f 2243 2242 2244
f 2243 2244 2245
f 2245 2244 2246
f 2245 2246 2247
f 2247 2246 2248
f 2247 2248 2249
f 2249 2248 2250
f 2249 2250 2251
f 2251 2250 2252
f 2251 2252 2253
f 2253 2252 2254
f 2254 2252 2255
f 2254 2255 2256
f 2256 2255 2257
f 2256 2257 2258
f 2258 2257 2259
f 2258 2259 2260
f 2260 2259 2261
f 2260 2261 2262
f 2262 2261 2263
f 2262 2263 2264
f 2264 2263 2265
f 2264 2265 2266
f 2266 2265 2267
f 2266 2267 2268
f 2268 2267 2269
f 2269 2267 2035
f 2269 2035 2270
f 2270 2035 2036
f 2270 2036 2271
f 2271 2036 2272
f 2272 2036 2038
f 2272 2038 2273
f 2273 2038 2040
f 2273 2040 2274
f 2274 2040 2275
f 2275 2040 2042
f 2275 2042 2276
f 2276 2042 2044
f 2276 2044 2277
f 2277 2044 2278
f 2278 2044 2046
f 2278 2046 2279
f 2279 2046 2048
f 2279 2048 2280
f 2280 2048 2281
f 2281 2048 2050
f 2281 2050 2282
f 2282 2050 2283
f 2283 2050 2052
f 2283 2052 2284
f 2284 2052 2054
f 2284 2054 2285
f 2285 2054 2286
f 2286 2054 2056
f 2286 2056 2287
f 2287 2056 2058
f 2287 2058 2288
f 2288 2058 2289
f 2289 2058 2060
f 2289 2060 2290
f 2290 2060 2062
f 2290 2062 2291
f 2291 2062 2292
f 2292 2062 2064
f 2292 2064 2293
f 2293 2064 2294
f 2294 2064 2066
f 2294 2066 2295
f 2295 2066 2296
f 2295 2296 2297
f 2297 2296 2298
f 2297 2298 2299
f 2299 2298 2300
f 2299 2300 2301
f 2301 2300 2302
f 2301 2302 2303
f 2303 2302 2304
f 2304 2302 2305
f 2304 2305 2306
f 2306 2305 2307
f 2306 2307 2308
f 2308 2307 2309
f 2308 2309 2310
f 2310 2309 2311
f 2310 2311 2312
f 2312 2311 2313
f 2312 2313 2314
f 2314 2313 2315
f 2314 2315 2316
f 2316 2315 2317
f 2316 2317 2318
f 2318 2317 2319
f 2319 2317 2320
f 2319 2320 2321
f 2321 2320 2322
f 2321 2322 2323
f 2323 2322 2324
f 2323 2324 2325
f 2325 2324 2326
f 2325 2326 2327
f 2327 2326 2328
f 2327 2328 2329
f 2329 2328 2330
f 2329 2330 2331
f 2331 2330 2332
f 2331 2332 2333
f 2333 2332 2334
f 2334 2332 2335
f 2334 2335 2336
f 2336 2335 2337
f 2336 2337 2338
f 2338 2337 2339
f 2338 2339 2340
f 2340 2339 2341
f 2340 2341 2342
f 2342 2341 2343
f 2342 2343 2344
f 2344 2343 2345
f 2344 2345 2346
f 2346 2345 2347
f 2346 2347 2348
f 2348 2347 2349
f 2349 2347 2350
f 2349 2350 2351
f 2351 2350 2352
f 2351 2352 2353
f 2353 2352 2354
f 2353 2354 2355
f 2355 2354 2356
f 2355 2356 2357
f 2357 2356 2358
f 2357 2358 2359
f 2359 2358 2360
f 2359 2360 2361
f 2361 2360 2362
f 2361 2362 2363
f 2363 2362 2364
f 2364 2362 2365
f 2364 2365 2366
f 2366 2365 2367
f 2366 2367 2368
f 2368 2367 2369
f 2368 2369 2370
f 2370 2369 2371
f 2370 2371 2372
f 2372 2371 2373
f 2372 2373 2374
f 2374 2373 2375
f 2374 2375 2376
f 2376 2375 2377
f 2376 2377 2378
f 2378 2377 2379
f 2379 2377 2380
f 2379 2380 2381
f 2381 2380 2382
f 2381 2382 2383
f 2383 2382 2384
f 2383 2384 2385
f 2385 2384 2386
f 2385 2386 2387
f 2387 2386 2388
f 2387 2388 2389
f 2389 2388 2390
f 2389 2390 2391
f 2391 2390 2392
f 2391 2392 2393
f 2393 2392 2394
f 2394 2392 2395
f 2394 2395 2396
f 2396 2395 2397
f 2396 2397 2398
f 2398 2397 2399
f 2398 2399 2400
f 2400 2399 2401
f 2400 2401 2402
f 2402 2401 2403
f 2402 2403 2404
f 2404 2403 2405
f 2404 2405 2406
f 2406 2405 2407
f 2407 2405 2408
f 2407 2408 2409
f 2409 2408 2410
f 2409 2410 2411
f 2411 2410 2412
f 2411 2412 2413
f 2413 2412 2414
f 2413 2414 2415
f 2415 2414 2416
f 2415 2416 2417
f 2417 2416 2418
f 2417 2418 2419
f 2419 2418 2420
f 2419 2420 2421
f 2421 2420 2422
f 2422 2420 2423
f 2422 2423 2424
f 2424 2423 2425
f 2424 2425 2426
f 2426 2425 2427
f 2426 2427 2428
f 2428 2427 2429
f 2428 2429 2430
f 2430 2429 2001
f 2430 2001 2431
f 2431 2001 2002
f 2431 2002 2432
f 2432 2002 2433
f 2433 2002 2004
f 2433 2004 2434
f 2434 2004 2435
f 2435 2004 2006
f 2435 2006 2436
f 2436 2006 2008
f 2436 2008 2437
f 2437 2008 2438
f 2438 2008 2010
f 2438 2010 2439
f 2439 2010 2012
f 2439 2012 2440
f 2440 2012 2441
f 2441 2012 2014
f 2441 2014 2442
f 2442 2014 2016
f 2442 2016 2443
f 2443 2016 2444
f 2444 2016 2018
f 2444 2018 2445
f 2445 2018 2446
f 2446 2018 2020
f 2446 2020 2447
f 2447 2020 2022
f 2447 2022 2448
f 2448 2022 2449
f 2449 2022 2024
f 2449 2024 2450
f 2450 2024 2026
f 2450 2026 2451
f 2451 2026 2452
f 2452 2026 2028
f 2452 2028 2453
f 2453 2028 2030
f 2453 2030 2454
f 2454 2030 2455
f 2455 2030 2032
f 2455 2032 2456
f 2456 2032 2457
f 2456 2457 2458
f 2458 2457 2459
f 2459 2457 2460
f 2459 2460 2461
f 2461 2460 2462
f 2461 2462 2463
f 2463 2462 2464
f 2463 2464 2465
f 2465 2464 2466
f 2465 2466 2467
f 2467 2466 2468
f 2467 2468 2469
f 2469 2468 2470
f 2469 2470 2471
f 2471 2470 2472
f 2471 2472 2473
f 2473 2472 2474
f 2474 2472 2475
f 2474 2475 2476
f 2476 2475 2477
f 2476 2477 2478
f 2478 2477 2479
f 2478 2479 2480
f 2480 2479 2481
f 2480 2481 2482
f 2482 2481 2483
f 2482 2483 2484
f 2484 2483 2485
f 2484 2485 2486
f 2486 2485 2487
f 2486 2487 2488
f 2488 2487 2489
f 2489 2487 2490
f 2489 2490 2491
f 2491 2490 2492
f 2491 2492 2493
f 2493 2492 2494
f 2493 2494 2495
f 2495 2494 2496
f 2495 2496 2497
f 2497 2496 2498
f 2497 2498 2499
f 2499 2498 2500
f 2499 2500 2501
f 2501 2500 2502
f 2501 2502 2503
f 2503 2502 2504
f 2504 2502 2505
f 2504 2505 2506
f 2506 2505 2507
f 2506 2507 2508
f 2508 2507 2509
f 2508 2509 2510
f 2510 2509 2511
f 2510 2511 2512
f 2512 2511 2513
f 2512 2513 2514
f 2514 2513 2515
f 2514 2515 2516
f 2516 2515 2517
f 2516 2517 2518
f 2518 2517 2519
f 2519 2517 2520
f 2519 2520 2521
f 2521 2520 2522
f 2521 2522 2523
f 2523 2522 2524
f 2523 2524 2525
f 2525 2524 2526
f 2525 2526 2527
f 2527 2526 2528
f 2527 2528 2529
f 2529 2528 2530
f 2529 2530 2531
f 2531 2530 2532
f 2532 2530 2533
f 2532 2533 2534
f 2534 2533 2535
f 2534 2535 2536
f 2536 2535 2537
f 2536 2537 2538
f 2538 2537 2539
f 2538 2539 2540
f 2540 2539 2541
f 2540 2541 2542
f 2542 2541 2543
f 2542 2543 2544
f 2544 2543 2545
f 2544 2545 2546
f 2546 2545 2547
f 2547 2545 2548
f 2547 2548 2549
f 2549 2548 2550
f 2549 2550 2551
f 2551 2550 2552
f 2551 2552 2553
f 2553 2552 2554
f 2553 2554 2555
f 2555 2554 2556
f 2555 2556 2557
f 2557 2556 2558
f 2557 2558 2559
f 2559 2558 2560
f 2559 2560 2561
f 2561 2560 2562
f 2562 2560 2563
f 2562 2563 2564
f 2564 2563 2565
f 2564 2565 2566
f 2566 2565 2567
f 2566 2567 2568
f 2568 2567 2569
f 2568 2569 2570
f 2570 2569 2571
f 2570 2571 2572
f 2572 2571 2573
f 2572 2573 2574
f 2574 2573 2575
f 2574 2575 2576
f 2576 2575 2577
f 2577 2575 2578
f 2577 2578 2579
f 2579 2578 2580
f 2579 2580 2581
f 2581 2580 2582
f 2581 2582 2583
f 2583 2582 2584
f 2583 2584 2585
f 2585 2584 2586
f 2585 2586 2587
f 2587 2586 2588
f 2587 2588 2589
f 2589 2588 2590
f 2589 2590 2591
f 2591 2590 2592
f 2592 2590 1967
f 2592 1967 2593
f 2593 1967 1968
f 2593 1968 2594
f 2594 1968 1970
f 2594 1970 2595
f 2595 1970 2596
f 2596 1970 1972
f 2596 1972 2597
f 2597 1972 2598
f 2598 1972 1974
f 2598 1974 2599
f 2599 1974 1976
f 2599 1976 2600
f 2600 1976 2601
f 2601 1976 1978
f 2601 1978 2602
f 2602 1978 1980
f 2602 1980 2603
f 2603 1980 2604
f 2604 1980 1982
f 2604 1982 2605
f 2605 1982 2606
f 2606 1982 1984
f 2606 1984 2607
f 2607 1984 1986
f 2607 1986 2608
f 2608 1986 2609
f 2609 1986 1988
f 2609 1988 2610
f 2610 1988 1990
f 2610 1990 2611
f 2611 1990 2612
f 2612 1990 1992
f 2612 1992 2613
f 2613 1992 1994
f 2613 1994 2614
f 2614 1994 2615
f 2615 1994 1996
f 2615 1996 2616
f 2616 1996 2617
f 2617 1996 1998
f 2617 1998 2618
f 2618 1998 2619
f 2618 2619 2620
f 2620 2619 2621
f 2620 2621 2622
f 2622 2621 2623
f 2622 2623 2624
f 2624 2623 2625
f 2624 2625 2626
f 2626 2625 2627
f 2626 2627 2628
f 2628 2627 2629
f 2629 2627 2630
f 2629 2630 2631
f 2631 2630 2632
f 2631 2632 2633
f 2633 2632 2634
f 2633 2634 2635
f 2635 2634 2636
f 2635 2636 2637
f 2637 2636 2638
f 2637 2638 2639
f 2639 2638 2640
f 2639 2640 2641
f 2641 2640 2642
f 2641 2642 2643
f 2643 2642 2644
f 2644 2642 2645
f 2644 2645 2646
f 2646 2645 2647
f 2646 2647 2648
f 2648 2647 2649
f 2648 2649 2650
f 2650 2649 2651
f 2650 2651 2652
f 2652 2651 2653
f 2652 2653 2654
f 2654 2653 2655
f 2654 2655 2656
f 2656 2655 2657
f 2656 2657 2658
f 2658 2657 2659
f 2659 2657 2660
f 2659 2660 2661
f 2661 2660 2662
f 2661 2662 2663
f 2663 2662 2664
f 2663 2664 2665
f 2665 2664 2666
f 2665 2666 2667
f 2667 2666 2668
f 2667 2668 2669
f 2669 2668 2670
f 2669 2670 2671
f 2671 2670 2672
f 2672 2670 2673
f 2672 2673 2674
f 2674 2673 2675
f 2674 2675 2676
f 2676 2675 2677
f 2676 2677 2678
f 2678 2677 2679
f 2678 2679 2680
f 2680 2679 2681
f 2680 2681 2682
f 2682 2681 2683
f 2682 2683 2684
f 2684 2683 2685
f 2684 2685 2686
f 2686 2685 2687
f 2687 2685 2688
f 2687 2688 2689
f 2689 2688 2690
f 2689 2690 2691
f 2691 2690 2692
f 2691 2692 2693
f 2693 2692 2694
f 2693 2694 2695
f 2695 2694 2696
f 2695 2696 2697
f 2697 2696 2698
f 2697 2698 2699
f 2699 2698 2700
f 2699 2700 2701
f 2701 2700 2702
f 2702 2700 2703
f 2702 2703 2704
f 2704 2703 2705
f 2704 2705 2706
f 2706 2705 2707
f 2706 2707 2708
f 2708 2707 2709
f 2708 2709 2710
f 2710 2709 2711
f 2710 2711 2712
f 2712 2711 2713
f 2712 2713 2714
f 2714 2713 2715
f 2714 2715 2716
f 2716 2715 2717
f 2717 2715 2718
f 2717 2718 2719
f 2719 2718 2720
f 2719 2720 2721
f 2721 2720 2722
f 2721 2722 2723
f 2723 2722 2724
f 2723 2724 2725
f 2725 2724 2726
f 2725 2726 2727
f 2727 2726 2728
f 2727 2728 2729
f 2729 2728 2730
f 2729 2730 2731
f 2731 2730 2732
f 2732 2730 2733
f 2732 2733 2734
f 2734 2733 2735
f 2734 2735 2736
f 2736 2735 2737
f 2736 2737 2738
f 2738 2737 2739
f 2738 2739 2740
f 2740 2739 2741
f 2740 2741 2742
f 2742 2741 2743
f 2742 2743 2744
f 2744 2743 2745
f 2744 2745 2746
f 2746 2745 2747
f 2747 2745 2748
f 2747 2748 2749
f 2749 2748 2750
f 2749 2750 2751
f 2751 2750 2752
f 2751 2752 2753
f 2753 2752 1933
f 2753 1933 2754
f 2754 1933 1934
f 2754 1934 2755
f 2755 1934 2756
f 2756 1934 1936
f 2756 1936 2757
f 2757 1936 2758
f 2758 1936 1938
f 2758 1938 2759
f 2759 1938 1940
f 2759 1940 2760
f 2760 1940 2761
f 2761 1940 1942
f 2761 1942 2762
f 2762 1942 1944
f 2762 1944 2763
f 2763 1944 2764
f 2764 1944 1946
f 2764 1946 2765
f 2765 1946 1948
f 2765 1948 2766
f 2766 1948 2767
f 2767 1948 1950
f 2767 1950 2768
f 2768 1950 2769
f 2769 1950 1952
f 2769 1952 2770
f 2770 1952 1954
f 2770 1954 2771
f 2771 1954 2772
f 2772 1954 1956
f 2772 1956 2773
f 2773 1956 1958
f 2773 1958 2774
f 2774 1958 2775
f 2775 1958 1960
f 2775 1960 2776
f 2776 1960 1962
f 2776 1962 2777
f 2777 1962 2778
f 2778 1962 1964
f 2778 1964 2779
f 2779 1964 2780
f 2779 2780 2781
f 2781 2780 2782
f 2781 2782 2783
f 2783 2782 2784
f 2784 2782 2785
f 2784 2785 2786
f 2786 2785 2787
f 2786 2787 2788
f 2788 2787 2789
f 2788 2789 2790
f 2790 2789 2791
f 2790 2791 2792
f 2792 2791 2793
f 2792 2793 2794
f 2794 2793 2795
f 2794 2795 2796
f 2796 2795 2797
f 2797 2795 2798
f 2797 2798 2799
f 2799 2798 2800
f 2799 2800 2801
f 2801 2800 2802
f 2801 2802 2803
f 2803 2802 2804
f 2803 2804 2805
f 2805 2804 2806
f 2805 2806 2807
f 2807 2806 2808
f 2807 2808 2809
f 2809 2808 2810
f 2809 2810 2811
f 2811 2810 2812
f 2812 2810 2813
f 2812 2813 2814
f 2814 2813 2815
f 2814 2815 2816
f 2816 2815 2817
f 2816 2817 2818
f 2818 2817 2819
f 2818 2819 2820
f 2820 2819 2821
f 2820 2821 2822
f 2822 2821 2823
f 2822 2823 2824
f 2824 2823 2825
f 2824 2825 2826
f 2826 2825 2827
f 2827 2825 2828
f 2827 2828 2829
f 2829 2828 2830
f 2829 2830 2831
f 2831 2830 2832
f 2831 2832 2833
f 2833 2832 2834
f 2833 2834 2835
f 2835 2834 2836
f 2835 2836 2837
f 2837 2836 2838
f 2837 2838 2839
f 2839 2838 2840
f 2839 2840 2841
f 2841 2840 2842
f 2842 2840 2843
f 2842 2843 2844
f 2844 2843 2845
f 2844 2845 2846
f 2846 2845 2847
f 2846 2847 2848
f 2848 2847 2849
f 2848 2849 2850
f 2850 2849 2851
f 2850 2851 2852
f 2852 2851 2853
f 2852 2853 2854
f 2854 2853 2855
f 2854 2855 2856
f 2856 2855 2857
f 2857 2855 2858
f 2857 2858 2859
f 2859 2858 2860
f 2859 2860 2861
f 2861 2860 2862
f 2861 2862 2863
f 2863 2862 2864
f 2863 2864 2865
f 2865 2864 2866
f 2865 2866 2867
f 2867 2866 2868
f 2867 2868 2869
f 2869 2868 2870
f 2869 2870 2871
f 2871 2870 2872
f 2872 2870 2873
f 2872 2873 2874
f 2874 2873 2875
f 2874 2875 2876
f 2876 2875 2877
f 2876 2877 2878
f 2878 2877 2879
f 2878 2879 2880
f 2880 2879 2881
f 2880 2881 2882
f 2882 2881 2883
f 2882 2883 2884
f 2884 2883 2885
f 2884 2885 2886
f 2886 2885 2887
f 2887 2885 2888
f 2887 2888 2889
f 2889 2888 2890
f 2889 2890 2891
f 2891 2890 2892
f 2891 2892 2893
f 2893 2892 2894
f 2893 2894 2895
f 2895 2894 2896
f 2895 2896 2897
f 2897 2896 2898
f 2897 2898 2899
f 2897 2899 2900
f 2900 2899 2901
f 2900 2901 2902
f 2902 2901 2903
f 2902 2903 2904
f 2905 2906 2904
f 2904 2906 2907
f 2904 2907 2902
f 2906 2905 2908
f 2908 2905 2909
f 2908 2909 2910
f 2910 2909 2911
f 2910 2911 2912
f 2912 2911 1891
f 2912 1891 2913
f 2913 1891 1893
f 2913 1893 2914
f 2914 1893 2915
f 2915 1893 1895
f 2915 1895 2916
f 2916 1895 1897
f 2916 1897 2917
f 2917 1897 1899
f 2917 1899 2918
f 2918 1899 2919
f 2919 1899 1901
f 2919 1901 2920
f 2920 1901 1903
f 2920 1903 2921
f 2921 1903 1904
f 2921 1904 2922
f 2922 1904 1906
f 2922 1906 2923
f 2923 1906 2924
f 2924 1906 1908
f 2924 1908 2925
f 2925 1908 1910
f 2925 1910 2926
f 2926 1910 1912
f 2926 1912 2927
f 2927 1912 2928
f 2928 1912 1914
f 2928 1914 2929
f 2929 1914 1915
f 2929 1915 2930
f 2930 1915 1917
f 2930 1917 2931
f 2931 1917 1919
f 2931 1919 2932
f 2932 1919 1921
f 2108 2110 2933
f 2933 2110 2934
f 2933 2934 2935
f 2935 2934 2936
f 2935 2936 2937
f 2937 2936 2938
f 2937 2938 2939
f 2939 2938 2940
f 2939 2940 2941
f 2941 2940 2942
f 2941 2942 2943
f 2943 2942 2944
f 2943 2944 2945
f 2945 2944 2946
f 2945 2946 2947
f 2947 2946 2948
f 2947 2948 2949
f 2949 2948 2950
f 2949 2950 2951
f 2951 2950 2952
f 2951 2952 2953
f 2953 2952 2954
f 2953 2954 2955
f 2955 2954 2956
f 2955 2956 2957
f 2957 2956 2958
f 2957 2958 2959
f 2959 2958 2960
f 2959 2960 2961
f 2961 2960 2962
f 2961 2962 2963
f 2963 2962 2964
f 2963 2964 2965
f 2965 2964 2966
f 2965 2966 2967
f 2967 2966 2968
f 2967 2968 2969
f 2969 2968 2970
f 2969 2970 2971
f 2971 2970 2972
f 2971 2972 2973
f 2973 2972 2974
f 2973 2974 2975
f 2975 2974 2976
f 2975 2976 2977
f 2977 2976 2978
f 2977 2978 2979
f 2979 2978 2980
f 2979 2980 2981
f 2981 2980 2982
f 2981 2982 2983
f 2983 2982 2984
f 2983 2984 2985
f 2067 2986 2068
f 2068 2986 2987
f 2068 2987 2988
f 2988 2987 2989
f 2988 2989 2990
f 2990 2989 2991
f 2990 2991 2992
f 2992 2991 2993
f 2992 2993 2994
f 2994 2993 2995
f 2994 2995 2996
f 2996 2995 2997
f 2996 2997 2998
f 2998 2997 2999
f 2998 2999 3000
f 3000 2999 3001
f 3000 3001 3002
f 3002 3001 3003
f 3002 3003 3004
f 3002 3004 3005
f 3005 3004 3006
f 3005 3006 3007
f 3007 3006 3008
f 3007 3008 3009
f 3009 3008 3010
f 3009 3010 3011
f 3011 3010 3012
f 3011 3012 3013
f 3013 3012 3014
f 3013 3014 3015
f 3015 3014 3016
f 3015 3016 3017
f 3017 3016 3018
f 3017 3018 3019
f 3019 3018 3020
f 3019 3020 3021
f 3019 3021 3022
f 3022 3021 3023
f 3022 3023 3024
f 3024 3023 3025
f 3024 3025 3026
f 3026 3025 3027
f 3026 3027 3028
f 3028 3027 3029
f 3028 3029 3030
f 3030 3029 3031
f 3030 3031 3032
f 3032 3031 3033
f 3032 3033 3034
f 3032 3034 3035
f 3035 3034 3036
f 3035 3036 3037
f 3037 3036 3038
f 3037 3038 3039
f 3039 3038 3040
f 3039 3040 3041
f 3041 3040 3042
f 3041 3042 3043
f 3043 3042 3044
f 3044 3042 3045
f 3044 3045 3046
f 3046 3045 3047
f 3046 3047 3048
f 3048 3047 3049
f 3049 3047 3050
f 3049 3050 3051
f 3051 3050 3052
f 3051 3052 3053
f 3053 3052 3054
f 3054 3052 3055
f 3054 3055 3056
f 3056 3055 3057
f 3056 3057 3058
f 3058 3057 3059
f 3059 3057 3060
f 3059 3060 3061
f 3061 3060 3062
f 3061 3062 3063
f 3063 3062 3064
f 3064 3062 3065
f 3064 3065 3066
f 3066 3065 3067
f 3067 3065 3068
f 3067 3068 3069
f 3069 3068 3070
f 3069 3070 3071
f 3071 3070 3072
f 3071 3072 3073
f 3073 3072 3074
f 3073 3074 3075
f 3073 3075 3076
f 3076 3075 3077
f 3076 3077 3078
f 3078 3077 3079
f 3078 3079 3080
f 3080 3079 3081
f 3080 3081 3082
f 3082 3081 3083
f 3082 3083 3084
f 3084 3083 3085
f 3084 3085 3086
f 3086 3085 3087
f 3086 3087 3088
f 3086 3088 3089
f 3089 3088 3090
f 3089 3090 3091
f 3091 3090 3092
f 3091 3092 3093
f 3093 3092 3094
f 3093 3094 3095
f 3095 3094 3096
f 3095 3096 3097
f 3097 3096 3098
f 3097 3098 3099
f 3099 3098 3100
f 3099 3100 3101
f 3101 3100 3102
f 3101 3102 3103
f 3101 3103 3104
f 3104 3103 3105
f 3104 3105 3106
f 3106 3105 3107
f 3106 3107 3108
f 3108 3107 3109
f 3108 3109 3110
f 3110 3109 3111
f 3110 3111 3112
f 3112 3111 3113
f 3112 3113 1929
f 1929 3113 3114
f 1929 3114 3115
f 1929 3115 1927
f 1927 3115 3116
f 1927 3116 1926
f 1963 3117 1964
f 1964 3117 2780
f 2780 3117 3118
f 2780 3118 2782
f 2782 3118 3119
f 2782 3119 2785
f 2785 3119 3120
f 2785 3120 2787
f 2787 3120 3121
f 2787 3121 2789
f 2789 3121 3122
f 2789 3122 2791
f 2791 3122 3123
f 2791 3123 2793
f 2793 3123 3124
f 2793 3124 2795
f 2795 3124 3125
f 2795 3125 2798
f 2798 3125 3126
f 2798 3126 2800
f 2800 3126 3127
f 2800 3127 2802
f 2802 3127 3128
f 2802 3128 2804
f 2804 3128 3129
f 2804 3129 2806
f 2806 3129 3130
f 2806 3130 2808
f 2808 3130 3131
f 2808 3131 2810
f 2810 3131 3132
f 2810 3132 2813
f 2813 3132 3133
f 2813 3133 2815
f 2815 3133 3134
f 2815 3134 2817
f 2817 3134 3135
f 2817 3135 2819
f 2819 3135 3136
f 2819 3136 2821
f 2821 3136 3137
f 2821 3137 2823
f 2823 3137 3138
f 2823 3138 2825
f 2825 3138 3139
f 2825 3139 2828
f 2828 3139 3140
f 2828 3140 2830
f 2830 3140 3141
f 2830 3141 2832
f 2832 3141 3142
f 2832 3142 2834
f 2834 3142 3143
f 2834 3143 2836
f 2836 3143 3144
f 2836 3144 2838
f 2838 3144 3145
f 2838 3145 2840
f 2840 3145 3146
f 2840 3146 2843
f 2843 3146 3147
f 2843 3147 2845
f 2845 3147 3148
f 2845 3148 2847
f 2847 3148 3149
f 2847 3149 2849
f 2849 3149 3150
f 2849 3150 2851
f 2851 3150 3151
f 2851 3151 2853
f 2853 3151 3152
f 2853 3152 2855
f 2855 3152 3153
f 2855 3153 2858
f 2858 3153 3154
f 2858 3154 2860
f 2860 3154 3155
f 2860 3155 2862
f 2862 3155 3156
f 2862 3156 2864
f 2864 3156 3157
f 2864 3157 2866
f 2866 3157 3158
f 2866 3158 2868
f 2868 3158 3159
f 2868 3159 2870
f 2870 3159 3160
f 2870 3160 2873
f 2873 3160 3161
f 2873 3161 2875
f 2875 3161 3162
f 2875 3162 2877
f 2877 3162 3163
f 2877 3163 2879
f 2879 3163 3164
f 2879 3164 2881
f 2881 3164 3165
f 2881 3165 2883
f 2883 3165 3166
f 2883 3166 2885
f 2885 3166 3167
f 2885 3167 2888
f 2888 3167 3168
f 2888 3168 2890
f 2890 3168 3169
f 2890 3169 2892
f 2892 3169 3170
f 2892 3170 2894
f 2894 3170 3171
f 2894 3171 2896
f 2896 3171 3172
f 2896 3172 2898
f 2898 3172 3173
f 2898 3173 2899
f 2899 3173 3174
f 2899 3174 2901
f 2901 3174 3175
f 2901 3175 2903
f 2903 3175 3176
f 2903 3176 2904
f 2904 3176 3177
f 2904 3177 2905
f 2905 3177 3178
f 2905 3178 2909
f 2909 3178 3179
f 2909 3179 2911
f 2911 3179 1892
f 2911 1892 1891
f 1997 3180 1998
f 1998 3180 2619
f 2619 3180 3181
f 2619 3181 2621
f 2621 3181 3182
f 2621 3182 2623
f 2623 3182 3183
f 2623 3183 2625
f 2625 3183 3184
f 2625 3184 2627
f 2627 3184 3185
f 2627 3185 2630
f 2630 3185 3186
f 2630 3186 2632
f 2632 3186 3187
f 2632 3187 2634
f 2634 3187 3188
f 2634 3188 2636
f 2636 3188 3189
f 2636 3189 2638
f 2638 3189 3190
f 2638 3190 2640
f 2640 3190 3191
f 2640 3191 2642
f 2642 3191 3192
f 2642 3192 2645
f 2645 3192 3193
f 2645 3193 2647
f 2647 3193 3194
f 2647 3194 2649
f 2649 3194 3195
f 2649 3195 2651
f 2651 3195 3196
f 2651 3196 2653
f 2653 3196 3197
f 2653 3197 2655
f 2655 3197 3198
f 2655 3198 2657
f 2657 3198 3199
f 2657 3199 2660
f 2660 3199 3200
f 2660 3200 2662
f 2662 3200 3201
f 2662 3201 2664
f 2664 3201 3202
f 2664 3202 2666
f 2666 3202 3203
f 2666 3203 2668
f 2668 3203 3204
f 2668 3204 2670
f 2670 3204 3205
f 2670 3205 2673
f 2673 3205 3206
f 2673 3206 2675
f 2675 3206 3207
f 2675 3207 2677
f 2677 3207 3208
f 2677 3208 2679
f 2679 3208 3209
f 2679 3209 2681
f 2681 3209 3210
f 2681 3210 2683
f 2683 3210 3211
f 2683 3211 2685
f 2685 3211 3212
f 2685 3212 2688
f 2688 3212 3213
f 2688 3213 2690
f 2690 3213 3214
f 2690 3214 2692
f 2692 3214 3215
f 2692 3215 2694
f 2694 3215 3216
f 2694 3216 2696
f 2696 3216 3217
f 2696 3217 2698
f 2698 3217 3218
f 2698 3218 2700
f 2700 3218 3219
f 2700 3219 2703
f 2703 3219 3220
f 2703 3220 2705
f 2705 3220 3221
f 2705 3221 2707
f 2707 3221 3222
f 2707 3222 2709
f 2709 3222 3223
f 2709 3223 2711
f 2711 3223 3224
f 2711 3224 2713
f 2713 3224 3225
f 2713 3225 2715
f 2715 3225 3226
f 2715 3226 2718
f 2718 3226 3227
f 2718 3227 2720
f 2720 3227 3228
f 2720 3228 2722
f 2722 3228 3229
f 2722 3229 2724
f 2724 3229 3230
f 2724 3230 2726
f 2726 3230 3231
f 2726 3231 2728
f 2728 3231 3232
f 2728 3232 2730
f 2730 3232 3233
f 2730 3233 2733
f 2733 3233 3234
f 2733 3234 2735
f 2735 3234 3235
f 2735 3235 2737
f 2737 3235 3236
f 2737 3236 2739
f 2739 3236 3237
f 2739 3237 2741
f 2741 3237 3238
f 2741 3238 2743
f 2743 3238 3239
f 2743 3239 2745
f 2745 3239 3240
f 2745 3240 2748
f 2748 3240 3241
f 2748 3241 2750
f 2750 3241 3242
f 2750 3242 2752
f 2752 3242 1931
f 2752 1931 1933
f 2031 3243 2032
f 2032 3243 2457
f 2457 3243 3244
f 2457 3244 2460
f 2460 3244 3245
f 2460 3245 2462
f 2462 3245 3246
f 2462 3246 2464
f 2464 3246 3247
f 2464 3247 2466
f 2466 3247 3248
f 2466 3248 2468
f 2468 3248 3249
f 2468 3249 2470
f 2470 3249 3250
f 2470 3250 2472
f 2472 3250 3251
f 2472 3251 2475
f 2475 3251 3252
f 2475 3252 2477
f 2477 3252 3253
f 2477 3253 2479
f 2479 3253 3254
f 2479 3254 2481
f 2481 3254 3255
f 2481 3255 2483
f 2483 3255 3256
f 2483 3256 2485
f 2485 3256 3257
f 2485 3257 2487
f 2487 3257 3258
f 2487 3258 2490
f 2490 3258 3259
f 2490 3259 2492
f 2492 3259 3260
f 2492 3260 2494
f 2494 3260 3261
f 2494 3261 2496
f 2496 3261 3262
f 2496 3262 2498
f 2498 3262 3263
f 2498 3263 2500
f 2500 3263 3264
f 2500 3264 2502
f 2502 3264 3265
f 2502 3265 2505
f 2505 3265 3266
f 2505 3266 2507
f 2507 3266 3267
f 2507 3267 2509
f 2509 3267 3268
f 2509 3268 2511
f 2511 3268 3269
f 2511 3269 2513
f 2513 3269 3270
f 2513 3270 2515
f 2515 3270 3271
f 2515 3271 2517
f 2517 3271 3272
f 2517 3272 2520
f 2520 3272 3273
f 2520 3273 2522
f 2522 3273 3274
f 2522 3274 2524
f 2524 3274 3275
f 2524 3275 2526
f 2526 3275 3276
f 2526 3276 2528
f 2528 3276 3277
f 2528 3277 2530
f 2530 3277 3278
f 2530 3278 2533
f 2533 3278 3279
f 2533 3279 2535
f 2535 3279 3280
f 2535 3280 2537
f 2537 3280 3281
f 2537 3281 2539
f 2539 3281 3282
f 2539 3282 2541
f 2541 3282 3283
f 2541 3283 2543
f 2543 3283 3284
f 2543 3284 2545
f 2545 3284 3285
f 2545 3285 2548
f 2548 3285 3286
f 2548 3286 2550
f 2550 3286 3287
f 2550 3287 2552
f 2552 3287 3288
f 2552 3288 2554
f 2554 3288 3289
f 2554 3289 2556
f 2556 3289 3290
f 2556 3290 2558
f 2558 3290 3291
f 2558 3291 2560
f 2560 3291 3292
f 2560 3292 2563
f 2563 3292 3293
f 2563 3293 2565
f 2565 3293 3294
f 2565 3294 2567
f 2567 3294 3295
f 2567 3295 2569
f 2569 3295 3296
f 2569 3296 2571
f 2571 3296 3297
f 2571 3297 2573
f 2573 3297 3298
f 2573 3298 2575
f 2575 3298 3299
f 2575 3299 2578
f 2578 3299 3300
f 2578 3300 2580
f 2580 3300 3301
f 2580 3301 2582
f 2582 3301 3302
f 2582 3302 2584
f 2584 3302 3303
f 2584 3303 2586
f 2586 3303 3304
f 2586 3304 2588
f 2588 3304 3305
f 2588 3305 2590
f 2590 3305 1965
f 2590 1965 1967
f 2065 3306 2066
f 2066 3306 2296
f 2296 3306 3307
f 2296 3307 2298
f 2298 3307 3308
f 2298 3308 2300
f 2300 3308 3309
f 2300 3309 2302
f 2302 3309 3310
f 2302 3310 2305
f 2305 3310 3311
f 2305 3311 2307
f 2307 3311 3312
f 2307 3312 2309
f 2309 3312 3313
f 2309 3313 2311
f 2311 3313 3314
f 2311 3314 2313
f 2313 3314 3315
f 2313 3315 2315
f 2315 3315 3316
f 2315 3316 2317
f 2317 3316 3317
f 2317 3317 2320
f 2320 3317 3318
f 2320 3318 2322
f 2322 3318 3319
f 2322 3319 2324
f 2324 3319 3320
f 2324 3320 2326
f 2326 3320 3321
f 2326 3321 2328
f 2328 3321 3322
f 2328 3322 2330
f 2330 3322 3323
f 2330 3323 2332
f 2332 3323 3324
f 2332 3324 2335
f 2335 3324 3325
f 2335 3325 2337
f 2337 3325 3326
f 2337 3326 2339
f 2339 3326 3327
f 2339 3327 2341
f 2341 3327 3328
f 2341 3328 2343
f 2343 3328 3329
f 2343 3329 2345
f 2345 3329 3330
f 2345 3330 2347
f 2347 3330 3331
f 2347 3331 2350
f 2350 3331 3332
f 2350 3332 2352
f 2352 3332 3333
f 2352 3333 2354
f 2354 3333 3334
f 2354 3334 2356
f 2356 3334 3335
f 2356 3335 2358
f 2358 3335 3336
f 2358 3336 2360
f 2360 3336 3337
f 2360 3337 2362
f 2362 3337 3338
f 2362 3338 2365
f 2365 3338 3339
f 2365 3339 2367
f 2367 3339 3340
f 2367 3340 2369
f 2369 3340 3341
f 2369 3341 2371
f 2371 3341 3342
f 2371 3342 2373
f 2373 3342 3343
f 2373 3343 2375
f 2375 3343 3344
f 2375 3344 2377
f 2377 3344 3345
f 2377 3345 2380
f 2380 3345 3346
f 2380 3346 2382
f 2382 3346 3347
f 2382 3347 2384
f 2384 3347 3348
f 2384 3348 2386
f 2386 3348 3349
f 2386 3349 2388
f 2388 3349 3350
f 2388 3350 2390
f 2390 3350 3351
f 2390 3351 2392
f 2392 3351 3352
f 2392 3352 2395
f 2395 3352 3353
f 2395 3353 2397
f 2397 3353 3354
f 2397 3354 2399
f 2399 3354 3355
f 2399 3355 2401
f 2401 3355 3356
f 2401 3356 2403
f 2403 3356 3357
f 2403 3357 2405
f 2405 3357 3358
f 2405 3358 2408
f 2408 3358 3359
f 2408 3359 2410
f 2410 3359 3360
f 2410 3360 2412
f 2412 3360 3361
f 2412 3361 2414
f 2414 3361 3362
f 2414 3362 2416
f 2416 3362 3363
f 2416 3363 2418
f 2418 3363 3364
f 2418 3364 2420
f 2420 3364 3365
f 2420 3365 2423
f 2423 3365 3366
f 2423 3366 2425
f 2425 3366 3367
f 2425 3367 2427
f 2427 3367 3368
f 2427 3368 2429
f 2429 3368 1999
f 2429 1999 2001
f 2073 3369 2071
f 2071 3369 2134
f 2134 3369 3370
f 2134 3370 2137
f 2137 3370 3371
f 2137 3371 2139
f 2139 3371 3372
f 2139 3372 2141
f 2141 3372 3373
f 2141 3373 2143
f 2143 3373 3374
f 2143 3374 2145
f 2145 3374 3375
f 2145 3375 2147
f 2147 3375 3376
f 2147 3376 2150
f 2150 3376 3377
f 2150 3377 2152
f 2152 3377 3378
f 2152 3378 2154
f 2154 3378 3379
f 2154 3379 2156
f 2156 3379 3380
f 2156 3380 2158
f 2158 3380 3381
f 2158 3381 2160
f 2160 3381 3382
f 2160 3382 2162
f 2162 3382 3383
f 2162 3383 2165
f 2165 3383 3384
f 2165 3384 2167
f 2167 3384 3385
f 2167 3385 2169
f 2169 3385 3386
f 2169 3386 2171
f 2171 3386 3387
f 2171 3387 2173
f 2173 3387 3388
f 2173 3388 2175
f 2175 3388 3389
f 2175 3389 2177
f 2177 3389 3390
f 2177 3390 2180
f 2180 3390 3391
f 2180 3391 2182
f 2182 3391 3392
f 2182 3392 2184
f 2184 3392 3393
f 2184 3393 2186
f 2186 3393 3394
f 2186 3394 2188
f 2188 3394 3395
f 2188 3395 2190
f 2190 3395 3396
f 2190 3396 2192
f 2192 3396 3397
f 2192 3397 2195
f 2195 3397 3398
f 2195 3398 2197
f 2197 3398 3399
f 2197 3399 2199
f 2199 3399 3400
f 2199 3400 2201
f 2201 3400 3401
f 2201 3401 2203
f 2203 3401 3402
f 2203 3402 2205
f 2205 3402 3403
f 2205 3403 2207
f 2207 3403 3404
f 2207 3404 2210
f 2210 3404 3405
f 2210 3405 2212
f 2212 3405 3406
f 2212 3406 2214
f 2214 3406 3407
f 2214 3407 2216
f 2216 3407 3408
f 2216 3408 2218
f 2218 3408 3409
f 2218 3409 2220
f 2220 3409 3410
f 2220 3410 2222
f 2222 3410 3411
f 2222 3411 2225
f 2225 3411 3412
f 2225 3412 2227
f 2227 3412 3413
f 2227 3413 2229
f 2229 3413 3414
f 2229 3414 2231
f 2231 3414 3415
f 2231 3415 2233
f 2233 3415 3416
f 2233 3416 2235
f 2235 3416 3417
f 2235 3417 2237
f 2237 3417 3418
f 2237 3418 2240
f 2240 3418 3419
f 2240 3419 2242
f 2242 3419 3420
f 2242 3420 2244
f 2244 3420 3421
f 2244 3421 2246
f 2246 3421 3422
f 2246 3422 2248
f 2248 3422 3423
f 2248 3423 2250
f 2250 3423 3424
f 2250 3424 2252
f 2252 3424 3425
f 2252 3425 2255
f 2255 3425 3426
f 2255 3426 2257
f 2257 3426 3427
f 2257 3427 2259
f 2259 3427 3428
f 2259 3428 2261
f 2261 3428 3429
f 2261 3429 2263
f 2263 3429 3430
f 2263 3430 2265
f 2265 3430 3431
f 2265 3431 2267
f 2267 3431 2033
f 2267 2033 2035
f 2068 2988 2070
f 2070 2988 3432
f 3432 2988 2990
f 3432 2990 3433
f 3433 2990 2992
f 3433 2992 3434
f 3434 2992 2994
f 3434 2994 3435
f 3435 2994 2996
f 3435 2996 3436
f 3436 2996 2998
f 3436 2998 3437
f 3437 2998 3000
f 3437 3000 3438
f 3438 3000 3002
f 3438 3002 3439
f 3439 3002 3005
f 3439 3005 3440
f 3440 3005 3007
f 3440 3007 3441
f 3441 3007 3009
f 3441 3009 3442
f 3442 3009 3011
f 3442 3011 3443
f 3443 3011 3013
f 3443 3013 3444
f 3444 3013 3015
f 3444 3015 3445
f 3445 3015 3017
f 3445 3017 3446
f 3446 3017 3019
f 3446 3019 3447
f 3447 3019 3022
f 3447 3022 3448
f 3448 3022 3024
f 3448 3024 3449
f 3449 3024 3026
f 3449 3026 3450
f 3450 3026 3028
f 3450 3028 3451
f 3451 3028 3030
f 3451 3030 3452
f 3452 3030 3032
f 3452 3032 3453
f 3453 3032 3035
f 3453 3035 3454
f 3454 3035 3037
f 3454 3037 3455
f 3455 3037 3039
f 3455 3039 3456
f 3456 3039 3041
f 3456 3041 3457
f 3457 3041 3043
f 3457 3043 3458
f 3458 3043 3044
f 3458 3044 3459
f 3459 3044 3046
f 3459 3046 3460
f 3460 3046 3048
f 3460 3048 3461
f 3461 3048 3049
f 3461 3049 3462
f 3462 3049 3051
f 3462 3051 3463
f 3463 3051 3053
f 3463 3053 3464
f 3464 3053 3054
f 3464 3054 3465
f 3465 3054 3056
f 3465 3056 3466
f 3466 3056 3058
f 3466 3058 3467
f 3467 3058 3059
f 3467 3059 3468
f 3468 3059 3061
f 3468 3061 3469
f 3469 3061 3063
f 3469 3063 3470
f 3470 3063 3064
f 3470 3064 3471
f 3471 3064 3066
f 3471 3066 3472
f 3472 3066 3067
f 3472 3067 3473
f 3473 3067 3069
f 3473 3069 3474
f 3474 3069 3071
f 3474 3071 3475
f 3475 3071 3073
f 3475 3073 3476
f 3476 3073 3076
f 3476 3076 3477
f 3477 3076 3078
f 3477 3078 3478
f 3478 3078 3080
f 3478 3080 3479
f 3479 3080 3082
f 3479 3082 3480
f 3480 3082 3084
f 3480 3084 3481
f 3481 3084 3086
f 3481 3086 3482
f 3482 3086 3089
f 3482 3089 3483
f 3483 3089 3091
f 3483 3091 3484
f 3484 3091 3093
f 3484 3093 3485
f 3485 3093 3095
f 3485 3095 3486
f 3486 3095 3097
f 3486 3097 3487
f 3487 3097 3099
f 3487 3099 3488
f 3488 3099 3101
f 3488 3101 3489
f 3489 3101 3104
f 3489 3104 3490
f 3490 3104 3106
f 3490 3106 3491
f 3491 3106 3108
f 3491 3108 3492
f 3492 3108 3110
f 3492 3110 3493
f 3493 3110 3112
f 3493 3112 3494
f 3494 3112 1929
f 3494 1929 1930
f 3495 3496 3497
f 3497 3496 3498
f 3497 3498 3499
f 3498 3496 3500
f 3500 3496 3501
f 3500 3501 3502
f 3502 3501 3503
f 3503 3501 3504
f 3503 3504 3505
f 3505 3504 3506
f 3505 3506 3507
f 3507 3506 3508
f 3507 3508 3509
f 3509 3508 3510
f 3510 3508 3511
f 3510 3511 3512
f 3512 3511 3513
f 3512 3513 3514
f 3514 3513 3515
f 3515 3513 3516
f 3515 3516 3517
f 3517 3516 3518
f 3517 3518 3519
f 3519 3518 3520
f 3519 3520 3521
f 3521 3520 3522
f 3522 3520 3523
f 3522 3523 3524
f 3524 3523 3525
f 3524 3525 3526
f 3526 3525 3527
f 3526 3527 3528
f 3528 3527 3529
f 3529 3527 3530
f 3529 3530 3531
f 3531 3530 3532
f 3531 3532 1925
f 1925 3532 1923
f 1923 3532 1922
f 1922 3532 1921
f 1921 3532 2932
f 2932 3532 3533
f 2932 3533 2931
f 2931 3533 3534
f 2931 3534 2930
f 2930 3534 3535
f 2930 3535 2929
f 2929 3535 2928
f 2928 3535 3536
f 2928 3536 2927
f 2927 3536 3537
f 2927 3537 2926
f 2926 3537 3538
f 2926 3538 2925
f 2925 3538 2924
f 2924 3538 3539
f 2924 3539 2923
f 2923 3539 3540
f 2923 3540 2922
f 2922 3540 2921
f 2921 3540 3541
f 2921 3541 2920
f 2920 3541 3542
f 2920 3542 2919
f 2919 3542 3543
f 2919 3543 2918
f 2918 3543 3544
f 2918 3544 3545
f 3546 2914 3545
f 3545 2914 2915
f 3545 2915 2916
f 2914 3546 2913
f 2913 3546 3547
f 2913 3547 2912
f 2912 3547 2910
f 2910 3547 3548
f 2910 3548 2908
f 2908 3548 3549
f 2908 3549 2906
f 2906 3549 2907
f 2907 3549 3550
f 2907 3550 2902
f 2902 3550 3551
f 2902 3551 2900
f 2900 3551 3552
f 2900 3552 2897
f 2897 3552 3553
f 2897 3553 3554
f 2897 3554 2895
f 2895 3554 3555
f 2895 3555 3556
f 3556 3555 3557
f 3556 3557 3558
f 3556 3558 3559
f 3559 3558 3560
f 3559 3560 3561
f 3561 3560 3562
f 3561 3562 3563
f 3563 3562 3564
f 3563 3564 3565
f 3562 3566 3564
f 3563 3565 3567
f 3567 3565 3568
f 3567 3568 3569
f 3570 3571 3569
f 3569 3571 3572
f 3569 3572 3567
f 3571 3573 3572
f 3572 3573 3574
f 3574 3573 3575
f 3574 3575 3576
f 3576 3575 3577
f 3576 3577 3578
f 3575 3579 3577
f 3576 3578 3580
f 3580 3578 3581
f 3580 3581 3582
f 3583 3584 3582
f 3582 3584 3585
f 3582 3585 3586
f 3584 3587 3585
f 3585 3587 3588
f 3588 3587 3589
f 3588 3589 3590
f 3590 3589 3591
f 3590 3591 3592
f 3589 3593 3591
f 3590 3592 3594
f 3594 3592 3595
f 3594 3595 3596
f 3597 3598 3596
f 3596 3598 3599
f 3596 3599 3594
f 3598 3600 3599
f 3599 3600 3601
f 3601 3600 3602
f 3601 3602 3603
f 3603 3602 3604
f 3603 3604 3605
f 3602 3606 3604
f 3603 3605 3607
f 3607 3605 3608
f 3607 3608 3609
f 3610 3611 3609
f 3609 3611 3612
f 3609 3612 3607
f 3611 3613 3612
f 3612 3613 3614
f 3614 3613 3615
f 3614 3615 3616
f 3616 3615 3617
f 3614 3616 3618
f 3618 3616 3619
f 3618 3619 3620
f 3618 3620 3621
f 3621 3620 3622
f 3621 3622 3623
f 3623 3622 3624
f 3621 3623 3625
f 3625 3623 3626
f 3625 3626 3627
f 3627 3626 3628
f 3627 3628 3629
f 3629 3628 3630
f 3629 3630 3631
f 3631 3630 3632
f 3631 3632 3633
f 3633 3632 3634
f 3633 3634 3499
f 3499 3634 3497
f 3628 3635 3630
f 3586 3580 3582
f 2916 2917 3545
f 3545 2917 2918
f 1925 1926 3531
f 3531 1926 3116
f 3531 3116 3115
f 3531 3115 3529
f 3529 3115 3114
f 3529 3114 3528
f 3528 3114 3113
f 3528 3113 3526
f 3526 3113 3111
f 3526 3111 3524
f 3524 3111 3109
f 3524 3109 3522
f 3522 3109 3107
f 3522 3107 3521
f 3521 3107 3105
f 3521 3105 3519
f 3519 3105 3103
f 3519 3103 3517
f 3517 3103 3102
f 3517 3102 3515
f 3515 3102 3100
f 3515 3100 3514
f 3514 3100 3098
f 3514 3098 3512
f 3512 3098 3096
f 3512 3096 3510
f 3510 3096 3094
f 3510 3094 3509
f 3509 3094 3092
f 3509 3092 3507
f 3507 3092 3090
f 3507 3090 3505
f 3505 3090 3088
f 3505 3088 3503
f 3503 3088 3087
f 3503 3087 3502
f 3502 3087 3085
f 3502 3085 3500
f 3500 3085 3083
f 3500 3083 3498
f 3498 3083 3081
f 3498 3081 3499
f 3499 3081 3079
f 3499 3079 3633
f 3633 3079 3077
f 3633 3077 3631
f 3631 3077 3075
f 3631 3075 3629
f 3629 3075 3074
f 3629 3074 3627
f 3627 3074 3072
f 3627 3072 3625
f 3625 3072 3070
f 3625 3070 3621
f 3621 3070 3068
f 3621 3068 3065
f 3621 3065 3618
f 3618 3065 3062
f 3618 3062 3614
f 2067 2069 2986
f 2986 2069 3636
f 2986 3636 2987
f 2987 3636 2989
f 2989 3636 3637
f 2989 3637 2991
f 2991 3637 3638
f 2991 3638 2993
f 2993 3638 2995
f 2995 3638 3639
f 2995 3639 2997
f 2997 3639 2999
f 2999 3639 3640
f 2999 3640 3001
f 3001 3640 3003
f 3003 3640 3641
f 3003 3641 3004
f 3004 3641 3006
f 3006 3641 3642
f 3006 3642 3008
f 3008 3642 3010
f 3010 3642 3643
f 3010 3643 3012
f 3012 3643 3644
f 3012 3644 3014
f 3014 3644 3016
f 3016 3644 3645
f 3016 3645 3018
f 3018 3645 3020
f 3020 3645 3646
f 3020 3646 3021
f 3021 3646 3023
f 3023 3646 3647
f 3023 3647 3025
f 3025 3647 3027
f 3027 3647 3648
f 3027 3648 3029
f 3029 3648 3031
f 3031 3648 3649
f 3031 3649 3033
f 3033 3649 3650
f 3033 3650 3034
f 3034 3650 3036
f 3036 3650 3586
f 3036 3586 3038
f 3038 3586 3040
f 3040 3586 3585
f 3040 3585 3042
f 3042 3585 3588
f 3614 3062 3612
f 3612 3062 3060
f 3612 3060 3607
f 3607 3060 3057
f 3607 3057 3603
f 3603 3057 3055
f 3603 3055 3601
f 3601 3055 3052
f 3601 3052 3599
f 3599 3052 3050
f 3599 3050 3594
f 3594 3050 3047
f 3594 3047 3590
f 3590 3047 3045
f 3590 3045 3588
f 3588 3045 3042
f 3651 3652 3497
f 3497 3652 3495
f 3653 3654 3635
f 3635 3654 3630
f 3624 3655 3623
f 3623 3655 3656
f 3623 3656 3626
f 3626 3656 3657
f 3626 3657 3628
f 3628 3657 3658
f 3628 3658 3635
f 3635 3658 3653
f 3659 3655 3622
f 3622 3655 3624
f 3660 3661 3617
f 3617 3661 3616
f 3610 3662 3611
f 3611 3662 3663
f 3611 3663 3613
f 3613 3663 3664
f 3613 3664 3615
f 3615 3664 3665
f 3615 3665 3617
f 3617 3665 3660
f 3666 3662 3609
f 3609 3662 3610
f 3667 3668 3606
f 3606 3668 3604
f 3597 3669 3598
f 3598 3669 3670
f 3598 3670 3600
f 3600 3670 3671
f 3600 3671 3602
f 3602 3671 3672
f 3602 3672 3606
f 3606 3672 3667
f 3673 3669 3596
f 3596 3669 3597
f 3674 3675 3593
f 3593 3675 3591
f 3583 3676 3584
f 3584 3676 3677
f 3584 3677 3587
f 3587 3677 3678
f 3587 3678 3589
f 3589 3678 3679
f 3589 3679 3593
f 3593 3679 3674
f 3680 3676 3582
f 3582 3676 3583
f 3681 3682 3579
f 3579 3682 3577
f 3570 3683 3571
f 3571 3683 3684
f 3571 3684 3573
f 3573 3684 3685
f 3573 3685 3575
f 3575 3685 3686
f 3575 3686 3579
f 3579 3686 3681
f 3687 3683 3569
f 3569 3683 3570
f 3688 3689 3566
f 3566 3689 3564
f 3652 3690 3495
f 3495 3690 3496
f 3496 3690 3691
f 3496 3691 3501
f 3501 3691 3692
f 3501 3692 3504
f 3504 3692 3693
f 3504 3693 3506
f 3506 3693 3694
f 3506 3694 3695
f 3506 3695 3508
f 3508 3695 3696
f 3508 3696 3511
f 3511 3696 3697
f 3511 3697 3698
f 3511 3698 3513
f 3513 3698 3699
f 3513 3699 3700
f 3513 3700 3516
f 3516 3700 3701
f 3516 3701 3702
f 3516 3702 3518
f 3518 3702 3703
f 3518 3703 3704
f 3518 3704 3520
f 3520 3704 3705
f 3520 3705 3706
f 3520 3706 3523
f 3523 3706 3707
f 3523 3707 3708
f 3523 3708 3525
f 3525 3708 3709
f 3525 3709 3527
f 3527 3709 3710
f 3527 3710 3711
f 3527 3711 3530
f 3530 3711 3712
f 3530 3712 3713
f 3530 3713 3532
f 3532 3713 3714
f 3532 3714 3715
f 3532 3715 3533
f 3533 3715 3716
f 3533 3716 3717
f 3533 3717 3534
f 3534 3717 3718
f 3534 3718 3719
f 3534 3719 3535
f 3535 3719 3720
f 3535 3720 3721
f 3535 3721 3536
f 3536 3721 3722
f 3536 3722 3537
f 3537 3722 3723
f 3537 3723 3724
f 3537 3724 3538
f 3538 3724 3725
f 3538 3725 3726
f 3538 3726 3539
f 3539 3726 3727
f 3539 3727 3728
f 3539 3728 3540
f 3540 3728 3729
f 3540 3729 3730
f 3540 3730 3541
f 3541 3730 3731
f 3541 3731 3732
f 3541 3732 3542
f 3542 3732 3733
f 3542 3733 3734
f 3542 3734 3543
f 3543 3734 3735
f 3543 3735 3544
f 3544 3735 3736
f 3544 3736 3737
f 3544 3737 3545
f 3545 3737 3738
f 3545 3738 3739
f 3545 3739 3546
f 3546 3739 3740
f 3546 3740 3741
f 3546 3741 3547
f 3547 3741 3742
f 3547 3742 3743
f 3547 3743 3548
f 3548 3743 3744
f 3548 3744 3745
f 3548 3745 3549
f 3549 3745 3746
f 3549 3746 3747
f 3549 3747 3550
f 3550 3747 3748
f 3550 3748 3749
f 3550 3749 3551
f 3551 3749 3750
f 3551 3750 3552
f 3552 3750 3751
f 3552 3751 3752
f 3552 3752 3553
f 3553 3752 3753
f 3553 3753 3754
f 3553 3754 3554
f 3554 3754 3755
f 3554 3755 3756
f 3554 3756 3555
f 3555 3756 3757
f 3555 3757 3758
f 3555 3758 3557
f 3557 3758 3759
f 3557 3759 3558
f 3558 3759 3760
f 3558 3760 3560
f 3560 3760 3761
f 3560 3761 3562
f 3562 3761 3762
f 3562 3762 3566
f 3566 3762 3688
f 2069 2070 3636
f 3636 2070 3432
f 3636 3432 3637
f 3637 3432 3433
f 3637 3433 3434
f 3637 3434 3638
f 3638 3434 3435
f 3638 3435 3436
f 3638 3436 3639
f 3639 3436 3437
f 3639 3437 3640
f 3640 3437 3438
f 3640 3438 3439
f 3640 3439 3641
f 3641 3439 3440
f 3641 3440 3441
f 3641 3441 3642
f 3642 3441 3442
f 3642 3442 3643
f 3643 3442 3443
f 3643 3443 3444
f 3643 3444 3644
f 3644 3444 3445
f 3644 3445 3645
f 3645 3445 3446
f 3645 3446 3447
f 3645 3447 3646
f 3646 3447 3448
f 3646 3448 3449
f 3646 3449 3647
f 3647 3449 3450
f 3647 3450 3648
f 3648 3450 3451
f 3648 3451 3452
f 3648 3452 3649
f 3649 3452 3453
f 3649 3453 3650
f 3650 3453 3454
f 3650 3454 3455
f 3456 3763 3455
f 3455 3763 3586
f 3455 3586 3650
f 3763 3456 3764
f 3764 3456 3457
f 3764 3457 3765
f 3765 3457 3458
f 3765 3458 3766
f 3766 3458 3459
f 3766 3459 3767
f 3767 3459 3460
f 3767 3460 3768
f 3768 3460 3769
f 3769 3460 3461
f 3769 3461 3770
f 3770 3461 3462
f 3770 3462 3771
f 3771 3462 3463
f 3771 3463 3772
f 3772 3463 3464
f 3772 3464 3773
f 3773 3464 3465
f 3773 3465 3774
f 3774 3465 3466
f 3774 3466 3775
f 3775 3466 3467
f 3775 3467 3776
f 3776 3467 3777
f 3777 3467 3468
f 3777 3468 3778
f 3778 3468 3469
f 3778 3469 3779
f 3779 3469 3470
f 3779 3470 3780
f 3780 3470 3471
f 3780 3471 3781
f 3781 3471 3472
f 3781 3472 3782
f 3782 3472 3473
f 3782 3473 3783
f 3783 3473 3784
f 3784 3473 3474
f 3784 3474 3785
f 3785 3474 3475
f 3785 3475 3786
f 3786 3475 3476
f 3786 3476 3787
f 3787 3476 3477
f 3787 3477 3788
f 3788 3477 3478
f 3788 3478 3789
f 3789 3478 3479
f 3789 3479 3790
f 3790 3479 3480
f 3790 3480 3791
f 3791 3480 3481
f 3791 3481 3792
f 3792 3481 3793
f 3793 3481 3482
f 3793 3482 3794
f 3794 3482 3483
f 3794 3483 3795
f 3795 3483 3484
f 3795 3484 3796
f 3796 3484 3485
f 3796 3485 3797
f 3797 3485 3486
f 3797 3486 3798
f 3798 3486 3487
f 3798 3487 3799
f 3799 3487 3488
f 3799 3488 3800
f 3800 3488 3801
f 3801 3488 3489
f 3801 3489 3802
f 3802 3489 3490
f 3802 3490 3803
f 3803 3490 3491
f 3803 3491 3804
f 3804 3491 3492
f 3804 3492 3805
f 3805 3492 3493
f 3805 3493 3806
f 3806 3493 3494
f 3806 3494 3807
f 3807 3494 1930
f 3807 1930 3808
f 3808 1930 3809
f 3809 1930 1928
f 3809 1928 3810
f 3810 1928 1924
f 3810 1924 3811
f 3811 1924 3812
f 3812 1924 1920
f 3812 1920 3813
f 3813 1920 3814
f 3814 1920 1918
f 3814 1918 3815
f 3815 1918 1916
f 3815 1916 3816
f 3816 1916 3817
f 3817 1916 1913
f 3817 1913 3818
f 3818 1913 1911
f 3818 1911 3819
f 3819 1911 3820
f 3820 1911 1909
f 3820 1909 3821
f 3821 1909 3822
f 3822 1909 1907
f 3822 1907 3823
f 3823 1907 1905
f 3823 1905 3824
f 3824 1905 3825
f 3825 1905 1902
f 3825 1902 3826
f 3826 1902 1900
f 3826 1900 3827
f 3827 1900 3828
f 3828 1900 1898
f 3828 1898 3829
f 3829 1898 1896
f 3829 1896 3830
f 3830 1896 3831
f 3831 1896 1894
f 3831 1894 3832
f 3832 1894 3833
f 3833 1894 1892
f 3833 1892 3834
f 3834 1892 3179
f 3834 3179 3835
f 3835 3179 3178
f 3835 3178 3836
f 3836 3178 3177
f 3836 3177 3837
f 3837 3177 3176
f 3837 3176 3838
f 3838 3176 3175
f 3838 3175 3839
f 3839 3175 3840
f 3840 3175 3174
f 3840 3174 3841
f 3841 3174 3173
f 3841 3173 3842
f 3842 3173 3172
f 3842 3172 3843
f 3843 3172 3171
f 3843 3171 3844
f 3844 3171 3170
f 3844 3170 3845
f 3845 3170 3169
f 3845 3169 3846
f 3846 3169 3168
f 3846 3168 3847
f 3847 3168 3848
f 3848 3168 3167
f 3848 3167 3849
f 3849 3167 3166
f 3849 3166 3850
f 3850 3166 3165
f 3850 3165 3851
f 3851 3165 3164
f 3851 3164 3852
f 3852 3164 3163
f 3852 3163 3853
f 3853 3163 3162
f 3853 3162 3854
f 3854 3162 3161
f 3854 3161 3855
f 3855 3161 3856
f 3856 3161 3160
f 3856 3160 3857
f 3857 3160 3159
f 3857 3159 3858
f 3858 3159 3158
f 3858 3158 3859
f 3859 3158 3157
f 3859 3157 3860
f 3860 3157 3156
f 3860 3156 3861
f 3861 3156 3155
f 3861 3155 3862
f 3862 3155 3154
f 3862 3154 3863
f 3863 3154 3864
f 3864 3154 3153
f 3864 3153 3865
f 3865 3153 3152
f 3865 3152 3866
f 3866 3152 3151
f 3866 3151 3867
f 3867 3151 3150
f 3867 3150 3868
f 3868 3150 3149
f 3868 3149 3869
f 3869 3149 3148
f 3869 3148 3870
f 3870 3148 3871
f 3871 3148 3147
f 3871 3147 3872
f 3872 3147 3146
f 3872 3146 3873
f 3873 3146 3145
f 3873 3145 3874
f 3874 3145 3144
f 3874 3144 3875
f 3875 3144 3143
f 3875 3143 3876
f 3876 3143 3142
f 3876 3142 3877
f 3877 3142 3141
f 3877 3141 3878
f 3878 3141 3140
f 3878 3140 3879
f 3879 3140 3880
f 3880 3140 3139
f 3880 3139 3881
f 3881 3139 3138
f 3881 3138 3882
f 3882 3138 3137
f 3882 3137 3883
f 3883 3137 3136
f 3883 3136 3884
f 3884 3136 3135
f 3884 3135 3885
f 3885 3135 3134
f 3885 3134 3886
f 3886 3134 3133
f 3886 3133 3887
f 3887 3133 3888
f 3888 3133 3132
f 3888 3132 3889
f 3889 3132 3131
f 3889 3131 3890
f 3890 3131 3130
f 3890 3130 3891
f 3891 3130 3129
f 3891 3129 3892
f 3892 3129 3128
f 3892 3128 3893
f 3893 3128 3127
f 3893 3127 3894
f 3894 3127 3895
f 3895 3127 3126
f 3895 3126 3896
f 3896 3126 3125
f 3896 3125 3897
f 3897 3125 3124
f 3897 3124 3898
f 3898 3124 3123
f 3898 3123 3899
f 3899 3123 3122
f 3899 3122 3900
f 3900 3122 3121
f 3900 3121 3901
f 3901 3121 3120
f 3901 3120 3902
f 3902 3120 3903
f 3903 3120 3119
f 3903 3119 3904
f 3904 3119 3118
f 3904 3118 3905
f 3905 3118 3117
f 3905 3117 3906
f 3906 3117 1963
f 3906 1963 3907
f 3907 1963 1961
f 3907 1961 3908
f 3908 1961 3909
f 3909 1961 1959
f 3909 1959 3910
f 3910 1959 1957
f 3910 1957 3911
f 3911 1957 3912
f 3912 1957 1955
f 3912 1955 3913
f 3913 1955 3914
f 3914 1955 1953
f 3914 1953 3915
f 3915 1953 1951
f 3915 1951 3916
f 3916 1951 3917
f 3917 1951 1949
f 3917 1949 3918
f 3918 1949 1947
f 3918 1947 3919
f 3919 1947 3920
f 3920 1947 1945
f 3920 1945 3921
f 3921 1945 3922
f 3922 1945 1943
f 3922 1943 3923
f 3923 1943 1941
f 3923 1941 3924
f 3924 1941 3925
f 3925 1941 1939
f 3925 1939 3926
f 3926 1939 1937
f 3926 1937 3927
f 3927 1937 3928
f 3928 1937 1935
f 3928 1935 3929
f 3929 1935 1932
f 3929 1932 3930
f 3930 1932 3931
f 3931 1932 1931
f 3931 1931 3932
f 3932 1931 3242
f 3932 3242 3933
f 3933 3242 3241
f 3933 3241 3934
f 3934 3241 3935
f 3935 3241 3240
f 3935 3240 3936
f 3936 3240 3239
f 3936 3239 3937
f 3937 3239 3238
f 3937 3238 3938
f 3938 3238 3237
f 3938 3237 3939
f 3939 3237 3236
f 3939 3236 3940
f 3940 3236 3235
f 3940 3235 3941
f 3941 3235 3234
f 3941 3234 3942
f 3942 3234 3943
f 3943 3234 3233
f 3943 3233 3944
f 3944 3233 3232
f 3944 3232 3945
f 3945 3232 3231
f 3945 3231 3946
f 3946 3231 3230
f 3946 3230 3947
f 3947 3230 3229
f 3947 3229 3948
f 3948 3229 3228
f 3948 3228 3949
f 3949 3228 3950
f 3950 3228 3227
f 3950 3227 3951
f 3951 3227 3226
f 3951 3226 3952
f 3952 3226 3225
f 3952 3225 3953
f 3953 3225 3224
f 3953 3224 3954
f 3954 3224 3223
f 3954 3223 3955
f 3955 3223 3222
f 3955 3222 3956
f 3956 3222 3221
f 3956 3221 3957
f 3957 3221 3958
f 3958 3221 3220
f 3958 3220 3959
f 3959 3220 3219
f 3959 3219 3960
f 3960 3219 3218
f 3960 3218 3961
f 3961 3218 3217
f 3961 3217 3962
f 3962 3217 3216
f 3962 3216 3963
f 3963 3216 3215
f 3963 3215 3964
f 3964 3215 3214
f 3964 3214 3965
f 3965 3214 3213
f 3965 3213 3966
f 3966 3213 3967
f 3967 3213 3212
f 3967 3212 3968
f 3968 3212 3211
f 3968 3211 3969
f 3969 3211 3210
f 3969 3210 3970
f 3970 3210 3209
f 3970 3209 3971
f 3971 3209 3208
f 3971 3208 3972
f 3972 3208 3207
f 3972 3207 3973
f 3973 3207 3206
f 3973 3206 3974
f 3974 3206 3975
f 3975 3206 3205
f 3975 3205 3976
f 3976 3205 3204
f 3976 3204 3977
f 3977 3204 3203
f 3977 3203 3978
f 3978 3203 3202
f 3978 3202 3979
f 3979 3202 3201
f 3979 3201 3980
f 3980 3201 3200
f 3980 3200 3981
f 3981 3200 3982
f 3982 3200 3199
f 3982 3199 3983
f 3983 3199 3198
f 3983 3198 3984
f 3984 3198 3197
f 3984 3197 3985
f 3985 3197 3196
f 3985 3196 3986
f 3986 3196 3195
f 3986 3195 3987
f 3987 3195 3194
f 3987 3194 3988
f 3988 3194 3193
f 3988 3193 3989
f 3989 3193 3990
f 3990 3193 3192
f 3990 3192 3991
f 3991 3192 3191
f 3991 3191 3992
f 3992 3191 3190
f 3992 3190 3993
f 3993 3190 3189
f 3993 3189 3994
f 3994 3189 3188
f 3994 3188 3995
f 3995 3188 3187
f 3995 3187 3996
f 3996 3187 3186
f 3996 3186 3997
f 3997 3186 3998
f 3998 3186 3185
f 3998 3185 3999
f 3999 3185 3184
f 3999 3184 4000
f 4000 3184 3183
f 4000 3183 4001
f 4001 3183 3182
f 4001 3182 4002
f 4002 3182 3181
f 4002 3181 4003
f 4003 3181 3180
f 4003 3180 4004
f 4004 3180 1997
f 4004 1997 4005
f 4005 1997 4006
f 4006 1997 1995
f 4006 1995 4007
f 4007 1995 1993
f 4007 1993 4008
f 4008 1993 4009
f 4009 1993 1991
f 4009 1991 4010
f 4010 1991 4011
f 4011 1991 1989
f 4011 1989 4012
f 4012 1989 1987
f 4012 1987 4013
f 4013 1987 4014
f 4014 1987 1985
f 4014 1985 4015
f 4015 1985 1983
f 4015 1983 4016
f 4016 1983 4017
f 4017 1983 1981
f 4017 1981 4018
f 4018 1981 1979
f 4018 1979 4019
f 4019 1979 4020
f 4020 1979 1977
f 4020 1977 4021
f 4021 1977 4022
f 4022 1977 1975
f 4022 1975 4023
f 4023 1975 1973
f 4023 1973 4024
f 4024 1973 4025
f 4025 1973 1971
f 4025 1971 4026
f 4026 1971 1969
f 4026 1969 4027
f 4027 1969 4028
f 4028 1969 1966
f 4028 1966 4029
f 4029 1966 4030
f 4030 1966 1965
f 4030 1965 4031
f 4031 1965 3305
f 4031 3305 4032
f 4032 3305 3304
f 4032 3304 4033
f 4033 3304 3303
f 4033 3303 4034
f 4034 3303 3302
f 4034 3302 4035
f 4035 3302 3301
f 4035 3301 4036
f 4036 3301 4037
f 4037 3301 3300
f 4037 3300 4038
f 4038 3300 3299
f 4038 3299 4039
f 4039 3299 3298
f 4039 3298 4040
f 4040 3298 3297
f 4040 3297 4041
f 4041 3297 3296
f 4041 3296 4042
f 4042 3296 3295
f 4042 3295 4043
f 4043 3295 3294
f 4043 3294 4044
f 4044 3294 4045
f 4045 3294 3293
f 4045 3293 4046
f 4046 3293 3292
f 4046 3292 4047
f 4047 3292 3291
f 4047 3291 4048
f 4048 3291 3290
f 4048 3290 4049
f 4049 3290 3289
f 4049 3289 4050
f 4050 3289 3288
f 4050 3288 4051
f 4051 3288 3287
f 4051 3287 4052
f 4052 3287 3286
f 4052 3286 4053
f 4053 3286 4054
f 4054 3286 3285
f 4054 3285 4055
f 4055 3285 3284
f 4055 3284 4056
f 4056 3284 3283
f 4056 3283 4057
f 4057 3283 3282
f 4057 3282 4058
f 4058 3282 3281
f 4058 3281 4059
f 4059 3281 3280
f 4059 3280 4060
f 4060 3280 3279
f 4060 3279 4061
f 4061 3279 4062
f 4062 3279 3278
f 4062 3278 4063
f 4063 3278 3277
f 4063 3277 4064
f 4064 3277 3276
f 4064 3276 4065
f 4065 3276 3275
f 4065 3275 4066
f 4066 3275 3274
f 4066 3274 4067
f 4067 3274 3273
f 4067 3273 4068
f 4068 3273 4069
f 4069 3273 3272
f 4069 3272 4070
f 4070 3272 3271
f 4070 3271 4071
f 4071 3271 3270
f 4071 3270 4072
f 4072 3270 3269
f 4072 3269 4073
f 4073 3269 3268
f 4073 3268 4074
f 4074 3268 3267
f 4074 3267 4075
f 4075 3267 3266
f 4075 3266 4076
f 4076 3266 4077
f 4077 3266 3265
f 4077 3265 4078
f 4078 3265 3264
f 4078 3264 4079
f 4079 3264 3263
f 4079 3263 4080
f 4080 3263 3262
f 4080 3262 4081
f 4081 3262 3261
f 4081 3261 4082
f 4082 3261 3260
f 4082 3260 4083
f 4083 3260 3259
f 4083 3259 4084
f 4084 3259 4085
f 4085 3259 3258
f 4085 3258 4086
f 4086 3258 3257
f 4086 3257 4087
f 4087 3257 3256
f 4087 3256 4088
f 4088 3256 3255
f 4088 3255 4089
f 4089 3255 3254
f 4089 3254 4090
f 4090 3254 3253
f 4090 3253 4091
f 4091 3253 3252
f 4091 3252 4092
f 4092 3252 4093
f 4093 3252 3251
f 4093 3251 4094
f 4094 3251 3250
f 4094 3250 4095
f 4095 3250 3249
f 4095 3249 4096
f 4096 3249 3248
f 4096 3248 4097
f 4097 3248 3247
f 4097 3247 4098
f 4098 3247 3246
f 4098 3246 4099
f 4099 3246 3245
f 4099 3245 4100
f 4100 3245 4101
f 4101 3245 3244
f 4101 3244 4102
f 4102 3244 3243
f 4102 3243 4103
f 4103 3243 2031
f 4103 2031 4104
f 4104 2031 2029
f 4104 2029 4105
f 4105 2029 4106
f 4106 2029 2027
f 4106 2027 4107
f 4107 2027 2025
f 4107 2025 4108
f 4108 2025 4109
f 4109 2025 2023
f 4109 2023 4110
f 4110 2023 4111
f 4111 2023 2021
f 4111 2021 4112
f 4112 2021 2019
f 4112 2019 4113
f 4113 2019 4114
f 4114 2019 2017
f 4114 2017 4115
f 4115 2017 2015
f 4115 2015 4116
f 4116 2015 4117
f 4117 2015 2013
f 4117 2013 4118
f 4118 2013 2011
f 4118 2011 4119
f 4119 2011 4120
f 4120 2011 2009
f 4120 2009 4121
f 4121 2009 4122
f 4122 2009 2007
f 4122 2007 4123
f 4123 2007 2005
f 4123 2005 4124
f 4124 2005 4125
f 4125 2005 2003
f 4125 2003 4126
f 4126 2003 2000
f 4126 2000 4127
f 4127 2000 4128
f 4128 2000 1999
f 4128 1999 4129
f 4129 1999 3368
f 4129 3368 4130
f 4130 3368 3367
f 4130 3367 4131
f 4131 3367 4132
f 4132 3367 3366
f 4132 3366 4133
f 4133 3366 3365
f 4133 3365 4134
f 4134 3365 3364
f 4134 3364 4135
f 4135 3364 3363
f 4135 3363 4136
f 4136 3363 3362
f 4136 3362 4137
f 4137 3362 3361
f 4137 3361 4138
f 4138 3361 3360
f 4138 3360 4139
f 4139 3360 3359
f 4139 3359 4140
f 4140 3359 4141
f 4141 3359 3358
f 4141 3358 4142
f 4142 3358 3357
f 4142 3357 4143
f 4143 3357 3356
f 4143 3356 4144
f 4144 3356 3355
f 4144 3355 4145
f 4145 3355 3354
f 4145 3354 4146
f 4146 3354 3353
f 4146 3353 4147
f 4147 3353 3352
f 4147 3352 4148
f 4148 3352 4149
f 4149 3352 3351
f 4149 3351 4150
f 4150 3351 3350
f 4150 3350 4151
f 4151 3350 3349
f 4151 3349 4152
f 4152 3349 3348
f 4152 3348 4153
f 4153 3348 3347
f 4153 3347 4154
f 4154 3347 3346
f 4154 3346 4155
f 4155 3346 4156
f 4156 3346 3345
f 4156 3345 4157
f 4157 3345 3344
f 4157 3344 4158
f 4158 3344 3343
f 4158 3343 4159
f 4159 3343 3342
f 4159 3342 4160
f 4160 3342 3341
f 4160 3341 4161
f 4161 3341 3340
f 4161 3340 4162
f 4162 3340 3339
f 4162 3339 4163
f 4163 3339 4164
f 4164 3339 3338
f 4164 3338 4165
f 4165 3338 3337
f 4165 3337 4166
f 4166 3337 3336
f 4166 3336 4167
f 4167 3336 3335
f 4167 3335 4168
f 4168 3335 3334
f 4168 3334 4169
f 4169 3334 3333
f 4169 3333 4170
f 4170 3333 3332
f 4170 3332 4171
f 4171 3332 4172
f 4172 3332 3331
f 4172 3331 4173
f 4173 3331 3330
f 4173 3330 4174
f 4174 3330 3329
f 4174 3329 4175
f 4175 3329 3328
f 4175 3328 4176
f 4176 3328 3327
f 4176 3327 4177
f 4177 3327 3326
f 4177 3326 4178
f 4178 3326 3325
f 4178 3325 4179
f 4179 3325 4180
f 4180 3325 3324
f 4180 3324 4181
f 4181 3324 3323
f 4181 3323 4182
f 4182 3323 3322
f 4182 3322 4183
f 4183 3322 3321
f 4183 3321 4184
f 4184 3321 3320
f 4184 3320 4185
f 4185 3320 3319
f 4185 3319 4186
f 4186 3319 3318
f 4186 3318 4187
f 4187 3318 4188
f 4188 3318 3317
f 4188 3317 4189
f 4189 3317 3316
f 4189 3316 4190
f 4190 3316 3315
f 4190 3315 4191
f 4191 3315 3314
f 4191 3314 4192
f 4192 3314 3313
f 4192 3313 4193
f 4193 3313 3312
f 4193 3312 4194
f 4194 3312 3311
f 4194 3311 4195
f 4195 3311 4196
f 4196 3311 3310
f 4196 3310 4197
f 4197 3310 3309
f 4197 3309 4198
f 4198 3309 3308
f 4198 3308 4199
f 4199 3308 3307
f 4199 3307 4200
f 4200 3307 3306
f 4200 3306 4201
f 4201 3306 2065
f 4201 2065 4202
f 4202 2065 4203
f 4203 2065 2063
f 4203 2063 4204
f 4204 2063 2061
f 4204 2061 4205
f 4205 2061 4206
f 4206 2061 2059
f 4206 2059 4207
f 4207 2059 2057
f 4207 2057 4208
f 4208 2057 4209
f 4209 2057 2055
f 4209 2055 4210
f 4210 2055 4211
f 4211 2055 2053
f 4211 2053 4212
f 4212 2053 2051
f 4212 2051 4213
f 4213 2051 4214
f 4214 2051 2049
f 4214 2049 4215
f 4215 2049 2047
f 4215 2047 4216
f 4216 2047 4217
f 4217 2047 2045
f 4217 2045 4218
f 4218 2045 4219
f 4219 2045 2043
f 4219 2043 4220
f 4220 2043 2041
f 4220 2041 4221
f 4221 2041 4222
f 4222 2041 2039
f 4222 2039 4223
f 4223 2039 2037
f 4223 2037 4224
f 4224 2037 4225
f 4225 2037 2034
f 4225 2034 4226
f 4226 2034 2033
f 4226 2033 4227
f 4227 2033 4228
f 4228 2033 3431
f 4228 3431 4229
f 4229 3431 3430
f 4229 3430 4230
f 4230 3430 3429
f 4230 3429 4231
f 4231 3429 3428
f 4231 3428 4232
f 4232 3428 3427
f 4232 3427 4233
f 4233 3427 3426
f 4233 3426 4234
f 4234 3426 4235
f 4235 3426 3425
f 4235 3425 4236
f 4236 3425 3424
f 4236 3424 4237
f 4237 3424 3423
f 4237 3423 4238
f 4238 3423 3422
f 4238 3422 4239
f 4239 3422 3421
f 4239 3421 4240
f 4240 3421 3420
f 4240 3420 4241
f 4241 3420 3419
f 4241 3419 4242
f 4242 3419 4243
f 4243 3419 3418
f 4243 3418 4244
f 4244 3418 3417
f 4244 3417 4245
f 4245 3417 3416
f 4245 3416 4246
f 4246 3416 3415
f 4246 3415 4247
f 4247 3415 3414
f 4247 3414 4248
f 4248 3414 3413
f 4248 3413 4249
f 4249 3413 3412
f 4249 3412 4250
f 4250 3412 4251
f 4251 3412 3411
f 4251 3411 4252
f 4252 3411 3410
f 4252 3410 4253
f 4253 3410 3409
f 4253 3409 4254
f 4254 3409 3408
f 4254 3408 4255
f 4255 3408 3407
f 4255 3407 4256
f 4256 3407 3406
f 4256 3406 4257
f 4257 3406 3405
f 4257 3405 4258
f 4258 3405 4259
f 4259 3405 3404
f 4259 3404 4260
f 4260 3404 3403
f 4260 3403 4261
f 4261 3403 3402
f 4261 3402 4262
f 4262 3402 3401
f 4262 3401 4263
f 4263 3401 3400
f 4263 3400 4264
f 4264 3400 3399
f 4264 3399 4265
f 4265 3399 4266
f 4266 3399 3398
f 4266 3398 4267
f 4267 3398 3397
f 4267 3397 4268
f 4268 3397 3396
f 4268 3396 4269
f 4269 3396 3395
f 4269 3395 4270
f 4270 3395 3394
f 4270 3394 4271
f 4271 3394 3393
f 4271 3393 4272
f 4272 3393 3392
f 4272 3392 4273
f 4273 3392 3391
f 4273 3391 3390
f 4273 3390 4274
f 4274 3390 3389
f 4274 3389 4275
f 4275 3389 3388
f 4275 3388 3387
f 3386 4276 3387
f 3387 4276 4277
f 3387 4277 4275
f 4276 3386 4278
f 4278 3386 3385
f 4278 3385 4279
f 4279 3385 3384
f 4279 3384 4280
f 4280 3384 3383
f 4280 3383 4281
f 4281 3383 3382
f 4281 3382 4282
f 4282 3382 3381
f 4282 3381 4283
f 4283 3381 4284
f 4284 3381 3380
f 4284 3380 4285
f 4285 3380 3379
f 4285 3379 4286
f 4286 3379 3378
f 4286 3378 4287
f 4287 3378 3377
f 4287 3377 4288
f 4288 3377 3376
f 4288 3376 4289
f 4289 3376 3375
f 4289 3375 4290
f 4290 3375 3374
f 4290 3374 4291
f 4291 3374 4292
f 4292 3374 3373
f 4292 3373 4293
f 4293 3373 3372
f 4293 3372 4294
f 4294 3372 3371
f 4294 3371 4295
f 4295 3371 3370
f 4295 3370 4296
f 4296 3370 3369
f 4296 3369 4297
f 4297 3369 2073
f 4297 2073 4298
f 4298 2073 4299
f 4299 2073 2074
f 4299 2074 4300
f 4300 2074 2076
f 3763 4301 3586
f 3586 4301 3580
f 3580 4301 4302
f 3580 4302 3576
f 277 276 4303
f 4303 276 4304
f 4304 276 4305
f 4305 276 274
f 4305 274 4306
f 4306 274 3743
f 4306 3743 4307
f 4307 3743 4308
f 4308 3743 3742
f 4308 3742 4309
f 4309 3742 4310
f 4310 3742 3741
f 4310 3741 4311
f 4311 3741 3740
f 4311 3740 4312
f 4312 3740 3739
f 4312 3739 4313
f 4313 3739 3738
f 4313 3738 402
f 402 3738 3737
f 402 3737 403
f 403 3737 3736
f 403 3736 404
f 404 3736 405
f 405 3736 3735
f 405 3735 406
f 406 3735 3734
f 406 3734 389
f 389 3734 4314
f 389 4314 4315
f 274 270 3743
f 3743 270 281
f 3743 281 3744
f 3744 281 285
f 3744 285 3745
f 3745 285 302
f 3745 302 301
f 3745 301 3746
f 3746 301 300
f 3746 300 299
f 3746 299 3747
f 3747 299 298
f 3747 298 4316
f 3747 4316 3748
f 3748 4316 4317
f 3748 4317 3749
f 3749 4317 4318
f 3749 4318 3750
f 3750 4318 4319
f 3750 4319 3751
f 3751 4319 4320
f 3751 4320 4321
f 4321 4322 3751
f 3751 4322 3752
f 3752 4322 4323
f 3752 4323 4324
f 4324 4325 3752
f 3752 4325 4326
f 3752 4326 16
f 16 4326 17
f 3752 16 3753
f 3753 16 14
f 3753 14 3754
f 3754 14 10
f 3754 10 1633
f 1633 1637 3754
f 3754 1637 3755
f 3755 1637 1654
f 3755 1654 1653
f 3755 1653 3756
f 3756 1653 1652
f 3756 1652 1651
f 1651 1650 3756
f 3756 1650 4327
f 3756 4327 3757
f 3757 4327 4328
f 3757 4328 3758
f 3758 4328 4329
f 3758 4329 3759
f 4314 3734 4330
f 4330 3734 3733
f 4330 3733 4331
f 4331 3733 3732
f 4331 3732 3731
f 3730 4332 3731
f 3731 4332 4333
f 3731 4333 4331
f 4332 3730 4334
f 4334 3730 3729
f 4334 3729 506
f 506 3729 3728
f 506 3728 507
f 507 3728 3727
f 507 3727 508
f 508 3727 3726
f 508 3726 509
f 509 3726 4335
f 509 4335 4336
f 4335 3726 4337
f 4337 3726 3725
f 4337 3725 4338
f 4338 3725 3724
f 4338 3724 4339
f 4339 3724 3723
f 4339 3723 3722
f 3721 4340 3722
f 3722 4340 4341
f 3722 4341 4339
f 4340 3721 4342
f 4342 3721 3720
f 4342 3720 610
f 610 3720 3719
f 610 3719 3718
f 3717 4343 3718
f 3718 4343 4344
f 3718 4344 611
f 611 4344 612
f 612 4344 4345
f 612 4345 613
f 613 4345 4346
f 613 4346 614
f 614 4346 597
f 597 4346 216
f 597 216 593
f 593 216 214
f 593 214 210
f 4343 3717 4347
f 4347 3717 3716
f 4347 3716 4348
f 4348 3716 4349
f 4349 3716 3715
f 4349 3715 3714
f 4349 3714 4350
f 4350 3714 3713
f 4350 3713 4351
f 4351 3713 4352
f 4352 3713 3712
f 4352 3712 4353
f 4353 3712 3711
f 4353 3711 714
f 714 3711 3710
f 714 3710 715
f 715 3710 716
f 716 3710 196
f 716 196 717
f 717 196 718
f 718 196 701
f 701 196 194
f 701 194 697
f 697 194 190
f 196 3710 4354
f 4354 3710 3709
f 4354 3709 4355
f 4355 3709 3708
f 4355 3708 4356
f 4356 3708 4357
f 4357 3708 3707
f 4357 3707 4358
f 4358 3707 3706
f 4358 3706 4359
f 4359 3706 4360
f 4360 3706 3705
f 4360 3705 4361
f 4361 3705 3704
f 4361 3704 4362
f 4362 3704 3703
f 4362 3703 4363
f 4363 3703 4364
f 4364 3703 3702
f 4364 3702 818
f 818 3702 3701
f 818 3701 819
f 819 3701 820
f 820 3701 821
f 821 3701 822
f 822 3701 3700
f 822 3700 805
f 805 3700 174
f 805 174 801
f 801 174 170
f 174 3700 176
f 176 3700 3699
f 176 3699 177
f 177 3699 4365
f 4365 3699 3698
f 4365 3698 4366
f 4366 3698 4367
f 4367 3698 3697
f 4367 3697 4368
f 4368 3697 4369
f 4369 3697 4370
f 4370 3697 3696
f 4370 3696 4371
f 4371 3696 4372
f 4372 3696 3695
f 4372 3695 4373
f 4373 3695 3694
f 4373 3694 4374
f 4374 3694 3693
f 4374 3693 4375
f 4375 3693 3692
f 4375 3692 922
f 922 3692 923
f 923 3692 924
f 924 3692 925
f 925 3692 926
f 926 3692 909
f 909 3692 3691
f 909 3691 905
f 905 3691 150
f 150 3691 154
f 154 3691 156
f 156 3691 3690
f 156 3690 4376
f 4376 3690 4377
f 4377 3690 4378
f 4378 3690 4379
f 4379 3690 4380
f 4380 3690 4381
f 4381 3690 4382
f 4382 3690 3652
f 4376 157 156
f 4354 197 196
f 4346 217 216
f 611 610 3718
f 509 4336 510
f 510 4336 4383
f 510 4383 493
f 493 4383 4384
f 493 4384 489
f 489 4384 4385
f 489 4385 234
f 234 4385 236
f 236 4385 237
f 234 230 489
f 389 4315 385
f 385 4315 4386
f 385 4386 4387
f 385 4387 254
f 254 4387 4388
f 254 4388 4389
f 257 256 4389
f 4389 256 254
f 254 250 385
f 37 36 4390
f 4390 36 3761
f 4390 3761 4391
f 4391 3761 4392
f 4392 3761 4393
f 4393 3761 3760
f 4393 3760 4394
f 4394 3760 4395
f 4395 3760 4396
f 4396 3760 3759
f 34 1529 36
f 36 1529 1533
f 36 1533 3761
f 3761 1533 1550
f 3761 1550 1549
f 34 30 1529
f 3761 1549 3762
f 3762 1549 1548
f 3762 1548 1547
f 1547 1546 3762
f 3762 1546 3688
f 57 56 4397
f 4397 56 1425
f 4397 1425 1429
f 56 54 1425
f 1425 54 50
f 1446 3685 1429
f 1429 3685 4398
f 1429 4398 4397
f 1446 1445 3685
f 3685 1445 3686
f 3686 1445 1444
f 3686 1444 1443
f 1443 1442 3686
f 3686 1442 3681
f 3684 4399 3685
f 3685 4399 4400
f 3685 4400 4398
f 3683 4401 3684
f 3684 4401 4402
f 3684 4402 4403
f 4403 4399 3684
f 137 136 4404
f 4404 136 134
f 4404 134 4405
f 4405 134 3657
f 4405 3657 4406
f 4406 3657 4407
f 4407 3657 3656
f 4407 3656 4408
f 4408 3656 4409
f 4409 3656 4410
f 4410 3656 3655
f 130 1009 134
f 134 1009 3657
f 1009 1013 3657
f 3657 1013 1030
f 3657 1030 1029
f 3657 1029 3658
f 3658 1029 1028
f 3658 1028 1027
f 1027 1026 3658
f 3658 1026 3653
f 77 76 4411
f 4411 76 74
f 4411 74 4412
f 4412 74 3678
f 4412 3678 4413
f 4413 3678 4414
f 4414 3678 3677
f 4414 3677 4415
f 4415 3677 4416
f 4416 3677 4417
f 4417 3677 3676
f 70 1321 74
f 74 1321 3678
f 1321 1325 3678
f 3678 1325 1342
f 3678 1342 1341
f 3678 1341 3679
f 3679 1341 1340
f 3679 1340 1339
f 1339 1338 3679
f 3679 1338 3674
f 117 116 4418
f 4418 116 3664
f 4418 3664 4419
f 4419 3664 4420
f 4420 3664 4421
f 4421 3664 3663
f 4421 3663 4422
f 4422 3663 4423
f 4423 3663 4424
f 4424 3663 3662
f 114 1113 116
f 116 1113 1117
f 116 1117 3664
f 3664 1117 1134
f 3664 1134 1133
f 114 110 1113
f 3664 1133 3665
f 3665 1133 1132
f 3665 1132 1131
f 1131 1130 3665
f 3665 1130 3660
f 2895 3556 2893
f 2893 3556 2891
f 2891 3556 2889
f 2889 3556 3559
f 2889 3559 2887
f 2887 3559 3561
f 2887 3561 2886
f 2886 3561 2884
f 2884 3561 3563
f 2884 3563 2882
f 2882 3563 2880
f 2880 3563 3567
f 2880 3567 2878
f 2878 3567 2876
f 2876 3567 3572
f 2876 3572 2874
f 2874 3572 3574
f 2874 3574 2872
f 2872 3574 2871
f 2871 3574 3576
f 2871 3576 2869
f 2869 3576 2867
f 2867 3576 4302
f 2867 4302 2865
f 2865 4302 4301
f 2865 4301 2863
f 2863 4301 3763
f 2863 3763 2861
f 2861 3763 3764
f 2861 3764 2859
f 2859 3764 3765
f 2859 3765 2857
f 2857 3765 3766
f 2857 3766 2856
f 2856 3766 3767
f 2856 3767 2854
f 2854 3767 3768
f 2854 3768 2852
f 2852 3768 3769
f 2852 3769 2850
f 2850 3769 3770
f 2850 3770 2848
f 2848 3770 3771
f 2848 3771 2846
f 2846 3771 3772
f 2846 3772 2844
f 2844 3772 3773
f 2844 3773 2842
f 2842 3773 3774
f 2842 3774 2841
f 2841 3774 3775
f 2841 3775 2839
f 2839 3775 3776
f 2839 3776 2837
f 2837 3776 3777
f 2837 3777 2835
f 2835 3777 3778
f 2835 3778 2833
f 2833 3778 3779
f 2833 3779 2831
f 2831 3779 3780
f 2831 3780 2829
f 2829 3780 3781
f 2829 3781 2827
f 2827 3781 3782
f 2827 3782 2826
f 2826 3782 3783
f 2826 3783 2824
f 2824 3783 3784
f 2824 3784 2822
f 2822 3784 3785
f 2822 3785 2820
f 2820 3785 3786
f 2820 3786 2818
f 2818 3786 3787
f 2818 3787 2816
f 2816 3787 3788
f 2816 3788 2814
f 2814 3788 3789
f 2814 3789 2812
f 2812 3789 3790
f 2812 3790 2811
f 2811 3790 3791
f 2811 3791 2809
f 2809 3791 3792
f 2809 3792 2807
f 2807 3792 3793
f 2807 3793 2805
f 2805 3793 3794
f 2805 3794 2803
f 2803 3794 3795
f 2803 3795 2801
f 2801 3795 3796
f 2801 3796 2799
f 2799 3796 3797
f 2799 3797 2797
f 2797 3797 3798
f 2797 3798 2796
f 2796 3798 3799
f 2796 3799 2794
f 2794 3799 3800
f 2794 3800 2792
f 2792 3800 3801
f 2792 3801 2790
f 2790 3801 3802
f 2790 3802 2788
f 2788 3802 3803
f 2788 3803 2786
f 2786 3803 3804
f 2786 3804 2784
f 2784 3804 3805
f 2784 3805 2783
f 2783 3805 3806
f 2783 3806 2781
f 2781 3806 3807
f 2781 3807 2779
f 2779 3807 3808
f 2779 3808 2778
f 2778 3808 3809
f 2778 3809 2777
f 2777 3809 3810
f 2777 3810 2776
f 2776 3810 3811
f 2776 3811 2775
f 2775 3811 3812
f 2775 3812 2774
f 2774 3812 3813
f 2774 3813 2773
f 2773 3813 3814
f 2773 3814 2772
f 2772 3814 3815
f 2772 3815 2771
f 2771 3815 3816
f 2771 3816 2770
f 2770 3816 3817
f 2770 3817 2769
f 2769 3817 3818
f 2769 3818 2768
f 2768 3818 3819
f 2768 3819 2767
f 2767 3819 3820
f 2767 3820 2766
f 2766 3820 3821
f 2766 3821 2765
f 2765 3821 3822
f 2765 3822 2764
f 2764 3822 3823
f 2764 3823 2763
f 2763 3823 3824
f 2763 3824 2762
f 2762 3824 3825
f 2762 3825 2761
f 2761 3825 3826
f 2761 3826 2760
f 2760 3826 3827
f 2760 3827 2759
f 2759 3827 3828
f 2759 3828 2758
f 2758 3828 3829
f 2758 3829 2757
f 2757 3829 3830
f 2757 3830 2756
f 2756 3830 3831
f 2756 3831 2755
f 2755 3831 3832
f 2755 3832 2754
f 2754 3832 3833
f 2754 3833 2753
f 2753 3833 3834
f 2753 3834 2751
f 2751 3834 3835
f 2751 3835 2749
f 2749 3835 3836
f 2749 3836 2747
f 2747 3836 3837
f 2747 3837 2746
f 2746 3837 3838
f 2746 3838 2744
f 2744 3838 3839
f 2744 3839 2742
f 2742 3839 3840
f 2742 3840 2740
f 2740 3840 3841
f 2740 3841 2738
f 2738 3841 3842
f 2738 3842 2736
f 2736 3842 3843
f 2736 3843 2734
f 2734 3843 3844
f 2734 3844 2732
f 2732 3844 3845
f 2732 3845 2731
f 2731 3845 3846
f 2731 3846 2729
f 2729 3846 3847
f 2729 3847 2727
f 2727 3847 3848
f 2727 3848 2725
f 2725 3848 3849
f 2725 3849 2723
f 2723 3849 3850
f 2723 3850 2721
f 2721 3850 3851
f 2721 3851 2719
f 2719 3851 3852
f 2719 3852 2717
f 2717 3852 3853
f 2717 3853 2716
f 2716 3853 3854
f 2716 3854 2714
f 2714 3854 3855
f 2714 3855 2712
f 2712 3855 3856
f 2712 3856 2710
f 2710 3856 3857
f 2710 3857 2708
f 2708 3857 3858
f 2708 3858 2706
f 2706 3858 3859
f 2706 3859 2704
f 2704 3859 3860
f 2704 3860 2702
f 2702 3860 3861
f 2702 3861 2701
f 2701 3861 3862
f 2701 3862 2699
f 2699 3862 3863
f 2699 3863 2697
f 2697 3863 3864
f 2697 3864 2695
f 2695 3864 3865
f 2695 3865 2693
f 2693 3865 3866
f 2693 3866 2691
f 2691 3866 3867
f 2691 3867 2689
f 2689 3867 3868
f 2689 3868 2687
f 2687 3868 3869
f 2687 3869 2686
f 2686 3869 3870
f 2686 3870 2684
f 2684 3870 3871
f 2684 3871 2682
f 2682 3871 3872
f 2682 3872 2680
f 2680 3872 3873
f 2680 3873 2678
f 2678 3873 3874
f 2678 3874 2676
f 2676 3874 3875
f 2676 3875 2674
f 2674 3875 3876
f 2674 3876 2672
f 2672 3876 3877
f 2672 3877 2671
f 2671 3877 3878
f 2671 3878 2669
f 2669 3878 3879
f 2669 3879 2667
f 2667 3879 3880
f 2667 3880 2665
f 2665 3880 3881
f 2665 3881 2663
f 2663 3881 3882
f 2663 3882 2661
f 2661 3882 3883
f 2661 3883 2659
f 2659 3883 3884
f 2659 3884 2658
f 2658 3884 3885
f 2658 3885 2656
f 2656 3885 3886
f 2656 3886 2654
f 2654 3886 3887
f 2654 3887 2652
f 2652 3887 3888
f 2652 3888 2650
f 2650 3888 3889
f 2650 3889 2648
f 2648 3889 3890
f 2648 3890 2646
f 2646 3890 3891
f 2646 3891 2644
f 2644 3891 3892
f 2644 3892 2643
f 2643 3892 3893
f 2643 3893 2641
f 2641 3893 3894
f 2641 3894 2639
f 2639 3894 3895
f 2639 3895 2637
f 2637 3895 3896
f 2637 3896 2635
f 2635 3896 3897
f 2635 3897 2633
f 2633 3897 3898
f 2633 3898 2631
f 2631 3898 3899
f 2631 3899 2629
f 2629 3899 3900
f 2629 3900 2628
f 2628 3900 3901
f 2628 3901 2626
f 2626 3901 3902
f 2626 3902 2624
f 2624 3902 3903
f 2624 3903 2622
f 2622 3903 3904
f 2622 3904 2620
f 2620 3904 3905
f 2620 3905 2618
f 2618 3905 3906
f 2618 3906 2617
f 2617 3906 3907
f 2617 3907 2616
f 2616 3907 3908
f 2616 3908 2615
f 2615 3908 3909
f 2615 3909 2614
f 2614 3909 3910
f 2614 3910 2613
f 2613 3910 3911
f 2613 3911 2612
f 2612 3911 3912
f 2612 3912 2611
f 2611 3912 3913
f 2611 3913 2610
f 2610 3913 3914
f 2610 3914 2609
f 2609 3914 3915
f 2609 3915 2608
f 2608 3915 3916
f 2608 3916 2607
f 2607 3916 3917
f 2607 3917 2606
f 2606 3917 3918
f 2606 3918 2605
f 2605 3918 3919
f 2605 3919 2604
f 2604 3919 3920
f 2604 3920 2603
f 2603 3920 3921
f 2603 3921 2602
f 2602 3921 3922
f 2602 3922 2601
f 2601 3922 3923
f 2601 3923 2600
f 2600 3923 3924
f 2600 3924 2599
f 2599 3924 3925
f 2599 3925 2598
f 2598 3925 3926
f 2598 3926 2597
f 2597 3926 3927
f 2597 3927 2596
f 2596 3927 3928
f 2596 3928 2595
f 2595 3928 3929
f 2595 3929 2594
f 2594 3929 3930
f 2594 3930 2593
f 2593 3930 3931
f 2593 3931 2592
f 2592 3931 3932
f 2592 3932 2591
f 2591 3932 3933
f 2591 3933 2589
f 2589 3933 3934
f 2589 3934 2587
f 2587 3934 3935
f 2587 3935 2585
f 2585 3935 3936
f 2585 3936 2583
f 2583 3936 3937
f 2583 3937 2581
f 2581 3937 3938
f 2581 3938 2579
f 2579 3938 3939
f 2579 3939 2577
f 2577 3939 3940
f 2577 3940 2576
f 2576 3940 3941
f 2576 3941 2574
f 2574 3941 3942
f 2574 3942 2572
f 2572 3942 3943
f 2572 3943 2570
f 2570 3943 3944
f 2570 3944 2568
f 2568 3944 3945
f 2568 3945 2566
f 2566 3945 3946
f 2566 3946 2564
f 2564 3946 3947
f 2564 3947 2562
f 2562 3947 3948
f 2562 3948 2561
f 2561 3948 3949
f 2561 3949 2559
f 2559 3949 3950
f 2559 3950 2557
f 2557 3950 3951
f 2557 3951 2555
f 2555 3951 3952
f 2555 3952 2553
f 2553 3952 3953
f 2553 3953 2551
f 2551 3953 3954
f 2551 3954 2549
f 2549 3954 3955
f 2549 3955 2547
f 2547 3955 3956
f 2547 3956 2546
f 2546 3956 3957
f 2546 3957 2544
f 2544 3957 3958
f 2544 3958 2542
f 2542 3958 3959
f 2542 3959 2540
f 2540 3959 3960
f 2540 3960 2538
f 2538 3960 3961
f 2538 3961 2536
f 2536 3961 3962
f 2536 3962 2534
f 2534 3962 3963
f 2534 3963 2532
f 2532 3963 3964
f 2532 3964 2531
f 2531 3964 3965
f 2531 3965 2529
f 2529 3965 3966
f 2529 3966 2527
f 2527 3966 3967
f 2527 3967 2525
f 2525 3967 3968
f 2525 3968 2523
f 2523 3968 3969
f 2523 3969 2521
f 2521 3969 3970
f 2521 3970 2519
f 2519 3970 3971
f 2519 3971 2518
f 2518 3971 3972
f 2518 3972 2516
f 2516 3972 3973
f 2516 3973 2514
f 2514 3973 3974
f 2514 3974 2512
f 2512 3974 3975
f 2512 3975 2510
f 2510 3975 3976
f 2510 3976 2508
f 2508 3976 3977
f 2508 3977 2506
f 2506 3977 3978
f 2506 3978 2504
f 2504 3978 3979
f 2504 3979 2503
f 2503 3979 3980
f 2503 3980 2501
f 2501 3980 3981
f 2501 3981 2499
f 2499 3981 3982
f 2499 3982 2497
f 2497 3982 3983
f 2497 3983 2495
f 2495 3983 3984
f 2495 3984 2493
f 2493 3984 3985
f 2493 3985 2491
f 2491 3985 3986
f 2491 3986 2489
f 2489 3986 3987
f 2489 3987 2488
f 2488 3987 3988
f 2488 3988 2486
f 2486 3988 3989
f 2486 3989 2484
f 2484 3989 3990
f 2484 3990 2482
f 2482 3990 3991
f 2482 3991 2480
f 2480 3991 3992
f 2480 3992 2478
f 2478 3992 3993
f 2478 3993 2476
f 2476 3993 3994
f 2476 3994 2474
f 2474 3994 3995
f 2474 3995 2473
f 2473 3995 3996
f 2473 3996 2471
f 2471 3996 3997
f 2471 3997 2469
f 2469 3997 3998
f 2469 3998 2467
f 2467 3998 3999
f 2467 3999 2465
f 2465 3999 4000
f 2465 4000 2463
f 2463 4000 4001
f 2463 4001 2461
f 2461 4001 4002
f 2461 4002 2459
f 2459 4002 4003
f 2459 4003 2458
f 2458 4003 4004
f 2458 4004 2456
f 2456 4004 4005
f 2456 4005 2455
f 2455 4005 4006
f 2455 4006 2454
f 2454 4006 4007
f 2454 4007 2453
f 2453 4007 4008
f 2453 4008 2452
f 2452 4008 4009
f 2452 4009 2451
f 2451 4009 4010
f 2451 4010 2450
f 2450 4010 4011
f 2450 4011 2449
f 2449 4011 4012
f 2449 4012 2448
f 2448 4012 4013
f 2448 4013 2447
f 2447 4013 4014
f 2447 4014 2446
f 2446 4014 4015
f 2446 4015 2445
f 2445 4015 4016
f 2445 4016 2444
f 2444 4016 4017
f 2444 4017 2443
f 2443 4017 4018
f 2443 4018 2442
f 2442 4018 4019
f 2442 4019 2441
f 2441 4019 4020
f 2441 4020 2440
f 2440 4020 4021
f 2440 4021 2439
f 2439 4021 4022
f 2439 4022 2438
f 2438 4022 4023
f 2438 4023 2437
f 2437 4023 4024
f 2437 4024 2436
f 2436 4024 4025
f 2436 4025 2435
f 2435 4025 4026
f 2435 4026 2434
f 2434 4026 4027
f 2434 4027 2433
f 2433 4027 4028
f 2433 4028 2432
f 2432 4028 4029
f 2432 4029 2431
f 2431 4029 4030
f 2431 4030 2430
f 2430 4030 4031
f 2430 4031 2428
f 2428 4031 4032
f 2428 4032 2426
f 2426 4032 4033
f 2426 4033 2424
f 2424 4033 4034
f 2424 4034 2422
f 2422 4034 4035
f 2422 4035 2421
f 2421 4035 4036
f 2421 4036 2419
f 2419 4036 4037
f 2419 4037 2417
f 2417 4037 4038
f 2417 4038 2415
f 2415 4038 4039
f 2415 4039 2413
f 2413 4039 4040
f 2413 4040 2411
f 2411 4040 4041
f 2411 4041 2409
f 2409 4041 4042
f 2409 4042 2407
f 2407 4042 4043
f 2407 4043 2406
f 2406 4043 4044
f 2406 4044 2404
f 2404 4044 4045
f 2404 4045 2402
f 2402 4045 4046
f 2402 4046 2400
f 2400 4046 4047
f 2400 4047 2398
f 2398 4047 4048
f 2398 4048 2396
f 2396 4048 4049
f 2396 4049 2394
f 2394 4049 4050
f 2394 4050 2393
f 2393 4050 4051
f 2393 4051 2391
f 2391 4051 4052
f 2391 4052 2389
f 2389 4052 4053
f 2389 4053 2387
f 2387 4053 4054
f 2387 4054 2385
f 2385 4054 4055
f 2385 4055 2383
f 2383 4055 4056
f 2383 4056 2381
f 2381 4056 4057
f 2381 4057 2379
f 2379 4057 4058
f 2379 4058 2378
f 2378 4058 4059
f 2378 4059 2376
f 2376 4059 4060
f 2376 4060 2374
f 2374 4060 4061
f 2374 4061 2372
f 2372 4061 4062
f 2372 4062 2370
f 2370 4062 4063
f 2370 4063 2368
f 2368 4063 4064
f 2368 4064 2366
f 2366 4064 4065
f 2366 4065 2364
f 2364 4065 4066
f 2364 4066 2363
f 2363 4066 4067
f 2363 4067 2361
f 2361 4067 4068
f 2361 4068 2359
f 2359 4068 4069
f 2359 4069 2357
f 2357 4069 4070
f 2357 4070 2355
f 2355 4070 4071
f 2355 4071 2353
f 2353 4071 4072
f 2353 4072 2351
f 2351 4072 4073
f 2351 4073 2349
f 2349 4073 4074
f 2349 4074 2348
f 2348 4074 4075
f 2348 4075 2346
f 2346 4075 4076
f 2346 4076 2344
f 2344 4076 4077
f 2344 4077 2342
f 2342 4077 4078
f 2342 4078 2340
f 2340 4078 4079
f 2340 4079 2338
f 2338 4079 4080
f 2338 4080 2336
f 2336 4080 4081
f 2336 4081 2334
f 2334 4081 4082
f 2334 4082 2333
f 2333 4082 4083
f 2333 4083 2331
f 2331 4083 4084
f 2331 4084 2329
f 2329 4084 4085
f 2329 4085 2327
f 2327 4085 4086
f 2327 4086 2325
f 2325 4086 4087
f 2325 4087 2323
f 2323 4087 4088
f 2323 4088 2321
f 2321 4088 4089
f 2321 4089 2319
f 2319 4089 4090
f 2319 4090 2318
f 2318 4090 4091
f 2318 4091 2316
f 2316 4091 4092
f 2316 4092 2314
f 2314 4092 4093
f 2314 4093 2312
f 2312 4093 4094
f 2312 4094 2310
f 2310 4094 4095
f 2310 4095 2308
f 2308 4095 4096
f 2308 4096 2306
f 2306 4096 4097
f 2306 4097 2304
f 2304 4097 4098
f 2304 4098 2303
f 2303 4098 4099
f 2303 4099 2301
f 2301 4099 4100
f 2301 4100 2299
f 2299 4100 4101
f 2299 4101 2297
f 2297 4101 4102
f 2297 4102 2295
f 2295 4102 4103
f 2295 4103 2294
f 2294 4103 4104
f 2294 4104 2293
f 2293 4104 4105
f 2293 4105 2292
f 2292 4105 4106
f 2292 4106 2291
f 2291 4106 4107
f 2291 4107 2290
f 2290 4107 4108
f 2290 4108 2289
f 2289 4108 4109
f 2289 4109 2288
f 2288 4109 4110
f 2288 4110 2287
f 2287 4110 4111
f 2287 4111 2286
f 2286 4111 4112
f 2286 4112 2285
f 2285 4112 4113
f 2285 4113 2284
f 2284 4113 4114
f 2284 4114 2283
f 2283 4114 4115
f 2283 4115 2282
f 2282 4115 4116
f 2282 4116 2281
f 2281 4116 4117
f 2281 4117 2280
f 2280 4117 4118
f 2280 4118 2279
f 2279 4118 4119
f 2279 4119 2278
f 2278 4119 4120
f 2278 4120 2277
f 2277 4120 4121
f 2277 4121 2276
f 2276 4121 4122
f 2276 4122 2275
f 2275 4122 4123
f 2275 4123 2274
f 2274 4123 4124
f 2274 4124 2273
f 2273 4124 4125
f 2273 4125 2272
f 2272 4125 4126
f 2272 4126 2271
f 2271 4126 4127
f 2271 4127 2270
f 2270 4127 4128
f 2270 4128 2269
f 2269 4128 4129
f 2269 4129 2268
f 2268 4129 4130
f 2268 4130 2266
f 2266 4130 4131
f 2266 4131 2264
f 2264 4131 4132
f 2264 4132 2262
f 2262 4132 4133
f 2262 4133 2260
f 2260 4133 4134
f 2260 4134 2258
f 2258 4134 4135
f 2258 4135 2256
f 2256 4135 4136
f 2256 4136 2254
f 2254 4136 4137
f 2254 4137 2253
f 2253 4137 4138
f 2253 4138 2251
f 2251 4138 4139
f 2251 4139 2249
f 2249 4139 4140
f 2249 4140 2247
f 2247 4140 4141
f 2247 4141 2245
f 2245 4141 4142
f 2245 4142 2243
f 2243 4142 4143
f 2243 4143 2241
f 2241 4143 4144
f 2241 4144 2239
f 2239 4144 4145
f 2239 4145 2238
f 2238 4145 4146
f 2238 4146 2236
f 2236 4146 4147
f 2236 4147 2234
f 2234 4147 4148
f 2234 4148 2232
f 2232 4148 4149
f 2232 4149 2230
f 2230 4149 4150
f 2230 4150 2228
f 2228 4150 4151
f 2228 4151 2226
f 2226 4151 4152
f 2226 4152 2224
f 2224 4152 4153
f 2224 4153 2223
f 2223 4153 4154
f 2223 4154 2221
f 2221 4154 4155
f 2221 4155 2219
f 2219 4155 4156
f 2219 4156 2217
f 2217 4156 4157
f 2217 4157 2215
f 2215 4157 4158
f 2215 4158 2213
f 2213 4158 4159
f 2213 4159 2211
f 2211 4159 4160
f 2211 4160 2209
f 2209 4160 4161
f 2209 4161 2208
f 2208 4161 4162
f 2208 4162 2206
f 2206 4162 4163
f 2206 4163 2204
f 2204 4163 4164
f 2204 4164 2202
f 2202 4164 4165
f 2202 4165 2200
f 2200 4165 4166
f 2200 4166 2198
f 2198 4166 4167
f 2198 4167 2196
f 2196 4167 4168
f 2196 4168 2194
f 2194 4168 4169
f 2194 4169 2193
f 2193 4169 4170
f 2193 4170 2191
f 2191 4170 4171
f 2191 4171 2189
f 2189 4171 4172
f 2189 4172 2187
f 2187 4172 4173
f 2187 4173 2185
f 2185 4173 4174
f 2185 4174 2183
f 2183 4174 4175
f 2183 4175 2181
f 2181 4175 4176
f 2181 4176 2179
f 2179 4176 4177
f 2179 4177 2178
f 2178 4177 4178
f 2178 4178 2176
f 2176 4178 4179
f 2176 4179 2174
f 2174 4179 4180
f 2174 4180 2172
f 2172 4180 4181
f 2172 4181 2170
f 2170 4181 4182
f 2170 4182 2168
f 2168 4182 4183
f 2168 4183 2166
f 2166 4183 4184
f 2166 4184 2164
f 2164 4184 4185
f 2164 4185 2163
f 2163 4185 4186
f 2163 4186 2161
f 2161 4186 4187
f 2161 4187 2159
f 2159 4187 4188
f 2159 4188 2157
f 2157 4188 4189
f 2157 4189 2155
f 2155 4189 4190
f 2155 4190 2153
f 2153 4190 4191
f 2153 4191 2151
f 2151 4191 4192
f 2151 4192 2149
f 2149 4192 4193
f 2149 4193 2148
f 2148 4193 4194
f 2148 4194 2146
f 2146 4194 4195
f 2146 4195 2144
f 2144 4195 4196
f 2144 4196 2142
f 2142 4196 4197
f 2142 4197 2140
f 2140 4197 4198
f 2140 4198 2138
f 2138 4198 4199
f 2138 4199 2136
f 2136 4199 4200
f 2136 4200 2135
f 2135 4200 4201
f 2135 4201 2133
f 2133 4201 4202
f 2133 4202 2132
f 2132 4202 4203
f 2132 4203 2131
f 2131 4203 4204
f 2131 4204 2130
f 2130 4204 4205
f 2130 4205 2129
f 2129 4205 4206
f 2129 4206 2128
f 2128 4206 4207
f 2128 4207 2127
f 2127 4207 4208
f 2127 4208 2126
f 2126 4208 4209
f 2126 4209 2125
f 2125 4209 4210
f 2125 4210 2124
f 2124 4210 4211
f 2124 4211 2123
f 2123 4211 4212
f 2123 4212 2122
f 2122 4212 4213
f 2122 4213 2121
f 2121 4213 4214
f 2121 4214 2120
f 2120 4214 4215
f 2120 4215 2119
f 2119 4215 4216
f 2119 4216 2118
f 2118 4216 4217
f 2118 4217 2117
f 2117 4217 4218
f 2117 4218 2116
f 2116 4218 4219
f 2116 4219 2115
f 2115 4219 4220
f 2115 4220 2114
f 2114 4220 4221
f 2114 4221 2113
f 2113 4221 4222
f 2113 4222 2112
f 2112 4222 4223
f 2112 4223 2111
f 2111 4223 4224
f 2111 4224 2100
f 2100 4224 4225
f 2100 4225 2101
f 2101 4225 4226
f 2101 4226 2103
f 2103 4226 4227
f 2103 4227 2105
f 2105 4227 4228
f 2105 4228 2107
f 2107 4228 4229
f 2107 4229 2109
f 2109 4229 4230
f 2109 4230 2110
f 2110 4230 4231
f 2110 4231 2934
f 2934 4231 4232
f 2934 4232 2936
f 2936 4232 4233
f 2936 4233 2938
f 2938 4233 4234
f 2938 4234 2940
f 2940 4234 4235
f 2940 4235 2942
f 2942 4235 4236
f 2942 4236 2944
f 2944 4236 4237
f 2944 4237 2946
f 2946 4237 4238
f 2946 4238 2948
f 2948 4238 4239
f 2948 4239 2950
f 2950 4239 4240
f 2950 4240 2952
f 2952 4240 4241
f 2952 4241 2954
f 2954 4241 4242
f 2954 4242 2956
f 2956 4242 4243
f 2956 4243 2958
f 2958 4243 4244
f 2958 4244 2960
f 2960 4244 4245
f 2960 4245 2962
f 2962 4245 4246
f 2962 4246 2964
f 2964 4246 4247
f 2964 4247 2966
f 2966 4247 4248
f 2966 4248 2968
f 2968 4248 4249
f 2968 4249 2970
f 2970 4249 4250
f 2970 4250 2972
f 2972 4250 4251
f 2972 4251 2974
f 2974 4251 4252
f 2974 4252 2976
f 2976 4252 4253
f 2976 4253 2978
f 2978 4253 4254
f 2978 4254 2980
f 2980 4254 4255
f 2980 4255 2982
f 2982 4255 4256
f 2982 4256 2984
f 2984 4256 4257
f 2984 4257 2985
f 2985 4257 4258
f 2985 4258 4259
f 2985 4259 4425
f 4425 4259 4260
f 4425 4260 4261
f 4425 4261 4426
f 4426 4261 4262
f 4426 4262 4427
f 4427 4262 4263
f 4427 4263 4264
f 4427 4264 4428
f 4428 4264 4265
f 4428 4265 4266
f 4428 4266 4429
f 4429 4266 4267
f 4429 4267 4268
f 4429 4268 4430
f 4430 4268 4269
f 4430 4269 4431
f 4431 4269 4270
f 4431 4270 4271
f 4271 4272 4431
f 2102 2076 2099
f 2099 2076 2078
f 2099 2078 2081
f 2102 2104 2076
f 2076 2104 2106
f 2076 2106 2108
f 2108 2933 2076
f 2076 2933 2935
f 2076 2935 2937
f 2937 2939 2076
f 2076 2939 2941
f 2076 2941 2943
f 2943 2945 2076
f 2076 2945 2947
f 2076 2947 2949
f 2949 2951 2076
f 2076 2951 2953
f 2076 2953 2955
f 2955 2957 2076
f 2076 2957 4300
f 4300 2957 4299
f 4299 2957 4298
f 4298 2957 4297
f 4297 2957 4296
f 4296 2957 4295
f 4295 2957 4294
f 4294 2957 4293
f 4293 2957 4292
f 4292 2957 4291
f 4291 2957 4290
f 4290 2957 4289
f 4289 2957 4288
f 4288 2957 4287
f 4287 2957 4286
f 4286 2957 4285
f 4285 2957 4284
f 4284 2957 4283
f 4283 2957 4282
f 4282 2957 2959
f 4282 2959 2961
f 4282 2961 4281
f 4281 2961 2963
f 4281 2963 4280
f 4280 2963 2965
f 4280 2965 4279
f 4279 2965 2967
f 4279 2967 4428
f 4428 2967 2969
f 4428 2969 2971
f 2971 2973 4428
f 4428 2973 4427
f 4427 2973 2975
f 4427 2975 2977
f 2977 2979 4427
f 4427 2979 4426
f 4426 2979 2981
f 4426 2981 2983
f 2985 4425 2983
f 2983 4425 4426
f 4429 4277 4428
f 4428 4277 4276
f 4428 4276 4278
f 4277 4429 4275
f 4275 4429 4430
f 4275 4430 4274
f 4274 4430 4431
f 4274 4431 4273
f 4273 4431 4272
f 4278 4279 4428
f 2081 2083 2099
f 2099 2083 2085
f 2099 2085 2088
f 2088 2090 2099
f 2099 2090 2092
f 2099 2092 2095
f 2095 2097 2099
f 4432 4433 4434
f 4434 4433 4435
f 4434 4435 1744
f 1744 1743 4434
f 4434 1743 4436
f 4434 4436 4432
f 278 4437 280
f 280 4437 4438
f 280 4438 1737
f 1737 4438 4439
f 1737 4439 4440
f 4440 4439 4441
f 4440 4441 4442
f 4442 4441 4443
f 4442 4443 4444
f 4444 4443 4445
f 4444 4445 4446
f 4446 4445 4447
f 4446 4447 4448
f 4448 4447 4449
f 4448 4449 4432
f 4432 4449 4450
f 4450 4449 4451
f 4451 4449 4452
f 4451 4452 4453
f 4453 4452 4454
f 4453 4454 4455
f 4455 4454 4456
f 4455 4456 4457
f 4457 4456 4458
f 4457 4458 4459
f 4459 4458 4460
f 4459 4460 4461
f 4461 4460 4438
f 4461 4438 4437
f 263 4462 278
f 278 4462 4463
f 278 4463 4464
f 4464 4463 4465
f 4464 4465 4466
f 4466 4465 4467
f 4466 4467 4459
f 4459 4467 4457
f 4462 263 4468
f 4468 263 4469
f 4468 4469 4470
f 4471 4472 4470
f 4470 4472 4473
f 4470 4473 4468
f 4468 4473 4462
f 4474 4475 4471
f 4471 4475 4476
f 4471 4476 4472
f 4472 4476 4477
f 4472 4477 4478
f 4478 4477 4465
f 4478 4465 4463
f 4475 4474 4453
f 4453 4474 4451
f 4432 4436 4448
f 4448 4436 4479
f 4448 4479 4446
f 4446 4479 4480
f 4446 4480 4444
f 4444 4480 4481
f 4444 4481 4442
f 4442 4481 4482
f 4442 4482 4440
f 4440 4482 1738
f 4440 1738 1737
f 1743 4483 4436
f 4436 4483 4484
f 4436 4484 4485
f 4485 4484 4486
f 4485 4486 4480
f 4480 4486 4481
f 1743 1742 4483
f 4483 1742 1741
f 4483 1741 4487
f 4487 1741 4488
f 4487 4488 4486
f 4486 4488 4481
f 1741 1740 4488
f 4488 1740 1739
f 4488 1739 4482
f 4482 1739 1738
f 278 4464 4489
f 4489 4464 4466
f 4489 4466 4461
f 4461 4466 4459
f 4489 4461 4437
f 4441 4439 4460
f 4460 4439 4438
f 4481 4488 4482
f 4484 4483 4487
f 4484 4487 4486
f 4463 4462 4478
f 4478 4462 4473
f 4478 4473 4472
f 4467 4465 4477
f 4457 4467 4490
f 4490 4467 4477
f 4490 4477 4476
f 4457 4490 4455
f 4455 4490 4475
f 4455 4475 4453
f 4475 4490 4476
f 4456 4454 4445
f 4445 4454 4447
f 4449 4447 4452
f 4452 4447 4454
f 4480 4479 4485
f 4485 4479 4436
f 4458 4456 4443
f 4443 4456 4445
f 4460 4458 4441
f 4441 4458 4443
f 278 4489 4437
f 372 1745 4491
f 4491 1745 4492
f 4491 4492 313
f 313 309 4491
f 4491 309 322
f 4491 322 372
f 4493 4494 4495
f 4495 4494 4496
f 4495 4496 1762
f 1762 1780 4495
f 4495 1780 4497
f 4495 4497 4493
f 258 4498 260
f 260 4498 4499
f 260 4499 1786
f 1786 4499 4500
f 1786 4500 4501
f 4501 4500 4502
f 4501 4502 4503
f 4503 4502 4504
f 4503 4504 4505
f 4505 4504 4506
f 4505 4506 4507
f 4507 4506 4508
f 4507 4508 4509
f 4509 4508 4510
f 4509 4510 4493
f 4493 4510 4511
f 4511 4510 4512
f 4512 4510 4513
f 4512 4513 4514
f 4514 4513 4515
f 4514 4515 4516
f 4516 4515 4517
f 4516 4517 4518
f 4518 4517 4519
f 4518 4519 4520
f 4520 4519 4521
f 4520 4521 4522
f 4522 4521 4499
f 4522 4499 4498
f 243 4523 258
f 258 4523 4524
f 258 4524 4525
f 4525 4524 4526
f 4525 4526 4527
f 4527 4526 4528
f 4527 4528 4520
f 4520 4528 4518
f 4523 243 4529
f 4529 243 4530
f 4529 4530 4531
f 4532 4533 4531
f 4531 4533 4534
f 4531 4534 4529
f 4529 4534 4523
f 4535 4536 4532
f 4532 4536 4537
f 4532 4537 4533
f 4533 4537 4538
f 4533 4538 4539
f 4539 4538 4526
f 4539 4526 4524
f 4536 4535 4514
f 4514 4535 4512
f 4493 4497 4509
f 4509 4497 4540
f 4509 4540 4507
f 4507 4540 4541
f 4507 4541 4505
f 4505 4541 4542
f 4505 4542 4503
f 4503 4542 4543
f 4503 4543 4501
f 4501 4543 1785
f 4501 1785 1786
f 1780 4544 4497
f 4497 4544 4545
f 4497 4545 4546
f 4546 4545 4547
f 4546 4547 4541
f 4541 4547 4542
f 1780 1781 4544
f 4544 1781 1782
f 4544 1782 4548
f 4548 1782 4549
f 4548 4549 4547
f 4547 4549 4542
f 1782 1783 4549
f 4549 1783 1784
f 4549 1784 4543
f 4543 1784 1785
f 258 4525 4550
f 4550 4525 4527
f 4550 4527 4522
f 4522 4527 4520
f 4550 4522 4498
f 4502 4500 4521
f 4521 4500 4499
f 4542 4549 4543
f 4545 4544 4548
f 4545 4548 4547
f 4524 4523 4539
f 4539 4523 4534
f 4539 4534 4533
f 4528 4526 4538
f 4518 4528 4551
f 4551 4528 4538
f 4551 4538 4537
f 4518 4551 4516
f 4516 4551 4536
f 4516 4536 4514
f 4536 4551 4537
f 4517 4515 4506
f 4506 4515 4508
f 4510 4508 4513
f 4513 4508 4515
f 4541 4540 4546
f 4546 4540 4497
f 4519 4517 4504
f 4504 4517 4506
f 4521 4519 4502
f 4502 4519 4504
f 258 4550 4498
f 476 1760 4552
f 4552 1760 4553
f 4552 4553 414
f 414 413 4552
f 4552 413 426
f 4552 426 476
f 4554 4555 4556
f 4556 4555 4557
f 4556 4557 1772
f 1772 1773 4556
f 4556 1773 4558
f 4556 4558 4554
f 238 4559 240
f 240 4559 4560
f 240 4560 1779
f 1779 4560 4561
f 1779 4561 4562
f 4562 4561 4563
f 4562 4563 4564
f 4564 4563 4565
f 4564 4565 4566
f 4566 4565 4567
f 4566 4567 4568
f 4568 4567 4569
f 4568 4569 4570
f 4570 4569 4571
f 4570 4571 4554
f 4554 4571 4572
f 4572 4571 4573
f 4573 4571 4574
f 4573 4574 4575
f 4575 4574 4576
f 4575 4576 4577
f 4577 4576 4578
f 4577 4578 4579
f 4579 4578 4580
f 4579 4580 4581
f 4581 4580 4582
f 4581 4582 4583
f 4583 4582 4560
f 4583 4560 4559
f 223 4584 238
f 238 4584 4585
f 238 4585 4586
f 4586 4585 4587
f 4586 4587 4588
f 4588 4587 4589
f 4588 4589 4581
f 4581 4589 4579
f 4584 223 4590
f 4590 223 4591
f 4590 4591 4592
f 4593 4594 4592
f 4592 4594 4595
f 4592 4595 4590
f 4590 4595 4584
f 4596 4597 4593
f 4593 4597 4598
f 4593 4598 4594
f 4594 4598 4599
f 4594 4599 4600
f 4600 4599 4587
f 4600 4587 4585
f 4597 4596 4575
f 4575 4596 4573
f 4554 4558 4570
f 4570 4558 4601
f 4570 4601 4568
f 4568 4601 4602
f 4568 4602 4566
f 4566 4602 4603
f 4566 4603 4564
f 4564 4603 4604
f 4564 4604 4562
f 4562 4604 1778
f 4562 1778 1779
f 1773 4605 4558
f 4558 4605 4606
f 4558 4606 4607
f 4607 4606 4608
f 4607 4608 4602
f 4602 4608 4603
f 1773 1774 4605
f 4605 1774 1775
f 4605 1775 4609
f 4609 1775 4610
f 4609 4610 4608
f 4608 4610 4603
f 1775 1776 4610
f 4610 1776 1777
f 4610 1777 4604
f 4604 1777 1778
f 238 4586 4611
f 4611 4586 4588
f 4611 4588 4583
f 4583 4588 4581
f 4611 4583 4559
f 4563 4561 4582
f 4582 4561 4560
f 4603 4610 4604
f 4606 4605 4609
f 4606 4609 4608
f 4585 4584 4600
f 4600 4584 4595
f 4600 4595 4594
f 4589 4587 4599
f 4579 4589 4612
f 4612 4589 4599
f 4612 4599 4598
f 4579 4612 4577
f 4577 4612 4597
f 4577 4597 4575
f 4597 4612 4598
f 4578 4576 4567
f 4567 4576 4569
f 4571 4569 4574
f 4574 4569 4576
f 4602 4601 4607
f 4607 4601 4558
f 4580 4578 4565
f 4565 4578 4567
f 4582 4580 4563
f 4563 4580 4565
f 238 4611 4559
f 580 1768 4613
f 4613 1768 4614
f 4613 4614 518
f 518 517 4613
f 4613 517 530
f 4613 530 580
f 4615 4616 4617
f 4617 4616 4618
f 4617 4618 1767
f 1767 1787 4617
f 4617 1787 4619
f 4617 4619 4615
f 218 4620 220
f 220 4620 4621
f 220 4621 1793
f 1793 4621 4622
f 1793 4622 4623
f 4623 4622 4624
f 4623 4624 4625
f 4625 4624 4626
f 4625 4626 4627
f 4627 4626 4628
f 4627 4628 4629
f 4629 4628 4630
f 4629 4630 4631
f 4631 4630 4632
f 4631 4632 4615
f 4615 4632 4633
f 4633 4632 4634
f 4634 4632 4635
f 4634 4635 4636
f 4636 4635 4637
f 4636 4637 4638
f 4638 4637 4639
f 4638 4639 4640
f 4640 4639 4641
f 4640 4641 4642
f 4642 4641 4643
f 4642 4643 4644
f 4644 4643 4621
f 4644 4621 4620
f 203 4645 218
f 218 4645 4646
f 218 4646 4647
f 4647 4646 4648
f 4647 4648 4649
f 4649 4648 4650
f 4649 4650 4642
f 4642 4650 4640
f 4645 203 4651
f 4651 203 4652
f 4651 4652 4653
f 4654 4655 4653
f 4653 4655 4656
f 4653 4656 4651
f 4651 4656 4645
f 4657 4658 4654
f 4654 4658 4659
f 4654 4659 4655
f 4655 4659 4660
f 4655 4660 4661
f 4661 4660 4648
f 4661 4648 4646
f 4658 4657 4636
f 4636 4657 4634
f 4615 4619 4631
f 4631 4619 4662
f 4631 4662 4629
f 4629 4662 4663
f 4629 4663 4627
f 4627 4663 4664
f 4627 4664 4625
f 4625 4664 4665
f 4625 4665 4623
f 4623 4665 1792
f 4623 1792 1793
f 1787 4666 4619
f 4619 4666 4667
f 4619 4667 4668
f 4668 4667 4669
f 4668 4669 4663
f 4663 4669 4664
f 1787 1788 4666
f 4666 1788 1789
f 4666 1789 4670
f 4670 1789 4671
f 4670 4671 4669
f 4669 4671 4664
f 1789 1790 4671
f 4671 1790 1791
f 4671 1791 4665
f 4665 1791 1792
f 218 4647 4672
f 4672 4647 4649
f 4672 4649 4644
f 4644 4649 4642
f 4672 4644 4620
f 4624 4622 4643
f 4643 4622 4621
f 4664 4671 4665
f 4667 4666 4670
f 4667 4670 4669
f 4646 4645 4661
f 4661 4645 4656
f 4661 4656 4655
f 4650 4648 4660
f 4640 4650 4673
f 4673 4650 4660
f 4673 4660 4659
f 4640 4673 4638
f 4638 4673 4658
f 4638 4658 4636
f 4658 4673 4659
f 4639 4637 4628
f 4628 4637 4630
f 4632 4630 4635
f 4635 4630 4637
f 4663 4662 4668
f 4668 4662 4619
f 4641 4639 4626
f 4626 4639 4628
f 4643 4641 4624
f 4624 4641 4626
f 218 4672 4620
f 684 1769 4674
f 4674 1769 4675
f 4674 4675 622
f 622 621 4674
f 4674 621 634
f 4674 634 684
f 4676 4677 4678
f 4678 4677 4679
f 4678 4679 1759
f 1759 1794 4678
f 4678 1794 4680
f 4678 4680 4676
f 198 4681 200
f 200 4681 4682
f 200 4682 1800
f 1800 4682 4683
f 1800 4683 4684
f 4684 4683 4685
f 4684 4685 4686
f 4686 4685 4687
f 4686 4687 4688
f 4688 4687 4689
f 4688 4689 4690
f 4690 4689 4691
f 4690 4691 4692
f 4692 4691 4693
f 4692 4693 4676
f 4676 4693 4694
f 4694 4693 4695
f 4695 4693 4696
f 4695 4696 4697
f 4697 4696 4698
f 4697 4698 4699
f 4699 4698 4700
f 4699 4700 4701
f 4701 4700 4702
f 4701 4702 4703
f 4703 4702 4704
f 4703 4704 4705
f 4705 4704 4682
f 4705 4682 4681
f 183 4706 198
f 198 4706 4707
f 198 4707 4708
f 4708 4707 4709
f 4708 4709 4710
f 4710 4709 4711
f 4710 4711 4703
f 4703 4711 4701
f 4706 183 4712
f 4712 183 4713
f 4712 4713 4714
f 4715 4716 4714
f 4714 4716 4717
f 4714 4717 4712
f 4712 4717 4706
f 4718 4719 4715
f 4715 4719 4720
f 4715 4720 4716
f 4716 4720 4721
f 4716 4721 4722
f 4722 4721 4709
f 4722 4709 4707
f 4719 4718 4697
f 4697 4718 4695
f 4676 4680 4692
f 4692 4680 4723
f 4692 4723 4690
f 4690 4723 4724
f 4690 4724 4688
f 4688 4724 4725
f 4688 4725 4686
f 4686 4725 4726
f 4686 4726 4684
f 4684 4726 1799
f 4684 1799 1800
f 1794 4727 4680
f 4680 4727 4728
f 4680 4728 4729
f 4729 4728 4730
f 4729 4730 4724
f 4724 4730 4725
f 1794 1795 4727
f 4727 1795 1796
f 4727 1796 4731
f 4731 1796 4732
f 4731 4732 4730
f 4730 4732 4725
f 1796 1797 4732
f 4732 1797 1798
f 4732 1798 4726
f 4726 1798 1799
f 198 4708 4733
f 4733 4708 4710
f 4733 4710 4705
f 4705 4710 4703
f 4733 4705 4681
f 4685 4683 4704
f 4704 4683 4682
f 4725 4732 4726
f 4728 4727 4731
f 4728 4731 4730
f 4707 4706 4722
f 4722 4706 4717
f 4722 4717 4716
f 4711 4709 4721
f 4701 4711 4734
f 4734 4711 4721
f 4734 4721 4720
f 4701 4734 4699
f 4699 4734 4719
f 4699 4719 4697
f 4719 4734 4720
f 4700 4698 4689
f 4689 4698 4691
f 4693 4691 4696
f 4696 4691 4698
f 4724 4723 4729
f 4729 4723 4680
f 4702 4700 4687
f 4687 4700 4689
f 4704 4702 4685
f 4685 4702 4687
f 198 4733 4681
f 788 1761 4735
f 4735 1761 4736
f 4735 4736 728
f 728 725 4735
f 4735 725 738
f 4735 738 788
f 4737 4738 4739
f 4739 4738 4740
f 4739 4740 1747
f 1747 1748 4739
f 4739 1748 4741
f 4739 4741 4737
f 178 4742 180
f 180 4742 4743
f 180 4743 1754
f 1754 4743 4744
f 1754 4744 4745
f 4745 4744 4746
f 4745 4746 4747
f 4747 4746 4748
f 4747 4748 4749
f 4749 4748 4750
f 4749 4750 4751
f 4751 4750 4752
f 4751 4752 4753
f 4753 4752 4754
f 4753 4754 4737
f 4737 4754 4755
f 4755 4754 4756
f 4756 4754 4757
f 4756 4757 4758
f 4758 4757 4759
f 4758 4759 4760
f 4760 4759 4761
f 4760 4761 4762
f 4762 4761 4763
f 4762 4763 4764
f 4764 4763 4765
f 4764 4765 4766
f 4766 4765 4743
f 4766 4743 4742
f 163 4767 178
f 178 4767 4768
f 178 4768 4769
f 4769 4768 4770
f 4769 4770 4771
f 4771 4770 4772
f 4771 4772 4764
f 4764 4772 4762
f 4767 163 4773
f 4773 163 4774
f 4773 4774 4775
f 4776 4777 4775
f 4775 4777 4778
f 4775 4778 4773
f 4773 4778 4767
f 4779 4780 4776
f 4776 4780 4781
f 4776 4781 4777
f 4777 4781 4782
f 4777 4782 4783
f 4783 4782 4770
f 4783 4770 4768
f 4780 4779 4758
f 4758 4779 4756
f 4737 4741 4753
f 4753 4741 4784
f 4753 4784 4751
f 4751 4784 4785
f 4751 4785 4749
f 4749 4785 4786
f 4749 4786 4747
f 4747 4786 4787
f 4747 4787 4745
f 4745 4787 1753
f 4745 1753 1754
f 1748 4788 4741
f 4741 4788 4789
f 4741 4789 4790
f 4790 4789 4791
f 4790 4791 4785
f 4785 4791 4786
f 1748 1749 4788
f 4788 1749 1750
f 4788 1750 4792
f 4792 1750 4793
f 4792 4793 4791
f 4791 4793 4786
f 1750 1751 4793
f 4793 1751 1752
f 4793 1752 4787
f 4787 1752 1753
f 178 4769 4794
f 4794 4769 4771
f 4794 4771 4766
f 4766 4771 4764
f 4794 4766 4742
f 4746 4744 4765
f 4765 4744 4743
f 4786 4793 4787
f 4789 4788 4792
f 4789 4792 4791
f 4768 4767 4783
f 4783 4767 4778
f 4783 4778 4777
f 4772 4770 4782
f 4762 4772 4795
f 4795 4772 4782
f 4795 4782 4781
f 4762 4795 4760
f 4760 4795 4780
f 4760 4780 4758
f 4780 4795 4781
f 4761 4759 4750
f 4750 4759 4752
f 4754 4752 4757
f 4757 4752 4759
f 4785 4784 4790
f 4790 4784 4741
f 4763 4761 4748
f 4748 4761 4750
f 4765 4763 4746
f 4746 4763 4748
f 178 4794 4742
f 892 1746 4796
f 4796 1746 4797
f 4796 4797 830
f 830 829 4796
f 4796 829 842
f 4796 842 892
f 4798 4799 4800
f 4800 4799 4801
f 4800 4801 1808
f 1808 1842 4800
f 4800 1842 4802
f 4800 4802 4798
f 158 4803 160
f 160 4803 4804
f 160 4804 1848
f 1848 4804 4805
f 1848 4805 4806
f 4806 4805 4807
f 4806 4807 4808
f 4808 4807 4809
f 4808 4809 4810
f 4810 4809 4811
f 4810 4811 4812
f 4812 4811 4813
f 4812 4813 4814
f 4814 4813 4815
f 4814 4815 4798
f 4798 4815 4816
f 4816 4815 4817
f 4817 4815 4818
f 4817 4818 4819
f 4819 4818 4820
f 4819 4820 4821
f 4821 4820 4822
f 4821 4822 4823
f 4823 4822 4824
f 4823 4824 4825
f 4825 4824 4826
f 4825 4826 4827
f 4827 4826 4804
f 4827 4804 4803
f 143 4828 158
f 158 4828 4829
f 158 4829 4830
f 4830 4829 4831
f 4830 4831 4832
f 4832 4831 4833
f 4832 4833 4825
f 4825 4833 4823
f 4828 143 4834
f 4834 143 4835
f 4834 4835 4836
f 4837 4838 4836
f 4836 4838 4839
f 4836 4839 4834
f 4834 4839 4828
f 4840 4841 4837
f 4837 4841 4842
f 4837 4842 4838
f 4838 4842 4843
f 4838 4843 4844
f 4844 4843 4831
f 4844 4831 4829
f 4841 4840 4819
f 4819 4840 4817
f 4798 4802 4814
f 4814 4802 4845
f 4814 4845 4812
f 4812 4845 4846
f 4812 4846 4810
f 4810 4846 4847
f 4810 4847 4808
f 4808 4847 4848
f 4808 4848 4806
f 4806 4848 1847
f 4806 1847 1848
f 1842 4849 4802
f 4802 4849 4850
f 4802 4850 4851
f 4851 4850 4852
f 4851 4852 4846
f 4846 4852 4847
f 1842 1843 4849
f 4849 1843 1844
f 4849 1844 4853
f 4853 1844 4854
f 4853 4854 4852
f 4852 4854 4847
f 1844 1845 4854
f 4854 1845 1846
f 4854 1846 4848
f 4848 1846 1847
f 158 4830 4855
f 4855 4830 4832
f 4855 4832 4827
f 4827 4832 4825
f 4855 4827 4803
f 4807 4805 4826
f 4826 4805 4804
f 4847 4854 4848
f 4850 4849 4853
f 4850 4853 4852
f 4829 4828 4844
f 4844 4828 4839
f 4844 4839 4838
f 4833 4831 4843
f 4823 4833 4856
f 4856 4833 4843
f 4856 4843 4842
f 4823 4856 4821
f 4821 4856 4841
f 4821 4841 4819
f 4841 4856 4842
f 4822 4820 4811
f 4811 4820 4813
f 4815 4813 4818
f 4818 4813 4820
f 4846 4845 4851
f 4851 4845 4802
f 4824 4822 4809
f 4809 4822 4811
f 4826 4824 4807
f 4807 4824 4809
f 158 4855 4803
f 996 1806 4857
f 4857 1806 4858
f 4857 4858 934
f 934 933 4857
f 4857 933 946
f 4857 946 996
f 4859 4860 4861
f 4861 4860 4862
f 4861 4862 1816
f 1816 1849 4861
f 4861 1849 4863
f 4861 4863 4859
f 138 4864 140
f 140 4864 4865
f 140 4865 1855
f 1855 4865 4866
f 1855 4866 4867
f 4867 4866 4868
f 4867 4868 4869
f 4869 4868 4870
f 4869 4870 4871
f 4871 4870 4872
f 4871 4872 4873
f 4873 4872 4874
f 4873 4874 4875
f 4875 4874 4876
f 4875 4876 4859
f 4859 4876 4877
f 4877 4876 4878
f 4878 4876 4879
f 4878 4879 4880
f 4880 4879 4881
f 4880 4881 4882
f 4882 4881 4883
f 4882 4883 4884
f 4884 4883 4885
f 4884 4885 4886
f 4886 4885 4887
f 4886 4887 4888
f 4888 4887 4865
f 4888 4865 4864
f 123 4889 138
f 138 4889 4890
f 138 4890 4891
f 4891 4890 4892
f 4891 4892 4893
f 4893 4892 4894
f 4893 4894 4886
f 4886 4894 4884
f 4889 123 4895
f 4895 123 4896
f 4895 4896 4897
f 4898 4899 4897
f 4897 4899 4900
f 4897 4900 4895
f 4895 4900 4889
f 4901 4902 4898
f 4898 4902 4903
f 4898 4903 4899
f 4899 4903 4904
f 4899 4904 4905
f 4905 4904 4892
f 4905 4892 4890
f 4902 4901 4880
f 4880 4901 4878
f 4859 4863 4875
f 4875 4863 4906
f 4875 4906 4873
f 4873 4906 4907
f 4873 4907 4871
f 4871 4907 4908
f 4871 4908 4869
f 4869 4908 4909
f 4869 4909 4867
f 4867 4909 1854
f 4867 1854 1855
f 1849 4910 4863
f 4863 4910 4911
f 4863 4911 4912
f 4912 4911 4913
f 4912 4913 4907
f 4907 4913 4908
f 1849 1850 4910
f 4910 1850 1851
f 4910 1851 4914
f 4914 1851 4915
f 4914 4915 4913
f 4913 4915 4908
f 1851 1852 4915
f 4915 1852 1853
f 4915 1853 4909
f 4909 1853 1854
f 138 4891 4916
f 4916 4891 4893
f 4916 4893 4888
f 4888 4893 4886
f 4916 4888 4864
f 4868 4866 4887
f 4887 4866 4865
f 4908 4915 4909
f 4911 4910 4914
f 4911 4914 4913
f 4890 4889 4905
f 4905 4889 4900
f 4905 4900 4899
f 4894 4892 4904
f 4884 4894 4917
f 4917 4894 4904
f 4917 4904 4903
f 4884 4917 4882
f 4882 4917 4902
f 4882 4902 4880
f 4902 4917 4903
f 4883 4881 4872
f 4872 4881 4874
f 4876 4874 4879
f 4879 4874 4881
f 4907 4906 4912
f 4912 4906 4863
f 4885 4883 4870
f 4870 4883 4872
f 4887 4885 4868
f 4868 4885 4870
f 138 4916 4864
f 1100 1814 4918
f 4918 1814 4919
f 4918 4919 1041
f 1041 1037 4918
f 4918 1037 1050
f 4918 1050 1100
f 4920 4921 4922
f 4922 4921 4923
f 4922 4923 1824
f 1824 1856 4922
f 4922 1856 4924
f 4922 4924 4920
f 118 4925 120
f 120 4925 4926
f 120 4926 1862
f 1862 4926 4927
f 1862 4927 4928
f 4928 4927 4929
f 4928 4929 4930
f 4930 4929 4931
f 4930 4931 4932
f 4932 4931 4933
f 4932 4933 4934
f 4934 4933 4935
f 4934 4935 4936
f 4936 4935 4937
f 4936 4937 4920
f 4920 4937 4938
f 4938 4937 4939
f 4939 4937 4940
f 4939 4940 4941
f 4941 4940 4942
f 4941 4942 4943
f 4943 4942 4944
f 4943 4944 4945
f 4945 4944 4946
f 4945 4946 4947
f 4947 4946 4948
f 4947 4948 4949
f 4949 4948 4926
f 4949 4926 4925
f 103 4950 118
f 118 4950 4951
f 118 4951 4952
f 4952 4951 4953
f 4952 4953 4954
f 4954 4953 4955
f 4954 4955 4947
f 4947 4955 4945
f 4950 103 4956
f 4956 103 4957
f 4956 4957 4958
f 4959 4960 4958
f 4958 4960 4961
f 4958 4961 4956
f 4956 4961 4950
f 4962 4963 4959
f 4959 4963 4964
f 4959 4964 4960
f 4960 4964 4965
f 4960 4965 4966
f 4966 4965 4953
f 4966 4953 4951
f 4963 4962 4941
f 4941 4962 4939
f 4920 4924 4936
f 4936 4924 4967
f 4936 4967 4934
f 4934 4967 4968
f 4934 4968 4932
f 4932 4968 4969
f 4932 4969 4930
f 4930 4969 4970
f 4930 4970 4928
f 4928 4970 1861
f 4928 1861 1862
f 1856 4971 4924
f 4924 4971 4972
f 4924 4972 4973
f 4973 4972 4974
f 4973 4974 4968
f 4968 4974 4969
f 1856 1857 4971
f 4971 1857 1858
f 4971 1858 4975
f 4975 1858 4976
f 4975 4976 4974
f 4974 4976 4969
f 1858 1859 4976
f 4976 1859 1860
f 4976 1860 4970
f 4970 1860 1861
f 118 4952 4977
f 4977 4952 4954
f 4977 4954 4949
f 4949 4954 4947
f 4977 4949 4925
f 4929 4927 4948
f 4948 4927 4926
f 4969 4976 4970
f 4972 4971 4975
f 4972 4975 4974
f 4951 4950 4966
f 4966 4950 4961
f 4966 4961 4960
f 4955 4953 4965
f 4945 4955 4978
f 4978 4955 4965
f 4978 4965 4964
f 4945 4978 4943
f 4943 4978 4963
f 4943 4963 4941
f 4963 4978 4964
f 4944 4942 4933
f 4933 4942 4935
f 4937 4935 4940
f 4940 4935 4942
f 4968 4967 4973
f 4973 4967 4924
f 4946 4944 4931
f 4931 4944 4933
f 4948 4946 4929
f 4929 4946 4931
f 118 4977 4925
f 1204 1822 4979
f 4979 1822 4980
f 4979 4980 1142
f 1142 1141 4979
f 4979 1141 1154
f 4979 1154 1204
f 4981 4982 4983
f 4983 4982 4984
f 4983 4984 1834
f 1834 1835 4983
f 4983 1835 4985
f 4983 4985 4981
f 98 4986 100
f 100 4986 4987
f 100 4987 1841
f 1841 4987 4988
f 1841 4988 4989
f 4989 4988 4990
f 4989 4990 4991
f 4991 4990 4992
f 4991 4992 4993
f 4993 4992 4994
f 4993 4994 4995
f 4995 4994 4996
f 4995 4996 4997
f 4997 4996 4998
f 4997 4998 4981
f 4981 4998 4999
f 4999 4998 5000
f 5000 4998 5001
f 5000 5001 5002
f 5002 5001 5003
f 5002 5003 5004
f 5004 5003 5005
f 5004 5005 5006
f 5006 5005 5007
f 5006 5007 5008
f 5008 5007 5009
f 5008 5009 5010
f 5010 5009 4987
f 5010 4987 4986
f 83 5011 98
f 98 5011 5012
f 98 5012 5013
f 5013 5012 5014
f 5013 5014 5015
f 5015 5014 5016
f 5015 5016 5008
f 5008 5016 5006
f 5011 83 5017
f 5017 83 5018
f 5017 5018 5019
f 5020 5021 5019
f 5019 5021 5022
f 5019 5022 5017
f 5017 5022 5011
f 5023 5024 5020
f 5020 5024 5025
f 5020 5025 5021
f 5021 5025 5026
f 5021 5026 5027
f 5027 5026 5014
f 5027 5014 5012
f 5024 5023 5002
f 5002 5023 5000
f 4981 4985 4997
f 4997 4985 5028
f 4997 5028 4995
f 4995 5028 5029
f 4995 5029 4993
f 4993 5029 5030
f 4993 5030 4991
f 4991 5030 5031
f 4991 5031 4989
f 4989 5031 1840
f 4989 1840 1841
f 1835 5032 4985
f 4985 5032 5033
f 4985 5033 5034
f 5034 5033 5035
f 5034 5035 5029
f 5029 5035 5030
f 1835 1836 5032
f 5032 1836 1837
f 5032 1837 5036
f 5036 1837 5037
f 5036 5037 5035
f 5035 5037 5030
f 1837 1838 5037
f 5037 1838 1839
f 5037 1839 5031
f 5031 1839 1840
f 98 5013 5038
f 5038 5013 5015
f 5038 5015 5010
f 5010 5015 5008
f 5038 5010 4986
f 4990 4988 5009
f 5009 4988 4987
f 5030 5037 5031
f 5033 5032 5036
f 5033 5036 5035
f 5012 5011 5027
f 5027 5011 5022
f 5027 5022 5021
f 5016 5014 5026
f 5006 5016 5039
f 5039 5016 5026
f 5039 5026 5025
f 5006 5039 5004
f 5004 5039 5024
f 5004 5024 5002
f 5024 5039 5025
f 5005 5003 4994
f 4994 5003 4996
f 4998 4996 5001
f 5001 4996 5003
f 5029 5028 5034
f 5034 5028 4985
f 5007 5005 4992
f 4992 5005 4994
f 5009 5007 4990
f 4990 5007 4992
f 98 5038 4986
f 1308 1830 5040
f 5040 1830 5041
f 5040 5041 1246
f 1246 1245 5040
f 5040 1245 1258
f 5040 1258 1308
f 5042 5043 5044
f 5044 5043 5045
f 5044 5045 1829
f 1829 1863 5044
f 5044 1863 5046
f 5044 5046 5042
f 78 5047 80
f 80 5047 5048
f 80 5048 1869
f 1869 5048 5049
f 1869 5049 5050
f 5050 5049 5051
f 5050 5051 5052
f 5052 5051 5053
f 5052 5053 5054
f 5054 5053 5055
f 5054 5055 5056
f 5056 5055 5057
f 5056 5057 5058
f 5058 5057 5059
f 5058 5059 5042
f 5042 5059 5060
f 5060 5059 5061
f 5061 5059 5062
f 5061 5062 5063
f 5063 5062 5064
f 5063 5064 5065
f 5065 5064 5066
f 5065 5066 5067
f 5067 5066 5068
f 5067 5068 5069
f 5069 5068 5070
f 5069 5070 5071
f 5071 5070 5048
f 5071 5048 5047
f 63 5072 78
f 78 5072 5073
f 78 5073 5074
f 5074 5073 5075
f 5074 5075 5076
f 5076 5075 5077
f 5076 5077 5069
f 5069 5077 5067
f 5072 63 5078
f 5078 63 5079
f 5078 5079 5080
f 5081 5082 5080
f 5080 5082 5083
f 5080 5083 5078
f 5078 5083 5072
f 5084 5085 5081
f 5081 5085 5086
f 5081 5086 5082
f 5082 5086 5087
f 5082 5087 5088
f 5088 5087 5075
f 5088 5075 5073
f 5085 5084 5063
f 5063 5084 5061
f 5042 5046 5058
f 5058 5046 5089
f 5058 5089 5056
f 5056 5089 5090
f 5056 5090 5054
f 5054 5090 5091
f 5054 5091 5052
f 5052 5091 5092
f 5052 5092 5050
f 5050 5092 1868
f 5050 1868 1869
f 1863 5093 5046
f 5046 5093 5094
f 5046 5094 5095
f 5095 5094 5096
f 5095 5096 5090
f 5090 5096 5091
f 1863 1864 5093
f 5093 1864 1865
f 5093 1865 5097
f 5097 1865 5098
f 5097 5098 5096
f 5096 5098 5091
f 1865 1866 5098
f 5098 1866 1867
f 5098 1867 5092
f 5092 1867 1868
f 78 5074 5099
f 5099 5074 5076
f 5099 5076 5071
f 5071 5076 5069
f 5099 5071 5047
f 5051 5049 5070
f 5070 5049 5048
f 5091 5098 5092
f 5094 5093 5097
f 5094 5097 5096
f 5073 5072 5088
f 5088 5072 5083
f 5088 5083 5082
f 5077 5075 5087
f 5067 5077 5100
f 5100 5077 5087
f 5100 5087 5086
f 5067 5100 5065
f 5065 5100 5085
f 5065 5085 5063
f 5085 5100 5086
f 5066 5064 5055
f 5055 5064 5057
f 5059 5057 5062
f 5062 5057 5064
f 5090 5089 5095
f 5095 5089 5046
f 5068 5066 5053
f 5053 5066 5055
f 5070 5068 5051
f 5051 5068 5053
f 78 5099 5047
f 1412 1831 5101
f 5101 1831 5102
f 5101 5102 1350
f 1350 1349 5101
f 5101 1349 1362
f 5101 1362 1412
f 5103 5104 5105
f 5105 5104 5106
f 5105 5106 1821
f 1821 1870 5105
f 5105 1870 5107
f 5105 5107 5103
f 58 5108 60
f 60 5108 5109
f 60 5109 1876
f 1876 5109 5110
f 1876 5110 5111
f 5111 5110 5112
f 5111 5112 5113
f 5113 5112 5114
f 5113 5114 5115
f 5115 5114 5116
f 5115 5116 5117
f 5117 5116 5118
f 5117 5118 5119
f 5119 5118 5120
f 5119 5120 5103
f 5103 5120 5121
f 5121 5120 5122
f 5122 5120 5123
f 5122 5123 5124
f 5124 5123 5125
f 5124 5125 5126
f 5126 5125 5127
f 5126 5127 5128
f 5128 5127 5129
f 5128 5129 5130
f 5130 5129 5131
f 5130 5131 5132
f 5132 5131 5109
f 5132 5109 5108
f 43 5133 58
f 58 5133 5134
f 58 5134 5135
f 5135 5134 5136
f 5135 5136 5137
f 5137 5136 5138
f 5137 5138 5130
f 5130 5138 5128
f 5133 43 5139
f 5139 43 5140
f 5139 5140 5141
f 5142 5143 5141
f 5141 5143 5144
f 5141 5144 5139
f 5139 5144 5133
f 5145 5146 5142
f 5142 5146 5147
f 5142 5147 5143
f 5143 5147 5148
f 5143 5148 5149
f 5149 5148 5136
f 5149 5136 5134
f 5146 5145 5124
f 5124 5145 5122
f 5103 5107 5119
f 5119 5107 5150
f 5119 5150 5117
f 5117 5150 5151
f 5117 5151 5115
f 5115 5151 5152
f 5115 5152 5113
f 5113 5152 5153
f 5113 5153 5111
f 5111 5153 1875
f 5111 1875 1876
f 1870 5154 5107
f 5107 5154 5155
f 5107 5155 5156
f 5156 5155 5157
f 5156 5157 5151
f 5151 5157 5152
f 1870 1871 5154
f 5154 1871 1872
f 5154 1872 5158
f 5158 1872 5159
f 5158 5159 5157
f 5157 5159 5152
f 1872 1873 5159
f 5159 1873 1874
f 5159 1874 5153
f 5153 1874 1875
f 58 5135 5160
f 5160 5135 5137
f 5160 5137 5132
f 5132 5137 5130
f 5160 5132 5108
f 5112 5110 5131
f 5131 5110 5109
f 5152 5159 5153
f 5155 5154 5158
f 5155 5158 5157
f 5134 5133 5149
f 5149 5133 5144
f 5149 5144 5143
f 5138 5136 5148
f 5128 5138 5161
f 5161 5138 5148
f 5161 5148 5147
f 5128 5161 5126
f 5126 5161 5146
f 5126 5146 5124
f 5146 5161 5147
f 5127 5125 5116
f 5116 5125 5118
f 5120 5118 5123
f 5123 5118 5125
f 5151 5150 5156
f 5156 5150 5107
f 5129 5127 5114
f 5114 5127 5116
f 5131 5129 5112
f 5112 5129 5114
f 58 5160 5108
f 1516 1823 5162
f 5162 1823 5163
f 5162 5163 1456
f 1456 1453 5162
f 5162 1453 1466
f 5162 1466 1516
f 5164 5165 5166
f 5166 5165 5167
f 5166 5167 1813
f 1813 1877 5166
f 5166 1877 5168
f 5166 5168 5164
f 38 5169 40
f 40 5169 5170
f 40 5170 1883
f 1883 5170 5171
f 1883 5171 5172
f 5172 5171 5173
f 5172 5173 5174
f 5174 5173 5175
f 5174 5175 5176
f 5176 5175 5177
f 5176 5177 5178
f 5178 5177 5179
f 5178 5179 5180
f 5180 5179 5181
f 5180 5181 5164
f 5164 5181 5182
f 5182 5181 5183
f 5183 5181 5184
f 5183 5184 5185
f 5185 5184 5186
f 5185 5186 5187
f 5187 5186 5188
f 5187 5188 5189
f 5189 5188 5190
f 5189 5190 5191
f 5191 5190 5192
f 5191 5192 5193
f 5193 5192 5170
f 5193 5170 5169
f 23 5194 38
f 38 5194 5195
f 38 5195 5196
f 5196 5195 5197
f 5196 5197 5198
f 5198 5197 5199
f 5198 5199 5191
f 5191 5199 5189
f 5194 23 5200
f 5200 23 5201
f 5200 5201 5202
f 5203 5204 5202
f 5202 5204 5205
f 5202 5205 5200
f 5200 5205 5194
f 5206 5207 5203
f 5203 5207 5208
f 5203 5208 5204
f 5204 5208 5209
f 5204 5209 5210
f 5210 5209 5197
f 5210 5197 5195
f 5207 5206 5185
f 5185 5206 5183
f 5164 5168 5180
f 5180 5168 5211
f 5180 5211 5178
f 5178 5211 5212
f 5178 5212 5176
f 5176 5212 5213
f 5176 5213 5174
f 5174 5213 5214
f 5174 5214 5172
f 5172 5214 1882
f 5172 1882 1883
f 1877 5215 5168
f 5168 5215 5216
f 5168 5216 5217
f 5217 5216 5218
f 5217 5218 5212
f 5212 5218 5213
f 1877 1878 5215
f 5215 1878 1879
f 5215 1879 5219
f 5219 1879 5220
f 5219 5220 5218
f 5218 5220 5213
f 1879 1880 5220
f 5220 1880 1881
f 5220 1881 5214
f 5214 1881 1882
f 38 5196 5221
f 5221 5196 5198
f 5221 5198 5193
f 5193 5198 5191
f 5221 5193 5169
f 5173 5171 5192
f 5192 5171 5170
f 5213 5220 5214
f 5216 5215 5219
f 5216 5219 5218
f 5195 5194 5210
f 5210 5194 5205
f 5210 5205 5204
f 5199 5197 5209
f 5189 5199 5222
f 5222 5199 5209
f 5222 5209 5208
f 5189 5222 5187
f 5187 5222 5207
f 5187 5207 5185
f 5207 5222 5208
f 5188 5186 5177
f 5177 5186 5179
f 5181 5179 5184
f 5184 5179 5186
f 5212 5211 5217
f 5217 5211 5168
f 5190 5188 5175
f 5175 5188 5177
f 5192 5190 5173
f 5173 5190 5175
f 38 5221 5169
f 1620 1815 5223
f 5223 1815 5224
f 5223 5224 1558
f 1558 1557 5223
f 5223 1557 1570
f 5223 1570 1620
f 5225 5226 5227
f 5227 5226 5228
f 5227 5228 1805
f 1805 1884 5227
f 5227 1884 5229
f 5227 5229 5225
f 18 5230 20
f 20 5230 5231
f 20 5231 1890
f 1890 5231 5232
f 1890 5232 5233
f 5233 5232 5234
f 5233 5234 5235
f 5235 5234 5236
f 5235 5236 5237
f 5237 5236 5238
f 5237 5238 5239
f 5239 5238 5240
f 5239 5240 5241
f 5241 5240 5242
f 5241 5242 5225
f 5225 5242 5243
f 5243 5242 5244
f 5244 5242 5245
f 5244 5245 5246
f 5246 5245 5247
f 5246 5247 5248
f 5248 5247 5249
f 5248 5249 5250
f 5250 5249 5251
f 5250 5251 5252
f 5252 5251 5253
f 5252 5253 5254
f 5254 5253 5231
f 5254 5231 5230
f 3 5255 18
f 18 5255 5256
f 18 5256 5257
f 5257 5256 5258
f 5257 5258 5259
f 5259 5258 5260
f 5259 5260 5252
f 5252 5260 5250
f 5255 3 5261
f 5261 3 5262
f 5261 5262 5263
f 5264 5265 5263
f 5263 5265 5266
f 5263 5266 5261
f 5261 5266 5255
f 5267 5268 5264
f 5264 5268 5269
f 5264 5269 5265
f 5265 5269 5270
f 5265 5270 5271
f 5271 5270 5258
f 5271 5258 5256
f 5268 5267 5246
f 5246 5267 5244
f 5225 5229 5241
f 5241 5229 5272
f 5241 5272 5239
f 5239 5272 5273
f 5239 5273 5237
f 5237 5273 5274
f 5237 5274 5235
f 5235 5274 5275
f 5235 5275 5233
f 5233 5275 1889
f 5233 1889 1890
f 1884 5276 5229
f 5229 5276 5277
f 5229 5277 5278
f 5278 5277 5279
f 5278 5279 5273
f 5273 5279 5274
f 1884 1885 5276
f 5276 1885 1886
f 5276 1886 5280
f 5280 1886 5281
f 5280 5281 5279
f 5279 5281 5274
f 1886 1887 5281
f 5281 1887 1888
f 5281 1888 5275
f 5275 1888 1889
f 18 5257 5282
f 5282 5257 5259
f 5282 5259 5254
f 5254 5259 5252
f 5282 5254 5230
f 5234 5232 5253
f 5253 5232 5231
f 5274 5281 5275
f 5277 5276 5280
f 5277 5280 5279
f 5256 5255 5271
f 5271 5255 5266
f 5271 5266 5265
f 5260 5258 5270
f 5250 5260 5283
f 5283 5260 5270
f 5283 5270 5269
f 5250 5283 5248
f 5248 5283 5268
f 5248 5268 5246
f 5268 5283 5269
f 5249 5247 5238
f 5238 5247 5240
f 5242 5240 5245
f 5245 5240 5247
f 5273 5272 5278
f 5278 5272 5229
f 5251 5249 5236
f 5236 5249 5238
f 5253 5251 5234
f 5234 5251 5236
f 18 5282 5230
f 1724 1807 5284
f 5284 1807 5285
f 5284 5285 1662
f 1662 1661 5284
f 5284 1661 1674
f 5284 1674 1724
f 183 191 4713
f 4713 191 192
f 4713 192 193
f 193 5286 4713
f 4713 5286 4714
f 4714 5286 5287
f 4714 5287 4715
f 4715 5287 5288
f 4715 5288 4718
f 4718 5288 5289
f 4718 5289 5290
f 4718 5290 4695
f 4695 5290 5291
f 4695 5291 4694
f 4694 5291 5292
f 4694 5292 4676
f 4676 5292 5293
f 4676 5293 5294
f 5294 5295 4676
f 4676 5295 4677
f 203 211 4652
f 4652 211 212
f 4652 212 213
f 213 5296 4652
f 4652 5296 4653
f 4653 5296 4654
f 4654 5296 5297
f 4654 5297 5298
f 4654 5298 4657
f 4657 5298 5299
f 4657 5299 5300
f 4657 5300 4634
f 4634 5300 5301
f 4634 5301 4633
f 4633 5301 5302
f 4633 5302 4615
f 4615 5302 5303
f 4615 5303 5304
f 5304 5305 4615
f 4615 5305 4616
f 223 231 4591
f 4591 231 232
f 4591 232 233
f 233 5306 4591
f 4591 5306 4592
f 4592 5306 5307
f 4592 5307 4593
f 4593 5307 5308
f 4593 5308 4596
f 4596 5308 5309
f 4596 5309 5310
f 4596 5310 4573
f 4573 5310 5311
f 4573 5311 4572
f 4572 5311 5312
f 4572 5312 4554
f 4554 5312 4555
f 4555 5312 5313
f 5313 5312 5314
f 5314 5312 5315
f 243 251 4530
f 4530 251 252
f 4530 252 253
f 253 5316 4530
f 4530 5316 4531
f 4531 5316 5317
f 4531 5317 4532
f 4532 5317 5318
f 4532 5318 4535
f 4535 5318 5319
f 4535 5319 5320
f 4535 5320 4512
f 4512 5320 5321
f 4512 5321 4511
f 4511 5321 5322
f 4511 5322 4493
f 4493 5322 5323
f 4493 5323 5324
f 5324 5325 4493
f 4493 5325 4494
f 263 271 4469
f 4469 271 272
f 4469 272 273
f 273 5326 4469
f 4469 5326 4470
f 4470 5326 5327
f 4470 5327 4471
f 4471 5327 5328
f 4471 5328 4474
f 4474 5328 5329
f 4474 5329 5330
f 4474 5330 4451
f 4451 5330 5331
f 4451 5331 4450
f 4450 5331 5332
f 4450 5332 4432
f 4432 5332 5333
f 4432 5333 5334
f 5334 5335 4432
f 4432 5335 4433
f 3 11 5262
f 5262 11 12
f 5262 12 13
f 13 5336 5262
f 5262 5336 5263
f 5263 5336 5337
f 5263 5337 5264
f 5264 5337 5338
f 5264 5338 5267
f 5267 5338 5339
f 5267 5339 5340
f 5267 5340 5244
f 5244 5340 5341
f 5244 5341 5243
f 5243 5341 5342
f 5243 5342 5225
f 5225 5342 5343
f 5225 5343 5344
f 5344 5345 5225
f 5225 5345 5226
f 23 31 5201
f 5201 31 32
f 5201 32 33
f 33 5346 5201
f 5201 5346 5202
f 5202 5346 5347
f 5202 5347 5203
f 5203 5347 5348
f 5203 5348 5206
f 5206 5348 5349
f 5206 5349 5350
f 5206 5350 5183
f 5183 5350 5351
f 5183 5351 5182
f 5182 5351 5352
f 5182 5352 5164
f 5164 5352 5165
f 5165 5352 5353
f 5353 5352 5354
f 5354 5352 5355
f 43 51 5140
f 5140 51 52
f 5140 52 53
f 53 5356 5140
f 5140 5356 5141
f 5141 5356 5357
f 5141 5357 5142
f 5142 5357 5358
f 5142 5358 5145
f 5145 5358 5359
f 5145 5359 5360
f 5145 5360 5122
f 5122 5360 5361
f 5122 5361 5121
f 5121 5361 5362
f 5121 5362 5103
f 5103 5362 5363
f 5103 5363 5364
f 5364 5365 5103
f 5103 5365 5104
f 63 71 5079
f 5079 71 72
f 5079 72 73
f 73 5366 5079
f 5079 5366 5080
f 5080 5366 5081
f 5081 5366 5367
f 5081 5367 5368
f 5081 5368 5084
f 5084 5368 5369
f 5084 5369 5370
f 5084 5370 5061
f 5061 5370 5371
f 5061 5371 5060
f 5060 5371 5372
f 5060 5372 5042
f 5042 5372 5373
f 5042 5373 5374
f 5374 5375 5042
f 5042 5375 5043
f 83 91 5018
f 5018 91 92
f 5018 92 93
f 93 5376 5018
f 5018 5376 5019
f 5019 5376 5377
f 5019 5377 5020
f 5020 5377 5378
f 5020 5378 5023
f 5023 5378 5379
f 5023 5379 5380
f 5023 5380 5000
f 5000 5380 5381
f 5000 5381 4999
f 4999 5381 5382
f 4999 5382 4981
f 4981 5382 4982
f 4982 5382 5383
f 5383 5382 5384
f 5384 5382 5385
f 103 111 4957
f 4957 111 112
f 4957 112 113
f 113 5386 4957
f 4957 5386 4958
f 4958 5386 5387
f 4958 5387 4959
f 4959 5387 5388
f 4959 5388 4962
f 4962 5388 5389
f 4962 5389 5390
f 4962 5390 4939
f 4939 5390 5391
f 4939 5391 4938
f 4938 5391 5392
f 4938 5392 4920
f 4920 5392 5393
f 4920 5393 5394
f 5394 5395 4920
f 4920 5395 4921
f 123 131 4896
f 4896 131 132
f 4896 132 133
f 133 5396 4896
f 4896 5396 4897
f 4897 5396 5397
f 4897 5397 4898
f 4898 5397 5398
f 4898 5398 4901
f 4901 5398 5399
f 4901 5399 5400
f 4901 5400 4878
f 4878 5400 5401
f 4878 5401 4877
f 4877 5401 5402
f 4877 5402 4859
f 4859 5402 5403
f 4859 5403 5404
f 5404 5405 4859
f 4859 5405 4860
f 143 151 4835
f 4835 151 152
f 4835 152 153
f 153 5406 4835
f 4835 5406 4836
f 4836 5406 5407
f 4836 5407 4837
f 4837 5407 5408
f 4837 5408 4840
f 4840 5408 5409
f 4840 5409 5410
f 4840 5410 4817
f 4817 5410 5411
f 4817 5411 4816
f 4816 5411 5412
f 4816 5412 4798
f 4798 5412 5413
f 4798 5413 5414
f 5414 5415 4798
f 4798 5415 4799
f 163 171 4774
f 4774 171 172
f 4774 172 173
f 173 5416 4774
f 4774 5416 4775
f 4775 5416 5417
f 4775 5417 4776
f 4776 5417 5418
f 4776 5418 4779
f 4779 5418 5419
f 4779 5419 5420
f 4779 5420 4756
f 4756 5420 5421
f 4756 5421 4755
f 4755 5421 5422
f 4755 5422 4737
f 4737 5422 4738
f 4738 5422 5423
f 5423 5422 5424
f 5424 5422 5425
f 4309 4310 5426
f 5426 4310 5427
f 5426 5427 5333
f 5333 5332 5426
f 5426 5332 5428
f 5426 5428 4309
f 5326 273 5429
f 5429 273 275
f 5429 275 5430
f 5430 275 277
f 5430 277 4303
f 4304 5431 4303
f 4303 5431 5432
f 4303 5432 5430
f 5430 5432 5433
f 5430 5433 5429
f 5429 5433 5326
f 5431 4304 5434
f 5434 4304 4305
f 5434 4305 4306
f 5434 4306 5435
f 5435 4306 4307
f 5435 4307 5436
f 5436 4307 4308
f 5436 4308 5437
f 5437 4308 4309
f 5437 4309 5428
f 5437 5428 5438
f 5438 5428 5332
f 5438 5332 5331
f 5438 5331 5439
f 5439 5331 5330
f 5439 5330 5440
f 5440 5330 5329
f 5440 5329 5441
f 5441 5329 5328
f 5441 5328 5442
f 5442 5328 5327
f 5442 5327 5326
f 5436 5437 5438
f 5442 5326 5433
f 5433 5432 5442
f 5442 5432 5431
f 5442 5431 5441
f 5441 5431 5434
f 5441 5434 5440
f 5440 5434 5435
f 5440 5435 5439
f 5439 5435 5436
f 5439 5436 5438
f 297 310 5443
f 5443 310 5444
f 5443 5444 4316
f 4316 298 5443
f 5443 298 296
f 5443 296 297
f 5334 5333 4435
f 4435 5333 5427
f 4435 5427 414
f 414 5427 4310
f 414 4310 415
f 415 4310 416
f 416 4310 417
f 417 4310 5445
f 5445 4310 4311
f 5445 4311 4312
f 4312 4313 5445
f 4435 414 1744
f 1744 414 4553
f 1744 4553 1756
f 1756 4553 1758
f 1758 4553 1760
f 4433 5335 4435
f 4435 5335 5334
f 4316 5444 4317
f 4317 5444 4318
f 4318 5444 4319
f 4319 5444 310
f 4319 310 311
f 311 312 4319
f 4319 312 313
f 4319 313 5446
f 5446 313 5228
f 5446 5228 5343
f 5343 5228 5344
f 5344 5228 5345
f 5345 5228 5226
f 5228 313 1805
f 1805 313 4492
f 1805 4492 1803
f 1803 4492 1801
f 1801 4492 1745
f 4330 4331 5447
f 5447 4331 5448
f 5447 5448 5323
f 5323 5322 5447
f 5447 5322 5449
f 5447 5449 4330
f 5316 253 5450
f 5450 253 255
f 5450 255 5451
f 5451 255 257
f 5451 257 4389
f 4388 5452 4389
f 4389 5452 5453
f 4389 5453 5451
f 5451 5453 5454
f 5451 5454 5450
f 5450 5454 5316
f 5452 4388 5455
f 5455 4388 4387
f 5455 4387 4386
f 5455 4386 5456
f 5456 4386 4315
f 5456 4315 5457
f 5457 4315 4314
f 5457 4314 5458
f 5458 4314 4330
f 5458 4330 5449
f 5458 5449 5459
f 5459 5449 5322
f 5459 5322 5321
f 5459 5321 5460
f 5460 5321 5320
f 5460 5320 5461
f 5461 5320 5319
f 5461 5319 5462
f 5462 5319 5318
f 5462 5318 5463
f 5463 5318 5317
f 5463 5317 5316
f 5457 5458 5459
f 5463 5316 5454
f 5454 5453 5463
f 5463 5453 5452
f 5463 5452 5462
f 5462 5452 5455
f 5462 5455 5461
f 5461 5455 5456
f 5461 5456 5460
f 5460 5456 5457
f 5460 5457 5459
f 401 417 5464
f 5464 417 5445
f 5464 5445 4313
f 4313 402 5464
f 5464 402 400
f 5464 400 401
f 5324 5323 4496
f 4496 5323 5448
f 4496 5448 518
f 518 5448 4331
f 518 4331 519
f 519 4331 520
f 520 4331 521
f 521 4331 5465
f 5465 4331 4333
f 5465 4333 4332
f 4332 4334 5465
f 4496 518 1762
f 1762 518 4614
f 1762 4614 1764
f 1764 4614 1766
f 1766 4614 1768
f 4494 5325 4496
f 4496 5325 5324
f 4338 4339 5466
f 5466 4339 5467
f 5466 5467 5315
f 5315 5312 5466
f 5466 5312 5468
f 5466 5468 4338
f 5306 233 5469
f 5469 233 235
f 5469 235 5470
f 5470 235 237
f 5470 237 4385
f 4384 5471 4385
f 4385 5471 5472
f 4385 5472 5470
f 5470 5472 5473
f 5470 5473 5469
f 5469 5473 5306
f 5471 4384 5474
f 5474 4384 4383
f 5474 4383 4336
f 5474 4336 5475
f 5475 4336 4335
f 5475 4335 5476
f 5476 4335 4337
f 5476 4337 5477
f 5477 4337 4338
f 5477 4338 5468
f 5477 5468 5478
f 5478 5468 5312
f 5478 5312 5311
f 5478 5311 5479
f 5479 5311 5310
f 5479 5310 5480
f 5480 5310 5309
f 5480 5309 5481
f 5481 5309 5308
f 5481 5308 5482
f 5482 5308 5307
f 5482 5307 5306
f 5476 5477 5478
f 5482 5306 5473
f 5473 5472 5482
f 5482 5472 5471
f 5482 5471 5481
f 5481 5471 5474
f 5481 5474 5480
f 5480 5474 5475
f 5480 5475 5479
f 5479 5475 5476
f 5479 5476 5478
f 505 521 5483
f 5483 521 5465
f 5483 5465 4334
f 4334 506 5483
f 5483 506 504
f 5483 504 505
f 5314 5315 4557
f 4557 5315 5467
f 4557 5467 622
f 622 5467 4339
f 622 4339 623
f 623 4339 624
f 624 4339 625
f 625 4339 5484
f 5484 4339 4341
f 5484 4341 4340
f 4340 4342 5484
f 4557 622 1772
f 1772 622 4675
f 1772 4675 1771
f 1771 4675 1770
f 1770 4675 1769
f 4555 5313 4557
f 4557 5313 5314
f 4349 4350 5485
f 5485 4350 5486
f 5485 5486 5303
f 5303 5302 5485
f 5485 5302 5487
f 5485 5487 4349
f 5296 213 5488
f 5488 213 215
f 5488 215 5489
f 5489 215 217
f 5489 217 4346
f 4345 5490 4346
f 4346 5490 5491
f 4346 5491 5489
f 5489 5491 5492
f 5489 5492 5488
f 5488 5492 5296
f 5490 4345 5493
f 5493 4345 4344
f 5493 4344 4343
f 5493 4343 5494
f 5494 4343 4347
f 5494 4347 5495
f 5495 4347 4348
f 5495 4348 5496
f 5496 4348 4349
f 5496 4349 5487
f 5496 5487 5497
f 5497 5487 5302
f 5497 5302 5301
f 5497 5301 5498
f 5498 5301 5300
f 5498 5300 5499
f 5499 5300 5299
f 5499 5299 5500
f 5500 5299 5298
f 5500 5298 5501
f 5501 5298 5297
f 5501 5297 5296
f 5495 5496 5497
f 5501 5296 5492
f 5492 5491 5501
f 5501 5491 5490
f 5501 5490 5500
f 5500 5490 5493
f 5500 5493 5499
f 5499 5493 5494
f 5499 5494 5498
f 5498 5494 5495
f 5498 5495 5497
f 609 625 5502
f 5502 625 5484
f 5502 5484 4342
f 4342 610 5502
f 5502 610 608
f 5502 608 609
f 5304 5303 4618
f 4618 5303 5486
f 4618 5486 728
f 728 5486 4350
f 728 4350 727
f 727 4350 726
f 726 4350 729
f 729 4350 5503
f 5503 4350 4351
f 5503 4351 4352
f 4352 4353 5503
f 4618 728 1767
f 1767 728 4736
f 1767 4736 1765
f 1765 4736 1763
f 1763 4736 1761
f 4616 5305 4618
f 4618 5305 5304
f 4360 4361 5504
f 5504 4361 5505
f 5504 5505 5293
f 5293 5292 5504
f 5504 5292 5506
f 5504 5506 4360
f 5286 193 5507
f 5507 193 195
f 5507 195 5508
f 5508 195 197
f 5508 197 4354
f 4355 5509 4354
f 4354 5509 5510
f 4354 5510 5508
f 5508 5510 5511
f 5508 5511 5507
f 5507 5511 5286
f 5509 4355 5512
f 5512 4355 4356
f 5512 4356 4357
f 5512 4357 5513
f 5513 4357 4358
f 5513 4358 5514
f 5514 4358 4359
f 5514 4359 5515
f 5515 4359 4360
f 5515 4360 5506
f 5515 5506 5516
f 5516 5506 5292
f 5516 5292 5291
f 5516 5291 5517
f 5517 5291 5290
f 5517 5290 5518
f 5518 5290 5289
f 5518 5289 5519
f 5519 5289 5288
f 5519 5288 5520
f 5520 5288 5287
f 5520 5287 5286
f 5514 5515 5516
f 5520 5286 5511
f 5511 5510 5520
f 5520 5510 5509
f 5520 5509 5519
f 5519 5509 5512
f 5519 5512 5518
f 5518 5512 5513
f 5518 5513 5517
f 5517 5513 5514
f 5517 5514 5516
f 713 729 5521
f 5521 729 5503
f 5521 5503 4353
f 4353 714 5521
f 5521 714 712
f 5521 712 713
f 5294 5293 4679
f 4679 5293 5505
f 4679 5505 830
f 830 5505 4361
f 830 4361 831
f 831 4361 832
f 832 4361 833
f 833 4361 5522
f 5522 4361 4362
f 5522 4362 4363
f 4363 4364 5522
f 4679 830 1759
f 1759 830 4797
f 1759 4797 1757
f 1757 4797 1755
f 1755 4797 1746
f 4677 5295 4679
f 4679 5295 5294
f 4371 4372 5523
f 5523 4372 5524
f 5523 5524 5425
f 5425 5422 5523
f 5523 5422 5525
f 5523 5525 4371
f 5416 173 5526
f 5526 173 175
f 5526 175 5527
f 5527 175 177
f 5527 177 4365
f 4366 5528 4365
f 4365 5528 5529
f 4365 5529 5527
f 5527 5529 5530
f 5527 5530 5526
f 5526 5530 5416
f 5528 4366 5531
f 5531 4366 4367
f 5531 4367 4368
f 5531 4368 5532
f 5532 4368 4369
f 5532 4369 5533
f 5533 4369 4370
f 5533 4370 5534
f 5534 4370 4371
f 5534 4371 5525
f 5534 5525 5535
f 5535 5525 5422
f 5535 5422 5421
f 5535 5421 5536
f 5536 5421 5420
f 5536 5420 5537
f 5537 5420 5419
f 5537 5419 5538
f 5538 5419 5418
f 5538 5418 5539
f 5539 5418 5417
f 5539 5417 5416
f 5533 5534 5535
f 5539 5416 5530
f 5530 5529 5539
f 5539 5529 5528
f 5539 5528 5538
f 5538 5528 5531
f 5538 5531 5537
f 5537 5531 5532
f 5537 5532 5536
f 5536 5532 5533
f 5536 5533 5535
f 817 833 5540
f 5540 833 5522
f 5540 5522 4364
f 4364 818 5540
f 5540 818 816
f 5540 816 817
f 5424 5425 4740
f 4740 5425 5524
f 4740 5524 934
f 934 5524 4372
f 934 4372 935
f 935 4372 936
f 936 4372 937
f 937 4372 5541
f 5541 4372 4373
f 5541 4373 4374
f 4374 4375 5541
f 4740 934 1747
f 1747 934 4858
f 1747 4858 1802
f 1802 4858 1804
f 1804 4858 1806
f 4738 5423 4740
f 4740 5423 5424
f 3651 5542 3652
f 3652 5542 5543
f 3652 5543 4382
f 4382 5543 5544
f 5544 5543 5412
f 5412 5543 5413
f 5413 5543 5542
f 5406 153 5545
f 5545 153 155
f 5545 155 5546
f 5546 155 157
f 5546 157 4376
f 4377 5547 4376
f 4376 5547 5548
f 4376 5548 5546
f 5546 5548 5549
f 5546 5549 5545
f 5545 5549 5406
f 5547 4377 5550
f 5550 4377 4378
f 5550 4378 4379
f 5550 4379 5551
f 5551 4379 4380
f 5551 4380 5552
f 5552 4380 4381
f 5552 4381 5553
f 5553 4381 4382
f 5553 4382 5544
f 5553 5544 5554
f 5554 5544 5412
f 5554 5412 5411
f 5554 5411 5555
f 5555 5411 5410
f 5555 5410 5556
f 5556 5410 5409
f 5556 5409 5557
f 5557 5409 5408
f 5557 5408 5558
f 5558 5408 5407
f 5558 5407 5406
f 5552 5553 5554
f 5558 5406 5549
f 5549 5548 5558
f 5558 5548 5547
f 5558 5547 5557
f 5557 5547 5550
f 5557 5550 5556
f 5556 5550 5551
f 5556 5551 5555
f 5555 5551 5552
f 5555 5552 5554
f 921 937 5559
f 5559 937 5541
f 5559 5541 4375
f 4375 922 5559
f 5559 922 920
f 5559 920 921
f 5414 5413 4801
f 4801 5413 5542
f 4801 5542 1041
f 1041 5542 3651
f 1041 3651 1040
f 1040 3651 1039
f 1039 3651 1038
f 1038 3651 5560
f 5560 3651 3634
f 5560 3634 3632
f 3651 3497 3634
f 3630 3654 3632
f 3632 3654 5560
f 4801 1041 1808
f 1808 1041 4919
f 1808 4919 1810
f 1810 4919 1812
f 1812 4919 1814
f 4799 5415 4801
f 4801 5415 5414
f 3659 5561 3655
f 3655 5561 5562
f 3655 5562 4410
f 4410 5562 5563
f 5563 5562 5402
f 5402 5562 5403
f 5403 5562 5561
f 5396 133 5564
f 5564 133 135
f 5564 135 5565
f 5565 135 137
f 5565 137 4404
f 4405 5566 4404
f 4404 5566 5567
f 4404 5567 5565
f 5565 5567 5568
f 5565 5568 5564
f 5564 5568 5396
f 5566 4405 5569
f 5569 4405 4406
f 5569 4406 4407
f 5569 4407 5570
f 5570 4407 4408
f 5570 4408 5571
f 5571 4408 4409
f 5571 4409 5572
f 5572 4409 4410
f 5572 4410 5563
f 5572 5563 5573
f 5573 5563 5402
f 5573 5402 5401
f 5573 5401 5574
f 5574 5401 5400
f 5574 5400 5575
f 5575 5400 5399
f 5575 5399 5576
f 5576 5399 5398
f 5576 5398 5577
f 5577 5398 5397
f 5577 5397 5396
f 5571 5572 5573
f 5577 5396 5568
f 5568 5567 5577
f 5577 5567 5566
f 5577 5566 5576
f 5576 5566 5569
f 5576 5569 5575
f 5575 5569 5570
f 5575 5570 5574
f 5574 5570 5571
f 5574 5571 5573
f 1025 1038 5578
f 5578 1038 5560
f 5578 5560 3653
f 3653 5560 3654
f 3653 1026 5578
f 5578 1026 1024
f 5578 1024 1025
f 5404 5403 4862
f 4862 5403 5561
f 4862 5561 1142
f 1142 5561 3659
f 1142 3659 1143
f 1143 3659 1144
f 1144 3659 1145
f 1145 3659 5579
f 5579 3659 3620
f 5579 3620 3619
f 3659 3622 3620
f 3616 3661 3619
f 3619 3661 5579
f 4862 1142 1816
f 1816 1142 4980
f 1816 4980 1818
f 1818 4980 1820
f 1820 4980 1822
f 4860 5405 4862
f 4862 5405 5404
f 3666 5580 3662
f 3662 5580 5581
f 3662 5581 4424
f 4424 5581 5582
f 5582 5581 5392
f 5392 5581 5393
f 5393 5581 5580
f 5386 113 5583
f 5583 113 115
f 5583 115 5584
f 5584 115 117
f 5584 117 4418
f 4419 5585 4418
f 4418 5585 5586
f 4418 5586 5584
f 5584 5586 5587
f 5584 5587 5583
f 5583 5587 5386
f 5585 4419 5588
f 5588 4419 4420
f 5588 4420 4421
f 5588 4421 5589
f 5589 4421 4422
f 5589 4422 5590
f 5590 4422 4423
f 5590 4423 5591
f 5591 4423 4424
f 5591 4424 5582
f 5591 5582 5592
f 5592 5582 5392
f 5592 5392 5391
f 5592 5391 5593
f 5593 5391 5390
f 5593 5390 5594
f 5594 5390 5389
f 5594 5389 5595
f 5595 5389 5388
f 5595 5388 5596
f 5596 5388 5387
f 5596 5387 5386
f 5590 5591 5592
f 5596 5386 5587
f 5587 5586 5596
f 5596 5586 5585
f 5596 5585 5595
f 5595 5585 5588
f 5595 5588 5594
f 5594 5588 5589
f 5594 5589 5593
f 5593 5589 5590
f 5593 5590 5592
f 1129 1145 5597
f 5597 1145 5579
f 5597 5579 3660
f 3660 5579 3661
f 3660 1130 5597
f 5597 1130 1128
f 5597 1128 1129
f 5394 5393 4923
f 4923 5393 5580
f 4923 5580 1246
f 1246 5580 3666
f 1246 3666 1247
f 1247 3666 1248
f 1248 3666 1249
f 1249 3666 5598
f 5598 3666 3608
f 5598 3608 3605
f 3666 3609 3608
f 3604 3668 3605
f 3605 3668 5598
f 4923 1246 1824
f 1824 1246 5041
f 1824 5041 1826
f 1826 5041 1828
f 1828 5041 1830
f 4921 5395 4923
f 4923 5395 5394
f 3673 5599 3669
f 3669 5599 5600
f 3669 5600 5601
f 5601 5600 5602
f 5602 5600 5382
f 5382 5600 5385
f 5385 5600 5599
f 5376 93 5603
f 5603 93 95
f 5603 95 5604
f 5604 95 97
f 5604 97 5605
f 5606 5607 5605
f 5605 5607 5608
f 5605 5608 5604
f 5604 5608 5609
f 5604 5609 5603
f 5603 5609 5376
f 5607 5606 5610
f 5610 5606 5611
f 5610 5611 5612
f 5610 5612 5613
f 5613 5612 5614
f 5613 5614 5615
f 5615 5614 5616
f 5615 5616 5617
f 5617 5616 5601
f 5617 5601 5602
f 5617 5602 5618
f 5618 5602 5382
f 5618 5382 5381
f 5618 5381 5619
f 5619 5381 5380
f 5619 5380 5620
f 5620 5380 5379
f 5620 5379 5621
f 5621 5379 5378
f 5621 5378 5622
f 5622 5378 5377
f 5622 5377 5376
f 5615 5617 5618
f 5622 5376 5609
f 5609 5608 5622
f 5622 5608 5607
f 5622 5607 5621
f 5621 5607 5610
f 5621 5610 5620
f 5620 5610 5613
f 5620 5613 5619
f 5619 5613 5615
f 5619 5615 5618
f 1233 1249 5623
f 5623 1249 5598
f 5623 5598 3667
f 3667 5598 3668
f 3667 1234 5623
f 5623 1234 1232
f 5623 1232 1233
f 5384 5385 4984
f 4984 5385 5599
f 4984 5599 1350
f 1350 5599 3673
f 1350 3673 1351
f 1351 3673 1352
f 1352 3673 1353
f 1353 3673 5624
f 5624 3673 3595
f 5624 3595 3592
f 3673 3596 3595
f 3591 3675 3592
f 3592 3675 5624
f 4984 1350 1834
f 1834 1350 5102
f 1834 5102 1833
f 1833 5102 1832
f 1832 5102 1831
f 4982 5383 4984
f 4984 5383 5384
f 3680 5625 3676
f 3676 5625 5626
f 3676 5626 4417
f 4417 5626 5627
f 5627 5626 5372
f 5372 5626 5373
f 5373 5626 5625
f 5366 73 5628
f 5628 73 75
f 5628 75 5629
f 5629 75 77
f 5629 77 4411
f 4412 5630 4411
f 4411 5630 5631
f 4411 5631 5629
f 5629 5631 5632
f 5629 5632 5628
f 5628 5632 5366
f 5630 4412 5633
f 5633 4412 4413
f 5633 4413 4414
f 5633 4414 5634
f 5634 4414 4415
f 5634 4415 5635
f 5635 4415 4416
f 5635 4416 5636
f 5636 4416 4417
f 5636 4417 5627
f 5636 5627 5637
f 5637 5627 5372
f 5637 5372 5371
f 5637 5371 5638
f 5638 5371 5370
f 5638 5370 5639
f 5639 5370 5369
f 5639 5369 5640
f 5640 5369 5368
f 5640 5368 5641
f 5641 5368 5367
f 5641 5367 5366
f 5635 5636 5637
f 5641 5366 5632
f 5632 5631 5641
f 5641 5631 5630
f 5641 5630 5640
f 5640 5630 5633
f 5640 5633 5639
f 5639 5633 5634
f 5639 5634 5638
f 5638 5634 5635
f 5638 5635 5637
f 1337 1353 5642
f 5642 1353 5624
f 5642 5624 3674
f 3674 5624 3675
f 3674 1338 5642
f 5642 1338 1336
f 5642 1336 1337
f 5374 5373 5045
f 5045 5373 5625
f 5045 5625 1456
f 1456 5625 3680
f 1456 3680 1455
f 1455 3680 1454
f 1454 3680 1457
f 1457 3680 5643
f 5643 3680 3581
f 5643 3581 3578
f 3680 3582 3581
f 3577 3682 3578
f 3578 3682 5643
f 5045 1456 1829
f 1829 1456 5163
f 1829 5163 1827
f 1827 5163 1825
f 1825 5163 1823
f 5043 5375 5045
f 5045 5375 5374
f 3687 5644 3683
f 3683 5644 5645
f 3683 5645 4401
f 4401 5645 5646
f 5646 5645 5362
f 5362 5645 5363
f 5363 5645 5644
f 5356 53 5647
f 5647 53 55
f 5647 55 5648
f 5648 55 57
f 5648 57 4397
f 4398 5649 4397
f 4397 5649 5650
f 4397 5650 5648
f 5648 5650 5651
f 5648 5651 5647
f 5647 5651 5356
f 5649 4398 5652
f 5652 4398 4400
f 5652 4400 4399
f 5652 4399 5653
f 5653 4399 4403
f 5653 4403 5654
f 5654 4403 4402
f 5654 4402 5655
f 5655 4402 4401
f 5655 4401 5646
f 5655 5646 5656
f 5656 5646 5362
f 5656 5362 5361
f 5656 5361 5657
f 5657 5361 5360
f 5657 5360 5658
f 5658 5360 5359
f 5658 5359 5659
f 5659 5359 5358
f 5659 5358 5660
f 5660 5358 5357
f 5660 5357 5356
f 5654 5655 5656
f 5660 5356 5651
f 5651 5650 5660
f 5660 5650 5649
f 5660 5649 5659
f 5659 5649 5652
f 5659 5652 5658
f 5658 5652 5653
f 5658 5653 5657
f 5657 5653 5654
f 5657 5654 5656
f 1441 1457 5661
f 5661 1457 5643
f 5661 5643 3681
f 3681 5643 3682
f 3681 1442 5661
f 5661 1442 1440
f 5661 1440 1441
f 5364 5363 5106
f 5106 5363 5644
f 5106 5644 1558
f 1558 5644 3687
f 1558 3687 1559
f 1559 3687 1560
f 1560 3687 1561
f 1561 3687 5662
f 5662 3687 3568
f 5662 3568 3565
f 3687 3569 3568
f 3564 3689 3565
f 3565 3689 5662
f 5106 1558 1821
f 1821 1558 5224
f 1821 5224 1819
f 1819 5224 1817
f 1817 5224 1815
f 5104 5365 5106
f 5106 5365 5364
f 4396 3759 5663
f 5663 3759 5664
f 5663 5664 5355
f 5355 5352 5663
f 5663 5352 5665
f 5663 5665 4396
f 5346 33 5666
f 5666 33 35
f 5666 35 5667
f 5667 35 37
f 5667 37 4390
f 4391 5668 4390
f 4390 5668 5669
f 4390 5669 5667
f 5667 5669 5670
f 5667 5670 5666
f 5666 5670 5346
f 5668 4391 5671
f 5671 4391 4392
f 5671 4392 4393
f 5671 4393 5672
f 5672 4393 4394
f 5672 4394 5673
f 5673 4394 4395
f 5673 4395 5674
f 5674 4395 4396
f 5674 4396 5665
f 5674 5665 5675
f 5675 5665 5352
f 5675 5352 5351
f 5675 5351 5676
f 5676 5351 5350
f 5676 5350 5677
f 5677 5350 5349
f 5677 5349 5678
f 5678 5349 5348
f 5678 5348 5679
f 5679 5348 5347
f 5679 5347 5346
f 5673 5674 5675
f 5679 5346 5670
f 5670 5669 5679
f 5679 5669 5668
f 5679 5668 5678
f 5678 5668 5671
f 5678 5671 5677
f 5677 5671 5672
f 5677 5672 5676
f 5676 5672 5673
f 5676 5673 5675
f 1545 1561 5680
f 5680 1561 5662
f 5680 5662 3688
f 3688 5662 3689
f 3688 1546 5680
f 5680 1546 1544
f 5680 1544 1545
f 5354 5355 5167
f 5167 5355 5664
f 5167 5664 1662
f 1662 5664 3759
f 1662 3759 1663
f 1663 3759 1664
f 1664 3759 1665
f 1665 3759 5681
f 5681 3759 4329
f 5681 4329 4328
f 4328 4327 5681
f 5167 1662 1813
f 1813 1662 5285
f 1813 5285 1811
f 1811 5285 1809
f 1809 5285 1807
f 5165 5353 5167
f 5167 5353 5354
f 4320 4319 5682
f 5682 4319 5446
f 5682 5446 5343
f 5343 5342 5682
f 5682 5342 5683
f 5682 5683 4320
f 5336 13 5684
f 5684 13 15
f 5684 15 5685
f 5685 15 17
f 5685 17 4326
f 4325 5686 4326
f 4326 5686 5687
f 4326 5687 5685
f 5685 5687 5688
f 5685 5688 5684
f 5684 5688 5336
f 5686 4325 5689
f 5689 4325 4324
f 5689 4324 4323
f 5689 4323 5690
f 5690 4323 4322
f 5690 4322 5691
f 5691 4322 4321
f 5691 4321 5692
f 5692 4321 4320
f 5692 4320 5683
f 5692 5683 5693
f 5693 5683 5342
f 5693 5342 5341
f 5693 5341 5694
f 5694 5341 5340
f 5694 5340 5695
f 5695 5340 5339
f 5695 5339 5696
f 5696 5339 5338
f 5696 5338 5697
f 5697 5338 5337
f 5697 5337 5336
f 5691 5692 5693
f 5697 5336 5688
f 5688 5687 5697
f 5697 5687 5686
f 5697 5686 5696
f 5696 5686 5689
f 5696 5689 5695
f 5695 5689 5690
f 5695 5690 5694
f 5694 5690 5691
f 5694 5691 5693
f 1649 1665 5698
f 5698 1665 5681
f 5698 5681 4327
f 4327 1650 5698
f 5698 1650 1648
f 5698 1648 1649
f 97 96 5605
f 5605 96 94
f 5605 94 1217
f 1217 94 90
f 5605 1217 5606
f 5606 1217 1221
f 5606 1221 3671
f 3671 1221 1238
f 3671 1238 1237
f 3671 1237 3672
f 3672 1237 1236
f 3672 1236 1235
f 1235 1234 3672
f 3672 1234 3667
f 3670 5612 3671
f 3671 5612 5611
f 3671 5611 5606
f 3669 5601 3670
f 3670 5601 5616
f 3670 5616 5614
f 5614 5612 3670
# 5698 vertices
# 0 texture params
# 0 normals
# 11392 facets

# 1 groups
